split,patient,recording,duration_sec,num_seizures,seizure_index,seizure_start_sec,seizure_end_sec,seizure_duration_sec,seizure_labels,forecast_start_sec,forecast_end_sec,previous_seizure_end_sec,enough_recording,overlaps_previous,eligible
dev,aaaaaajy,aaaaaajy_s001_t000,1750.0,6,1,14.2442,196.0107,181.7665,fnsz|gnsz,-585.7558,-285.7558,,False,False,False
dev,aaaaaajy,aaaaaajy_s001_t000,1750.0,6,2,254.013,362.9638,108.9508,fnsz,-345.98699999999997,-45.986999999999995,196.0107,False,True,False
dev,aaaaaajy,aaaaaajy_s001_t000,1750.0,6,3,477.0717,651.9384,174.86669999999998,fnsz,-122.92829999999998,177.07170000000002,362.9638,False,True,False
dev,aaaaaajy,aaaaaajy_s001_t000,1750.0,6,4,712.0451,908.0735,196.02839999999992,fnsz,112.04510000000005,412.04510000000005,651.9384,True,True,False
dev,aaaaaajy,aaaaaajy_s001_t000,1750.0,6,5,1076.0047,1344.0545,268.0498,fnsz,476.00469999999996,776.0047,908.0735,True,True,False
dev,aaaaaajy,aaaaaajy_s001_t000,1750.0,6,6,1387.9667,1687.9502,299.98350000000005,fnsz,787.9667,1087.9667,1344.0545,True,True,False
dev,aaaaaajy,aaaaaajy_s002_t002,272.0,1,1,0.0,153.0557,153.0557,fnsz|gnsz,-600.0,-300.0,,False,False,False
dev,aaaaaajy,aaaaaajy_s003_t000,234.0,1,1,25.9741,215.9846,190.0105,fnsz|gnsz,-574.0259,-274.0259,,False,False,False
dev,aaaaaajy,aaaaaajy_s003_t001,224.0,1,1,7.0302,174.013,166.9828,fnsz|gnsz,-592.9698,-292.9698,,False,False,False
dev,aaaaaajy,aaaaaajy_s003_t002,203.0,1,1,14.9793,165.0314,150.0521,fnsz|gnsz,-585.0207,-285.0207,,False,False,False
dev,aaaaaajy,aaaaaajy_s003_t003,205.0,1,1,7.989,170.8548,162.8658,fnsz|gnsz,-592.011,-292.011,,False,False,False
dev,aaaaaajy,aaaaaajy_s003_t005,309.0,1,1,208.9508,308.8915,99.94070000000002,fnsz,-391.04920000000004,-91.04920000000001,,False,False,False
dev,aaaaaajy,aaaaaajy_s004_t000,1297.0,4,1,6.7576,160.0296,153.272,fnsz,-593.2424,-293.2424,,False,False,False
dev,aaaaaajy,aaaaaajy_s004_t000,1297.0,4,2,440.0533,589.0243,148.97100000000006,fnsz,-159.94670000000002,140.05329999999998,160.0296,False,True,False
dev,aaaaaajy,aaaaaajy_s004_t000,1297.0,4,3,794.0628,992.9959,198.9331,fnsz,194.06280000000004,494.06280000000004,589.0243,True,True,False
dev,aaaaaajy,aaaaaajy_s004_t000,1297.0,4,4,1163.9502,1256.0664,92.11619999999994,fnsz,563.9502,863.9502,992.9959,True,True,False
dev,aaaaaayf,aaaaaayf_s002_t002,1018.0,10,1,0.0,28.9864,28.9864,gnsz,-600.0,-300.0,,False,False,False
dev,aaaaaayf,aaaaaayf_s002_t002,1018.0,10,2,34.0249,76.882,42.8571,gnsz,-565.9751,-265.9751,28.9864,False,True,False
dev,aaaaaayf,aaaaaayf_s002_t002,1018.0,10,3,92.9461,166.9235,73.97739999999999,gnsz,-507.0539,-207.0539,76.882,False,True,False
dev,aaaaaayf,aaaaaayf_s002_t002,1018.0,10,4,182.0391,377.0006,194.96150000000003,gnsz,-417.96090000000004,-117.96090000000001,166.9235,False,True,False
dev,aaaaaayf,aaaaaayf_s002_t002,1018.0,10,5,398.0,434.0996,36.09960000000001,gnsz,-202.0,98.0,377.0006,False,True,False
dev,aaaaaayf,aaaaaayf_s002_t002,1018.0,10,6,440.0273,454.0759,14.048599999999963,gnsz,-159.97269999999997,140.02730000000003,434.0996,False,True,False
dev,aaaaaayf,aaaaaayf_s002_t002,1018.0,10,7,475.965,512.0646,36.09960000000007,gnsz,-124.03500000000003,175.96499999999997,454.0759,False,True,False
dev,aaaaaayf,aaaaaayf_s002_t002,1018.0,10,8,761.0113,771.029,10.01769999999999,gnsz,161.0113,461.0113,512.0646,True,True,False
dev,aaaaaayf,aaaaaayf_s002_t002,1018.0,10,9,865.9597,884.0391,18.079399999999964,gnsz,265.9597,565.9597,771.029,True,True,False
dev,aaaaaayf,aaaaaayf_s002_t002,1018.0,10,10,895.029,1010.0261,114.99710000000005,gnsz,295.029,595.029,884.0391,True,True,False
dev,aaaaaazz,aaaaaazz_s001_t001,1237.0,9,1,116.9532,140.1304,23.177200000000013,absz,-483.0468,-183.04680000000002,,False,False,False
dev,aaaaaazz,aaaaaazz_s001_t001,1237.0,9,2,265.9751,283.936,17.96089999999998,absz,-334.0249,-34.0249,140.1304,False,True,False
dev,aaaaaazz,aaaaaazz_s001_t001,1237.0,9,3,378.0083,399.8814,21.873099999999965,absz,-221.99169999999998,78.00830000000002,283.936,False,True,False
dev,aaaaaazz,aaaaaazz_s001_t001,1237.0,9,4,498.0439,519.9763,21.93240000000003,absz,-101.95609999999999,198.0439,399.8814,False,True,False
dev,aaaaaazz,aaaaaazz_s001_t001,1237.0,9,5,589.0338,611.0255,21.991699999999923,absz,-10.966199999999958,289.03380000000004,519.9763,False,True,False
dev,aaaaaazz,aaaaaazz_s001_t001,1237.0,9,6,739.0634,758.032,18.96860000000004,absz,139.0634,439.0634,611.0255,True,True,False
dev,aaaaaazz,aaaaaazz_s001_t001,1237.0,9,7,834.0249,850.9781,16.953200000000038,absz,234.0249,534.0249,758.032,True,True,False
dev,aaaaaazz,aaaaaazz_s001_t001,1237.0,9,8,938.9449,951.0966,12.151700000000003,absz,338.94489999999996,638.9449,850.9781,True,True,False
dev,aaaaaazz,aaaaaazz_s001_t001,1237.0,9,9,1118.0202,1142.9164,24.896200000000132,absz,518.0201999999999,818.0201999999999,951.0966,True,True,False
dev,aaaaabxe,aaaaabxe_s002_t001,1800.0,1,1,502.0463,530.2759,28.229600000000005,fnsz,-97.95370000000003,202.04629999999997,,False,False,False
dev,aaaaacqc,aaaaacqc_s003_t000,1800.0,23,1,76.0287,90.6539,14.625199999999992,gnsz,-523.9713,-223.97129999999999,,False,False,False
dev,aaaaacqc,aaaaacqc_s003_t000,1800.0,23,2,149.9825,163.8022,13.819700000000012,gnsz,-450.01750000000004,-150.0175,90.6539,False,True,False
dev,aaaaacqc,aaaaacqc_s003_t000,1800.0,23,3,222.0016,239.1547,17.153099999999995,gnsz,-377.9984,-77.9984,163.8022,False,True,False
dev,aaaaacqc,aaaaacqc_s003_t000,1800.0,23,4,305.2073,324.1547,18.947400000000016,gnsz,-294.7927,5.207299999999975,239.1547,False,True,False
dev,aaaaacqc,aaaaacqc_s003_t000,1800.0,23,5,400.0367,417.2775,17.24079999999998,gnsz,-199.9633,100.0367,324.1547,False,True,False
dev,aaaaacqc,aaaaacqc_s003_t000,1800.0,23,6,477.9968,490.3573,12.360500000000002,gnsz,-122.00319999999999,177.9968,417.2775,False,True,False
dev,aaaaacqc,aaaaacqc_s003_t000,1800.0,23,7,544.1914,558.681,14.489599999999996,gnsz,-55.808599999999956,244.19140000000004,490.3573,False,True,False
dev,aaaaacqc,aaaaacqc_s003_t000,1800.0,23,8,612.0223,627.2695,15.24720000000002,gnsz,12.022299999999973,312.0223,558.681,True,True,False
dev,aaaaacqc,aaaaacqc_s003_t000,1800.0,23,9,687.9968,706.1707,18.173900000000003,gnsz,87.99680000000001,387.9968,627.2695,True,True,False
dev,aaaaacqc,aaaaacqc_s003_t000,1800.0,23,10,772.0207,787.4195,15.398799999999936,gnsz,172.02070000000003,472.02070000000003,706.1707,True,True,False
dev,aaaaacqc,aaaaacqc_s003_t000,1800.0,23,11,842.0,855.5167,13.516700000000014,gnsz,242.0,542.0,787.4195,True,True,False
dev,aaaaacqc,aaaaacqc_s003_t000,1800.0,23,12,904.0287,918.7018,14.67310000000009,gnsz,304.02869999999996,604.0287,855.5167,True,True,False
dev,aaaaacqc,aaaaacqc_s003_t000,1800.0,23,13,976.0526,989.689,13.63639999999998,gnsz,376.0526,676.0526,918.7018,True,True,False
dev,aaaaacqc,aaaaacqc_s003_t000,1800.0,23,14,1039.9936,1051.8676,11.874000000000024,gnsz,439.9936,739.9936,989.689,True,True,False
dev,aaaaacqc,aaaaacqc_s003_t000,1800.0,23,15,1120.0064,1132.5502,12.54379999999992,gnsz,520.0064,820.0064,1051.8676,True,True,False
dev,aaaaacqc,aaaaacqc_s003_t000,1800.0,23,16,1182.6061,1198.0686,15.462500000000093,gnsz,582.6061,882.6061,1132.5502,True,True,False
dev,aaaaacqc,aaaaacqc_s003_t000,1800.0,23,17,1250.0096,1262.7847,12.775099999999838,gnsz,650.0096000000001,950.0096000000001,1198.0686,True,True,False
dev,aaaaacqc,aaaaacqc_s003_t000,1800.0,23,18,1319.9952,1331.7576,11.762399999999843,gnsz,719.9952000000001,1019.9952000000001,1262.7847,True,True,False
dev,aaaaacqc,aaaaacqc_s003_t000,1800.0,23,19,1396.0175,1409.6699,13.65240000000017,gnsz,796.0174999999999,1096.0175,1331.7576,True,True,False
dev,aaaaacqc,aaaaacqc_s003_t000,1800.0,23,20,1467.9777,1487.2281,19.250400000000127,gnsz,867.9776999999999,1167.9777,1409.6699,True,True,False
dev,aaaaacqc,aaaaacqc_s003_t000,1800.0,23,21,1556.0048,1571.0207,15.0159000000001,gnsz,956.0047999999999,1256.0048,1487.2281,True,True,False
dev,aaaaacqc,aaaaacqc_s003_t000,1800.0,23,22,1626.0096,1637.9633,11.9536999999998,gnsz,1026.0096,1326.0096,1571.0207,True,True,False
dev,aaaaacqc,aaaaacqc_s003_t000,1800.0,23,23,1717.0144,1727.9713,10.956899999999903,gnsz,1117.0144,1417.0144,1637.9633,True,True,False
dev,aaaaacqc,aaaaacqc_s003_t001,570.0,4,1,13.9936,23.1882,9.194599999999998,gnsz,-586.0064,-286.0064,,False,False,False
dev,aaaaacqc,aaaaacqc_s003_t001,570.0,4,2,183.1053,198.0734,14.968099999999993,gnsz,-416.8947,-116.8947,23.1882,False,True,False
dev,aaaaacqc,aaaaacqc_s003_t001,570.0,4,3,380.0287,394.2951,14.266399999999976,gnsz,-219.97129999999999,80.02870000000001,198.0734,False,True,False
dev,aaaaacqc,aaaaacqc_s003_t001,570.0,4,4,476.0128,487.3365,11.323699999999974,gnsz,-123.98719999999997,176.01280000000003,394.2951,False,True,False
dev,aaaaacyi,aaaaacyi_s001_t001,1459.0,9,1,101.312,111.112,9.799999999999995,absz,-498.688,-198.688,,False,False,False
dev,aaaaacyi,aaaaacyi_s001_t001,1459.0,9,2,121.212,130.212,8.999999999999986,absz,-478.788,-178.788,111.112,False,True,False
dev,aaaaacyi,aaaaacyi_s001_t001,1459.0,9,3,307.612,315.412,7.799999999999954,absz,-292.388,7.612000000000023,130.212,False,True,False
dev,aaaaacyi,aaaaacyi_s001_t001,1459.0,9,4,436.252,448.352,12.099999999999966,absz,-163.748,136.252,315.412,False,True,False
dev,aaaaacyi,aaaaacyi_s001_t001,1459.0,9,5,557.196,565.296,8.100000000000023,absz,-42.803999999999974,257.196,448.352,False,True,False
dev,aaaaacyi,aaaaacyi_s001_t001,1459.0,9,6,763.224,775.324,12.099999999999907,absz,163.22400000000005,463.22400000000005,565.296,True,True,False
dev,aaaaacyi,aaaaacyi_s001_t001,1459.0,9,7,802.124,810.324,8.199999999999932,absz,202.12400000000002,502.124,775.324,True,True,False
dev,aaaaacyi,aaaaacyi_s001_t001,1459.0,9,8,964.496,974.296,9.800000000000068,absz,364.496,664.496,810.324,True,True,False
dev,aaaaacyi,aaaaacyi_s001_t001,1459.0,9,9,1166.984,1173.9836,6.9996000000001,absz,566.9839999999999,866.9839999999999,974.296,True,True,False
dev,aaaaadkj,aaaaadkj_s002_t000,1236.0,5,1,106.236,146.1164,39.8804,gnsz,-493.764,-193.764,,False,False,False
dev,aaaaadkj,aaaaadkj_s002_t000,1236.0,5,2,294.0287,327.1467,33.117999999999995,gnsz,-305.9713,-5.971299999999985,146.1164,False,True,False
dev,aaaaadkj,aaaaadkj_s002_t000,1236.0,5,3,519.9793,625.9984,106.01909999999998,gnsz,-80.02070000000003,219.97929999999997,327.1467,False,True,False
dev,aaaaadkj,aaaaadkj_s002_t000,1236.0,5,4,983.9761,1018.1547,34.178600000000074,fnsz,383.9761,683.9761,625.9984,True,True,False
dev,aaaaadkj,aaaaadkj_s002_t000,1236.0,5,5,1081.9936,1096.4912,14.49759999999992,gnsz,481.9936,781.9936,1018.1547,True,True,False
dev,aaaaadkj,aaaaadkj_s003_t000,435.0,3,1,63.9419,155.1097,91.1678,fnsz,-536.0581,-236.0581,,False,False,False
dev,aaaaadkj,aaaaadkj_s003_t000,435.0,3,2,328.9093,370.8773,41.96800000000002,fnsz,-271.0907,28.909299999999973,155.1097,False,True,False
dev,aaaaadkj,aaaaadkj_s003_t000,435.0,3,3,385.9336,419.0101,33.07650000000001,gnsz,-214.0664,85.93360000000001,370.8773,False,True,False
dev,aaaaadkj,aaaaadkj_s003_t001,464.0,4,1,37.9964,94.0723,56.0759,gnsz,-562.0036,-262.0036,,False,False,False
dev,aaaaadkj,aaaaadkj_s003_t001,464.0,4,2,113.0409,181.0907,68.0498,gnsz,-486.95910000000003,-186.9591,94.0723,False,True,False
dev,aaaaadkj,aaaaadkj_s003_t001,464.0,4,3,257.9135,316.9532,59.03969999999998,gnsz,-342.0865,-42.0865,181.0907,False,True,False
dev,aaaaadkj,aaaaadkj_s003_t001,464.0,4,4,367.9905,412.9223,44.93180000000001,gnsz,-232.0095,67.9905,316.9532,False,True,False
dev,aaaaadkj,aaaaadkj_s003_t002,378.0,3,1,21.0433,76.0522,55.0089,gnsz,-578.9567,-278.9567,,False,False,False
dev,aaaaadkj,aaaaadkj_s003_t002,378.0,3,2,148.0142,208.9508,60.9366,gnsz,-451.98580000000004,-151.9858,76.0522,False,True,False
dev,aaaaadkj,aaaaadkj_s003_t002,378.0,3,3,249.9704,313.9301,63.95969999999997,gnsz,-350.02959999999996,-50.02959999999999,208.9508,False,True,False
dev,aaaaadkj,aaaaadkj_s003_t003,123.0,1,1,41.0196,102.9638,61.94420000000001,gnsz,-558.9804,-258.98040000000003,,False,False,False
dev,aaaaadkj,aaaaadkj_s004_t000,328.0,2,1,136.9887,235.9218,98.9331,gnsz,-463.0113,-163.0113,,False,False,False
dev,aaaaadkj,aaaaadkj_s004_t000,328.0,2,2,239.9526,301.9561,62.0035,gnsz,-360.04740000000004,-60.04740000000001,235.9218,False,True,False
dev,aaaaadkj,aaaaadkj_s004_t001,209.0,2,1,8.0024,87.0599,79.0575,fnsz|gnsz,-591.9976,-291.9976,,False,False,False
dev,aaaaadkj,aaaaadkj_s004_t001,209.0,2,2,93.0705,181.8672,88.7967,gnsz,-506.9295,-206.92950000000002,87.0599,False,True,False
dev,aaaaaewf,aaaaaewf_s001_t001,1313.0,2,1,646.02,657.5333,11.513300000000072,absz,46.01999999999998,346.02,,True,False,True
dev,aaaaaewf,aaaaaewf_s001_t001,1313.0,2,2,811.572,819.872,8.299999999999955,absz,211.572,511.572,657.5333,True,True,False
dev,aaaaaewf,aaaaaewf_s003_t000,1636.0,2,1,384.0,395.0,11.0,gnsz,-216.0,84.0,,False,False,False
dev,aaaaaewf,aaaaaewf_s003_t000,1636.0,2,2,1162.1111,1172.9444,10.833300000000008,gnsz,562.1111000000001,862.1111000000001,395.0,True,False,True
dev,aaaaaexe,aaaaaexe_s001_t001,1426.0,4,1,193.844,200.044,6.200000000000017,absz,-406.156,-106.156,,False,False,False
dev,aaaaaexe,aaaaaexe_s001_t001,1426.0,4,2,287.832,296.532,8.699999999999989,absz,-312.168,-12.168000000000006,200.044,False,True,False
dev,aaaaaexe,aaaaaexe_s001_t001,1426.0,4,3,564.304,573.2149,8.91089999999997,absz,-35.696000000000026,264.304,296.532,False,True,False
dev,aaaaaexe,aaaaaexe_s001_t001,1426.0,4,4,1355.612,1363.312,7.699999999999818,absz,755.6120000000001,1055.612,573.2149,True,False,True
dev,aaaaagbf,aaaaagbf_s001_t000,1359.0,1,1,1126.768,1143.068,16.299999999999955,fnsz,526.768,826.768,,True,False,True
dev,aaaaagbf,aaaaagbf_s006_t003,301.0,1,1,124.0144,138.9904,14.976,fnsz,-475.9856,-175.9856,,False,False,False
dev,aaaaagbf,aaaaagbf_s007_t007,1046.0,2,1,302.1646,335.1444,32.97980000000001,fnsz,-297.8354,2.164600000000007,,False,False,False
dev,aaaaagbf,aaaaagbf_s007_t007,1046.0,2,2,342.0326,456.3038,114.27120000000002,fnsz,-257.9674,42.0326,335.1444,False,True,False
dev,aaaaagbf,aaaaagbf_s008_t003,1040.0,1,1,300.0119,448.0024,147.9905,gnsz,-299.9881,0.011900000000025557,,False,False,False
dev,aaaaagdr,aaaaagdr_s001_t001,1423.0,3,1,57.288,162.744,105.456,fnsz,-542.712,-242.712,,False,False,False
dev,aaaaagdr,aaaaagdr_s001_t001,1423.0,3,2,711.152,836.152,125.0,fnsz,111.15200000000004,411.15200000000004,162.744,True,True,False
dev,aaaaagdr,aaaaagdr_s001_t001,1423.0,3,3,1070.888,1157.0212,86.13319999999999,fnsz,470.8879999999999,770.8879999999999,836.152,True,True,False
dev,aaaaahie,aaaaahie_s006_t000,1030.0,1,1,315.1393,339.0279,23.8886,fnsz,-284.8607,15.139299999999992,,False,False,False
dev,aaaaahie,aaaaahie_s006_t001,352.0,2,1,26.0225,133.9063,107.88379999999998,fnsz,-573.9775,-273.9775,,False,False,False
dev,aaaaahie,aaaaahie_s006_t001,352.0,2,2,147.0391,159.1316,12.0925,fnsz,-452.96090000000004,-152.9609,133.9063,False,True,False
dev,aaaaahie,aaaaahie_s007_t001,1800.0,1,1,294.0048,311.5486,17.543800000000033,fnsz,-305.9952,-5.995200000000011,,False,False,False
dev,aaaaahie,aaaaahie_s007_t002,1800.0,3,1,49.9825,74.0255,24.042999999999992,fnsz,-550.0175,-250.01749999999998,,False,False,False
dev,aaaaahie,aaaaahie_s007_t002,1800.0,3,2,882.0494,903.9075,21.85810000000004,fnsz,282.0494,582.0494,74.0255,True,False,True
dev,aaaaahie,aaaaahie_s007_t002,1800.0,3,3,1366.8596,1390.2967,23.4371000000001,fnsz,766.8596,1066.8596,903.9075,True,True,False
dev,aaaaahie,aaaaahie_s007_t011,1800.0,1,1,1606.7496,1632.0367,25.28710000000001,fnsz,1006.7496000000001,1306.7496,,True,False,True
dev,aaaaahie,aaaaahie_s007_t014,1800.0,1,1,1318.0447,1341.8485,23.803800000000138,fnsz,718.0446999999999,1018.0446999999999,,True,False,True
dev,aaaaahie,aaaaahie_s007_t018,1800.0,2,1,361.2153,378.0734,16.85809999999998,fnsz,-238.7847,61.21530000000001,,False,False,False
dev,aaaaahie,aaaaahie_s007_t018,1800.0,2,2,1073.9553,1086.6746,12.719299999999976,fnsz,473.9553000000001,773.9553000000001,378.0734,True,False,True
dev,aaaaahie,aaaaahie_s007_t020,1800.0,2,1,68.0766,80.3333,12.256699999999997,fnsz,-531.9234,-231.92340000000002,,False,False,False
dev,aaaaahie,aaaaahie_s007_t020,1800.0,2,2,501.9346,514.008,12.07340000000005,fnsz,-98.06540000000001,201.9346,80.3333,False,True,False
dev,aaaaahie,aaaaahie_s007_t026,1800.0,2,1,117.9745,134.0016,16.02709999999999,fnsz,-482.02549999999997,-182.0255,,False,False,False
dev,aaaaahie,aaaaahie_s007_t026,1800.0,2,2,1744.4147,1766.5582,22.143499999999904,fnsz,1144.4147,1444.4147,134.0016,True,False,True
dev,aaaaahie,aaaaahie_s007_t027,1800.0,3,1,453.9537,477.0957,23.142,fnsz,-146.04629999999997,153.95370000000003,,False,False,False
dev,aaaaahie,aaaaahie_s007_t027,1800.0,3,2,1083.1196,1108.5949,25.47530000000006,fnsz,483.1196,783.1196,477.0957,True,False,True
dev,aaaaahie,aaaaahie_s007_t027,1800.0,3,3,1688.0016,1712.0431,24.04150000000004,fnsz,1088.0016,1388.0016,1108.5949,True,True,False
dev,aaaaahie,aaaaahie_s007_t030,1800.0,2,1,1210.0303,1220.0064,9.976100000000088,fnsz,610.0302999999999,910.0302999999999,,True,False,True
dev,aaaaahie,aaaaahie_s007_t030,1800.0,2,2,1496.0447,1521.9601,25.91540000000009,fnsz,896.0446999999999,1196.0447,1220.0064,True,True,False
dev,aaaaahie,aaaaahie_s007_t032,1800.0,1,1,1366.2472,1385.9841,19.73689999999988,fnsz,766.2472,1066.2472,,True,False,True
dev,aaaaahie,aaaaahie_s007_t033,1800.0,2,1,421.9936,435.4545,13.46089999999998,fnsz,-178.00639999999999,121.99360000000001,,False,False,False
dev,aaaaahie,aaaaahie_s007_t033,1800.0,2,2,1396.0686,1410.1595,14.09089999999992,fnsz,796.0686000000001,1096.0686,435.4545,True,False,True
dev,aaaaahie,aaaaahie_s007_t035,1800.0,1,1,942.0766,954.0144,11.937800000000038,fnsz,342.0766,642.0766,,True,False,True
dev,aaaaahie,aaaaahie_s007_t036,1800.0,1,1,600.0207,619.925,19.90429999999992,fnsz,0.02070000000003347,300.02070000000003,,True,False,True
dev,aaaaahie,aaaaahie_s007_t038,1800.0,1,1,981.9171,996.1914,14.27430000000004,fnsz,381.9171,681.9171,,True,False,True
dev,aaaaahie,aaaaahie_s007_t039,1800.0,1,1,491.1356,510.1388,19.003199999999996,fnsz,-108.86439999999999,191.1356,,False,False,False
dev,aaaaahie,aaaaahie_s007_t041,1800.0,1,1,1362.0494,1383.3174,21.2679999999998,fnsz,762.0494000000001,1062.0494,,True,False,True
dev,aaaaahie,aaaaahie_s008_t000,1800.0,3,1,489.8533,507.5008,17.647500000000036,fnsz,-110.14670000000001,189.8533,,False,False,False
dev,aaaaahie,aaaaahie_s008_t000,1800.0,3,2,835.9984,865.9346,29.9362000000001,fnsz,235.99839999999995,535.9984,507.5008,True,True,False
dev,aaaaahie,aaaaahie_s008_t000,1800.0,3,3,1254.5423,1265.9936,11.451299999999948,fnsz,654.5423000000001,954.5423000000001,865.9346,True,True,False
dev,aaaaahie,aaaaahie_s008_t001,1800.0,4,1,317.1595,335.6523,18.492800000000045,fnsz,-282.8405,17.15949999999998,,False,False,False
dev,aaaaahie,aaaaahie_s008_t001,1800.0,4,2,537.9968,551.9761,13.979299999999968,fnsz,-62.00319999999999,237.9968,335.6523,False,True,False
dev,aaaaahie,aaaaahie_s008_t001,1800.0,4,3,937.9537,956.0399,18.086199999999963,fnsz,337.9537,637.9537,551.9761,True,True,False
dev,aaaaahie,aaaaahie_s008_t001,1800.0,4,4,1251.5391,1267.1053,15.56619999999998,fnsz,651.5391,951.5391,956.0399,True,True,False
dev,aaaaahie,aaaaahie_s008_t002,160.0,2,1,48.0335,59.0826,11.049100000000005,fnsz,-551.9665,-251.9665,,False,False,False
dev,aaaaahie,aaaaahie_s008_t002,160.0,2,2,86.0603,98.5491,12.488799999999998,fnsz,-513.9397,-213.93970000000002,59.0826,False,True,False
dev,aaaaahie,aaaaahie_s008_t003,1634.0,2,1,800.0145,940.0813,140.06680000000006,fnsz,200.0145,500.0145,,True,False,True
dev,aaaaahie,aaaaahie_s008_t003,1634.0,2,2,1303.7525,1394.0312,90.27869999999984,fnsz,703.7525,1003.7525,940.0813,True,True,False
dev,aaaaahie,aaaaahie_s008_t004,604.0,1,1,265.0267,320.0356,55.00889999999998,fnsz,-334.9733,-34.973299999999995,,False,False,False
dev,aaaaahie,aaaaahie_s008_t005,1800.0,2,1,304.244,321.4131,17.169099999999958,fnsz,-295.756,4.244000000000028,,False,False,False
dev,aaaaahie,aaaaahie_s008_t005,1800.0,2,2,710.0319,725.1595,15.12760000000003,fnsz,110.03189999999995,410.03189999999995,321.4131,True,True,False
dev,aaaaahie,aaaaahie_s009_t000,300.0,3,1,0.0111,47.5556,47.5445,fnsz,-599.9889,-299.9889,,False,False,False
dev,aaaaahie,aaaaahie_s009_t000,300.0,3,2,120.5556,174.3889,53.83330000000001,fnsz,-479.4444,-179.4444,47.5556,False,True,False
dev,aaaaahie,aaaaahie_s009_t000,300.0,3,3,221.8333,284.8889,63.05559999999997,fnsz,-378.1667,-78.16669999999999,174.3889,False,True,False
dev,aaaaahie,aaaaahie_s009_t001,1800.0,3,1,307.9872,340.1483,32.16110000000003,fnsz,-292.0128,7.987199999999973,,False,False,False
dev,aaaaahie,aaaaahie_s009_t001,1800.0,3,2,1040.0718,1074.1228,34.05100000000016,fnsz,440.07179999999994,740.0717999999999,340.1483,True,False,True
dev,aaaaahie,aaaaahie_s009_t001,1800.0,3,3,1365.9745,1405.9266,39.95209999999997,fnsz,765.9745,1065.9745,1074.1228,True,True,False
dev,aaaaahie,aaaaahie_s009_t002,1800.0,1,1,1549.9649,1596.1292,46.16430000000014,fnsz,949.9649,1249.9649,,True,False,True
dev,aaaaahie,aaaaahie_s009_t003,1800.0,1,1,575.9506,601.1659,25.21529999999996,fnsz,-24.04939999999999,275.9506,,False,False,False
dev,aaaaahie,aaaaahie_s009_t005,774.0,4,1,300.9197,338.0602,37.14050000000003,fnsz,-299.0803,0.9196999999999775,,False,False,False
dev,aaaaahie,aaaaahie_s009_t005,774.0,4,2,345.8889,373.1667,27.277800000000013,fnsz,-254.11110000000002,45.88889999999998,338.0602,False,True,False
dev,aaaaahie,aaaaahie_s009_t005,774.0,4,3,402.2778,434.9444,32.66659999999996,fnsz,-197.7222,102.27780000000001,373.1667,False,True,False
dev,aaaaahie,aaaaahie_s009_t005,774.0,4,4,606.9699,773.0,166.03009999999995,fnsz,6.969900000000052,306.96990000000005,434.9444,True,True,False
dev,aaaaahie,aaaaahie_s009_t006,1085.0,2,1,254.99,355.0903,100.1003,fnsz,-345.01,-45.00999999999999,,False,False,False
dev,aaaaahie,aaaaahie_s009_t006,1085.0,2,2,754.0606,858.1434,104.08280000000002,fnsz,154.06060000000002,454.0606,355.0903,True,True,False
dev,aaaaahie,aaaaahie_s011_t001,1800.0,2,1,837.9362,857.6093,19.673099999999977,fnsz,237.93619999999999,537.9362,,True,False,True
dev,aaaaahie,aaaaahie_s011_t001,1800.0,2,2,1267.9952,1282.5088,14.513599999999997,fnsz,667.9952000000001,967.9952000000001,857.6093,True,True,False
dev,aaaaahie,aaaaahie_s011_t002,583.0,2,1,0.0478,35.9729,35.9251,fnsz,-599.9522,-299.9522,,False,False,False
dev,aaaaahie,aaaaahie_s011_t002,583.0,2,2,294.0303,309.134,15.103700000000003,fnsz,-305.9697,-5.969699999999989,35.9729,False,True,False
dev,aaaaahie,aaaaahie_s011_t003,604.0,3,1,253.0528,292.9461,39.89330000000001,fnsz,-346.9472,-46.94720000000001,,False,False,False
dev,aaaaahie,aaaaahie_s011_t003,604.0,3,2,508.0024,515.0563,7.053899999999942,fnsz,-91.99759999999998,208.00240000000002,292.9461,False,True,False
dev,aaaaahie,aaaaahie_s011_t003,604.0,3,3,556.9858,604.0,47.01419999999996,fnsz,-43.01419999999996,256.98580000000004,515.0563,False,True,False
dev,aaaaahie,aaaaahie_s011_t004,300.0,1,1,0.0237,12.0213,11.9976,fnsz,-599.9763,-299.9763,,False,False,False
dev,aaaaahie,aaaaahie_s011_t005,1054.0,3,1,321.0077,365.904,44.8963,fnsz,-278.9923,21.0077,,False,False,False
dev,aaaaahie,aaaaahie_s011_t005,1054.0,3,2,389.9443,401.1476,11.203300000000011,fnsz,-210.0557,89.9443,365.904,False,True,False
dev,aaaaahie,aaaaahie_s011_t005,1054.0,3,3,663.0326,747.0279,83.99530000000004,fnsz,63.0326,363.0326,401.1476,True,True,False
dev,aaaaahie,aaaaahie_s011_t006,605.0,1,1,310.1363,355.0089,44.87259999999998,fnsz,-289.8637,10.136300000000006,,False,False,False
dev,aaaaahie,aaaaahie_s011_t007,300.0,1,1,50.1482,105.1571,55.0089,fnsz,-549.8518,-249.8518,,False,False,False
dev,aaaaahie,aaaaahie_s018_t000,1800.0,2,1,958.8134,985.2169,26.403500000000008,fnsz,358.8134,658.8134,,True,False,True
dev,aaaaahie,aaaaahie_s018_t000,1800.0,2,2,1631.0207,1656.571,25.55029999999988,fnsz,1031.0207,1331.0207,985.2169,True,False,True
dev,aaaaahie,aaaaahie_s018_t001,1800.0,3,1,651.2041,686.4833,35.279199999999946,fnsz,51.20410000000004,351.20410000000004,,True,False,True
dev,aaaaahie,aaaaahie_s018_t001,1800.0,3,2,1059.9139,1083.638,23.724099999999908,fnsz,459.9139,759.9139,686.4833,True,True,False
dev,aaaaahie,aaaaahie_s018_t001,1800.0,3,3,1412.0654,1424.2265,12.161100000000031,fnsz,812.0654,1112.0654,1083.638,True,True,False
dev,aaaaahie,aaaaahie_s020_t000,269.0,1,1,22.2778,76.0,53.7222,fnsz,-577.7222,-277.7222,,False,False,False
dev,aaaaahie,aaaaahie_s020_t001,495.0,1,1,180.1667,238.3333,58.16660000000002,fnsz,-419.8333,-119.83330000000001,,False,False,False
dev,aaaaahie,aaaaahie_s020_t002,494.0,4,1,0.0,17.7778,17.7778,fnsz,-600.0,-300.0,,False,False,False
dev,aaaaahie,aaaaahie_s020_t002,494.0,4,2,138.6111,162.5,23.888900000000007,fnsz,-461.38890000000004,-161.3889,17.7778,False,True,False
dev,aaaaahie,aaaaahie_s020_t002,494.0,4,3,180.0,230.6667,50.66669999999999,fnsz,-420.0,-120.0,162.5,False,True,False
dev,aaaaahie,aaaaahie_s020_t002,494.0,4,4,465.1111,494.0,28.88889999999998,fnsz,-134.88889999999998,165.11110000000002,230.6667,False,True,False
dev,aaaaahie,aaaaahie_s020_t005,671.0,3,1,191.0,232.6111,41.61109999999999,fnsz,-409.0,-109.0,,False,False,False
dev,aaaaahie,aaaaahie_s020_t005,671.0,3,2,337.0,375.6111,38.61110000000002,fnsz,-263.0,37.0,232.6111,False,True,False
dev,aaaaahie,aaaaahie_s020_t005,671.0,3,3,385.7222,421.4444,35.72219999999999,fnsz,-214.2778,85.72219999999999,375.6111,False,True,False
dev,aaaaahie,aaaaahie_s021_t003,752.0,2,1,300.0,354.0605,54.06049999999999,fnsz,-300.0,0.0,,False,False,False
dev,aaaaahie,aaaaahie_s021_t003,752.0,2,2,413.9301,441.968,28.03790000000004,fnsz,-186.06990000000002,113.93009999999998,354.0605,False,True,False
dev,aaaaahie,aaaaahie_s021_t004,901.0,1,1,612.9816,672.9698,59.988200000000006,fnsz,12.981599999999958,312.98159999999996,,True,False,True
dev,aaaaahie,aaaaahie_s021_t006,702.0,3,1,171.0136,200.8299,29.81630000000001,fnsz,-428.9864,-128.9864,,False,False,False
dev,aaaaahie,aaaaahie_s021_t006,702.0,3,2,293.083,391.0083,97.9253,fnsz,-306.917,-6.916999999999973,200.8299,False,True,False
dev,aaaaahie,aaaaahie_s021_t006,702.0,3,3,550.9478,587.8773,36.92949999999996,fnsz,-49.05219999999997,250.94780000000003,391.0083,False,True,False
dev,aaaaahie,aaaaahie_s024_t000,690.0,2,1,483.0237,569.971,86.94729999999998,fnsz,-116.97629999999998,183.02370000000002,,False,False,False
dev,aaaaahie,aaaaahie_s024_t000,690.0,2,2,644.9597,665.0237,20.063999999999965,fnsz,44.9597,344.9597,569.971,True,True,False
dev,aaaaahie,aaaaahie_s024_t001,901.0,2,1,264.0356,288.0782,24.042599999999997,fnsz,-335.9644,-35.96440000000001,,False,False,False
dev,aaaaahie,aaaaahie_s024_t001,901.0,2,2,570.0,594.0071,24.00710000000004,fnsz,-30.0,270.0,288.0782,False,True,False
dev,aaaaahie,aaaaahie_s024_t004,719.0,1,1,91.0077,130.9748,39.96709999999999,fnsz,-508.9923,-208.9923,,False,False,False
dev,aaaaahie,aaaaahie_s025_t000,540.0,1,1,178.0,238.4979,60.49789999999999,fnsz,-422.0,-122.0,,False,False,False
dev,aaaaahie,aaaaahie_s028_t000,295.0,1,1,4.0,96.5056,92.5056,fnsz,-596.0,-296.0,,False,False,False
dev,aaaaaict,aaaaaict_s003_t000,1228.0,2,1,301.8333,323.8333,22.0,cpsz,-298.1667,1.8333000000000084,,False,False,False
dev,aaaaaict,aaaaaict_s003_t000,1228.0,2,2,1158.7778,1170.3889,11.611099999999851,cpsz,558.7778000000001,858.7778000000001,323.8333,True,False,True
dev,aaaaaiup,aaaaaiup_s001_t000,1800.0,7,1,0.0558,67.9936,67.9378,gnsz,-599.9442,-299.9442,,False,False,False
dev,aaaaaiup,aaaaaiup_s001_t000,1800.0,7,2,168.0287,187.1356,19.106900000000024,gnsz,-431.97130000000004,-131.9713,67.9936,False,True,False
dev,aaaaaiup,aaaaaiup_s001_t000,1800.0,7,3,378.008,397.1786,19.17060000000004,gnsz,-221.99200000000002,78.00799999999998,187.1356,False,True,False
dev,aaaaaiup,aaaaaiup_s001_t000,1800.0,7,4,541.9825,566.1292,24.14670000000001,gnsz,-58.01750000000004,241.98249999999996,397.1786,False,True,False
dev,aaaaaiup,aaaaaiup_s001_t000,1800.0,7,5,752.0048,776.1435,24.13869999999997,gnsz,152.00480000000005,452.00480000000005,566.1292,True,True,False
dev,aaaaaiup,aaaaaiup_s001_t000,1800.0,7,6,945.9872,978.547,32.5598,gnsz,345.98720000000003,645.9872,776.1435,True,True,False
dev,aaaaaiup,aaaaaiup_s001_t000,1800.0,7,7,1590.6013,1626.4705,35.869199999999864,fnsz,990.6013,1290.6013,978.547,True,False,True
dev,aaaaaiup,aaaaaiup_s001_t001,999.0,1,1,54.327,66.2169,11.889899999999995,fnsz,-545.673,-245.673,,False,False,False
dev,aaaaaiup,aaaaaiup_s002_t002,405.0,1,1,108.9508,145.9575,37.00670000000001,fnsz,-491.0492,-191.04919999999998,,False,False,False
dev,aaaaaizb,aaaaaizb_s004_t000,1299.0,1,1,258.9594,298.0633,39.10390000000001,gnsz,-341.0406,-41.04059999999998,,False,False,False
dev,aaaaakfk,aaaaakfk_s001_t001,1388.0,6,1,41.0196,68.9982,27.9786,gnsz,-558.9804,-258.98040000000003,,False,False,False
dev,aaaaakfk,aaaaakfk_s001_t001,1388.0,6,2,88.0854,104.0901,16.0047,gnsz,-511.9146,-211.9146,68.9982,False,True,False
dev,aaaaakfk,aaaaakfk_s001_t001,1388.0,6,3,132.0688,231.0611,98.9923,gnsz,-467.9312,-167.9312,104.0901,False,True,False
dev,aaaaakfk,aaaaakfk_s001_t001,1388.0,6,4,240.0119,724.9555,484.94360000000006,gnsz,-359.98810000000003,-59.9881,231.0611,False,True,False
dev,aaaaakfk,aaaaakfk_s001_t001,1388.0,6,5,864.4339,1240.9603,376.5264,gnsz,264.4339,564.4339,724.9555,True,True,False
dev,aaaaakfk,aaaaakfk_s001_t001,1388.0,6,6,1249.0219,1387.2555,138.23360000000002,gnsz,649.0219,949.0219,1240.9603,True,True,False
dev,aaaaamck,aaaaamck_s001_t001,1280.0,2,1,668.0071,735.9573,67.9502,fnsz|gnsz,68.00710000000004,368.00710000000004,,True,False,True
dev,aaaaamck,aaaaamck_s001_t001,1280.0,2,2,1030.5679,1054.5928,24.02489999999989,gnsz,430.5679,730.5679,735.9573,True,True,False
dev,aaaaamnd,aaaaamnd_s005_t000,545.0,1,1,58.0,142.0232,84.0232,gnsz,-542.0,-242.0,,False,False,False
dev,aaaaamnd,aaaaamnd_s007_t003,1085.0,1,1,331.0018,399.8222,68.8204,gnsz,-268.9982,31.001800000000003,,False,False,False
dev,aaaaamnd,aaaaamnd_s007_t005,300.0,1,1,158.032,204.9793,46.947299999999984,gnsz,-441.96799999999996,-141.968,,False,False,False
dev,aaaaamnk,aaaaamnk_s001_t000,1607.0,1,1,124.9444,160.9444,36.0,cpsz,-475.0556,-175.0556,,False,False,False
dev,aaaaamnk,aaaaamnk_s002_t002,1800.0,1,1,649.303,681.177,31.874000000000024,fnsz,49.303,349.303,,True,False,True
dev,aaaaamnk,aaaaamnk_s002_t005,1698.0,11,1,0.0553,36.0066,35.9513,gnsz,-599.9447,-299.9447,,False,False,False
dev,aaaaamnk,aaaaamnk_s002_t005,1698.0,11,2,120.396,297.9956,177.5996,gnsz,-479.604,-179.60399999999998,36.0066,False,True,False
dev,aaaaamnk,aaaaamnk_s002_t005,1698.0,11,3,337.5642,390.219,52.654799999999966,gnsz,-262.4358,37.56420000000003,297.9956,False,True,False
dev,aaaaamnk,aaaaamnk_s002_t005,1698.0,11,4,427.8208,463.1084,35.2876,gnsz,-172.17919999999998,127.82080000000002,390.219,False,True,False
dev,aaaaamnk,aaaaamnk_s002_t005,1698.0,11,5,526.1858,616.6173,90.43150000000004,gnsz,-73.81420000000003,226.18579999999997,463.1084,False,True,False
dev,aaaaamnk,aaaaamnk_s002_t005,1698.0,11,6,718.7168,767.2788,48.56200000000001,gnsz,118.71680000000003,418.71680000000003,616.6173,True,True,False
dev,aaaaamnk,aaaaamnk_s002_t005,1698.0,11,7,864.8606,943.6217,78.76110000000006,gnsz,264.8606,564.8606,767.2788,True,True,False
dev,aaaaamnk,aaaaamnk_s002_t005,1698.0,11,8,1006.8319,1052.9049,46.07299999999998,gnsz,406.8319,706.8319,943.6217,True,True,False
dev,aaaaamnk,aaaaamnk_s002_t005,1698.0,11,9,1113.4425,1183.5199,70.0773999999999,gnsz,513.4425000000001,813.4425000000001,1052.9049,True,True,False
dev,aaaaamnk,aaaaamnk_s002_t005,1698.0,11,10,1288.0066,1350.7279,62.72130000000016,gnsz,688.0065999999999,988.0065999999999,1183.5199,True,True,False
dev,aaaaamnk,aaaaamnk_s002_t005,1698.0,11,11,1460.2212,1495.6195,35.39830000000006,gnsz,860.2212,1160.2212,1350.7279,True,True,False
dev,aaaaamod,aaaaamod_s001_t000,1323.0,10,1,7.084,33.1464,26.0624,gnsz,-592.916,-292.916,,False,False,False
dev,aaaaamod,aaaaamod_s001_t000,1323.0,10,2,226.3447,234.6536,8.308900000000023,gnsz,-373.6553,-73.65530000000001,33.1464,False,True,False
dev,aaaaamod,aaaaamod_s001_t000,1323.0,10,3,449.0223,456.8667,7.844400000000007,gnsz,-150.97770000000003,149.02229999999997,234.6536,False,True,False
dev,aaaaamod,aaaaamod_s001_t000,1323.0,10,4,468.3331,471.6381,3.305000000000007,gnsz,-131.6669,168.3331,456.8667,False,True,False
dev,aaaaamod,aaaaamod_s001_t000,1323.0,10,5,578.816,603.9766,25.16059999999993,gnsz,-21.18399999999997,278.81600000000003,471.6381,False,True,False
dev,aaaaamod,aaaaamod_s001_t000,1323.0,10,6,743.5613,752.13,8.568700000000035,gnsz,143.56129999999996,443.56129999999996,603.9766,True,True,False
dev,aaaaamod,aaaaamod_s001_t000,1323.0,10,7,901.8378,928.8581,27.02030000000002,gnsz,301.8378,601.8378,752.13,True,True,False
dev,aaaaamod,aaaaamod_s001_t000,1323.0,10,8,1047.3653,1055.7311,8.365800000000036,gnsz,447.36529999999993,747.3652999999999,928.8581,True,True,False
dev,aaaaamod,aaaaamod_s001_t000,1323.0,10,9,1138.6034,1146.4556,7.852200000000039,gnsz,538.6034,838.6034,1055.7311,True,True,False
dev,aaaaamod,aaaaamod_s001_t000,1323.0,10,10,1264.7791,1271.681,6.901900000000069,gnsz,664.7791,964.7791,1146.4556,True,True,False
dev,aaaaamod,aaaaamod_s002_t000,801.0,3,1,112.1614,139.8082,27.6468,gnsz,-487.8386,-187.83859999999999,,False,False,False
dev,aaaaamod,aaaaamod_s002_t000,801.0,3,2,361.9218,369.1238,7.201999999999998,gnsz,-238.07819999999998,61.92180000000002,139.8082,False,True,False
dev,aaaaamod,aaaaamod_s002_t000,801.0,3,3,761.5903,792.7901,31.199800000000096,gnsz,161.59029999999996,461.59029999999996,369.1238,True,True,False
dev,aaaaamod,aaaaamod_s002_t004,601.0,2,1,141.394,167.1289,25.734899999999985,gnsz,-458.606,-158.606,,False,False,False
dev,aaaaamod,aaaaamod_s002_t004,601.0,2,2,560.683,589.5657,28.8827,gnsz,-39.31700000000001,260.683,167.1289,False,True,False
dev,aaaaamod,aaaaamod_s002_t005,601.0,2,1,5.4336,33.4575,28.023900000000005,gnsz,-594.5664,-294.5664,,False,False,False
dev,aaaaamod,aaaaamod_s002_t005,601.0,2,2,312.0507,341.4212,29.370499999999996,gnsz,-287.9493,12.050700000000006,33.4575,False,True,False
dev,aaaaampk,aaaaampk_s007_t000,297.0,3,1,96.4609,177.7256,81.26469999999999,gnsz,-503.5391,-203.53910000000002,,False,False,False
dev,aaaaampk,aaaaampk_s007_t000,297.0,3,2,220.8735,275.5343,54.660799999999966,gnsz,-379.12649999999996,-79.1265,177.7256,False,True,False
dev,aaaaampk,aaaaampk_s007_t000,297.0,3,3,285.1081,289.4169,4.308800000000019,gnsz,-314.8919,-14.891900000000021,275.5343,False,True,False
dev,aaaaampk,aaaaampk_s007_t001,1180.0,9,1,11.3271,101.4681,90.141,gnsz,-588.6729,-288.6729,,False,False,False
dev,aaaaampk,aaaaampk_s007_t001,1180.0,9,2,130.5586,185.674,55.1154,gnsz,-469.4414,-169.4414,101.4681,False,True,False
dev,aaaaampk,aaaaampk_s007_t001,1180.0,9,3,235.1867,296.811,61.62429999999998,gnsz,-364.8133,-64.8133,185.674,False,True,False
dev,aaaaampk,aaaaampk_s007_t001,1180.0,9,4,351.7758,416.8356,65.0598,gnsz,-248.2242,51.775800000000004,296.811,False,True,False
dev,aaaaampk,aaaaampk_s007_t001,1180.0,9,5,467.5479,523.1211,55.57319999999993,gnsz,-132.45209999999997,167.54790000000003,416.8356,False,True,False
dev,aaaaampk,aaaaampk_s007_t001,1180.0,9,6,585.6406,665.1644,79.52380000000005,gnsz,-14.35940000000005,285.64059999999995,523.1211,False,True,False
dev,aaaaampk,aaaaampk_s007_t001,1180.0,9,7,714.6437,789.9514,75.30770000000007,gnsz,114.64369999999997,414.64369999999997,665.1644,True,True,False
dev,aaaaampk,aaaaampk_s007_t001,1180.0,9,8,885.918,958.1911,72.2731,gnsz,285.918,585.918,789.9514,True,True,False
dev,aaaaampk,aaaaampk_s007_t001,1180.0,9,9,1026.943,1082.6602,55.71720000000005,fnsz,426.943,726.943,958.1911,True,True,False
dev,aaaaampk,aaaaampk_s009_t000,1569.0,5,1,0.0,48.0142,48.0142,gnsz,-600.0,-300.0,,False,False,False
dev,aaaaampk,aaaaampk_s009_t000,1569.0,5,2,370.9544,437.9372,66.9828,gnsz,-229.04559999999998,70.95440000000002,48.0142,False,True,False
dev,aaaaampk,aaaaampk_s009_t000,1569.0,5,3,766.9828,841.0196,74.03679999999997,gnsz,166.9828,466.9828,437.9372,True,True,False
dev,aaaaampk,aaaaampk_s009_t000,1569.0,5,4,1120.0356,1181.9798,61.94420000000014,gnsz,520.0355999999999,820.0355999999999,841.0196,True,True,False
dev,aaaaampk,aaaaampk_s009_t000,1569.0,5,5,1552.5133,1569.0,16.486699999999928,gnsz,952.5133000000001,1252.5133,1181.9798,True,True,False
dev,aaaaampk,aaaaampk_s009_t001,753.0,2,1,347.0065,403.9123,56.9058,gnsz,-252.99349999999998,47.00650000000002,,False,False,False
dev,aaaaampk,aaaaampk_s009_t001,753.0,2,2,737.936,753.0,15.063999999999965,gnsz,137.93600000000004,437.93600000000004,403.9123,True,True,False
dev,aaaaampk,aaaaampk_s009_t003,873.0,1,1,333.5507,396.9769,63.4262,gnsz,-266.4493,33.550700000000006,,False,False,False
dev,aaaaampk,aaaaampk_s009_t004,300.0,1,1,47.9549,126.0225,78.0676,gnsz,-552.0451,-252.0451,,False,False,False
dev,aaaaampk,aaaaampk_s009_t005,778.0,1,1,358.9212,434.9733,76.0521,gnsz,-241.0788,58.9212,,False,False,False
dev,aaaaampk,aaaaampk_s009_t007,601.0,1,1,20.5098,81.9798,61.47,gnsz,-579.4902,-279.4902,,False,False,False
dev,aaaaampk,aaaaampk_s010_t000,1800.0,4,1,0.0478,25.1554,25.1076,fnsz,-599.9522,-299.9522,,False,False,False
dev,aaaaampk,aaaaampk_s010_t000,1800.0,4,2,518.1515,543.1754,25.023899999999912,fnsz,-81.84849999999994,218.15150000000006,25.1554,False,True,False
dev,aaaaampk,aaaaampk_s010_t000,1800.0,4,3,1007.2233,1024.0096,16.786300000000097,fnsz,407.2233,707.2233,543.1754,True,True,False
dev,aaaaampk,aaaaampk_s010_t000,1800.0,4,4,1515.5279,1531.445,15.917099999999891,fnsz,915.5279,1215.5279,1024.0096,True,True,False
dev,aaaaampk,aaaaampk_s010_t001,1800.0,4,1,292.0199,317.1594,25.1395,fnsz,-307.9801,-7.980099999999993,,False,False,False
dev,aaaaampk,aaaaampk_s010_t001,1800.0,4,2,813.9562,829.1434,15.187200000000075,fnsz,213.95619999999997,513.9562,317.1594,True,True,False
dev,aaaaampk,aaaaampk_s010_t001,1800.0,4,3,1287.1554,1306.1355,18.980099999999997,fnsz,687.1554000000001,987.1554000000001,829.1434,True,True,False
dev,aaaaampk,aaaaampk_s010_t001,1800.0,4,4,1734.9442,1751.1275,16.183300000000145,fnsz,1134.9442,1434.9442,1306.1355,True,True,False
dev,aaaaampk,aaaaampk_s010_t002,1800.0,3,1,453.9936,480.1659,26.172300000000007,fnsz,-146.00639999999999,153.99360000000001,,False,False,False
dev,aaaaampk,aaaaampk_s010_t002,1800.0,3,2,1006.9888,1034.0702,27.081400000000144,fnsz,406.98879999999997,706.9888,480.1659,True,True,False
dev,aaaaampk,aaaaampk_s010_t002,1800.0,3,3,1479.5949,1506.1898,26.59490000000005,fnsz,879.5949,1179.5949,1034.0702,True,True,False
dev,aaaaampk,aaaaampk_s010_t003,1800.0,4,1,162.7352,179.1707,16.43550000000002,fnsz,-437.26480000000004,-137.2648,,False,False,False
dev,aaaaampk,aaaaampk_s010_t003,1800.0,4,2,658.4561,681.9729,23.51679999999999,fnsz,58.45609999999999,358.4561,179.1707,True,True,False
dev,aaaaampk,aaaaampk_s010_t003,1800.0,4,3,1223.9697,1249.7193,25.749599999999877,fnsz,623.9697000000001,923.9697000000001,681.9729,True,True,False
dev,aaaaampk,aaaaampk_s010_t003,1800.0,4,4,1679.9617,1697.1148,17.153099999999995,fnsz,1079.9617,1379.9617,1249.7193,True,True,False
dev,aaaaampk,aaaaampk_s010_t005,1800.0,3,1,503.7895,530.0494,26.259900000000016,fnsz,-96.21050000000002,203.78949999999998,,False,False,False
dev,aaaaampk,aaaaampk_s010_t005,1800.0,3,2,973.2552,1001.1499,27.894700000000057,fnsz,373.25519999999995,673.2552,530.0494,True,True,False
dev,aaaaampk,aaaaampk_s010_t005,1800.0,3,3,1452.9617,1479.1579,26.196199999999862,fnsz,852.9617000000001,1152.9617,1001.1499,True,True,False
dev,aaaaampk,aaaaampk_s010_t006,1800.0,4,1,208.6507,243.3796,34.72890000000001,fnsz,-391.34929999999997,-91.3493,,False,False,False
dev,aaaaampk,aaaaampk_s010_t006,1800.0,4,2,725.9968,744.1467,18.1499,fnsz,125.99680000000001,425.9968,243.3796,True,True,False
dev,aaaaampk,aaaaampk_s010_t006,1800.0,4,3,1097.3907,1116.1946,18.803900000000112,fnsz,497.3906999999999,797.3906999999999,744.1467,True,True,False
dev,aaaaampk,aaaaampk_s010_t006,1800.0,4,4,1475.6986,1493.1866,17.488000000000056,fnsz,875.6985999999999,1175.6986,1116.1946,True,True,False
dev,aaaaampk,aaaaampk_s010_t008,1800.0,4,1,267.6587,294.1419,26.48320000000001,fnsz,-332.3413,-32.34129999999999,,False,False,False
dev,aaaaampk,aaaaampk_s010_t008,1800.0,4,2,797.0877,819.0255,21.937799999999925,fnsz,197.08770000000004,497.08770000000004,294.1419,True,True,False
dev,aaaaampk,aaaaampk_s010_t008,1800.0,4,3,1363.3987,1382.1547,18.756000000000085,fnsz,763.3987,1063.3987,819.0255,True,True,False
dev,aaaaampk,aaaaampk_s010_t008,1800.0,4,4,1742.0399,1767.1595,25.11959999999999,fnsz,1142.0399,1442.0399,1382.1547,True,True,False
dev,aaaaampk,aaaaampk_s010_t009,1800.0,4,1,184.0335,201.1467,17.113200000000006,fnsz,-415.9665,-115.9665,,False,False,False
dev,aaaaampk,aaaaampk_s010_t009,1800.0,4,2,830.0159,849.2026,19.186699999999973,fnsz,230.0159,530.0159,201.1467,True,False,True
dev,aaaaampk,aaaaampk_s010_t009,1800.0,4,3,1218.0207,1245.1659,27.14519999999993,fnsz,618.0207,918.0207,849.2026,True,True,False
dev,aaaaampk,aaaaampk_s010_t009,1800.0,4,4,1685.4753,1706.2648,20.78949999999986,fnsz,1085.4753,1385.4753,1245.1659,True,True,False
dev,aaaaampk,aaaaampk_s010_t011,1800.0,4,1,362.8214,381.1786,18.357200000000034,fnsz,-237.17860000000002,62.82139999999998,,False,False,False
dev,aaaaampk,aaaaampk_s010_t011,1800.0,4,2,842.8214,861.1627,18.341299999999933,fnsz,242.82140000000004,542.8214,381.1786,True,True,False
dev,aaaaampk,aaaaampk_s010_t011,1800.0,4,3,1125.6396,1142.1707,16.531099999999924,fnsz,525.6396,825.6396,861.1627,True,True,False
dev,aaaaampk,aaaaampk_s010_t011,1800.0,4,4,1639.0686,1657.2026,18.13400000000001,fnsz,1039.0686,1339.0686,1142.1707,True,True,False
dev,aaaaampk,aaaaampk_s010_t012,1194.0,2,1,200.0494,226.1579,26.10850000000002,fnsz,-399.9506,-99.95060000000001,,False,False,False
dev,aaaaampk,aaaaampk_s010_t012,1194.0,2,2,1141.2967,1156.5837,15.286999999999807,fnsz,541.2967000000001,841.2967000000001,226.1579,True,False,True
dev,aaaaamqq,aaaaamqq_s001_t000,1279.0,2,1,587.9704,601.0113,13.040899999999963,fnsz,-12.02959999999996,287.97040000000004,,False,False,False
dev,aaaaamqq,aaaaamqq_s001_t000,1279.0,2,2,1036.5172,1059.0433,22.52610000000004,fnsz,436.5172,736.5172,601.0113,True,True,False
dev,aaaaamqq,aaaaamqq_s004_t006,888.0,2,1,0.0,25.9632,25.9632,fnsz,-600.0,-300.0,,False,False,False
dev,aaaaamqq,aaaaamqq_s004_t006,888.0,2,2,667.9905,713.0409,45.05039999999997,fnsz,67.9905,367.9905,25.9632,True,False,True
dev,aaaaamqq,aaaaamqq_s004_t007,745.0,1,1,411.9739,480.5572,68.58330000000001,fnsz,-188.02609999999999,111.97390000000001,,False,False,False
dev,aaaaamqq,aaaaamqq_s004_t012,601.0,1,1,212.0332,304.92,92.88680000000002,fnsz,-387.96680000000003,-87.9668,,False,False,False
dev,aaaaamqq,aaaaamqq_s005_t000,300.0,1,1,0.0,115.9455,115.9455,fnsz,-600.0,-300.0,,False,False,False
dev,aaaaamqq,aaaaamqq_s005_t001,601.0,2,1,229.9348,300.1778,70.243,fnsz,-370.0652,-70.0652,,False,False,False
dev,aaaaamqq,aaaaamqq_s005_t001,601.0,2,2,423.0587,554.9496,131.89090000000004,fnsz,-176.9413,123.05869999999999,300.1778,False,True,False
dev,aaaaamqq,aaaaamqq_s005_t006,300.0,1,1,147.0065,254.0605,107.054,fnsz,-452.99350000000004,-152.9935,,False,False,False
dev,aaaaamqq,aaaaamqq_s006_t000,604.0,2,1,17.0124,150.0889,133.0765,fnsz,-582.9876,-282.9876,,False,False,False
dev,aaaaamqq,aaaaamqq_s006_t000,604.0,2,2,400.0593,529.9941,129.9348,fnsz,-199.9407,100.05930000000001,150.0889,False,True,False
dev,aaaaamqq,aaaaamqq_s006_t001,872.0,3,1,0.0,140.901,140.901,fnsz,-600.0,-300.0,,False,False,False
dev,aaaaamqq,aaaaamqq_s006_t001,872.0,3,2,343.9834,503.0231,159.03969999999998,fnsz,-256.0166,43.98340000000002,140.901,False,True,False
dev,aaaaamqq,aaaaamqq_s006_t001,872.0,3,3,774.0368,872.0,97.96320000000004,fnsz,174.03679999999997,474.03679999999997,503.0231,True,True,False
dev,aaaaamqq,aaaaamqq_s006_t003,599.0,1,1,229.0456,412.0925,183.0469,fnsz,-370.95439999999996,-70.95439999999999,,False,False,False
dev,aaaaamqq,aaaaamqq_s006_t004,300.0,1,1,0.0,101.067,101.067,fnsz,-600.0,-300.0,,False,False,False
dev,aaaaamqq,aaaaamqq_s006_t006,601.0,1,1,134.9733,458.9212,323.9479,fnsz,-465.0267,-165.0267,,False,False,False
dev,aaaaamqq,aaaaamqq_s007_t000,1131.0,2,1,309.9763,622.8986,312.9223,gnsz,-290.0237,9.97629999999998,,False,False,False
dev,aaaaamqq,aaaaamqq_s007_t000,1131.0,2,2,759.0575,861.9621,102.90459999999996,gnsz,159.0575,459.0575,622.8986,True,True,False
dev,aaaaamqq,aaaaamqq_s007_t001,1800.0,2,1,689.9394,759.1898,69.25040000000001,fnsz,89.93939999999998,389.9394,,True,False,True
dev,aaaaamqq,aaaaamqq_s007_t001,1800.0,2,2,876.0016,956.177,80.17539999999997,fnsz,276.00160000000005,576.0016,759.1898,True,True,False
dev,aaaaamqq,aaaaamqq_s007_t002,1800.0,1,1,258.2701,440.404,182.1339,fnsz,-341.7299,-41.72989999999999,,False,False,False
dev,aaaaamqq,aaaaamqq_s007_t003,1800.0,2,1,131.8915,165.1069,33.21539999999999,fnsz,-468.1085,-168.1085,,False,False,False
dev,aaaaamqq,aaaaamqq_s007_t003,1800.0,2,2,777.9553,906.0,128.04470000000003,fnsz,177.95529999999997,477.95529999999997,165.1069,True,False,True
dev,aaaaamta,aaaaamta_s001_t000,1466.0,1,1,1328.0379,1376.0522,48.01430000000005,gnsz,728.0379,1028.0379,,True,False,True
dev,aaaaamta,aaaaamta_s003_t000,1522.0,14,1,158.0,166.0556,8.055599999999998,gnsz,-442.0,-142.0,,False,False,False
dev,aaaaamta,aaaaamta_s003_t000,1522.0,14,2,386.9444,397.5,10.555600000000029,gnsz,-213.05560000000003,86.94439999999997,166.0556,False,True,False
dev,aaaaamta,aaaaamta_s003_t000,1522.0,14,3,426.8333,435.0556,8.222300000000018,gnsz,-173.1667,126.83330000000001,397.5,False,True,False
dev,aaaaamta,aaaaamta_s003_t000,1522.0,14,4,534.3889,541.1667,6.7777999999999565,fnsz,-65.61109999999996,234.38890000000004,435.0556,False,True,False
dev,aaaaamta,aaaaamta_s003_t000,1522.0,14,5,619.9444,628.7778,8.833399999999983,gnsz,19.944399999999973,319.9444,541.1667,True,True,False
dev,aaaaamta,aaaaamta_s003_t000,1522.0,14,6,768.9444,781.0556,12.111200000000052,gnsz,168.94439999999997,468.9444,628.7778,True,True,False
dev,aaaaamta,aaaaamta_s003_t000,1522.0,14,7,971.9444,986.1111,14.166699999999992,gnsz,371.9444,671.9444,781.0556,True,True,False
dev,aaaaamta,aaaaamta_s003_t000,1522.0,14,8,1018.2778,1023.7222,5.444400000000087,gnsz,418.27779999999996,718.2778,986.1111,True,True,False
dev,aaaaamta,aaaaamta_s003_t000,1522.0,14,9,1030.0,1043.2222,13.22219999999993,gnsz,430.0,730.0,1023.7222,True,True,False
dev,aaaaamta,aaaaamta_s003_t000,1522.0,14,10,1110.7222,1121.1667,10.444500000000062,gnsz,510.72219999999993,810.7221999999999,1043.2222,True,True,False
dev,aaaaamta,aaaaamta_s003_t000,1522.0,14,11,1149.0,1165.3333,16.33330000000001,gnsz,549.0,849.0,1121.1667,True,True,False
dev,aaaaamta,aaaaamta_s003_t000,1522.0,14,12,1207.1111,1218.6111,11.5,gnsz,607.1111000000001,907.1111000000001,1165.3333,True,True,False
dev,aaaaamta,aaaaamta_s003_t000,1522.0,14,13,1246.0556,1254.1667,8.111100000000079,gnsz,646.0555999999999,946.0555999999999,1218.6111,True,True,False
dev,aaaaamta,aaaaamta_s003_t000,1522.0,14,14,1423.1111,1431.0,7.888899999999921,gnsz,823.1111000000001,1123.1111,1254.1667,True,True,False
dev,aaaaamva,aaaaamva_s006_t008,657.0,1,1,307.2778,325.0,17.722199999999987,fnsz,-292.7222,7.277800000000013,,False,False,False
dev,aaaaandx,aaaaandx_s003_t001,536.0,1,1,235.0148,263.9419,28.927099999999967,gnsz,-364.98519999999996,-64.98519999999999,,False,False,False
dev,aaaaandx,aaaaandx_s003_t003,601.0,1,1,389.0338,414.997,25.96320000000003,gnsz,-210.96620000000001,89.03379999999999,,False,False,False
dev,aaaaandx,aaaaandx_s003_t004,601.0,1,1,110.9662,135.8625,24.89630000000001,gnsz,-489.0338,-189.03379999999999,,False,False,False
dev,aaaaandx,aaaaandx_s003_t006,984.0,2,1,260.9959,282.0391,21.043200000000013,gnsz,-339.0041,-39.004099999999994,,False,False,False
dev,aaaaandx,aaaaandx_s003_t006,984.0,2,2,410.9662,423.0587,12.092499999999973,gnsz,-189.03379999999999,110.96620000000001,282.0391,False,True,False
dev,aaaaandx,aaaaandx_s004_t006,693.0,3,1,300.0593,318.5536,18.49430000000001,gnsz,-299.9407,0.05930000000000746,,False,False,False
dev,aaaaandx,aaaaandx_s004_t006,693.0,3,2,462.0036,484.0545,22.050900000000013,gnsz,-137.9964,162.0036,318.5536,False,True,False
dev,aaaaandx,aaaaandx_s004_t006,693.0,3,3,612.9093,633.0041,20.094799999999964,gnsz,12.90930000000003,312.90930000000003,484.0545,True,True,False
dev,aaaaandx,aaaaandx_s005_t009,300.0,1,1,175.0059,186.9976,11.991700000000009,gnsz,-424.9941,-124.9941,,False,False,False
dev,aaaaaoek,aaaaaoek_s004_t001,1002.0,1,1,486.388,585.0547,98.66670000000003,tcsz,-113.61200000000002,186.38799999999998,,False,False,False
dev,aaaaaoek,aaaaaoek_s004_t002,1074.0,1,1,495.3333,592.2778,96.94449999999996,tcsz,-104.66669999999999,195.3333,,False,False,False
dev,aaaaaoek,aaaaaoek_s004_t004,960.0,1,1,424.3889,571.2778,146.88889999999998,tnsz,-175.61110000000002,124.38889999999998,,False,False,False
dev,aaaaaoek,aaaaaoek_s006_t009,1490.0,1,1,410.5,579.8333,169.3333,gnsz,-189.5,110.5,,False,False,False
dev,aaaaaoek,aaaaaoek_s011_t005,1088.0,1,1,361.0548,685.1016,324.0468,fnsz,-238.9452,61.0548,,False,False,False
dev,aaaaaoek,aaaaaoek_s027_t002,800.0,1,1,89.9822,800.0,710.0178,gnsz,-510.01779999999997,-210.0178,,False,False,False
dev,aaaaaoek,aaaaaoek_s027_t004,956.0,1,1,366.9828,793.0053,426.0225,gnsz,-233.0172,66.9828,,False,False,False
dev,aaaaaoek,aaaaaoek_s029_t002,738.0,1,1,309.0694,386.0107,76.94130000000001,fnsz,-290.9306,9.069399999999973,,False,False,False
dev,aaaaaoiz,aaaaaoiz_s003_t001,601.0,1,1,84.9093,116.9528,32.043499999999995,fnsz,-515.0907,-215.0907,,False,False,False
dev,aaaaaoiz,aaaaaoiz_s003_t002,300.0,1,1,282.9504,300.0,17.049599999999998,fnsz,-317.0496,-17.049599999999998,,False,False,False
dev,aaaaaoiz,aaaaaoiz_s003_t006,601.0,1,1,202.0556,225.6348,23.57920000000001,fnsz,-397.9444,-97.9444,,False,False,False
dev,aaaaaoiz,aaaaaoiz_s005_t002,908.0,2,1,398.0077,425.9271,27.9194,fnsz,-201.9923,98.0077,,False,False,False
dev,aaaaaoiz,aaaaaoiz_s005_t002,908.0,2,2,871.0036,899.1324,28.12879999999996,fnsz,271.0036,571.0036,425.9271,True,True,False
dev,aaaaaool,aaaaaool_s004_t002,720.0,2,1,224.0071,258.9804,34.973299999999966,fnsz,-375.99289999999996,-75.99289999999999,,False,False,False
dev,aaaaaool,aaaaaool_s004_t002,720.0,2,2,408.9508,430.9425,21.99169999999998,fnsz,-191.04919999999998,108.95080000000002,258.9804,False,True,False
dev,aaaaaool,aaaaaool_s005_t011,673.0,1,1,309.9585,325.0741,15.115599999999972,gnsz,-290.0415,9.958500000000015,,False,False,False
dev,aaaaaool,aaaaaool_s005_t013,941.0,1,1,594.013,616.0047,21.991699999999923,gnsz,-5.986999999999966,294.01300000000003,,False,False,False
dev,aaaaaool,aaaaaool_s005_t015,667.0,1,1,314.997,364.019,49.02199999999999,gnsz,-285.003,14.997000000000014,,False,False,False
dev,aaaaaool,aaaaaool_s005_t016,667.0,1,1,318.0202,337.5222,19.50200000000001,gnsz,-281.9798,18.02019999999999,,False,False,False
dev,aaaaaool,aaaaaool_s005_t018,603.0,1,1,278.9567,300.0593,21.102599999999995,gnsz,-321.0433,-21.043299999999988,,False,False,False
dev,aaaaaopm,aaaaaopm_s002_t000,683.0,5,1,33.0765,65.0267,31.9502,gnsz,-566.9235,-266.9235,,False,False,False
dev,aaaaaopm,aaaaaopm_s002_t000,683.0,5,2,73.9775,91.1085,17.131,gnsz,-526.0225,-226.02249999999998,65.0267,False,True,False
dev,aaaaaopm,aaaaaopm_s002_t000,683.0,5,3,103.0231,120.984,17.960899999999995,gnsz,-496.9769,-196.9769,91.1085,False,True,False
dev,aaaaaopm,aaaaaopm_s002_t000,683.0,5,4,129.9941,340.9603,210.9662,gnsz,-470.0059,-170.0059,120.984,False,True,False
dev,aaaaaopm,aaaaaopm_s002_t000,683.0,5,5,354.0012,682.217,328.2158,gnsz,-245.99880000000002,54.00119999999998,340.9603,False,True,False
dev,aaaaaopm,aaaaaopm_s002_t001,1800.0,1,1,990.0144,1020.0159,30.001499999999965,gnsz,390.0144,690.0144,,True,False,True
dev,aaaaaopm,aaaaaopm_s003_t002,625.0,2,1,20.9247,66.9828,46.0581,gnsz,-579.0753,-279.07529999999997,,False,False,False
dev,aaaaaopm,aaaaaopm_s003_t002,625.0,2,2,538.9449,555.0682,16.123300000000086,gnsz,-61.05510000000004,238.94489999999996,66.9828,False,True,False
dev,aaaaaovm,aaaaaovm_s001_t000,30.0,1,1,0.8889,24.7222,23.8333,fnsz,-599.1111,-299.1111,,False,False,False
dev,aaaaaovm,aaaaaovm_s001_t001,1289.0,5,1,274.6523,310.2317,35.579399999999964,fnsz,-325.3477,-25.347699999999975,,False,False,False
dev,aaaaaovm,aaaaaovm_s001_t001,1289.0,5,2,345.5039,402.0668,56.56290000000001,fnsz,-254.4961,45.50389999999999,310.2317,False,True,False
dev,aaaaaovm,aaaaaovm_s001_t001,1289.0,5,3,578.9436,601.7539,22.810300000000097,fnsz,-21.056400000000053,278.94359999999995,402.0668,False,True,False
dev,aaaaaovm,aaaaaovm_s001_t001,1289.0,5,4,815.0465,851.1494,36.10289999999998,fnsz,215.04650000000004,515.0465,601.7539,True,True,False
dev,aaaaaovm,aaaaaovm_s001_t001,1289.0,5,5,1123.7109,1151.1406,27.42969999999991,fnsz,523.7109,823.7109,851.1494,True,True,False
dev,aaaaaovm,aaaaaovm_s004_t008,1247.0,1,1,485.0018,510.0225,25.020699999999977,fnsz,-114.9982,185.0018,,False,False,False
dev,aaaaaoys,aaaaaoys_s001_t000,1359.0,1,1,135.0326,212.7445,77.71189999999999,gnsz,-464.9674,-164.9674,,False,False,False
dev,aaaaaoys,aaaaaoys_s002_t002,836.0,1,1,464.0012,524.997,60.99579999999997,gnsz,-135.99880000000002,164.00119999999998,,False,False,False
dev,aaaaaoys,aaaaaoys_s002_t003,805.0,1,1,409.0101,482.9876,73.97749999999996,gnsz,-190.98989999999998,109.01010000000002,,False,False,False
dev,aaaaaoys,aaaaaoys_s002_t004,1531.0,2,1,430.0533,522.1103,92.05700000000007,gnsz,-169.94670000000002,130.05329999999998,,False,False,False
dev,aaaaaoys,aaaaaoys_s002_t004,1531.0,2,2,1107.0539,1226.0818,119.02789999999982,gnsz,507.0539000000001,807.0539000000001,522.1103,True,True,False
dev,aaaaaoys,aaaaaoys_s002_t005,868.0,1,1,462.952,566.9828,104.0308,gnsz,-137.048,162.952,,False,False,False
dev,aaaaaoys,aaaaaoys_s002_t006,1049.0,1,1,591.0492,697.9846,106.93539999999996,gnsz,-8.950799999999958,291.04920000000004,,False,False,False
dev,aaaaaoys,aaaaaoys_s003_t001,960.0,1,1,452.9935,533.1357,80.14220000000006,gnsz,-147.00650000000002,152.99349999999998,,False,False,False
dev,aaaaaqbt,aaaaaqbt_s001_t000,1203.0,3,1,191.003,248.051,57.048,gnsz,-408.997,-108.99700000000001,,False,False,False
dev,aaaaaqbt,aaaaaqbt_s001_t000,1203.0,3,2,603.0124,649.9004,46.888000000000034,gnsz,3.012399999999957,303.01239999999996,248.051,True,True,False
dev,aaaaaqbt,aaaaaqbt_s001_t000,1203.0,3,3,980.013,1038.1043,58.09129999999993,gnsz,380.01300000000003,680.013,649.9004,True,True,False
dev,aaaaaqrs,aaaaaqrs_s001_t000,286.0,1,1,179.6667,285.8333,106.16660000000002,fnsz,-420.3333,-120.33330000000001,,False,False,False
dev,aaaaaqrs,aaaaaqrs_s001_t001,747.0,2,1,0.0,53.1111,53.1111,fnsz,-600.0,-300.0,,False,False,False
dev,aaaaaqrs,aaaaaqrs_s001_t001,747.0,2,2,674.0556,739.0129,64.95729999999992,fnsz,74.05560000000003,374.0556,53.1111,True,False,True
dev,aaaaaqrs,aaaaaqrs_s002_t000,1442.0,1,1,524.7222,662.2778,137.5555999999999,fnsz,-75.27779999999996,224.72220000000004,,False,False,False
dev,aaaaaqrs,aaaaaqrs_s003_t000,515.0,1,1,123.8333,191.8889,68.05560000000001,fnsz,-476.1667,-176.1667,,False,False,False
dev,aaaaaqrs,aaaaaqrs_s003_t001,782.0,1,1,333.1667,471.4444,138.27769999999998,fnsz,-266.8333,33.16669999999999,,False,False,False
dev,aaaaaqrs,aaaaaqrs_s004_t001,740.0,1,1,281.9256,403.535,121.60940000000004,gnsz,-318.0744,-18.074400000000026,,False,False,False
dev,aaaaaqrs,aaaaaqrs_s004_t002,601.0,1,1,336.9478,459.2952,122.34740000000004,fnsz,-263.0522,36.94779999999997,,False,False,False
dev,aaaaaqrs,aaaaaqrs_s004_t003,744.0,1,1,323.9899,360.4562,36.46630000000005,fnsz,-276.0101,23.989899999999977,,False,False,False
dev,aaaaaqrs,aaaaaqrs_s005_t002,601.0,2,1,136.0556,215.8111,79.75550000000001,fnsz,-463.9444,-163.9444,,False,False,False
dev,aaaaaqrs,aaaaaqrs_s005_t002,601.0,2,2,281.6667,305.8333,24.166600000000017,fnsz,-318.3333,-18.33330000000001,215.8111,False,True,False
dev,aaaaarsp,aaaaarsp_s002_t000,1800.0,1,1,1502.7735,1604.5104,101.73689999999988,fnsz|gnsz,902.7735,1202.7735,,True,False,True
dev,aaaaarsp,aaaaarsp_s002_t017,1800.0,1,1,435.9426,479.1324,43.18979999999999,fnsz,-164.05739999999997,135.94260000000003,,False,False,False
dev,aaaaarsp,aaaaarsp_s002_t020,1800.0,1,1,427.9856,467.8341,39.8485,gnsz,-172.01440000000002,127.98559999999998,,False,False,False
dev,aaaaarsp,aaaaarsp_s002_t021,1800.0,1,1,815.9809,852.1451,36.16419999999994,fnsz,215.98090000000002,515.9809,,True,False,True
dev,aaaaarsp,aaaaarsp_s002_t023,1800.0,1,1,419.9314,453.201,33.269600000000025,fnsz,-180.0686,119.9314,,False,False,False
dev,aaaaarsp,aaaaarsp_s002_t024,1800.0,1,1,329.9633,363.177,33.21370000000002,gnsz,-270.0367,29.963300000000004,,False,False,False
dev,aaaaarsp,aaaaarsp_s002_t026,1800.0,2,1,162.1754,205.1738,42.9984,gnsz,-437.82460000000003,-137.8246,,False,False,False
dev,aaaaarsp,aaaaarsp_s002_t026,1800.0,2,2,385.8788,426.118,40.23919999999998,gnsz,-214.1212,85.87880000000001,205.1738,False,True,False
dev,aaaaarsp,aaaaarsp_s002_t027,1800.0,1,1,1140.89,1227.11,86.2199999999998,gnsz,540.8900000000001,840.8900000000001,,True,False,True
dev,aaaaarsp,aaaaarsp_s002_t029,1800.0,1,1,1478.0813,1522.1563,44.075000000000045,gnsz,878.0813,1178.0813,,True,False,True
dev,aaaaarsp,aaaaarsp_s002_t030,1800.0,1,1,820.0367,862.1818,42.14509999999996,gnsz,220.0367,520.0367,,True,False,True
dev,aaaaarsp,aaaaarsp_s003_t014,603.0,1,1,263.7798,315.4894,51.709599999999966,fnsz|gnsz,-336.2202,-36.22019999999998,,False,False,False
dev,aaaaarsp,aaaaarsp_s003_t017,604.0,2,1,264.3488,344.033,79.68420000000003,fnsz|gnsz,-335.6512,-35.65120000000002,,False,False,False
dev,aaaaarsp,aaaaarsp_s003_t017,604.0,2,2,558.0323,571.9565,13.924200000000042,fnsz,-41.967700000000036,258.03229999999996,344.033,False,True,False
dev,aaaaasgd,aaaaasgd_s001_t000,1800.0,3,1,321.9777,358.118,36.14029999999997,fnsz,-278.0223,21.977700000000027,,False,False,False
dev,aaaaasgd,aaaaasgd_s001_t000,1800.0,3,2,1042.0287,1062.7624,20.7337,fnsz,442.0287000000001,742.0287000000001,358.118,True,False,True
dev,aaaaasgd,aaaaasgd_s001_t000,1800.0,3,3,1467.2313,1486.1547,18.92340000000013,fnsz,867.2312999999999,1167.2313,1062.7624,True,True,False
dev,aaaaasgd,aaaaasgd_s001_t001,558.0,1,1,154.1435,191.1611,37.017600000000016,fnsz,-445.8565,-145.8565,,False,False,False
dev,aaaaasgd,aaaaasgd_s003_t001,225.0,1,1,53.0006,66.0119,13.0113,fnsz,-546.9994,-246.9994,,False,False,False
dev,aaaaasgd,aaaaasgd_s003_t002,608.0,1,1,569.8222,581.9798,12.157600000000002,fnsz,-30.177800000000047,269.82219999999995,,False,False,False
dev,aaaaasgd,aaaaasgd_s003_t003,601.0,2,1,254.1197,278.0083,23.888600000000025,fnsz,-345.88030000000003,-45.880300000000005,,False,False,False
dev,aaaaasgd,aaaaasgd_s003_t003,601.0,2,2,380.083,400.0059,19.92289999999997,fnsz,-219.91699999999997,80.08300000000003,278.0083,False,True,False
dev,aaaaasgd,aaaaasgd_s003_t004,628.0,2,1,73.029,93.9538,20.924800000000005,fnsz,-526.971,-226.971,,False,False,False
dev,aaaaasgd,aaaaasgd_s003_t004,628.0,2,2,301.0136,327.2555,26.241899999999987,fnsz,-298.9864,1.0135999999999967,93.9538,False,True,False
dev,aaaaasgd,aaaaasgd_s003_t006,639.0,1,1,300.9994,320.952,19.952600000000015,fnsz,-299.0006,0.9993999999999801,,False,False,False
dev,aaaaasgd,aaaaasgd_s003_t008,636.0,3,1,38.0018,56.2709,18.269099999999995,fnsz,-561.9982,-261.9982,,False,False,False
dev,aaaaasgd,aaaaasgd_s003_t008,636.0,3,2,301.5827,326.8168,25.23410000000001,fnsz,-298.4173,1.5826999999999884,56.2709,False,True,False
dev,aaaaasgd,aaaaasgd_s003_t008,636.0,3,3,478.0018,507.0356,29.033799999999985,fnsz,-121.9982,178.0018,326.8168,False,True,False
dev,aaaaaskf,aaaaaskf_s001_t000,1800.0,2,1,503.9825,529.1659,25.18339999999995,fnsz,-96.01749999999998,203.98250000000002,,False,False,False
dev,aaaaaskf,aaaaaskf_s001_t000,1800.0,2,2,1416.0128,1450.1435,34.13069999999993,fnsz,816.0128,1116.0128,529.1659,True,False,True
dev,aaaaaskf,aaaaaskf_s001_t001,1800.0,1,1,630.0287,652.0861,22.05740000000003,fnsz,30.028699999999958,330.02869999999996,,True,False,True
dev,aaaaaskf,aaaaaskf_s003_t000,447.0,3,1,24.0223,98.3376,74.3153,fnsz,-575.9777,-275.9777,,False,False,False
dev,aaaaaskf,aaaaaskf_s003_t000,447.0,3,2,138.465,305.6533,167.1883,fnsz,-461.53499999999997,-161.535,98.3376,False,True,False
dev,aaaaaskf,aaaaaskf_s003_t000,447.0,3,3,333.0067,415.302,82.2953,fnsz,-266.9933,33.00670000000002,305.6533,False,True,False
dev,aaaaaskf,aaaaaskf_s003_t002,697.0,5,1,3.5032,157.2247,153.72150000000002,fnsz,-596.4968,-296.4968,,False,False,False
dev,aaaaaskf,aaaaaskf_s003_t002,697.0,5,2,174.4698,260.2587,85.78889999999998,fnsz,-425.53020000000004,-125.53020000000001,157.2247,False,True,False
dev,aaaaaskf,aaaaaskf_s003_t002,697.0,5,3,285.3694,468.172,182.80260000000004,fnsz,-314.6306,-14.630600000000015,260.2587,False,True,False
dev,aaaaaskf,aaaaaskf_s003_t002,697.0,5,4,538.2675,613.3232,75.0557,fnsz,-61.73249999999996,238.26750000000004,468.172,False,True,False
dev,aaaaaskf,aaaaaskf_s003_t002,697.0,5,5,664.965,696.0,31.034999999999968,fnsz,64.96500000000003,364.96500000000003,613.3232,True,True,False
dev,aaaaaskf,aaaaaskf_s003_t003,601.0,5,1,1.0,59.9825,58.9825,fnsz,-599.0,-299.0,,False,False,False
dev,aaaaaskf,aaaaaskf_s003_t003,601.0,5,2,66.2341,194.1384,127.9043,fnsz,-533.7659,-233.7659,59.9825,False,True,False
dev,aaaaaskf,aaaaaskf_s003_t003,601.0,5,3,239.9632,339.9075,99.94430000000004,fnsz,-360.03679999999997,-60.0368,194.1384,False,True,False
dev,aaaaaskf,aaaaaskf_s003_t003,601.0,5,4,357.6561,520.0924,162.43630000000002,fnsz,-242.34390000000002,57.65609999999998,339.9075,False,True,False
dev,aaaaaskf,aaaaaskf_s003_t003,601.0,5,5,571.914,599.9873,28.073300000000017,fnsz,-28.086000000000013,271.914,520.0924,False,True,False
dev,aaaaaskf,aaaaaskf_s003_t004,601.0,3,1,1.0,129.578,128.578,fnsz,-599.0,-299.0,,False,False,False
dev,aaaaaskf,aaaaaskf_s003_t004,601.0,3,2,170.8631,242.1768,71.31369999999998,fnsz,-429.13689999999997,-129.1369,129.578,False,True,False
dev,aaaaaskf,aaaaaskf_s003_t004,601.0,3,3,267.543,598.5462,331.0032,fnsz,-332.457,-32.456999999999994,242.1768,False,True,False
dev,aaaaaskf,aaaaaskf_s004_t000,300.0,2,1,8.5828,144.3692,135.7864,fnsz,-591.4172,-291.4172,,False,False,False
dev,aaaaaskf,aaaaaskf_s004_t000,300.0,2,2,231.3289,275.9866,44.657700000000006,fnsz,-368.6711,-68.6711,144.3692,False,True,False
dev,aaaaaskf,aaaaaskf_s004_t001,630.0,3,1,75.5168,110.1718,34.655,fnsz,-524.4832,-224.4832,,False,False,False
dev,aaaaaskf,aaaaaskf_s004_t001,630.0,3,2,224.7966,295.1026,70.30599999999998,fnsz,-375.2034,-75.20339999999999,110.1718,False,True,False
dev,aaaaaskf,aaaaaskf_s004_t001,630.0,3,3,389.9933,627.2148,237.2215,fnsz,-210.00670000000002,89.99329999999998,295.1026,False,True,False
dev,aaaaatgc,aaaaatgc_s002_t000,1346.0,1,1,978.1667,1029.1667,51.0,gnsz,378.1667,678.1667,,True,False,True
dev,aaaaatgc,aaaaatgc_s004_t001,50.0,1,1,8.0805,49.6068,41.5263,fnsz,-591.9195,-291.91949999999997,,False,False,False
dev,aaaaatgc,aaaaatgc_s004_t002,51.0,1,1,2.8993,50.1593,47.260000000000005,fnsz,-597.1007,-297.1007,,False,False,False
dev,aaaaatgc,aaaaatgc_s004_t003,64.0,1,1,2.0235,59.8986,57.8751,fnsz,-597.9765,-297.9765,,False,False,False
dev,aaaaatgc,aaaaatgc_s004_t005,96.0,1,1,4.9394,94.8687,89.9293,gnsz,-595.0606,-295.0606,,False,False,False
dev,aaaaatgc,aaaaatgc_s004_t008,101.0,1,1,2.9697,98.8283,95.8586,gnsz,-597.0303,-297.0303,,False,False,False
dev,aaaaatgc,aaaaatgc_s004_t009,84.0,1,1,2.8081,79.1717,76.3636,gnsz,-597.1919,-297.1919,,False,False,False
dev,aaaaatgc,aaaaatgc_s004_t011,301.0,1,1,40.9899,116.4679,75.47800000000001,gnsz,-559.0101,-259.0101,,False,False,False
eval,aaaaaarq,aaaaaarq_s014_t009,1601.0,1,1,642.9994,690.9366,47.93719999999996,gnsz,42.99940000000004,342.99940000000004,,True,False,True
eval,aaaaaarq,aaaaaarq_s016_t003,300.0,2,1,0.0059,62.0628,62.056900000000006,gnsz,-599.9941,-299.9941,,False,False,False
eval,aaaaaarq,aaaaaarq_s016_t003,300.0,2,2,74.0012,87.0184,13.017200000000004,gnsz,-525.9988,-225.99880000000002,62.0628,False,True,False
eval,aaaaaarq,aaaaaarq_s017_t001,601.0,5,1,179.0237,198.9881,19.96440000000001,gnsz,-420.97630000000004,-120.97630000000001,,False,False,False
eval,aaaaaarq,aaaaaarq_s017_t001,601.0,5,2,289.0059,311.9816,22.975700000000018,gnsz,-310.9941,-10.994100000000003,198.9881,False,True,False
eval,aaaaaarq,aaaaaarq_s017_t001,601.0,5,3,327.0296,337.8358,10.80619999999999,gnsz,-272.9704,27.029600000000016,311.9816,False,True,False
eval,aaaaaarq,aaaaaarq_s017_t001,601.0,5,4,365.0356,385.0,19.96440000000001,gnsz,-234.9644,65.03559999999999,337.8358,False,True,False
eval,aaaaaarq,aaaaaarq_s017_t001,601.0,5,5,436.0119,448.051,12.039099999999962,gnsz,-163.98809999999997,136.01190000000003,385.0,False,True,False
eval,aaaaaarq,aaaaaarq_s017_t005,1546.0,2,1,498.1535,566.9621,68.80859999999996,gnsz,-101.84649999999999,198.1535,,False,False,False
eval,aaaaaarq,aaaaaarq_s017_t005,1546.0,2,2,607.0095,617.9935,10.984000000000036,gnsz,7.009500000000003,307.0095,566.9621,True,True,False
eval,aaaaaefp,aaaaaefp_s007_t001,1800.0,1,1,567.0368,584.01,16.97320000000002,fnsz,-32.96320000000003,267.03679999999997,,False,False,False
eval,aaaaafcf,aaaaafcf_s009_t009,1800.0,50,1,246.1878,249.8343,3.646500000000003,absz,-353.81219999999996,-53.81219999999999,,False,False,False
eval,aaaaafcf,aaaaafcf_s009_t009,1800.0,50,2,299.9834,305.0341,5.050700000000006,absz,-300.0166,-0.01659999999998263,249.8343,False,True,False
eval,aaaaafcf,aaaaafcf_s009_t009,1800.0,50,3,467.0055,472.011,5.0055000000000405,absz,-132.99450000000002,167.00549999999998,305.0341,False,True,False
eval,aaaaafcf,aaaaafcf_s009_t009,1800.0,50,4,513.989,519.5391,5.550099999999929,absz,-86.01099999999997,213.98900000000003,472.011,False,True,False
eval,aaaaafcf,aaaaafcf_s009_t009,1800.0,50,5,550.3978,554.4783,4.080500000000029,absz,-49.60220000000004,250.39779999999996,519.5391,False,True,False
eval,aaaaafcf,aaaaafcf_s009_t009,1800.0,50,6,568.9945,575.0276,6.03309999999999,absz,-31.005499999999984,268.9945,554.4783,False,True,False
eval,aaaaafcf,aaaaafcf_s009_t009,1800.0,50,7,583.9006,587.85,3.9493999999999687,absz,-16.099399999999946,283.90060000000005,575.0276,False,True,False
eval,aaaaafcf,aaaaafcf_s009_t009,1800.0,50,8,598.7182,602.081,3.362799999999993,absz,-1.2817999999999756,298.7182,587.85,False,True,False
eval,aaaaafcf,aaaaafcf_s009_t009,1800.0,50,9,640.4807,645.221,4.740300000000048,absz,40.480699999999956,340.48069999999996,602.081,True,True,False
eval,aaaaafcf,aaaaafcf_s009_t009,1800.0,50,10,660.4199,665.4586,5.038700000000063,absz,60.419899999999984,360.4199,645.221,True,True,False
eval,aaaaafcf,aaaaafcf_s009_t009,1800.0,50,11,703.558,708.0663,4.508299999999963,absz,103.55799999999999,403.558,665.4586,True,True,False
eval,aaaaafcf,aaaaafcf_s009_t009,1800.0,50,12,723.326,733.105,9.778999999999996,absz,123.32600000000002,423.326,708.0663,True,True,False
eval,aaaaafcf,aaaaafcf_s009_t009,1800.0,50,13,759.1989,765.0331,5.83420000000001,absz,159.19889999999998,459.1989,733.105,True,True,False
eval,aaaaafcf,aaaaafcf_s009_t009,1800.0,50,14,800.8011,806.1676,5.366499999999974,absz,200.80110000000002,500.8011,765.0331,True,True,False
eval,aaaaafcf,aaaaafcf_s009_t009,1800.0,50,15,826.0387,832.3039,6.26520000000005,absz,226.03869999999995,526.0387,806.1676,True,True,False
eval,aaaaafcf,aaaaafcf_s009_t009,1800.0,50,16,855.4751,860.1492,4.674099999999953,absz,255.4751,555.4751,832.3039,True,True,False
eval,aaaaafcf,aaaaafcf_s009_t009,1800.0,50,17,877.9171,883.3204,5.403299999999945,absz,277.9171,577.9171,860.1492,True,True,False
eval,aaaaafcf,aaaaafcf_s009_t009,1800.0,50,18,899.8508,906.1492,6.298399999999901,absz,299.85080000000005,599.8508,883.3204,True,True,False
eval,aaaaafcf,aaaaafcf_s009_t009,1800.0,50,19,922.6243,926.2376,3.613300000000095,absz,322.62429999999995,622.6243,906.1492,True,True,False
eval,aaaaafcf,aaaaafcf_s009_t009,1800.0,50,20,932.2155,936.2928,4.077300000000037,absz,332.2155,632.2155,926.2376,True,True,False
eval,aaaaafcf,aaaaafcf_s009_t009,1800.0,50,21,954.0407,959.0889,5.048199999999952,absz,354.0407,654.0407,936.2928,True,True,False
eval,aaaaafcf,aaaaafcf_s009_t009,1800.0,50,22,979.8619,986.2597,6.397799999999961,absz,379.8619,679.8619,959.0889,True,True,False
eval,aaaaafcf,aaaaafcf_s009_t009,1800.0,50,23,1015.011,1021.1768,6.16579999999999,absz,415.01099999999997,715.011,986.2597,True,True,False
eval,aaaaafcf,aaaaafcf_s009_t009,1800.0,50,24,1032.9779,1037.4728,4.494899999999916,absz,432.9779000000001,732.9779000000001,1021.1768,True,True,False
eval,aaaaafcf,aaaaafcf_s009_t009,1800.0,50,25,1060.9779,1067.0773,6.099399999999832,absz,460.9779000000001,760.9779000000001,1037.4728,True,True,False
eval,aaaaafcf,aaaaafcf_s009_t009,1800.0,50,26,1092.4696,1099.0,6.5304000000001,absz,492.4695999999999,792.4695999999999,1067.0773,True,True,False
eval,aaaaafcf,aaaaafcf_s009_t009,1800.0,50,27,1118.6851,1124.0552,5.370100000000093,absz,518.6850999999999,818.6850999999999,1099.0,True,True,False
eval,aaaaafcf,aaaaafcf_s009_t009,1800.0,50,28,1132.9006,1137.1768,4.276200000000017,absz,532.9005999999999,832.9005999999999,1124.0552,True,True,False
eval,aaaaafcf,aaaaafcf_s009_t009,1800.0,50,29,1143.4751,1148.0497,4.574599999999919,absz,543.4751000000001,843.4751000000001,1137.1768,True,True,False
eval,aaaaafcf,aaaaafcf_s009_t009,1800.0,50,30,1173.9116,1179.0429,5.13130000000001,absz,573.9115999999999,873.9115999999999,1148.0497,True,True,False
eval,aaaaafcf,aaaaafcf_s009_t009,1800.0,50,31,1199.9116,1206.0288,6.117200000000139,absz,599.9115999999999,899.9115999999999,1179.0429,True,True,False
eval,aaaaafcf,aaaaafcf_s009_t009,1800.0,50,32,1234.9834,1242.0773,7.093899999999849,absz,634.9834000000001,934.9834000000001,1206.0288,True,True,False
eval,aaaaafcf,aaaaafcf_s009_t009,1800.0,50,33,1254.884,1259.9158,5.031799999999976,absz,654.884,954.884,1242.0773,True,True,False
eval,aaaaafcf,aaaaafcf_s009_t009,1800.0,50,34,1277.9503,1283.7182,5.767900000000054,absz,677.9503,977.9503,1259.9158,True,True,False
eval,aaaaafcf,aaaaafcf_s009_t009,1800.0,50,35,1312.895,1320.046,7.151000000000067,absz,712.895,1012.895,1283.7182,True,True,False
eval,aaaaafcf,aaaaafcf_s009_t009,1800.0,50,36,1338.9558,1344.9227,5.966900000000123,absz,738.9558,1038.9558,1320.046,True,True,False
eval,aaaaafcf,aaaaafcf_s009_t009,1800.0,50,37,1347.9392,1351.4862,3.547000000000025,absz,747.9392,1047.9392,1344.9227,True,True,False
eval,aaaaafcf,aaaaafcf_s009_t009,1800.0,50,38,1376.9448,1382.5138,5.56899999999996,absz,776.9448,1076.9448,1351.4862,True,True,False
eval,aaaaafcf,aaaaafcf_s009_t009,1800.0,50,39,1413.1271,1419.7014,6.574299999999994,absz,813.1270999999999,1113.1271,1382.5138,True,True,False
eval,aaaaafcf,aaaaafcf_s009_t009,1800.0,50,40,1434.3039,1440.8011,6.497199999999793,absz,834.3039000000001,1134.3039,1419.7014,True,True,False
eval,aaaaafcf,aaaaafcf_s009_t009,1800.0,50,41,1452.6685,1456.6796,4.011099999999942,absz,852.6685,1152.6685,1440.8011,True,True,False
eval,aaaaafcf,aaaaafcf_s009_t009,1800.0,50,42,1497.2652,1505.0884,7.823200000000043,absz,897.2652,1197.2652,1456.6796,True,True,False
eval,aaaaafcf,aaaaafcf_s009_t009,1800.0,50,43,1520.4696,1527.1657,6.696100000000115,absz,920.4695999999999,1220.4696,1505.0884,True,True,False
eval,aaaaafcf,aaaaafcf_s009_t009,1800.0,50,44,1544.9061,1552.2983,7.392200000000002,absz,944.9060999999999,1244.9061,1527.1657,True,True,False
eval,aaaaafcf,aaaaafcf_s009_t009,1800.0,50,45,1568.2155,1572.1934,3.9779000000000906,absz,968.2155,1268.2155,1552.2983,True,True,False
eval,aaaaafcf,aaaaafcf_s009_t009,1800.0,50,46,1582.9337,1587.2099,4.276200000000017,absz,982.9337,1282.9337,1572.1934,True,True,False
eval,aaaaafcf,aaaaafcf_s009_t009,1800.0,50,47,1610.6575,1616.0276,5.370099999999866,absz,1010.6575,1310.6575,1587.2099,True,True,False
eval,aaaaafcf,aaaaafcf_s009_t009,1800.0,50,48,1651.9613,1658.2928,6.3315000000000055,absz,1051.9613,1351.9613,1616.0276,True,True,False
eval,aaaaafcf,aaaaafcf_s009_t009,1800.0,50,49,1666.4309,1670.8729,4.442000000000007,absz,1066.4309,1366.4309,1658.2928,True,True,False
eval,aaaaafcf,aaaaafcf_s009_t009,1800.0,50,50,1703.4364,1719.979,16.542599999999993,tcsz,1103.4364,1403.4364,1670.8729,True,True,False
eval,aaaaaghb,aaaaaghb_s010_t000,203.0,1,1,87.4395,112.9337,25.494200000000006,fnsz,-512.5605,-212.5605,,False,False,False
eval,aaaaaghb,aaaaaghb_s010_t001,311.0,3,1,10.9989,18.5129,7.513999999999998,fnsz,-589.0011,-289.0011,,False,False,False
eval,aaaaaghb,aaaaaghb_s010_t001,311.0,3,2,84.4329,106.0303,21.597399999999997,fnsz,-515.5671,-215.56709999999998,18.5129,False,True,False
eval,aaaaaghb,aaaaaghb_s010_t001,311.0,3,3,204.5445,220.697,16.152500000000003,fnsz,-395.45550000000003,-95.4555,106.0303,False,True,False
eval,aaaaaghb,aaaaaghb_s010_t002,396.0,4,1,16.988,29.1676,12.1796,fnsz,-583.012,-283.012,,False,False,False
eval,aaaaaghb,aaaaaghb_s010_t002,396.0,4,2,87.0173,108.0303,21.01299999999999,fnsz,-512.9827,-212.9827,29.1676,False,True,False
eval,aaaaaghb,aaaaaghb_s010_t002,396.0,4,3,160.0205,175.0909,15.070400000000006,fnsz,-439.97950000000003,-139.9795,108.0303,False,True,False
eval,aaaaaghb,aaaaaghb_s010_t002,396.0,4,4,281.981,305.0303,23.049300000000017,fnsz,-318.019,-18.019000000000005,175.0909,False,True,False
eval,aaaaaghb,aaaaaghb_s010_t003,448.0,4,1,37.5729,51.2121,13.639200000000002,fnsz,-562.4271,-262.4271,,False,False,False
eval,aaaaaghb,aaaaaghb_s010_t003,448.0,4,2,88.1463,104.7879,16.641599999999997,fnsz,-511.8537,-211.8537,51.2121,False,True,False
eval,aaaaaghb,aaaaaghb_s010_t003,448.0,4,3,131.9997,148.0,16.00030000000001,fnsz,-468.00030000000004,-168.0003,104.7879,False,True,False
eval,aaaaaghb,aaaaaghb_s010_t003,448.0,4,4,299.0291,313.3203,14.291199999999948,fnsz,-300.9709,-0.9708999999999719,148.0,False,True,False
eval,aaaaaghb,aaaaaghb_s010_t004,189.0,3,1,21.9958,32.1818,10.186000000000003,fnsz,-578.0042,-278.0042,,False,False,False
eval,aaaaaghb,aaaaaghb_s010_t004,189.0,3,2,87.9913,99.0909,11.09960000000001,fnsz,-512.0087,-212.0087,32.1818,False,True,False
eval,aaaaaghb,aaaaaghb_s010_t004,189.0,3,3,123.9726,133.4242,9.451600000000012,fnsz,-476.0274,-176.0274,99.0909,False,True,False
eval,aaaaaghb,aaaaaghb_s010_t005,475.0,7,1,21.1992,34.4848,13.2856,fnsz,-578.8008,-278.8008,,False,False,False
eval,aaaaaghb,aaaaaghb_s010_t005,475.0,7,2,56.0349,66.0606,10.025699999999992,fnsz,-543.9651,-243.9651,34.4848,False,True,False
eval,aaaaaghb,aaaaaghb_s010_t005,475.0,7,3,88.9804,106.0606,17.08019999999999,fnsz,-511.01959999999997,-211.0196,66.0606,False,True,False
eval,aaaaaghb,aaaaaghb_s010_t005,475.0,7,4,220.0055,238.0303,18.0248,fnsz,-379.9945,-79.99449999999999,106.0606,False,True,False
eval,aaaaaghb,aaaaaghb_s010_t005,475.0,7,5,322.0055,334.011,12.00550000000004,fnsz,-277.9945,22.005499999999984,238.0303,False,True,False
eval,aaaaaghb,aaaaaghb_s010_t005,475.0,7,6,368.3204,384.0442,15.723799999999985,fnsz,-231.6796,68.3204,334.011,False,True,False
eval,aaaaaghb,aaaaaghb_s010_t005,475.0,7,7,439.7735,457.0331,17.259599999999978,fnsz,-160.2265,139.7735,384.0442,False,True,False
eval,aaaaaghb,aaaaaghb_s010_t006,208.0,3,1,9.9944,24.0994,14.105,fnsz,-590.0056,-290.0056,,False,False,False
eval,aaaaaghb,aaaaaghb_s010_t006,208.0,3,2,42.6685,54.0331,11.364599999999996,fnsz,-557.3315,-257.3315,24.0994,False,True,False
eval,aaaaaghb,aaaaaghb_s010_t006,208.0,3,3,87.6575,118.0502,30.392700000000005,fnsz,-512.3425,-212.3425,54.0331,False,True,False
eval,aaaaaghb,aaaaaghb_s010_t007,196.0,1,1,87.0,105.0829,18.082899999999995,fnsz,-513.0,-213.0,,False,False,False
eval,aaaaahlk,aaaaahlk_s006_t002,1072.0,1,1,459.0224,508.1048,49.08240000000001,cpsz,-140.9776,159.0224,,False,False,False
eval,aaaaahlk,aaaaahlk_s006_t007,809.0,1,1,118.874,192.9208,74.04680000000002,cpsz,-481.126,-181.126,,False,False,False
eval,aaaaahlk,aaaaahlk_s006_t009,685.0,1,1,317.0022,383.4314,66.42919999999998,cpsz,-282.9978,17.002200000000016,,False,False,False
eval,aaaaahlk,aaaaahlk_s007_t006,879.0,1,1,362.0279,412.039,50.0111,cpsz,-237.9721,62.02789999999999,,False,False,False
eval,aaaaahsi,aaaaahsi_s011_t000,599.0,1,1,101.9531,449.7879,347.8348,gnsz,-498.0469,-198.0469,,False,False,False
eval,aaaaahsi,aaaaahsi_s014_t000,262.0,1,1,97.0045,139.5964,42.5919,fnsz,-502.9955,-202.9955,,False,False,False
eval,aaaaaiih,aaaaaiih_s003_t001,1190.0,1,1,472.9945,586.2366,113.24209999999994,fnsz,-127.00549999999998,172.99450000000002,,False,False,False
eval,aaaaaiih,aaaaaiih_s006_t001,1369.0,1,1,469.0134,555.1906,86.17720000000003,fnsz,-130.9866,169.0134,,False,False,False
eval,aaaaaijh,aaaaaijh_s006_t000,557.0,1,1,241.2911,294.458,53.16690000000003,gnsz,-358.70889999999997,-58.7089,,False,False,False
eval,aaaaajdj,aaaaajdj_s004_t006,1050.0,1,1,445.0044,485.2609,40.25650000000002,fnsz,-154.99560000000002,145.00439999999998,,False,False,False
eval,aaaaajru,aaaaajru_s028_t000,1400.0,7,1,28.8696,57.0582,28.1886,fnsz,-571.1304,-271.1304,,False,False,False
eval,aaaaajru,aaaaajru_s028_t000,1400.0,7,2,178.8653,227.1107,48.24540000000002,fnsz,-421.1347,-121.13470000000001,57.0582,False,True,False
eval,aaaaajru,aaaaajru_s028_t000,1400.0,7,3,302.5568,439.0914,136.5346,fnsz,-297.4432,2.5568000000000097,227.1107,False,True,False
eval,aaaaajru,aaaaajru_s028_t000,1400.0,7,4,650.0925,734.2249,84.13240000000008,fnsz,50.09249999999997,350.0925,439.0914,True,True,False
eval,aaaaajru,aaaaajru_s028_t000,1400.0,7,5,1001.0698,1069.8772,68.80739999999992,fnsz,401.0698,701.0698,734.2249,True,True,False
eval,aaaaajru,aaaaajru_s028_t000,1400.0,7,6,1189.1438,1260.0475,70.90369999999984,fnsz,589.1438,889.1438,1069.8772,True,True,False
eval,aaaaajru,aaaaajru_s028_t000,1400.0,7,7,1275.0134,1361.8819,86.86850000000004,fnsz,675.0134,975.0134,1260.0475,True,True,False
eval,aaaaajru,aaaaajru_s029_t000,300.0,1,1,127.0301,196.0618,69.0317,fnsz,-472.9699,-172.9699,,False,False,False
eval,aaaaajru,aaaaajru_s029_t001,975.0,4,1,88.0167,157.0134,68.99669999999999,gnsz,-511.9833,-211.98329999999999,,False,False,False
eval,aaaaajru,aaaaajru_s029_t001,975.0,4,2,290.0535,381.0811,91.0276,gnsz,-309.9465,-9.946500000000015,157.0134,False,True,False
eval,aaaaajru,aaaaajru_s029_t001,975.0,4,3,583.0669,642.1639,59.09699999999998,gnsz,-16.933099999999968,283.06690000000003,381.0811,False,True,False
eval,aaaaajru,aaaaajru_s029_t001,975.0,4,4,919.9999,973.9632,53.9633,gnsz,319.9999,619.9999,642.1639,True,True,False
eval,aaaaajru,aaaaajru_s029_t002,601.0,5,1,39.9995,94.1729,54.1734,gnsz,-560.0005,-260.0005,,False,False,False
eval,aaaaajru,aaaaajru_s029_t002,601.0,5,2,171.0,236.2234,65.2234,gnsz,-429.0,-129.0,94.1729,False,True,False
eval,aaaaajru,aaaaajru_s029_t002,601.0,5,3,246.2441,320.792,74.54789999999997,gnsz,-353.7559,-53.7559,236.2234,False,True,False
eval,aaaaajru,aaaaajru_s029_t002,601.0,5,4,389.9967,461.0356,71.03890000000001,gnsz,-210.00330000000002,89.99669999999998,320.792,False,True,False
eval,aaaaajru,aaaaajru_s029_t002,601.0,5,5,515.0177,569.3945,54.3768,gnsz,-84.98230000000001,215.0177,461.0356,False,True,False
eval,aaaaajru,aaaaajru_s029_t003,992.0,7,1,65.1572,131.356,66.19879999999999,gnsz,-534.8428,-234.8428,,False,False,False
eval,aaaaajru,aaaaajru_s029_t003,992.0,7,2,207.9933,264.1683,56.17499999999998,gnsz,-392.0067,-92.0067,131.356,False,True,False
eval,aaaaajru,aaaaajru_s029_t003,992.0,7,3,325.0903,377.2251,52.134799999999984,gnsz,-274.9097,25.090300000000013,264.1683,False,True,False
eval,aaaaajru,aaaaajru_s029_t003,992.0,7,4,505.9799,572.0139,66.03400000000005,gnsz,-94.02010000000001,205.9799,377.2251,False,True,False
eval,aaaaajru,aaaaajru_s029_t003,992.0,7,5,695.7559,786.9487,91.19280000000003,gnsz,95.7559,395.7559,572.0139,True,True,False
eval,aaaaajru,aaaaajru_s029_t003,992.0,7,6,797.0357,852.136,55.10029999999995,gnsz,197.03570000000002,497.0357,786.9487,True,True,False
eval,aaaaajru,aaaaajru_s029_t003,992.0,7,7,967.0056,990.9521,23.94650000000001,gnsz,367.00559999999996,667.0056,852.136,True,True,False
eval,aaaaajru,aaaaajru_s029_t004,300.0,2,1,1.0,32.5084,31.5084,gnsz,-599.0,-299.0,,False,False,False
eval,aaaaajru,aaaaajru_s029_t004,300.0,2,2,137.0665,204.0937,67.02720000000002,gnsz,-462.9335,-162.9335,32.5084,False,True,False
eval,aaaaajru,aaaaajru_s029_t005,601.0,3,1,112.0424,180.2273,68.18490000000001,gnsz,-487.9576,-187.9576,,False,False,False
eval,aaaaajru,aaaaajru_s029_t005,601.0,3,2,302.0078,379.2537,77.2459,gnsz,-297.9922,2.0077999999999747,180.2273,False,True,False
eval,aaaaajru,aaaaajru_s029_t005,601.0,3,3,470.0557,543.0351,72.97940000000006,gnsz,-129.9443,170.0557,379.2537,False,True,False
eval,aaaaajru,aaaaajru_s029_t006,601.0,1,1,303.0383,378.0825,75.04419999999999,gnsz,-296.9617,3.0382999999999925,,False,False,False
eval,aaaaajru,aaaaajru_s031_t000,575.0,3,1,37.0178,80.9241,43.9063,gnsz,-562.9822,-262.9822,,False,False,False
eval,aaaaajru,aaaaajru_s031_t000,575.0,3,2,214.0344,284.147,70.11259999999999,gnsz,-385.9656,-85.9656,80.9241,False,True,False
eval,aaaaajru,aaaaajru_s031_t000,575.0,3,3,425.9899,498.9893,72.99940000000004,gnsz,-174.01010000000002,125.98989999999998,284.147,False,True,False
eval,aaaaajru,aaaaajru_s031_t001,601.0,2,1,117.0095,174.0397,57.03020000000001,gnsz,-482.9905,-182.9905,,False,False,False
eval,aaaaajru,aaaaajru_s031_t001,601.0,2,2,448.0113,507.0391,59.02780000000001,gnsz,-151.9887,148.0113,174.0397,False,True,False
eval,aaaaajru,aaaaajru_s031_t002,300.0,2,1,110.0178,163.0551,53.037300000000016,gnsz,-489.98220000000003,-189.9822,,False,False,False
eval,aaaaajru,aaaaajru_s031_t002,300.0,2,2,273.0255,299.8127,26.787199999999984,gnsz,-326.9745,-26.974499999999978,163.0551,False,True,False
eval,aaaaajru,aaaaajru_s031_t003,601.0,4,1,64.0071,129.8637,65.8566,gnsz,-535.9929,-235.99290000000002,,False,False,False
eval,aaaaajru,aaaaajru_s031_t003,601.0,4,2,215.0119,289.0664,74.05449999999999,gnsz,-384.98810000000003,-84.9881,129.8637,False,True,False
eval,aaaaajru,aaaaajru_s031_t003,601.0,4,3,362.0136,425.7421,63.7285,gnsz,-237.9864,62.0136,289.0664,False,True,False
eval,aaaaajru,aaaaajru_s031_t003,601.0,4,4,517.0154,570.0504,53.03499999999997,gnsz,-82.9846,217.0154,425.7421,False,True,False
eval,aaaaajru,aaaaajru_s031_t004,601.0,4,1,2.9994,60.0059,57.0065,gnsz,-597.0006,-297.0006,,False,False,False
eval,aaaaajru,aaaaajru_s031_t004,601.0,4,2,222.0172,278.9881,56.97089999999997,gnsz,-377.9828,-77.9828,60.0059,False,True,False
eval,aaaaajru,aaaaajru_s031_t004,601.0,4,3,377.0178,445.9389,68.92109999999997,gnsz,-222.98219999999998,77.01780000000002,278.9881,False,True,False
eval,aaaaajru,aaaaajru_s031_t004,601.0,4,4,567.0267,600.8382,33.811500000000024,gnsz,-32.973299999999995,267.0267,445.9389,False,True,False
eval,aaaaajru,aaaaajru_s031_t005,300.0,1,1,85.0326,150.0,64.9674,gnsz,-514.9674,-214.9674,,False,False,False
eval,aaaaajru,aaaaajru_s031_t006,601.0,3,1,10.9959,84.1553,73.15939999999999,gnsz,-589.0041,-289.0041,,False,False,False
eval,aaaaajru,aaaaajru_s031_t006,601.0,3,2,183.029,254.0368,71.0078,gnsz,-416.971,-116.971,84.1553,False,True,False
eval,aaaaajru,aaaaajru_s031_t006,601.0,3,3,430.9953,500.029,69.03370000000001,gnsz,-169.0047,130.9953,254.0368,False,True,False
eval,aaaaajru,aaaaajru_s032_t000,1001.0,5,1,118.0172,178.9241,60.90690000000001,gnsz,-481.9828,-181.9828,,False,False,False
eval,aaaaajru,aaaaajru_s032_t000,1001.0,5,2,326.0385,384.9004,58.86189999999999,gnsz,-273.9615,26.0385,178.9241,False,True,False
eval,aaaaajru,aaaaajru_s032_t000,1001.0,5,3,574.0113,645.0368,71.02549999999997,gnsz,-25.988699999999994,274.0113,384.9004,False,True,False
eval,aaaaajru,aaaaajru_s032_t000,1001.0,5,4,735.5643,805.6414,70.07709999999997,gnsz,135.5643,435.5643,645.0368,True,True,False
eval,aaaaajru,aaaaajru_s032_t000,1001.0,5,5,942.0237,1000.8619,58.83820000000003,gnsz,342.02369999999996,642.0237,805.6414,True,True,False
eval,aaaaajru,aaaaajru_s032_t001,601.0,4,1,0.0178,61.9798,61.962,gnsz,-599.9822,-299.9822,,False,False,False
eval,aaaaajru,aaaaajru_s032_t001,601.0,4,2,244.0296,312.0261,67.9965,gnsz,-355.97040000000004,-55.97040000000001,61.9798,False,True,False
eval,aaaaajru,aaaaajru_s032_t001,601.0,4,3,428.013,493.9348,65.92180000000002,gnsz,-171.98700000000002,128.01299999999998,312.0261,False,True,False
eval,aaaaajru,aaaaajru_s032_t001,601.0,4,4,591.0237,600.7866,9.76290000000006,gnsz,-8.976300000000037,291.02369999999996,493.9348,False,True,False
eval,aaaaajru,aaaaajru_s032_t002,601.0,3,1,109.0237,171.7682,62.7445,gnsz,-490.9763,-190.97629999999998,,False,False,False
eval,aaaaajru,aaaaajru_s032_t002,601.0,3,2,302.0119,369.9253,67.91339999999997,gnsz,-297.9881,2.0119000000000256,171.7682,False,True,False
eval,aaaaajru,aaaaajru_s032_t002,601.0,3,3,487.0423,559.9671,72.92479999999995,gnsz,-112.95769999999999,187.0423,369.9253,False,True,False
eval,aaaaajru,aaaaajru_s032_t003,914.0,5,1,8.0343,76.1087,68.0744,gnsz,-591.9657,-291.9657,,False,False,False
eval,aaaaajru,aaaaajru_s032_t003,914.0,5,2,185.0366,256.6593,71.62269999999998,gnsz,-414.9634,-114.96340000000001,76.1087,False,True,False
eval,aaaaajru,aaaaajru_s032_t003,914.0,5,3,365.1748,428.6729,63.49810000000002,gnsz,-234.8252,65.1748,256.6593,False,True,False
eval,aaaaajru,aaaaajru_s032_t003,914.0,5,4,529.3461,592.0805,62.73440000000005,gnsz,-70.65390000000002,229.34609999999998,428.6729,False,True,False
eval,aaaaajru,aaaaajru_s032_t003,914.0,5,5,729.9892,792.8139,62.82470000000001,gnsz,129.98919999999998,429.9892,592.0805,True,True,False
eval,aaaaajru,aaaaajru_s032_t004,311.0,2,1,60.6362,128.2762,67.63999999999999,gnsz,-539.3638,-239.3638,,False,False,False
eval,aaaaajru,aaaaajru_s032_t004,311.0,2,2,224.1846,287.8876,63.70300000000003,gnsz,-375.8154,-75.81540000000001,128.2762,False,True,False
eval,aaaaajru,aaaaajru_s038_t005,649.0,1,1,276.0424,329.1973,53.1549,fnsz,-323.9576,-23.957600000000014,,False,False,False
eval,aaaaajru,aaaaajru_s038_t006,908.0,1,1,441.01,480.0959,39.08589999999998,tnsz,-158.99,141.01,,False,False,False
eval,aaaaajru,aaaaajru_s038_t008,838.0,1,1,418.573,434.1069,15.533900000000015,fnsz,-181.42700000000002,118.57299999999998,,False,False,False
eval,aaaaajru,aaaaajru_s038_t010,632.0,2,1,298.0323,330.0851,32.05279999999999,fnsz,-301.9677,-1.9676999999999794,,False,False,False
eval,aaaaajru,aaaaajru_s038_t010,632.0,2,2,503.272,545.903,42.63100000000003,fnsz,-96.72800000000001,203.272,330.0851,False,True,False
eval,aaaaajru,aaaaajru_s038_t011,601.0,2,1,116.825,163.9208,47.09580000000001,fnsz,-483.175,-183.175,,False,False,False
eval,aaaaajru,aaaaajru_s038_t011,601.0,2,2,376.0446,417.618,41.57339999999999,fnsz,-223.9554,76.0446,163.9208,False,True,False
eval,aaaaaqek,aaaaaqek_s010_t003,1325.0,1,1,413.0713,724.0358,310.9645,tcsz,-186.9287,113.07130000000001,,False,False,False
eval,aaaaaqek,aaaaaqek_s010_t005,993.0,1,1,389.0067,479.2074,90.20069999999998,tcsz,-210.99329999999998,89.00670000000002,,False,False,False
eval,aaaaaqld,aaaaaqld_s002_t004,849.0,1,1,348.0101,450.1358,102.1257,fnsz,-251.98989999999998,48.01010000000002,,False,False,False
eval,aaaaaqld,aaaaaqld_s002_t006,921.0,1,1,373.9799,450.0167,76.03680000000003,fnsz,-226.0201,73.97989999999999,,False,False,False
eval,aaaaaqld,aaaaaqld_s003_t002,774.0,1,1,330.1759,405.8754,75.6995,fnsz,-269.8241,30.175900000000013,,False,False,False
eval,aaaaaqld,aaaaaqld_s003_t004,746.0,1,1,347.0045,409.0032,61.99869999999999,fnsz,-252.9955,47.00450000000001,,False,False,False
eval,aaaaaqld,aaaaaqld_s003_t005,700.0,1,1,300.9959,376.029,75.03309999999999,fnsz,-299.0041,0.995900000000006,,False,False,False
eval,aaaaaqld,aaaaaqld_s003_t006,694.0,1,1,302.815,369.9732,67.15820000000002,fnsz,-297.185,2.8149999999999977,,False,False,False
eval,aaaaaqld,aaaaaqld_s003_t009,709.0,1,1,298.0201,400.0713,102.0512,fnsz,-301.9799,-1.9798999999999864,,False,False,False
eval,aaaaaqld,aaaaaqld_s003_t010,915.0,1,1,300.9959,362.0036,61.0077,gnsz,-299.0041,0.995900000000006,,False,False,False
eval,aaaaaqld,aaaaaqld_s003_t011,609.0,1,1,219.0936,300.0301,80.9365,fnsz,-380.90639999999996,-80.90639999999999,,False,False,False
eval,aaaaaqld,aaaaaqld_s003_t012,683.0,1,1,299.9822,345.2037,45.22150000000005,fnsz,-300.0178,-0.017800000000022465,,False,False,False
eval,aaaaaqld,aaaaaqld_s003_t013,669.0,1,1,301.5472,360.0569,58.50970000000001,fnsz,-298.4528,1.5471999999999753,,False,False,False
eval,aaaaaqld,aaaaaqld_s003_t015,673.0,1,1,294.9777,361.0611,66.08339999999998,fnsz,-305.0223,-5.022299999999973,,False,False,False
eval,aaaaaqld,aaaaaqld_s003_t016,693.0,1,1,312.9877,381.5149,68.5272,fnsz,-287.0123,12.987700000000018,,False,False,False
eval,aaaaaqld,aaaaaqld_s003_t018,690.0,1,1,306.1841,374.3481,68.16399999999999,fnsz,-293.8159,6.184100000000001,,False,False,False
eval,aaaaaqmo,aaaaaqmo_s001_t000,1776.0,5,1,91.0255,110.9247,19.899200000000008,gnsz,-508.97450000000003,-208.9745,,False,False,False
eval,aaaaaqmo,aaaaaqmo_s001_t000,1776.0,5,2,345.9498,372.9732,27.02340000000004,fnsz,-254.05020000000002,45.94979999999998,110.9247,False,True,False
eval,aaaaaqmo,aaaaaqmo_s001_t000,1776.0,5,3,538.9699,579.2598,40.28989999999999,fnsz,-61.03009999999995,238.96990000000005,372.9732,False,True,False
eval,aaaaaqmo,aaaaaqmo_s001_t000,1776.0,5,4,907.0613,931.9666,24.90530000000001,fnsz,307.06129999999996,607.0613,579.2598,True,True,False
eval,aaaaaqmo,aaaaaqmo_s001_t000,1776.0,5,5,1227.981,1253.9788,25.997800000000097,fnsz,627.981,927.981,931.9666,True,True,False
eval,aaaaaqmo,aaaaaqmo_s001_t001,449.0,1,1,422.0056,438.0479,16.04230000000001,fnsz,-177.99439999999998,122.00560000000002,,False,False,False
eval,aaaaaqtq,aaaaaqtq_s003_t002,723.0,1,1,346.9777,366.7213,19.74359999999996,tcsz,-253.02229999999997,46.97770000000003,,False,False,False
eval,aaaaaqtq,aaaaaqtq_s003_t004,1107.0,1,1,344.0212,374.3779,30.35669999999999,tcsz,-255.97879999999998,44.02120000000002,,False,False,False
eval,aaaaaqtq,aaaaaqtq_s006_t004,1583.0,1,1,338.0136,352.0563,14.042700000000025,gnsz,-261.9864,38.0136,,False,False,False
eval,aaaaaqtq,aaaaaqtq_s006_t005,685.0,1,1,313.0231,330.1067,17.08359999999999,tcsz,-286.9769,13.0231,,False,False,False
eval,aaaaaqtw,aaaaaqtw_s001_t000,1476.0,3,1,323.9175,524.7324,200.8149,cpsz,-276.0825,23.917500000000018,,False,False,False
eval,aaaaaqtw,aaaaaqtw_s001_t000,1476.0,3,2,788.9688,998.9833,210.0145,cpsz,188.9688,488.9688,524.7324,True,True,False
eval,aaaaaqtw,aaaaaqtw_s001_t000,1476.0,3,3,1301.0725,1445.8216,144.7491,cpsz,701.0725,1001.0725,998.9833,True,True,False
eval,aaaaaqtw,aaaaaqtw_s002_t000,158.0,1,1,113.9911,156.9967,43.0056,cpsz,-486.0089,-186.00889999999998,,False,False,False
eval,aaaaaqtw,aaaaaqtw_s002_t001,142.0,1,1,0.0041,73.5563,73.5522,cpsz,-599.9959,-299.9959,,False,False,False
eval,aaaaaqtw,aaaaaqtw_s002_t002,601.0,1,1,466.9532,599.9353,132.9821,cpsz,-133.04680000000002,166.95319999999998,,False,False,False
eval,aaaaaqtw,aaaaaqtw_s002_t003,601.0,1,1,500.0323,600.0,99.96769999999998,cpsz,-99.96769999999998,200.03230000000002,,False,False,False
eval,aaaaaqtw,aaaaaqtw_s002_t004,850.0,1,1,337.981,488.0145,150.0335,cpsz,-262.019,37.980999999999995,,False,False,False
eval,aaaaaqtw,aaaaaqtw_s002_t005,531.0,1,1,358.9242,482.4827,123.55850000000004,cpsz,-241.07580000000002,58.924199999999985,,False,False,False
eval,aaaaaqtw,aaaaaqtw_s002_t007,601.0,1,1,50.5028,226.5284,176.0256,cpsz,-549.4972,-249.4972,,False,False,False
eval,aaaaaqtw,aaaaaqtw_s002_t010,1030.0,2,1,344.6066,481.3167,136.7101,cpsz,-255.39339999999999,44.606600000000014,,False,False,False
eval,aaaaaqtw,aaaaaqtw_s002_t010,1030.0,2,2,562.9332,695.7926,132.85939999999994,cpsz,-37.066799999999944,262.93320000000006,481.3167,False,True,False
eval,aaaaaqtw,aaaaaqtw_s002_t011,300.0,1,1,181.922,299.0,117.078,cpsz,-418.078,-118.078,,False,False,False
eval,aaaaaqtw,aaaaaqtw_s002_t012,300.0,1,1,271.8395,299.0,27.160500000000013,cpsz,-328.1605,-28.160500000000013,,False,False,False
eval,aaaaaqvx,aaaaaqvx_s002_t001,1800.0,15,1,31.5041,59.2295,27.7254,fnsz,-568.4959,-268.4959,,False,False,False
eval,aaaaaqvx,aaaaaqvx_s002_t001,1800.0,15,2,169.7828,205.623,35.84019999999998,fnsz,-430.2172,-130.2172,59.2295,False,True,False
eval,aaaaaqvx,aaaaaqvx_s002_t001,1800.0,15,3,297.8238,310.2418,12.418000000000006,fnsz,-302.1762,-2.1761999999999944,205.623,False,True,False
eval,aaaaaqvx,aaaaaqvx_s002_t001,1800.0,15,4,459.9385,475.9836,16.045100000000048,fnsz,-140.06150000000002,159.93849999999998,310.2418,False,True,False
eval,aaaaaqvx,aaaaaqvx_s002_t001,1800.0,15,5,523.7746,550.2705,26.49590000000001,fnsz,-76.22540000000004,223.77459999999996,475.9836,False,True,False
eval,aaaaaqvx,aaaaaqvx_s002_t001,1800.0,15,6,642.918,662.7746,19.85659999999996,fnsz,42.918000000000006,342.918,550.2705,True,True,False
eval,aaaaaqvx,aaaaaqvx_s002_t001,1800.0,15,7,754.8852,789.9262,35.04099999999994,fnsz,154.88520000000005,454.88520000000005,662.7746,True,True,False
eval,aaaaaqvx,aaaaaqvx_s002_t001,1800.0,15,8,913.0041,940.1148,27.11069999999995,fnsz,313.0041,613.0041,789.9262,True,True,False
eval,aaaaaqvx,aaaaaqvx_s002_t001,1800.0,15,9,1025.8648,1039.082,13.217200000000048,fnsz,425.86480000000006,725.8648000000001,940.1148,True,True,False
eval,aaaaaqvx,aaaaaqvx_s002_t001,1800.0,15,10,1066.8484,1109.4508,42.60239999999999,fnsz,466.8484000000001,766.8484000000001,1039.082,True,True,False
eval,aaaaaqvx,aaaaaqvx_s002_t001,1800.0,15,11,1210.0123,1245.0533,35.04099999999994,fnsz,610.0123000000001,910.0123000000001,1109.4508,True,True,False
eval,aaaaaqvx,aaaaaqvx_s002_t001,1800.0,15,12,1317.959,1355.0287,37.06970000000001,fnsz,717.9590000000001,1017.9590000000001,1245.0533,True,True,False
eval,aaaaaqvx,aaaaaqvx_s002_t001,1800.0,15,13,1451.5287,1490.2582,38.72949999999992,fnsz,851.5287000000001,1151.5287,1355.0287,True,True,False
eval,aaaaaqvx,aaaaaqvx_s002_t001,1800.0,15,14,1624.041,1660.0041,35.96310000000017,fnsz,1024.041,1324.041,1490.2582,True,True,False
eval,aaaaaqvx,aaaaaqvx_s002_t001,1800.0,15,15,1759.1967,1794.3607,35.16399999999999,fnsz,1159.1967,1459.1967,1660.0041,True,True,False
eval,aaaaaqvx,aaaaaqvx_s002_t002,862.0,1,1,361.0797,374.2935,13.213799999999992,fnsz,-238.9203,61.0797,,False,False,False
eval,aaaaaraf,aaaaaraf_s001_t000,1800.0,1,1,414.8785,634.4398,219.5613,gnsz,-185.12150000000003,114.87849999999997,,False,False,False
eval,aaaaardf,aaaaardf_s001_t001,1800.0,1,1,822.2992,929.9221,107.62289999999996,fnsz,222.29920000000004,522.2992,,True,False,True
eval,aaaaardf,aaaaardf_s001_t002,439.0,1,1,123.2887,176.1834,52.8947,fnsz,-476.7113,-176.7113,,False,False,False
eval,aaaaardf,aaaaardf_s003_t000,1800.0,1,1,1410.0123,1460.1148,50.10249999999997,cpsz,810.0123000000001,1110.0123,,True,False,True
eval,aaaaardf,aaaaardf_s003_t001,1699.0,1,1,540.4864,576.1005,35.61410000000001,cpsz,-59.5136,240.4864,,False,False,False
eval,aaaaardf,aaaaardf_s004_t000,966.0,1,1,541.2389,651.5892,110.35030000000006,cpsz,-58.761100000000056,241.23889999999994,,False,False,False
eval,aaaaardf,aaaaardf_s004_t001,721.0,1,1,307.0671,415.5705,108.5034,cpsz,-292.9329,7.067099999999982,,False,False,False
eval,aaaaardf,aaaaardf_s004_t002,728.0,1,1,313.0191,419.078,106.0589,cpsz,-286.9809,13.01909999999998,,False,False,False
eval,aaaaardf,aaaaardf_s004_t004,662.0,1,1,252.9809,355.3057,102.3248,cpsz,-347.0191,-47.01910000000001,,False,False,False
eval,aaaaardf,aaaaardf_s004_t005,745.0,1,1,306.9331,438.0637,131.13059999999996,cpsz,-293.0669,6.9331000000000245,,False,False,False
eval,aaaaardf,aaaaardf_s004_t006,994.0,3,1,306.2548,418.8349,112.58010000000002,cpsz,-293.7452,6.254799999999989,,False,False,False
eval,aaaaardf,aaaaardf_s004_t006,994.0,3,2,450.7484,472.8025,22.054100000000005,cpsz,-149.2516,150.7484,418.8349,False,True,False
eval,aaaaardf,aaaaardf_s004_t006,994.0,3,3,558.6975,681.0907,122.39319999999998,cpsz,-41.30250000000001,258.6975,472.8025,False,True,False
eval,aaaaardf,aaaaardf_s004_t007,673.0,1,1,304.0901,345.406,41.3159,cpsz,-295.9099,4.090100000000007,,False,False,False
eval,aaaaardf,aaaaardf_s004_t008,646.0,2,1,302.9586,342.1067,39.1481,cpsz,-297.0414,2.95859999999999,,False,False,False
eval,aaaaardf,aaaaardf_s004_t008,646.0,2,2,470.9315,493.0053,22.07379999999995,cpsz,-129.06849999999997,170.93150000000003,342.1067,False,True,False
eval,aaaaardf,aaaaardf_s004_t010,655.0,2,1,318.6051,336.4952,17.890100000000018,cpsz,-281.3949,18.605099999999993,,False,False,False
eval,aaaaardf,aaaaardf_s004_t010,655.0,2,2,413.164,429.5971,16.433100000000024,cpsz,-186.836,113.16399999999999,336.4952,False,True,False
eval,aaaaardf,aaaaardf_s004_t011,607.0,1,1,296.709,318.6321,21.923099999999977,cpsz,-303.291,-3.290999999999997,,False,False,False
eval,aaaaardf,aaaaardf_s004_t012,612.0,2,1,286.3724,296.5329,10.160499999999956,cpsz,-313.6276,-13.627599999999973,,False,False,False
eval,aaaaardf,aaaaardf_s004_t012,612.0,2,2,300.6154,319.7425,19.127099999999984,cpsz,-299.3846,0.6154000000000224,296.5329,False,True,False
eval,aaaaardf,aaaaardf_s004_t013,613.0,1,1,286.9262,295.9866,9.060400000000016,cpsz,-313.0738,-13.073800000000006,,False,False,False
eval,aaaaardf,aaaaardf_s004_t014,606.0,1,1,444.0279,457.9732,13.945300000000032,cpsz,-155.9721,144.0279,,False,False,False
eval,aaaaardf,aaaaardf_s004_t015,605.0,1,1,481.4754,501.825,20.34960000000001,cpsz,-118.52460000000002,181.47539999999998,,False,False,False
eval,aaaaardf,aaaaardf_s004_t016,996.0,2,1,299.6867,310.1126,10.425900000000013,cpsz,-300.3133,-0.31330000000002656,,False,False,False
eval,aaaaardf,aaaaardf_s004_t016,996.0,2,2,660.942,670.0959,9.15390000000002,cpsz,60.94200000000001,360.942,310.1126,True,True,False
eval,aaaaardf,aaaaardf_s005_t003,617.0,1,1,301.1242,316.136,15.01180000000005,fnsz,-298.8758,1.1241999999999734,,False,False,False
eval,aaaaardf,aaaaardf_s005_t004,617.0,1,1,301.055,316.8036,15.74860000000001,fnsz,-298.945,1.0550000000000068,,False,False,False
eval,aaaaardf,aaaaardf_s005_t011,1068.0,1,1,302.971,315.0378,12.0668,fnsz,-297.029,2.9710000000000036,,False,False,False
eval,aaaaarml,aaaaarml_s007_t001,1296.0,1,1,442.9994,484.102,41.1026,gnsz,-157.00060000000002,142.99939999999998,,False,False,False
eval,aaaaarnq,aaaaarnq_s002_t001,1800.0,2,1,449.5082,468.873,19.3648,gnsz,-150.4918,149.5082,,False,False,False
eval,aaaaarnq,aaaaarnq_s002_t001,1800.0,2,2,1265.0943,1283.8443,18.75,gnsz,665.0943,965.0943,468.873,True,False,True
eval,aaaaarnq,aaaaarnq_s002_t002,1784.0,2,1,275.8852,295.8118,19.926600000000008,gnsz,-324.1148,-24.114800000000002,,False,False,False
eval,aaaaarnq,aaaaarnq_s002_t002,1784.0,2,2,1284.9729,1306.0016,21.02870000000007,gnsz,684.9729,984.9729,295.8118,True,False,True
eval,aaaaarnq,aaaaarnq_s003_t002,601.0,1,1,536.2712,556.7846,20.513399999999933,gnsz,-63.72879999999998,236.27120000000002,,False,False,False
eval,aaaaarnq,aaaaarnq_s003_t003,601.0,1,1,147.4652,176.5363,29.0711,gnsz,-452.5348,-152.5348,,False,False,False
eval,aaaaarnq,aaaaarnq_s003_t005,601.0,3,1,11.0101,21.9495,10.9394,gnsz,-588.9899,-288.9899,,False,False,False
eval,aaaaarnq,aaaaarnq_s003_t005,601.0,3,2,81.1929,110.237,29.0441,gnsz,-518.8071,-218.8071,21.9495,False,True,False
eval,aaaaarnq,aaaaarnq_s003_t005,601.0,3,3,515.4514,543.4705,28.01909999999998,gnsz,-84.54859999999996,215.45140000000004,110.237,False,True,False
eval,aaaaarnq,aaaaarnq_s003_t006,300.0,2,1,53.3054,72.8134,19.508000000000003,gnsz,-546.6946,-246.6946,,False,False,False
eval,aaaaarnq,aaaaarnq_s003_t006,300.0,2,2,116.3043,155.4279,39.1236,gnsz,-483.6957,-183.6957,72.8134,False,True,False
eval,aaaaarnq,aaaaarnq_s003_t007,601.0,2,1,13.9482,64.1407,50.1925,gnsz,-586.0518,-286.0518,,False,False,False
eval,aaaaarnq,aaaaarnq_s003_t007,601.0,2,2,325.3641,377.4213,52.057199999999966,gnsz,-274.6359,25.364100000000008,64.1407,False,True,False
eval,aaaaarnq,aaaaarnq_s003_t008,145.0,1,1,59.019,106.5581,47.5391,gnsz,-540.981,-240.981,,False,False,False
eval,aaaaarnq,aaaaarnq_s004_t000,300.0,1,1,207.0307,258.6943,51.6636,gnsz,-392.9693,-92.9693,,False,False,False
eval,aaaaarnq,aaaaarnq_s004_t001,601.0,1,1,223.5199,276.3766,52.85669999999999,gnsz,-376.4801,-76.4801,,False,False,False
eval,aaaaarnq,aaaaarnq_s004_t002,601.0,1,1,331.088,389.5678,58.47979999999996,gnsz,-268.912,31.088000000000022,,False,False,False
eval,aaaaarnq,aaaaarnq_s004_t003,601.0,1,1,440.1116,481.921,41.80939999999998,gnsz,-159.8884,140.1116,,False,False,False
eval,aaaaarnq,aaaaarnq_s004_t004,300.0,1,1,200.1848,234.7386,34.553799999999995,gnsz,-399.8152,-99.8152,,False,False,False
eval,aaaaarnq,aaaaarnq_s004_t006,601.0,2,1,249.1043,324.7493,75.64500000000001,gnsz,-350.89570000000003,-50.895700000000005,,False,False,False
eval,aaaaarnq,aaaaarnq_s004_t006,601.0,2,2,454.3277,531.4696,77.14190000000002,gnsz,-145.6723,154.3277,324.7493,False,True,False
eval,aaaaarpu,aaaaarpu_s001_t004,1370.0,1,1,1288.9852,1332.1262,43.14099999999985,fnsz,688.9852000000001,988.9852000000001,,True,False,True
eval,aaaaarpu,aaaaarpu_s003_t001,601.0,1,1,476.1266,497.079,20.95240000000001,fnsz,-123.8734,176.1266,,False,False,False
eval,aaaaarpu,aaaaarpu_s003_t002,1800.0,3,1,483.9482,532.1317,48.18350000000004,fnsz,-116.05180000000001,183.94819999999999,,False,False,False
eval,aaaaarpu,aaaaarpu_s003_t002,1800.0,3,2,907.8595,947.7258,39.86630000000002,fnsz,307.8595,607.8595,532.1317,True,True,False
eval,aaaaarpu,aaaaarpu_s003_t002,1800.0,3,3,1363.9197,1410.7258,46.806100000000015,fnsz,763.9196999999999,1063.9197,947.7258,True,True,False
eval,aaaaarpu,aaaaarpu_s003_t005,601.0,1,1,84.5539,126.8665,42.3126,fnsz,-515.4461,-215.4461,,False,False,False
eval,aaaaarpv,aaaaarpv_s001_t003,601.0,2,1,126.9927,214.8366,87.8439,fnsz,-473.0073,-173.0073,,False,False,False
eval,aaaaarpv,aaaaarpv_s001_t003,601.0,2,2,431.0881,526.4559,95.36780000000005,fnsz,-168.9119,131.0881,214.8366,False,True,False
eval,aaaaarpv,aaaaarpv_s001_t004,998.0,2,1,43.3504,229.8422,186.4918,fnsz,-556.6496,-256.6496,,False,False,False
eval,aaaaarpv,aaaaarpv_s001_t004,998.0,2,2,384.0183,567.4917,183.47340000000003,fnsz,-215.9817,84.01830000000001,229.8422,False,True,False
eval,aaaaarpv,aaaaarpv_s001_t006,601.0,1,1,304.7193,600.0,295.2807,fnsz,-295.2807,4.719299999999976,,False,False,False
eval,aaaaarpv,aaaaarpv_s001_t007,957.0,1,1,135.1499,651.8378,516.6879,fnsz,-464.8501,-164.8501,,False,False,False
eval,aaaaarpv,aaaaarpv_s002_t000,1127.0,3,1,135.0094,411.748,276.7386,fnsz,-464.9906,-164.9906,,False,False,False
eval,aaaaarpv,aaaaarpv_s002_t000,1127.0,3,2,645.9495,796.6731,150.72360000000003,fnsz,45.949499999999944,345.94949999999994,411.748,True,True,False
eval,aaaaarpv,aaaaarpv_s002_t000,1127.0,3,3,1048.404,1126.0,77.596,fnsz,448.404,748.404,796.6731,True,True,False
eval,aaaaarpv,aaaaarpv_s002_t001,601.0,2,1,141.1515,310.5077,169.3562,fnsz,-458.8485,-158.8485,,False,False,False
eval,aaaaarpv,aaaaarpv_s002_t001,601.0,2,2,373.2205,566.7148,193.49429999999995,fnsz,-226.77949999999998,73.22050000000002,310.5077,False,True,False
eval,aaaaarpv,aaaaarpv_s002_t002,1021.0,3,1,1.0,143.2334,142.2334,fnsz,-599.0,-299.0,,False,False,False
eval,aaaaarpv,aaaaarpv_s002_t002,1021.0,3,2,332.2929,712.0909,379.79800000000006,fnsz,-267.7071,32.292899999999975,143.2334,False,True,False
eval,aaaaarpv,aaaaarpv_s002_t002,1021.0,3,3,892.101,1019.5213,127.4203,fnsz,292.101,592.101,712.0909,True,True,False
eval,aaaaarpv,aaaaarpv_s002_t003,300.0,1,1,72.1203,299.0,226.8797,fnsz,-527.8797,-227.8797,,False,False,False
eval,aaaaarpv,aaaaarpv_s002_t004,691.0,2,1,1.0,331.2626,330.2626,fnsz,-599.0,-299.0,,False,False,False
eval,aaaaarpv,aaaaarpv_s002_t004,691.0,2,2,611.7655,689.9798,78.21429999999998,fnsz,11.765499999999975,311.7655,331.2626,True,True,False
eval,aaaaarpv,aaaaarpv_s002_t005,1014.0,1,1,287.0727,750.4949,463.4222,fnsz,-312.9273,-12.927300000000002,,False,False,False
eval,aaaaarpv,aaaaarpv_s002_t006,1418.0,2,1,311.0666,427.9601,116.89350000000002,fnsz,-288.9334,11.066599999999994,,False,False,False
eval,aaaaarpv,aaaaarpv_s002_t006,1418.0,2,2,1006.9404,1132.4173,125.47690000000011,fnsz,406.94039999999995,706.9404,427.9601,True,True,False
eval,aaaaarpv,aaaaarpv_s002_t007,300.0,1,1,183.5875,259.0519,75.46439999999998,fnsz,-416.4125,-116.4125,,False,False,False
eval,aaaaarpv,aaaaarpv_s002_t008,601.0,1,1,522.9097,600.0,77.09029999999996,fnsz,-77.09029999999996,222.90970000000004,,False,False,False
eval,aaaaasfw,aaaaasfw_s005_t007,722.0,1,1,325.3445,384.0123,58.6678,tcsz,-274.6555,25.344499999999982,,False,False,False
eval,aaaaasfw,aaaaasfw_s005_t011,667.0,1,1,301.3052,365.9723,64.6671,tcsz,-298.6948,1.3052000000000135,,False,False,False
eval,aaaaasip,aaaaasip_s001_t000,1618.0,2,1,587.6053,685.4747,97.86939999999991,fnsz,-12.394699999999943,287.60530000000006,,False,False,False
eval,aaaaasip,aaaaasip_s001_t000,1618.0,2,2,802.1978,930.1311,127.93329999999992,fnsz,202.19780000000003,502.19780000000003,685.4747,True,True,False
eval,aaaaasip,aaaaasip_s002_t004,742.0,1,1,305.0781,419.619,114.54090000000002,fnsz,-294.9219,5.078100000000006,,False,False,False
eval,aaaaasip,aaaaasip_s002_t006,601.0,1,1,247.8309,374.3023,126.4714,fnsz,-352.16909999999996,-52.169099999999986,,False,False,False
eval,aaaaasip,aaaaasip_s003_t004,811.0,1,1,302.16,477.6387,175.47869999999995,fnsz,-297.84,2.160000000000025,,False,False,False
eval,aaaaasip,aaaaasip_s004_t000,1327.0,2,1,1.0,84.0582,83.0582,fnsz,-599.0,-299.0,,False,False,False
eval,aaaaasip,aaaaasip_s004_t000,1327.0,2,2,998.0717,1124.5027,126.43100000000004,fnsz,398.07169999999996,698.0717,84.0582,True,False,True
eval,aaaaasjz,aaaaasjz_s001_t000,1321.0,3,1,136.5772,171.4698,34.89259999999999,gnsz,-463.4228,-163.4228,,False,False,False
eval,aaaaasjz,aaaaasjz_s001_t000,1321.0,3,2,243.6644,275.3758,31.711400000000022,gnsz,-356.3356,-56.3356,171.4698,False,True,False
eval,aaaaasjz,aaaaasjz_s001_t000,1321.0,3,3,902.0067,930.1342,28.12749999999994,gnsz,302.0067,602.0067,275.3758,True,False,True
eval,aaaaasoc,aaaaasoc_s001_t000,1800.0,7,1,144.0041,192.3135,48.30940000000001,fnsz,-455.9959,-155.9959,,False,False,False
eval,aaaaasoc,aaaaasoc_s001_t000,1800.0,7,2,515.9775,579.3381,63.36060000000009,fnsz,-84.02250000000004,215.97749999999996,192.3135,False,True,False
eval,aaaaasoc,aaaaasoc_s001_t000,1800.0,7,3,701.9877,762.1414,60.15369999999996,fnsz,101.98770000000002,401.9877,579.3381,True,True,False
eval,aaaaasoc,aaaaasoc_s001_t000,1800.0,7,4,879.9344,936.0615,56.12710000000004,fnsz,279.9344,579.9344,762.1414,True,True,False
eval,aaaaasoc,aaaaasoc_s001_t000,1800.0,7,5,1200.1148,1260.6148,60.5,fnsz,600.1148000000001,900.1148000000001,936.0615,True,True,False
eval,aaaaasoc,aaaaasoc_s001_t000,1800.0,7,6,1395.4918,1459.2418,63.75,fnsz,795.4918,1095.4918,1260.6148,True,True,False
eval,aaaaasoc,aaaaasoc_s001_t000,1800.0,7,7,1592.4385,1656.9262,64.48770000000013,fnsz,992.4385,1292.4385,1459.2418,True,True,False
eval,aaaaasoc,aaaaasoc_s004_t000,300.0,1,1,79.7858,168.3762,88.59040000000002,fnsz,-520.2142,-220.2142,,False,False,False
eval,aaaaasoc,aaaaasoc_s004_t001,747.0,2,1,24.9578,98.2619,73.3041,fnsz,-575.0422,-275.0422,,False,False,False
eval,aaaaasoc,aaaaasoc_s004_t001,747.0,2,2,369.8171,446.4113,76.5942,fnsz,-230.18290000000002,69.81709999999998,98.2619,False,True,False
eval,aaaaaswc,aaaaaswc_s001_t001,1309.0,4,1,455.2148,714.6577,259.44289999999995,fnsz,-144.78519999999997,155.21480000000003,,False,False,False
eval,aaaaaswc,aaaaaswc_s001_t001,1309.0,4,2,720.0191,887.7898,167.77070000000003,fnsz,120.01909999999998,420.0191,714.6577,True,True,False
eval,aaaaaswc,aaaaaswc_s001_t001,1309.0,4,3,998.8631,1181.2197,182.35660000000007,fnsz,398.86310000000003,698.8631,887.7898,True,True,False
eval,aaaaaswc,aaaaaswc_s001_t001,1309.0,4,4,1188.6879,1308.0,119.3121000000001,fnsz,588.6878999999999,888.6878999999999,1181.2197,True,True,False
eval,aaaaaswc,aaaaaswc_s002_t001,285.0,3,1,1.0,93.2643,92.2643,fnsz,-599.0,-299.0,,False,False,False
eval,aaaaaswc,aaaaaswc_s002_t001,285.0,3,2,103.2771,121.6051,18.32799999999999,fnsz,-496.7229,-196.72289999999998,93.2643,False,True,False
eval,aaaaaswc,aaaaaswc_s002_t001,285.0,3,3,155.2038,251.9663,96.7625,fnsz,-444.7962,-144.7962,121.6051,False,True,False
eval,aaaaaswc,aaaaaswc_s002_t002,746.0,5,1,98.9924,224.6178,125.62539999999998,fnsz,-501.0076,-201.0076,,False,False,False
eval,aaaaaswc,aaaaaswc_s002_t002,746.0,5,2,268.0414,278.9013,10.859899999999982,fnsz,-331.9586,-31.95859999999999,224.6178,False,True,False
eval,aaaaaswc,aaaaaswc_s002_t002,746.0,5,3,298.8822,409.6146,110.73239999999998,fnsz,-301.1178,-1.1177999999999884,278.9013,False,True,False
eval,aaaaaswc,aaaaaswc_s002_t002,746.0,5,4,503.1911,622.9045,119.71339999999998,fnsz,-96.8089,203.1911,409.6146,False,True,False
eval,aaaaaswc,aaaaaswc_s002_t002,746.0,5,5,637.7516,744.8217,107.07009999999993,fnsz,37.75160000000005,337.75160000000005,622.9045,True,True,False
eval,aaaaaswc,aaaaaswc_s002_t003,745.0,3,1,1.0,57.4682,56.4682,fnsz,-599.0,-299.0,,False,False,False
eval,aaaaaswc,aaaaaswc_s002_t003,745.0,3,2,110.5628,210.3248,99.762,fnsz,-489.4372,-189.43720000000002,57.4682,False,True,False
eval,aaaaaswc,aaaaaswc_s002_t003,745.0,3,3,299.8726,444.9045,145.0319,fnsz,-300.1274,-0.12740000000002283,210.3248,False,True,False
eval,aaaaatao,aaaaatao_s002_t005,703.0,1,1,331.0115,355.9567,24.9452,fnsz,-268.9885,31.011500000000012,,False,False,False
eval,aaaaatao,aaaaatao_s003_t001,57.0,1,1,3.0355,24.7114,21.6759,fnsz,-596.9645,-296.9645,,False,False,False
eval,aaaaatba,aaaaatba_s002_t001,232.0,1,1,19.6,175.3089,155.7089,fnsz,-580.4,-280.4,,False,False,False
eval,aaaaatba,aaaaatba_s002_t002,892.0,1,1,354.1371,499.301,145.1639,fnsz,-245.86290000000002,54.137099999999975,,False,False,False
eval,aaaaatba,aaaaatba_s002_t003,647.0,1,1,340.1171,487.0892,146.9721,fnsz,-259.8829,40.11709999999999,,False,False,False
eval,aaaaatba,aaaaatba_s003_t005,790.0,1,1,425.1818,480.1515,54.96969999999999,fnsz,-174.8182,125.18180000000001,,False,False,False
eval,aaaaatba,aaaaatba_s003_t015,300.0,3,1,81.906,182.2051,100.29909999999998,fnsz,-518.094,-218.094,,False,False,False
eval,aaaaatba,aaaaatba_s003_t015,300.0,3,2,233.1026,259.1538,26.051199999999994,fnsz,-366.8974,-66.8974,182.2051,False,True,False
eval,aaaaatba,aaaaatba_s003_t015,300.0,3,3,278.0256,295.8718,17.84620000000001,fnsz,-321.9744,-21.974400000000003,259.1538,False,True,False
eval,aaaaatdt,aaaaatdt_s001_t000,114.0,1,1,41.1309,113.0,71.8691,gnsz,-558.8691,-258.8691,,False,False,False
eval,aaaaatdt,aaaaatdt_s001_t001,1166.0,1,1,1.0,1162.9329,1161.9329,gnsz,-599.0,-299.0,,False,False,False
eval,aaaaatdt,aaaaatdt_s003_t003,1069.0,4,1,301.0403,774.9329,473.8926,gnsz,-298.9597,1.040300000000002,,False,False,False
eval,aaaaatdt,aaaaatdt_s003_t003,1069.0,4,2,812.8523,862.3591,49.5068,gnsz,212.8523,512.8523,774.9329,True,True,False
eval,aaaaatdt,aaaaatdt_s003_t003,1069.0,4,3,886.9128,906.2416,19.3288,gnsz,286.91279999999995,586.9128,862.3591,True,True,False
eval,aaaaatdt,aaaaatdt_s003_t003,1069.0,4,4,1031.0403,1045.9799,14.939600000000157,gnsz,431.0402999999999,731.0402999999999,906.2416,True,True,False
eval,aaaaatdt,aaaaatdt_s003_t007,1103.0,1,1,300.9732,891.2752,590.302,gnsz,-299.0268,0.9732000000000198,,False,False,False
train,aaaaaaac,aaaaaaac_s001_t000,301.0,1,1,36.8868,237.2101,200.3233,cpsz,-563.1132,-263.1132,,False,False,False
train,aaaaaaac,aaaaaaac_s001_t001,236.0,1,1,12.0764,200.3233,188.2469,cpsz,-587.9236,-287.9236,,False,False,False
train,aaaaaaac,aaaaaaac_s002_t000,262.0,1,1,16.0173,218.0379,202.0206,cpsz,-583.9827,-283.9827,,False,False,False
train,aaaaaaag,aaaaaaag_s005_t000,753.0,1,1,57.9625,72.5225,14.559999999999995,cpsz,-542.0375,-242.0375,,False,False,False
train,aaaaaacz,aaaaaacz_s006_t000,1391.0,2,1,86.0306,109.6364,23.605799999999988,fnsz,-513.9694,-213.9694,,False,False,False
train,aaaaaacz,aaaaaacz_s006_t000,1391.0,2,2,1140.0394,1185.0722,45.03280000000018,gnsz,540.0393999999999,840.0393999999999,109.6364,True,False,True
train,aaaaaakv,aaaaaakv_s001_t000,1209.0,1,1,9.048,1206.908,1197.86,fnsz,-590.952,-290.952,,False,False,False
train,aaaaaasf,aaaaaasf_s001_t000,1289.0,17,1,42.2786,81.776,39.4974,fnsz,-557.7214,-257.7214,,False,False,False
train,aaaaaasf,aaaaaasf_s001_t000,1289.0,17,2,133.804,162.1105,28.3065,fnsz,-466.196,-166.196,81.776,False,True,False
train,aaaaaasf,aaaaaasf_s001_t000,1289.0,17,3,222.636,246.14,23.50399999999999,fnsz,-377.36400000000003,-77.364,162.1105,False,True,False
train,aaaaaasf,aaaaaasf_s001_t000,1289.0,17,4,291.424,316.456,25.03200000000004,fnsz,-308.576,-8.576000000000022,246.14,False,True,False
train,aaaaaasf,aaaaaasf_s001_t000,1289.0,17,5,451.688,479.392,27.704000000000008,fnsz,-148.312,151.688,316.456,False,True,False
train,aaaaaasf,aaaaaasf_s001_t000,1289.0,17,6,540.656,565.772,25.1160000000001,fnsz,-59.34400000000005,240.65599999999995,479.392,False,True,False
train,aaaaaasf,aaaaaasf_s001_t000,1289.0,17,7,602.38,630.508,28.128000000000043,fnsz,2.3799999999999955,302.38,565.772,True,True,False
train,aaaaaasf,aaaaaasf_s001_t000,1289.0,17,8,766.856,785.576,18.720000000000027,fnsz,166.856,466.856,630.508,True,True,False
train,aaaaaasf,aaaaaasf_s001_t000,1289.0,17,9,831.736,850.976,19.24000000000001,fnsz,231.736,531.736,785.576,True,True,False
train,aaaaaasf,aaaaaasf_s001_t000,1289.0,17,10,864.232,894.636,30.404,fnsz,264.23199999999997,564.232,850.976,True,True,False
train,aaaaaasf,aaaaaasf_s001_t000,1289.0,17,11,917.2,926.2746,9.07459999999992,fnsz,317.20000000000005,617.2,894.636,True,True,False
train,aaaaaasf,aaaaaasf_s001_t000,1289.0,17,12,943.852,961.56,17.70799999999997,fnsz,343.852,643.852,926.2746,True,True,False
train,aaaaaasf,aaaaaasf_s001_t000,1289.0,17,13,972.676,997.036,24.3599999999999,fnsz,372.67600000000004,672.676,961.56,True,True,False
train,aaaaaasf,aaaaaasf_s001_t000,1289.0,17,14,1039.012,1057.72,18.708000000000084,fnsz,439.01199999999994,739.012,997.036,True,True,False
train,aaaaaasf,aaaaaasf_s001_t000,1289.0,17,15,1078.76,1105.608,26.84799999999996,fnsz,478.76,778.76,1057.72,True,True,False
train,aaaaaasf,aaaaaasf_s001_t000,1289.0,17,16,1163.272,1186.848,23.576000000000025,fnsz,563.2719999999999,863.2719999999999,1105.608,True,True,False
train,aaaaaasf,aaaaaasf_s001_t000,1289.0,17,17,1274.236,1285.572,11.335999999999784,fnsz,674.2360000000001,974.2360000000001,1186.848,True,True,False
train,aaaaaasy,aaaaaasy_s001_t001,1363.0,1,1,121.4946,138.3357,16.841099999999997,absz,-478.5054,-178.5054,,False,False,False
train,aaaaaasy,aaaaaasy_s002_t000,1199.0,4,1,234.7796,279.012,44.23240000000001,gnsz,-365.22040000000004,-65.22040000000001,,False,False,False
train,aaaaaasy,aaaaaasy_s002_t000,1199.0,4,2,316.6263,326.876,10.249699999999962,gnsz,-283.3737,16.626300000000015,279.012,False,True,False
train,aaaaaasy,aaaaaasy_s002_t000,1199.0,4,3,350.312,381.9981,31.68610000000001,gnsz,-249.688,50.31200000000001,326.876,False,True,False
train,aaaaaasy,aaaaaasy_s002_t000,1199.0,4,4,418.192,431.7364,13.544399999999996,gnsz,-181.808,118.19200000000001,381.9981,False,True,False
train,aaaaaasy,aaaaaasy_s003_t000,165.0,1,1,6.2825,35.8875,29.605000000000004,gnsz,-593.7175,-293.7175,,False,False,False
train,aaaaaasy,aaaaaasy_s003_t001,184.0,1,1,33.1425,53.0008,19.8583,gnsz,-566.8575,-266.8575,,False,False,False
train,aaaaaasy,aaaaaasy_s003_t002,129.0,1,1,9.7925,29.1241,19.3316,gnsz,-590.2075,-290.2075,,False,False,False
train,aaaaaasy,aaaaaasy_s003_t004,339.0,2,1,10.2775,35.7775,25.500000000000004,gnsz,-589.7225,-289.7225,,False,False,False
train,aaaaaasy,aaaaaasy_s003_t004,339.0,2,2,102.2525,142.9802,40.7277,gnsz,-497.7475,-197.7475,35.7775,False,True,False
train,aaaaaasy,aaaaaasy_s003_t005,74.0,1,1,9.555,30.485,20.93,gnsz,-590.445,-290.445,,False,False,False
train,aaaaaasy,aaaaaasy_s003_t006,75.0,1,1,25.3025,44.9575,19.655000000000005,gnsz,-574.6975,-274.6975,,False,False,False
train,aaaaaasy,aaaaaasy_s003_t007,165.0,2,1,8.5325,34.9854,26.4529,gnsz,-591.4675,-291.4675,,False,False,False
train,aaaaaasy,aaaaaasy_s003_t007,165.0,2,2,87.145,111.1675,24.022500000000008,gnsz,-512.855,-212.85500000000002,34.9854,False,True,False
train,aaaaaasy,aaaaaasy_s003_t008,71.0,1,1,2.9212,32.3607,29.4395,gnsz,-597.0788,-297.0788,,False,False,False
train,aaaaaasy,aaaaaasy_s003_t010,265.0,1,1,34.8275,63.0425,28.215,gnsz,-565.1725,-265.1725,,False,False,False
train,aaaaaasy,aaaaaasy_s003_t011,63.0,1,1,9.1971,23.5505,14.3534,gnsz,-590.8029,-290.8029,,False,False,False
train,aaaaaasy,aaaaaasy_s003_t012,84.0,1,1,5.285,26.4575,21.1725,gnsz,-594.715,-294.715,,False,False,False
train,aaaaaasy,aaaaaasy_s003_t013,65.0,1,1,19.7015,28.5202,8.8187,gnsz,-580.2985,-280.2985,,False,False,False
train,aaaaaauj,aaaaaauj_s002_t001,1312.0,1,1,130.8746,192.1065,61.23190000000002,fnsz,-469.1254,-169.1254,,False,False,False
train,aaaaaauj,aaaaaauj_s003_t001,1383.0,3,1,196.0722,219.4351,23.3629,fnsz,-403.9278,-103.92779999999999,,False,False,False
train,aaaaaauj,aaaaaauj_s003_t001,1383.0,3,2,464.9245,490.3185,25.39399999999995,fnsz,-135.07549999999998,164.92450000000002,219.4351,False,True,False
train,aaaaaauj,aaaaaauj_s003_t001,1383.0,3,3,1317.0,1375.485,58.4849999999999,fnsz,717.0,1017.0,490.3185,True,False,True
train,aaaaaawc,aaaaaawc_s001_t001,1204.0,3,1,318.1371,361.2754,43.138300000000015,fnsz,-281.8629,18.137099999999975,,False,False,False
train,aaaaaawc,aaaaaawc_s001_t001,1204.0,3,2,666.476,714.971,48.495000000000005,fnsz,66.476,366.476,361.2754,True,True,False
train,aaaaaawc,aaaaaawc_s001_t001,1204.0,3,3,1136.9643,1187.1873,50.22299999999996,fnsz,536.9643000000001,836.9643000000001,714.971,True,True,False
train,aaaaaaxl,aaaaaaxl_s001_t000,514.0,1,1,169.228,203.328,34.099999999999994,cpsz,-430.772,-130.772,,False,False,False
train,aaaaaayg,aaaaaayg_s002_t001,550.0,1,1,10.0981,111.854,101.7559,tcsz,-589.9019,-289.9019,,False,False,False
train,aaaaabdv,aaaaabdv_s001_t001,1240.0,1,1,820.984,866.016,45.031999999999925,tcsz,220.98400000000004,520.984,,True,False,True
train,aaaaabfo,aaaaabfo_s003_t001,1326.0,1,1,258.092,279.44,21.348000000000013,gnsz,-341.908,-41.908000000000015,,False,False,False
train,aaaaabhz,aaaaabhz_s002_t000,1601.0,10,1,20.636,115.516,94.88,cpsz,-579.364,-279.364,,False,False,False
train,aaaaabhz,aaaaabhz_s002_t000,1601.0,10,2,181.14,277.1,95.96000000000004,cpsz,-418.86,-118.86000000000001,115.516,False,True,False
train,aaaaabhz,aaaaabhz_s002_t000,1601.0,10,3,337.1,423.828,86.72799999999995,cpsz,-262.9,37.10000000000002,277.1,False,True,False
train,aaaaabhz,aaaaabhz_s002_t000,1601.0,10,4,489.884,576.86,86.976,cpsz,-110.11599999999999,189.88400000000001,423.828,False,True,False
train,aaaaabhz,aaaaabhz_s002_t000,1601.0,10,5,643.744,733.358,89.61399999999992,cpsz,43.74400000000003,343.744,576.86,True,True,False
train,aaaaabhz,aaaaabhz_s002_t000,1601.0,10,6,801.684,876.0815,74.39750000000004,cpsz,201.68399999999997,501.68399999999997,733.358,True,True,False
train,aaaaabhz,aaaaabhz_s002_t000,1601.0,10,7,944.012,1026.2029,82.19090000000006,cpsz,344.01199999999994,644.012,876.0815,True,True,False
train,aaaaabhz,aaaaabhz_s002_t000,1601.0,10,8,1118.98,1212.088,93.10799999999996,cpsz,518.98,818.98,1026.2029,True,True,False
train,aaaaabhz,aaaaabhz_s002_t000,1601.0,10,9,1273.7128,1396.068,122.35519999999995,cpsz,673.7128,973.7128,1212.088,True,True,False
train,aaaaabhz,aaaaabhz_s002_t000,1601.0,10,10,1420.072,1521.948,101.8760000000002,cpsz,820.0719999999999,1120.072,1396.068,True,True,False
train,aaaaabhz,aaaaabhz_s003_t000,800.0,5,1,31.05,117.0375,85.9875,cpsz,-568.95,-268.95,,False,False,False
train,aaaaabhz,aaaaabhz_s003_t000,800.0,5,2,164.0275,295.58,131.55249999999998,cpsz,-435.97249999999997,-135.9725,117.0375,False,True,False
train,aaaaabhz,aaaaabhz_s003_t000,800.0,5,3,329.0825,411.1825,82.10000000000002,cpsz,-270.9175,29.082499999999982,295.58,False,True,False
train,aaaaabhz,aaaaabhz_s003_t000,800.0,5,4,474.7525,577.1825,102.43,cpsz,-125.2475,174.7525,411.1825,False,True,False
train,aaaaabhz,aaaaabhz_s003_t000,800.0,5,5,662.5575,755.045,92.48749999999995,cpsz,62.557500000000005,362.5575,577.1825,True,True,False
train,aaaaabhz,aaaaabhz_s003_t001,655.0,4,1,39.9283,157.0375,117.1092,cpsz,-560.0717,-260.0717,,False,False,False
train,aaaaabhz,aaaaabhz_s003_t001,655.0,4,2,211.57,318.185,106.615,cpsz,-388.43,-88.43,157.0375,False,True,False
train,aaaaabhz,aaaaabhz_s003_t001,655.0,4,3,362.06,468.1375,106.0775,cpsz,-237.94,62.06,318.185,False,True,False
train,aaaaabhz,aaaaabhz_s003_t001,655.0,4,4,515.1334,622.3045,107.17109999999992,cpsz,-84.86659999999995,215.13340000000005,468.1375,False,True,False
train,aaaaabhz,aaaaabhz_s003_t002,355.0,2,1,16.205,126.2978,110.0928,cpsz,-583.795,-283.795,,False,False,False
train,aaaaabhz,aaaaabhz_s003_t002,355.0,2,2,196.2911,300.1706,103.87949999999998,cpsz,-403.70889999999997,-103.7089,126.2978,False,True,False
train,aaaaabhz,aaaaabhz_s003_t003,378.0,3,1,45.2153,145.0933,99.878,cpsz,-554.7847,-254.7847,,False,False,False
train,aaaaabhz,aaaaabhz_s003_t003,378.0,3,2,179.9725,230.095,50.1225,cpsz,-420.02750000000003,-120.0275,145.0933,False,True,False
train,aaaaabhz,aaaaabhz_s003_t003,378.0,3,3,325.0366,370.11,45.07339999999999,cpsz,-274.9634,25.03660000000002,230.095,False,True,False
train,aaaaabhz,aaaaabhz_s008_t000,775.0,4,1,30.1167,86.105,55.9883,cpsz,-569.8833,-269.8833,,False,False,False
train,aaaaabhz,aaaaabhz_s008_t000,775.0,4,2,206.7436,290.1325,83.3889,cpsz,-393.2564,-93.25640000000001,86.105,False,True,False
train,aaaaabhz,aaaaabhz_s008_t000,775.0,4,3,416.104,497.0725,80.9685,cpsz,-183.89600000000002,116.10399999999998,290.1325,False,True,False
train,aaaaabhz,aaaaabhz_s008_t000,775.0,4,4,621.0395,704.99,83.95050000000003,cpsz,21.039499999999975,321.0395,497.0725,True,True,False
train,aaaaabhz,aaaaabhz_s009_t000,255.0,1,1,36.962,136.2425,99.2805,cpsz,-563.038,-263.038,,False,False,False
train,aaaaabhz,aaaaabhz_s009_t001,425.0,2,1,29.005,119.0875,90.0825,cpsz,-570.995,-270.995,,False,False,False
train,aaaaabhz,aaaaabhz_s009_t001,425.0,2,2,324.1425,411.2425,87.10000000000002,cpsz,-275.8575,24.142499999999984,119.0875,False,True,False
train,aaaaabhz,aaaaabhz_s009_t002,275.0,1,1,34.9725,123.8463,88.8738,cpsz,-565.0275,-265.02750000000003,,False,False,False
train,aaaaabhz,aaaaabhz_s009_t003,465.0,2,1,10.94,106.143,95.203,cpsz,-589.06,-289.06,,False,False,False
train,aaaaabhz,aaaaabhz_s009_t003,465.0,2,2,311.16,414.2219,103.06189999999998,cpsz,-288.84,11.160000000000025,106.143,False,True,False
train,aaaaabhz,aaaaabhz_s009_t004,175.0,1,1,17.8175,105.165,87.34750000000001,cpsz,-582.1825,-282.1825,,False,False,False
train,aaaaabhz,aaaaabhz_s009_t005,505.0,2,1,59.06,151.2975,92.2375,cpsz,-540.94,-240.94,,False,False,False
train,aaaaabhz,aaaaabhz_s009_t005,505.0,2,2,328.1226,422.9775,94.85490000000004,cpsz,-271.8774,28.122599999999977,151.2975,False,True,False
train,aaaaabhz,aaaaabhz_s009_t006,309.0,1,1,70.3264,161.9035,91.5771,cpsz,-529.6736,-229.6736,,False,False,False
train,aaaaabhz,aaaaabhz_s009_t007,174.0,1,1,24.115,120.3485,96.2335,cpsz,-575.885,-275.885,,False,False,False
train,aaaaabhz,aaaaabhz_s009_t008,495.0,2,1,54.0325,145.0285,90.996,cpsz,-545.9675,-245.9675,,False,False,False
train,aaaaabhz,aaaaabhz_s009_t008,495.0,2,2,285.0775,381.955,96.8775,cpsz,-314.9225,-14.922500000000014,145.0285,False,True,False
train,aaaaabhz,aaaaabhz_s009_t009,264.0,1,1,28.9726,128.4525,99.4799,cpsz,-571.0274,-271.0274,,False,False,False
train,aaaaabhz,aaaaabhz_s010_t000,315.0,1,1,151.0273,197.1875,46.1602,cpsz,-448.97270000000003,-148.9727,,False,False,False
train,aaaaabhz,aaaaabhz_s010_t003,240.0,1,1,69.205,148.0175,78.81250000000001,cpsz,-530.795,-230.79500000000002,,False,False,False
train,aaaaabhz,aaaaabhz_s010_t004,324.0,1,1,51.05,145.4425,94.3925,cpsz,-548.95,-248.95,,False,False,False
train,aaaaabhz,aaaaabhz_s011_t000,214.0,1,1,47.0872,149.2551,102.1679,cpsz,-552.9128,-252.9128,,False,False,False
train,aaaaabhz,aaaaabhz_s011_t001,205.0,1,1,19.06,134.1384,115.0784,cpsz,-580.94,-280.94,,False,False,False
train,aaaaabhz,aaaaabhz_s011_t002,205.0,1,1,1.0,43.01,42.01,cpsz,-599.0,-299.0,,False,False,False
train,aaaaabhz,aaaaabhz_s011_t003,205.0,1,1,28.0603,131.3694,103.30910000000002,cpsz,-571.9397,-271.9397,,False,False,False
train,aaaaabhz,aaaaabhz_s011_t004,225.0,1,1,31.0775,140.1216,109.0441,cpsz,-568.9225,-268.9225,,False,False,False
train,aaaaabhz,aaaaabhz_s011_t005,184.0,1,1,20.1375,117.2976,97.1601,cpsz,-579.8625,-279.8625,,False,False,False
train,aaaaabhz,aaaaabhz_s011_t006,175.0,1,1,25.0275,98.2383,73.21079999999999,cpsz,-574.9725,-274.9725,,False,False,False
train,aaaaabhz,aaaaabhz_s011_t007,765.0,4,1,17.12,98.439,81.31899999999999,cpsz,-582.88,-282.88,,False,False,False
train,aaaaabhz,aaaaabhz_s011_t007,765.0,4,2,253.7575,318.2062,64.44870000000003,cpsz,-346.2425,-46.24250000000001,98.439,False,True,False
train,aaaaabhz,aaaaabhz_s011_t007,765.0,4,3,434.485,484.3325,49.84749999999997,cpsz,-165.515,134.485,318.2062,False,True,False
train,aaaaabhz,aaaaabhz_s011_t007,765.0,4,4,622.12,723.485,101.365,cpsz,22.120000000000005,322.12,484.3325,True,True,False
train,aaaaabhz,aaaaabhz_s011_t008,194.0,1,1,35.1724,72.68,37.5076,cpsz,-564.8276,-264.8276,,False,False,False
train,aaaaabhz,aaaaabhz_s012_t000,340.0,1,1,73.0773,147.3315,74.25420000000001,cpsz,-526.9227,-226.92270000000002,,False,False,False
train,aaaaabhz,aaaaabhz_s012_t001,305.0,1,1,69.0718,94.0331,24.96130000000001,cpsz,-530.9282000000001,-230.9282,,False,False,False
train,aaaaabhz,aaaaabhz_s012_t003,185.0,1,1,34.015,110.0175,76.0025,fnsz,-565.985,-265.985,,False,False,False
train,aaaaabiw,aaaaabiw_s005_t000,600.0,1,1,21.0553,53.3444,32.289100000000005,tcsz,-578.9447,-278.9447,,False,False,False
train,aaaaabln,aaaaabln_s003_t006,684.0,1,1,54.02,80.4575,26.437499999999996,fnsz|gnsz,-545.98,-245.98,,False,False,False
train,aaaaabms,aaaaabms_s002_t002,133.0,1,1,12.696,56.384,43.688,gnsz,-587.304,-287.304,,False,False,False
train,aaaaabms,aaaaabms_s002_t003,143.0,1,1,7.588,50.276,42.688,gnsz,-592.412,-292.412,,False,False,False
train,aaaaabnn,aaaaabnn_s002_t001,354.0,1,1,42.5455,149.697,107.1515,cpsz,-557.4545,-257.4545,,False,False,False
train,aaaaabnn,aaaaabnn_s002_t002,277.0,1,1,83.0606,204.2727,121.2121,cpsz,-516.9394,-216.9394,,False,False,False
train,aaaaabnn,aaaaabnn_s002_t004,304.0,1,1,44.1818,181.2727,137.09089999999998,cpsz,-555.8182,-255.8182,,False,False,False
train,aaaaabqv,aaaaabqv_s001_t000,1437.0,3,1,179.884,187.016,7.132000000000005,absz,-420.116,-120.11600000000001,,False,False,False
train,aaaaabqv,aaaaabqv_s001_t000,1437.0,3,2,242.668,249.928,7.259999999999991,absz,-357.332,-57.331999999999994,187.016,False,True,False
train,aaaaabqv,aaaaabqv_s001_t000,1437.0,3,3,286.016,293.584,7.567999999999984,absz,-313.984,-13.98399999999998,249.928,False,True,False
train,aaaaabqv,aaaaabqv_s002_t001,1373.0,11,1,26.868,31.84,4.972000000000001,absz,-573.132,-273.132,,False,False,False
train,aaaaabqv,aaaaabqv_s002_t001,1373.0,11,2,182.972,189.192,6.219999999999999,absz,-417.028,-117.02799999999999,31.84,False,True,False
train,aaaaabqv,aaaaabqv_s002_t001,1373.0,11,3,294.444,301.624,7.180000000000007,absz,-305.556,-5.555999999999983,189.192,False,True,False
train,aaaaabqv,aaaaabqv_s002_t001,1373.0,11,4,346.352,353.968,7.616000000000042,absz,-253.64800000000002,46.351999999999975,301.624,False,True,False
train,aaaaabqv,aaaaabqv_s002_t001,1373.0,11,5,399.276,404.824,5.548000000000002,absz,-200.724,99.27600000000001,353.968,False,True,False
train,aaaaabqv,aaaaabqv_s002_t001,1373.0,11,6,617.388,622.992,5.603999999999928,absz,17.388000000000034,317.38800000000003,404.824,True,True,False
train,aaaaabqv,aaaaabqv_s002_t001,1373.0,11,7,807.256,812.7,5.444000000000074,absz,207.25599999999997,507.256,622.992,True,True,False
train,aaaaabqv,aaaaabqv_s002_t001,1373.0,11,8,1036.976,1042.608,5.6319999999998345,absz,436.9760000000001,736.9760000000001,812.7,True,True,False
train,aaaaabqv,aaaaabqv_s002_t001,1373.0,11,9,1067.208,1071.876,4.667999999999893,absz,467.2080000000001,767.2080000000001,1042.608,True,True,False
train,aaaaabqv,aaaaabqv_s002_t001,1373.0,11,10,1118.124,1123.552,5.427999999999884,absz,518.124,818.124,1071.876,True,True,False
train,aaaaabqv,aaaaabqv_s002_t001,1373.0,11,11,1237.208,1240.308,3.099999999999909,absz,637.2080000000001,937.2080000000001,1123.552,True,True,False
train,aaaaabyy,aaaaabyy_s001_t001,1288.0,1,1,872.984,1092.968,219.98400000000004,fnsz,272.98400000000004,572.984,,True,False,True
train,aaaaacaf,aaaaacaf_s001_t000,1207.0,4,1,12.01,262.6371,250.6271,gnsz,-587.99,-287.99,,False,False,False
train,aaaaacaf,aaaaacaf_s001_t000,1207.0,4,2,281.0022,414.0044,133.00219999999996,gnsz,-318.9978,-18.997799999999984,262.6371,False,True,False
train,aaaaacaf,aaaaacaf_s001_t000,1207.0,4,3,499.4129,566.1387,66.72579999999999,gnsz,-100.58710000000002,199.41289999999998,414.0044,False,True,False
train,aaaaacaf,aaaaacaf_s001_t000,1207.0,4,4,731.0799,1202.0,470.9201000000001,gnsz,131.07989999999995,431.07989999999995,566.1387,True,True,False
train,aaaaaccj,aaaaaccj_s001_t000,1206.0,3,1,315.34,319.024,3.684000000000026,absz,-284.66,15.339999999999975,,False,False,False
train,aaaaaccj,aaaaaccj_s001_t000,1206.0,3,2,327.668,330.032,2.363999999999976,absz,-272.332,27.668000000000006,319.024,False,True,False
train,aaaaaccj,aaaaaccj_s001_t000,1206.0,3,3,642.016,645.396,3.3799999999999955,absz,42.01599999999996,342.01599999999996,330.032,True,True,False
train,aaaaaccj,aaaaaccj_s002_t001,1217.0,5,1,234.932,242.932,8.0,absz,-365.068,-65.06800000000001,,False,False,False
train,aaaaaccj,aaaaaccj_s002_t001,1217.0,5,2,249.932,254.932,5.0,absz,-350.068,-50.06800000000001,242.932,False,True,False
train,aaaaaccj,aaaaaccj_s002_t001,1217.0,5,3,310.344,317.576,7.232000000000028,absz,-289.656,10.343999999999994,254.932,False,True,False
train,aaaaaccj,aaaaaccj_s002_t001,1217.0,5,4,886.712,893.004,6.29200000000003,absz,286.712,586.712,317.576,True,True,False
train,aaaaaccj,aaaaaccj_s002_t001,1217.0,5,5,1115.472,1126.972,11.5,absz,515.472,815.472,893.004,True,True,False
train,aaaaaccj,aaaaaccj_s003_t001,1418.0,3,1,422.04,430.3,8.259999999999991,absz,-177.95999999999998,122.04000000000002,,False,False,False
train,aaaaaccj,aaaaaccj_s003_t001,1418.0,3,2,529.312,538.912,9.600000000000025,absz,-70.68799999999999,229.312,430.3,False,True,False
train,aaaaaccj,aaaaaccj_s003_t001,1418.0,3,3,604.384,619.236,14.851999999999975,absz,4.3840000000000146,304.384,538.912,True,True,False
train,aaaaacpl,aaaaacpl_s004_t004,555.0,3,1,39.5975,82.045,42.447500000000005,fnsz,-560.4025,-260.40250000000003,,False,False,False
train,aaaaacpl,aaaaacpl_s004_t004,555.0,3,2,303.95,339.4325,35.482500000000016,fnsz,-296.05,3.9499999999999886,82.045,False,True,False
train,aaaaacpl,aaaaacpl_s004_t004,555.0,3,3,453.01,491.9675,38.95749999999998,fnsz,-146.99,153.01,339.4325,False,True,False
train,aaaaacrb,aaaaacrb_s001_t001,1241.0,2,1,97.3975,110.6762,13.2787,absz,-502.6025,-202.60250000000002,,False,False,False
train,aaaaacrb,aaaaacrb_s001_t001,1241.0,2,2,786.548,806.372,19.823999999999955,absz,186.548,486.548,110.6762,True,False,True
train,aaaaacsx,aaaaacsx_s001_t000,1346.0,1,1,1142.072,1172.0666,29.99460000000022,fnsz,542.0719999999999,842.0719999999999,,True,False,True
train,aaaaacyf,aaaaacyf_s009_t001,846.0,1,1,371.0,410.0,39.0,cpsz,-229.0,71.0,,False,False,False
train,aaaaacyf,aaaaacyf_s011_t001,928.0,1,1,412.9866,442.9532,29.96659999999997,cpsz,-187.0134,112.98660000000001,,False,False,False
train,aaaaadao,aaaaadao_s003_t001,185.0,1,1,60.0,81.0312,21.0312,fnsz,-540.0,-240.0,,False,False,False
train,aaaaadno,aaaaadno_s005_t004,1061.0,1,1,168.2892,315.5241,147.23489999999998,gnsz,-431.7108,-131.7108,,False,False,False
train,aaaaadqb,aaaaadqb_s002_t000,670.0,1,1,412.0145,481.9,69.88549999999998,fnsz,-187.9855,112.0145,,False,False,False
train,aaaaadqe,aaaaadqe_s001_t001,543.0,4,1,12.512,22.228,9.716,absz,-587.488,-287.488,,False,False,False
train,aaaaadqe,aaaaadqe_s001_t001,543.0,4,2,111.2969,123.976,12.679100000000004,absz,-488.7031,-188.7031,22.228,False,True,False
train,aaaaadqe,aaaaadqe_s001_t001,543.0,4,3,205.524,228.488,22.964,absz,-394.476,-94.476,123.976,False,True,False
train,aaaaadqe,aaaaadqe_s001_t001,543.0,4,4,489.62,505.1053,15.485299999999995,absz,-110.38,189.62,228.488,False,True,False
train,aaaaadqe,aaaaadqe_s001_t002,482.0,3,1,6.1,19.376,13.276000000000002,absz,-593.9,-293.9,,False,False,False
train,aaaaadqe,aaaaadqe_s001_t002,482.0,3,2,157.7869,173.128,15.341099999999985,absz,-442.2131,-142.2131,19.376,False,True,False
train,aaaaadqe,aaaaadqe_s001_t002,482.0,3,3,406.032,415.732,9.700000000000044,absz,-193.96800000000002,106.03199999999998,173.128,False,True,False
train,aaaaadqe,aaaaadqe_s001_t003,256.0,2,1,8.916,15.8102,6.8942,absz,-591.084,-291.084,,False,False,False
train,aaaaadqe,aaaaadqe_s001_t003,256.0,2,2,205.524,211.9563,6.432299999999998,absz,-394.476,-94.476,15.8102,False,True,False
train,aaaaadqe,aaaaadqe_s001_t004,940.0,1,1,281.528,289.004,7.475999999999999,absz,-318.472,-18.47199999999998,,False,False,False
train,aaaaadyf,aaaaadyf_s001_t000,670.0,6,1,314.992,328.992,14.0,absz,-285.008,14.992000000000019,,False,False,False
train,aaaaadyf,aaaaadyf_s001_t000,670.0,6,2,351.032,366.516,15.484000000000036,absz,-248.96800000000002,51.03199999999998,328.992,False,True,False
train,aaaaadyf,aaaaadyf_s001_t000,670.0,6,3,387.704,402.004,14.300000000000011,absz,-212.296,87.70400000000001,366.516,False,True,False
train,aaaaadyf,aaaaadyf_s001_t000,670.0,6,4,470.476,484.488,14.012,absz,-129.524,170.476,402.004,False,True,False
train,aaaaadyf,aaaaadyf_s001_t000,670.0,6,5,546.032,559.056,13.024,absz,-53.96799999999996,246.03200000000004,484.488,False,True,False
train,aaaaadyf,aaaaadyf_s001_t000,670.0,6,6,579.056,589.976,10.91999999999996,absz,-20.94399999999996,279.05600000000004,559.056,False,True,False
train,aaaaaead,aaaaaead_s001_t001,271.0,1,1,1.0,21.0606,20.0606,fnsz,-599.0,-299.0,,False,False,False
train,aaaaaece,aaaaaece_s001_t000,1206.0,2,1,328.0055,483.3108,155.3053,gnsz,-271.9945,28.005499999999984,,False,False,False
train,aaaaaece,aaaaaece_s001_t000,1206.0,2,2,635.2431,679.3607,44.117599999999925,gnsz,35.24310000000003,335.2431,483.3108,True,True,False
train,aaaaaedy,aaaaaedy_s001_t001,198.0,2,1,5.15,37.2086,32.0586,cpsz,-594.85,-294.85,,False,False,False
train,aaaaaedy,aaaaaedy_s001_t001,198.0,2,2,84.9275,148.8275,63.89999999999999,cpsz,-515.0725,-215.0725,37.2086,False,True,False
train,aaaaaedy,aaaaaedy_s001_t002,245.0,3,1,10.0725,58.7725,48.7,cpsz,-589.9275,-289.9275,,False,False,False
train,aaaaaedy,aaaaaedy_s001_t002,245.0,3,2,98.75,140.25,41.5,cpsz,-501.25,-201.25,58.7725,False,True,False
train,aaaaaedy,aaaaaedy_s001_t002,245.0,3,3,177.9175,217.9175,40.0,cpsz,-422.0825,-122.08250000000001,140.25,False,True,False
train,aaaaaedy,aaaaaedy_s001_t003,165.0,3,1,1.0,17.35,16.35,cpsz,-599.0,-299.0,,False,False,False
train,aaaaaedy,aaaaaedy_s001_t003,165.0,3,2,52.3775,111.2374,58.8599,cpsz,-547.6225,-247.6225,17.35,False,True,False
train,aaaaaedy,aaaaaedy_s001_t003,165.0,3,3,149.715,163.715,14.0,cpsz,-450.28499999999997,-150.285,111.2374,False,True,False
train,aaaaaedy,aaaaaedy_s001_t004,195.0,1,1,1.0,36.81,35.81,cpsz,-599.0,-299.0,,False,False,False
train,aaaaaedy,aaaaaedy_s001_t006,215.0,1,1,135.3275,194.5275,59.20000000000002,cpsz,-464.6725,-164.6725,,False,False,False
train,aaaaaedy,aaaaaedy_s001_t007,264.0,1,1,64.81,161.81,97.0,cpsz,-535.19,-235.19,,False,False,False
train,aaaaaedy,aaaaaedy_s002_t001,1462.0,18,1,30.888,102.888,72.0,fnsz,-569.112,-269.112,,False,False,False
train,aaaaaedy,aaaaaedy_s002_t001,1462.0,18,2,140.124,175.124,35.0,fnsz,-459.876,-159.876,102.888,False,True,False
train,aaaaaedy,aaaaaedy_s002_t001,1462.0,18,3,232.268,254.668,22.40000000000001,fnsz,-367.73199999999997,-67.732,175.124,False,True,False
train,aaaaaedy,aaaaaedy_s002_t001,1462.0,18,4,301.368,330.168,28.80000000000001,fnsz,-298.632,1.367999999999995,254.668,False,True,False
train,aaaaaedy,aaaaaedy_s002_t001,1462.0,18,5,421.144,469.244,48.10000000000002,fnsz,-178.856,121.144,330.168,False,True,False
train,aaaaaedy,aaaaaedy_s002_t001,1462.0,18,6,527.564,568.916,41.35200000000009,fnsz,-72.43600000000004,227.56399999999996,469.244,False,True,False
train,aaaaaedy,aaaaaedy_s002_t001,1462.0,18,7,620.948,649.348,28.399999999999977,fnsz,20.94799999999998,320.948,568.916,True,True,False
train,aaaaaedy,aaaaaedy_s002_t001,1462.0,18,8,660.844,688.544,27.69999999999993,fnsz,60.84400000000005,360.84400000000005,649.348,True,True,False
train,aaaaaedy,aaaaaedy_s002_t001,1462.0,18,9,712.384,734.476,22.091999999999985,fnsz,112.38400000000001,412.384,688.544,True,True,False
train,aaaaaedy,aaaaaedy_s002_t001,1462.0,18,10,760.704,802.404,41.700000000000045,fnsz,160.70399999999995,460.70399999999995,734.476,True,True,False
train,aaaaaedy,aaaaaedy_s002_t001,1462.0,18,11,844.528,877.3977,32.869699999999966,fnsz,244.52800000000002,544.528,802.404,True,True,False
train,aaaaaedy,aaaaaedy_s002_t001,1462.0,18,12,973.448,989.544,16.096000000000004,fnsz,373.448,673.448,877.3977,True,True,False
train,aaaaaedy,aaaaaedy_s002_t001,1462.0,18,13,1058.564,1070.064,11.5,fnsz,458.5640000000001,758.5640000000001,989.544,True,True,False
train,aaaaaedy,aaaaaedy_s002_t001,1462.0,18,14,1100.32,1130.4101,30.09010000000012,fnsz,500.31999999999994,800.3199999999999,1070.064,True,True,False
train,aaaaaedy,aaaaaedy_s002_t001,1462.0,18,15,1172.34,1205.44,33.100000000000136,fnsz,572.3399999999999,872.3399999999999,1130.4101,True,True,False
train,aaaaaedy,aaaaaedy_s002_t001,1462.0,18,16,1270.62,1301.1465,30.52650000000017,fnsz,670.6199999999999,970.6199999999999,1205.44,True,True,False
train,aaaaaedy,aaaaaedy_s002_t001,1462.0,18,17,1359.604,1392.204,32.59999999999991,fnsz,759.604,1059.604,1301.1465,True,True,False
train,aaaaaedy,aaaaaedy_s002_t001,1462.0,18,18,1451.54,1460.984,9.44399999999996,fnsz,851.54,1151.54,1392.204,True,True,False
train,aaaaaegi,aaaaaegi_s003_t000,1428.0,5,1,83.944,176.108,92.164,fnsz,-516.056,-216.05599999999998,,False,False,False
train,aaaaaegi,aaaaaegi_s003_t000,1428.0,5,2,254.164,313.86,59.696000000000026,gnsz,-345.836,-45.83600000000001,176.108,False,True,False
train,aaaaaegi,aaaaaegi_s003_t000,1428.0,5,3,982.576,1057.132,74.55600000000004,gnsz,382.576,682.576,313.86,True,False,True
train,aaaaaegi,aaaaaegi_s003_t000,1428.0,5,4,1084.0166,1104.2376,20.221000000000004,fnsz,484.0165999999999,784.0165999999999,1057.132,True,True,False
train,aaaaaegi,aaaaaegi_s003_t000,1428.0,5,5,1140.079,1271.232,131.15300000000002,fnsz,540.079,840.079,1104.2376,True,True,False
train,aaaaaelb,aaaaaelb_s003_t000,799.0,4,1,162.109,190.4233,28.314300000000003,fnsz,-437.89099999999996,-137.891,,False,False,False
train,aaaaaelb,aaaaaelb_s003_t000,799.0,4,2,298.7309,328.1576,29.426699999999983,fnsz,-301.2691,-1.2690999999999804,190.4233,False,True,False
train,aaaaaelb,aaaaaelb_s003_t000,799.0,4,3,455.0016,491.5223,36.52069999999998,fnsz,-144.9984,155.0016,328.1576,False,True,False
train,aaaaaelb,aaaaaelb_s003_t000,799.0,4,4,565.7834,580.9029,15.119500000000016,fnsz,-34.21659999999997,265.78340000000003,491.5223,False,True,False
train,aaaaaelb,aaaaaelb_s003_t001,436.0,3,1,48.824,78.608,29.78400000000001,fnsz,-551.176,-251.176,,False,False,False
train,aaaaaelb,aaaaaelb_s003_t001,436.0,3,2,198.2694,217.0282,18.758800000000008,fnsz,-401.7306,-101.73060000000001,78.608,False,True,False
train,aaaaaelb,aaaaaelb_s003_t001,436.0,3,3,341.1258,373.1322,32.006399999999985,fnsz,-258.8742,41.12580000000003,217.0282,False,True,False
train,aaaaaelb,aaaaaelb_s004_t000,391.0,3,1,86.9922,115.206,28.21380000000001,fnsz,-513.0078,-213.0078,,False,False,False
train,aaaaaelb,aaaaaelb_s004_t000,391.0,3,2,189.9711,209.1094,19.138299999999987,fnsz,-410.0289,-110.0289,115.206,False,True,False
train,aaaaaelb,aaaaaelb_s004_t000,391.0,3,3,338.9489,358.0039,19.055000000000007,fnsz,-261.0511,38.94889999999998,209.1094,False,True,False
train,aaaaaelb,aaaaaelb_s004_t001,603.0,7,1,20.9375,47.2656,26.3281,fnsz,-579.0625,-279.0625,,False,False,False
train,aaaaaelb,aaaaaelb_s004_t001,603.0,7,2,109.0273,136.7891,27.761799999999997,fnsz,-490.97270000000003,-190.9727,47.2656,False,True,False
train,aaaaaelb,aaaaaelb_s004_t001,603.0,7,3,184.0117,211.9063,27.8946,fnsz,-415.9883,-115.98830000000001,136.7891,False,True,False
train,aaaaaelb,aaaaaelb_s004_t001,603.0,7,4,290.0117,322.6758,32.66409999999996,fnsz,-309.9883,-9.988299999999981,211.9063,False,True,False
train,aaaaaelb,aaaaaelb_s004_t001,603.0,7,5,388.0117,414.1797,26.168000000000006,fnsz,-211.98829999999998,88.01170000000002,322.6758,False,True,False
train,aaaaaelb,aaaaaelb_s004_t001,603.0,7,6,432.0117,446.0625,14.05079999999998,fnsz,-167.98829999999998,132.01170000000002,414.1797,False,True,False
train,aaaaaelb,aaaaaelb_s004_t001,603.0,7,7,547.0117,560.0117,13.0,fnsz,-52.98829999999998,247.01170000000002,446.0625,False,True,False
train,aaaaaelb,aaaaaelb_s004_t002,601.0,4,1,76.6523,101.0664,24.414100000000005,fnsz,-523.3477,-223.3477,,False,False,False
train,aaaaaelb,aaaaaelb_s004_t002,601.0,4,2,214.9805,242.9648,27.98429999999999,fnsz,-385.0195,-85.0195,101.0664,False,True,False
train,aaaaaelb,aaaaaelb_s004_t002,601.0,4,3,369.0273,385.418,16.39069999999998,fnsz,-230.97269999999997,69.02730000000003,242.9648,False,True,False
train,aaaaaelb,aaaaaelb_s004_t002,601.0,4,4,531.9961,547.2344,15.238300000000097,fnsz,-68.00390000000004,231.99609999999996,385.418,False,True,False
train,aaaaaelb,aaaaaelb_s004_t003,892.0,3,1,131.0391,161.9805,30.941400000000016,fnsz,-468.96090000000004,-168.9609,,False,False,False
train,aaaaaelb,aaaaaelb_s004_t003,892.0,3,2,274.9805,310.0078,35.02729999999997,fnsz,-325.0195,-25.019499999999994,161.9805,False,True,False
train,aaaaaelb,aaaaaelb_s004_t003,892.0,3,3,747.9883,773.0039,25.015600000000063,fnsz,147.98829999999998,447.9883,310.0078,True,True,False
train,aaaaaelb,aaaaaelb_s004_t004,601.0,1,1,242.9688,277.1257,34.15690000000001,fnsz,-357.0312,-57.03120000000001,,False,False,False
train,aaaaaelb,aaaaaelb_s004_t005,601.0,2,1,246.0156,273.9922,27.97660000000002,fnsz,-353.9844,-53.984399999999994,,False,False,False
train,aaaaaelb,aaaaaelb_s004_t005,601.0,2,2,424.9883,441.0586,16.07030000000003,fnsz,-175.01170000000002,124.98829999999998,273.9922,False,True,False
train,aaaaaenl,aaaaaenl_s001_t001,1471.0,1,1,112.012,128.46,16.448000000000008,absz,-487.988,-187.988,,False,False,False
train,aaaaaetk,aaaaaetk_s001_t001,310.0,1,1,231.3641,308.992,77.62790000000001,fnsz,-368.6359,-68.63589999999999,,False,False,False
train,aaaaaetk,aaaaaetk_s001_t002,1234.0,3,1,1.0,54.048,53.048,fnsz,-599.0,-299.0,,False,False,False
train,aaaaaetk,aaaaaetk_s001_t002,1234.0,3,2,744.8675,865.8439,120.9764,fnsz,144.86749999999995,444.86749999999995,54.048,True,False,True
train,aaaaaetk,aaaaaetk_s001_t002,1234.0,3,3,1133.9697,1215.9751,82.00540000000001,fnsz,533.9697000000001,833.9697000000001,865.8439,True,True,False
train,aaaaaetm,aaaaaetm_s002_t001,360.0,1,1,3.0675,47.2393,44.1718,gnsz,-596.9325,-296.9325,,False,False,False
train,aaaaaexr,aaaaaexr_s002_t001,401.0,1,1,74.9057,134.1454,59.2397,fnsz,-525.0943,-225.0943,,False,False,False
train,aaaaafav,aaaaafav_s001_t000,844.0,1,1,35.812,843.0,807.188,fnsz,-564.188,-264.188,,False,False,False
train,aaaaafav,aaaaafav_s001_t002,209.0,2,1,1.0,155.688,154.688,fnsz,-599.0,-299.0,,False,False,False
train,aaaaafav,aaaaafav_s001_t002,209.0,2,2,165.0303,208.0,42.96969999999999,fnsz,-434.9697,-134.9697,155.688,False,True,False
train,aaaaafav,aaaaafav_s001_t003,886.0,1,1,1.0,285.76,284.76,fnsz,-599.0,-299.0,,False,False,False
train,aaaaafgk,aaaaafgk_s002_t001,1210.0,1,1,274.1265,315.5139,41.38739999999996,gnsz,-325.8735,-25.87349999999998,,False,False,False
train,aaaaafjw,aaaaafjw_s001_t001,111.0,1,1,7.6812,108.5953,100.9141,fnsz,-592.3188,-292.3188,,False,False,False
train,aaaaafjw,aaaaafjw_s001_t002,151.0,1,1,1.0,69.4983,68.4983,fnsz,-599.0,-299.0,,False,False,False
train,aaaaafjw,aaaaafjw_s001_t005,201.0,1,1,9.3311,95.9699,86.6388,fnsz,-590.6689,-290.6689,,False,False,False
train,aaaaafjw,aaaaafjw_s001_t006,151.0,1,1,1.0,62.1906,61.1906,fnsz,-599.0,-299.0,,False,False,False
train,aaaaafjw,aaaaafjw_s001_t007,201.0,1,1,11.0033,92.5418,81.5385,fnsz,-588.9967,-288.9967,,False,False,False
train,aaaaafjw,aaaaafjw_s001_t008,150.0,1,1,1.0,71.7559,70.7559,fnsz,-599.0,-299.0,,False,False,False
train,aaaaafjw,aaaaafjw_s002_t000,481.0,3,1,25.981,109.2475,83.26650000000001,fnsz,-574.019,-274.019,,False,False,False
train,aaaaafjw,aaaaafjw_s002_t000,481.0,3,2,205.8919,297.0401,91.1482,fnsz,-394.10810000000004,-94.10810000000001,109.2475,False,True,False
train,aaaaafjw,aaaaafjw_s002_t000,481.0,3,3,446.8584,480.0,33.14159999999998,fnsz,-153.14159999999998,146.85840000000002,297.0401,False,True,False
train,aaaaafjw,aaaaafjw_s002_t001,151.0,1,1,1.0,40.2341,39.2341,fnsz,-599.0,-299.0,,False,False,False
train,aaaaafjw,aaaaafjw_s002_t002,251.0,2,1,1.0,62.0624,61.0624,fnsz,-599.0,-299.0,,False,False,False
train,aaaaafjw,aaaaafjw_s002_t002,251.0,2,2,174.9454,250.0,75.0546,fnsz,-425.0546,-125.0546,62.0624,False,True,False
train,aaaaafjw,aaaaafjw_s002_t003,301.0,2,1,33.2929,109.4646,76.1717,fnsz,-566.7071,-266.70709999999997,,False,False,False
train,aaaaafjw,aaaaafjw_s002_t003,301.0,2,2,255.2424,299.7273,44.48490000000001,fnsz,-344.7576,-44.7576,109.4646,False,True,False
train,aaaaafjw,aaaaafjw_s002_t004,201.0,1,1,1.0,28.0,27.0,fnsz,-599.0,-299.0,,False,False,False
train,aaaaafjw,aaaaafjw_s002_t005,76.0,1,1,1.0,42.0,41.0,fnsz,-599.0,-299.0,,False,False,False
train,aaaaafjw,aaaaafjw_s002_t006,176.0,2,1,1.0,26.0606,25.0606,fnsz,-599.0,-299.0,,False,False,False
train,aaaaafjw,aaaaafjw_s002_t006,176.0,2,2,110.0606,174.7879,64.72730000000001,fnsz,-489.9394,-189.9394,26.0606,False,True,False
train,aaaaafjw,aaaaafjw_s002_t007,101.0,1,1,47.1212,99.9697,52.8485,fnsz,-552.8788,-252.8788,,False,False,False
train,aaaaafjw,aaaaafjw_s002_t008,101.0,1,1,1.0,14.1818,13.1818,fnsz,-599.0,-299.0,,False,False,False
train,aaaaafjw,aaaaafjw_s002_t009,151.0,1,1,10.0606,89.2121,79.1515,fnsz,-589.9394,-289.9394,,False,False,False
train,aaaaafjw,aaaaafjw_s002_t010,35.0,1,1,1.0,16.6061,15.6061,fnsz,-599.0,-299.0,,False,False,False
train,aaaaaflc,aaaaaflc_s001_t001,1260.0,7,1,351.9844,407.0658,55.08140000000003,gnsz,-248.0156,51.984399999999994,,False,False,False
train,aaaaaflc,aaaaaflc_s001_t001,1260.0,7,2,603.9398,633.5942,29.65440000000001,gnsz,3.939799999999991,303.9398,407.0658,True,True,False
train,aaaaaflc,aaaaaflc_s001_t001,1260.0,7,3,642.6455,662.9855,20.340000000000032,gnsz,42.64549999999997,342.64549999999997,633.5942,True,True,False
train,aaaaaflc,aaaaaflc_s001_t001,1260.0,7,4,802.3211,818.1405,15.819399999999971,gnsz,202.3211,502.3211,662.9855,True,True,False
train,aaaaaflc,aaaaaflc_s001_t001,1260.0,7,5,872.5295,884.369,11.839500000000044,gnsz,272.5295,572.5295,818.1405,True,True,False
train,aaaaaflc,aaaaaflc_s001_t001,1260.0,7,6,893.9365,932.1862,38.24969999999996,gnsz,293.9365,593.9365,884.369,True,True,False
train,aaaaaflc,aaaaaflc_s001_t001,1260.0,7,7,1089.5518,1120.0145,30.46270000000004,gnsz,489.55179999999996,789.5518,932.1862,True,True,False
train,aaaaafoq,aaaaafoq_s001_t000,1205.0,1,1,476.384,523.016,46.63199999999995,fnsz,-123.61599999999999,176.38400000000001,,False,False,False
train,aaaaaftk,aaaaaftk_s002_t001,1158.0,2,1,67.004,113.9036,46.89959999999999,fnsz,-532.996,-232.99599999999998,,False,False,False
train,aaaaaftk,aaaaaftk_s002_t001,1158.0,2,2,1136.0,1156.992,20.99199999999996,fnsz,536.0,836.0,113.9036,True,False,True
train,aaaaafwz,aaaaafwz_s001_t000,833.0,4,1,78.86,198.088,119.228,cpsz,-521.14,-221.14,,False,False,False
train,aaaaafwz,aaaaafwz_s001_t000,833.0,4,2,290.628,350.828,60.19999999999999,cpsz,-309.372,-9.372000000000014,198.088,False,True,False
train,aaaaafwz,aaaaafwz_s001_t000,833.0,4,3,461.388,699.788,238.40000000000003,cpsz,-138.61200000000002,161.38799999999998,350.828,False,True,False
train,aaaaafwz,aaaaafwz_s001_t000,833.0,4,4,769.204,832.0,62.79600000000005,cpsz,169.20399999999995,469.20399999999995,699.788,True,True,False
train,aaaaafwz,aaaaafwz_s001_t001,555.0,4,1,1.0,27.4972,26.4972,cpsz,-599.0,-299.0,,False,False,False
train,aaaaafwz,aaaaafwz_s001_t001,555.0,4,2,32.624,173.616,140.99200000000002,cpsz,-567.376,-267.376,27.4972,False,True,False
train,aaaaafwz,aaaaafwz_s001_t001,555.0,4,3,275.196,337.38,62.18399999999997,cpsz,-324.804,-24.803999999999974,173.616,False,True,False
train,aaaaafwz,aaaaafwz_s001_t001,555.0,4,4,415.696,553.0075,137.31150000000002,cpsz,-184.30399999999997,115.69600000000003,337.38,False,True,False
train,aaaaafzt,aaaaafzt_s003_t000,1338.0,2,1,749.0451,808.1053,59.06020000000001,fnsz,149.04510000000005,449.04510000000005,,True,False,True
train,aaaaafzt,aaaaafzt_s003_t000,1338.0,2,2,982.0691,1003.9119,21.842799999999897,fnsz,382.06910000000005,682.0691,808.1053,True,True,False
train,aaaaagcs,aaaaagcs_s002_t000,1304.0,1,1,938.132,987.48,49.34800000000007,cpsz,338.13199999999995,638.132,,True,False,True
train,aaaaagoo,aaaaagoo_s003_t000,1303.0,2,1,290.152,326.7298,36.577800000000025,fnsz,-309.848,-9.848000000000013,,False,False,False
train,aaaaagoo,aaaaagoo_s003_t000,1303.0,2,2,337.684,368.0315,30.347499999999968,fnsz,-262.316,37.684000000000026,326.7298,False,True,False
train,aaaaagpk,aaaaagpk_s009_t002,155.0,1,1,1.0,154.0,153.0,gnsz,-599.0,-299.0,,False,False,False
train,aaaaagpk,aaaaagpk_s012_t000,116.0,1,1,69.2893,81.0205,11.7312,gnsz,-530.7107,-230.7107,,False,False,False
train,aaaaagpk,aaaaagpk_s012_t002,100.0,1,1,27.2264,99.0,71.7736,cpsz,-572.7736,-272.7736,,False,False,False
train,aaaaagpk,aaaaagpk_s012_t003,1305.0,1,1,1.0,1304.0,1303.0,cpsz,-599.0,-299.0,,False,False,False
train,aaaaagpk,aaaaagpk_s015_t002,1113.0,4,1,325.0221,353.9669,28.944799999999987,gnsz,-274.9779,25.022100000000023,,False,False,False
train,aaaaagpk,aaaaagpk_s015_t002,1113.0,4,2,454.1271,470.1215,15.99440000000004,gnsz,-145.87290000000002,154.12709999999998,353.9669,False,True,False
train,aaaaagpk,aaaaagpk_s015_t002,1113.0,4,3,523.1547,550.105,26.95029999999997,gnsz,-76.84529999999995,223.15470000000005,470.1215,False,True,False
train,aaaaagpk,aaaaagpk_s015_t002,1113.0,4,4,694.221,710.0829,15.861899999999991,gnsz,94.221,394.221,550.105,True,True,False
train,aaaaagrz,aaaaagrz_s001_t000,1470.0,1,1,512.784,526.76,13.976,fnsz,-87.21600000000001,212.784,,False,False,False
train,aaaaagtt,aaaaagtt_s005_t000,305.0,1,1,1.0,304.0,303.0,fnsz,-599.0,-299.0,,False,False,False
train,aaaaagtt,aaaaagtt_s005_t001,505.0,2,1,40.0175,103.98,63.962500000000006,fnsz,-559.9825,-259.9825,,False,False,False
train,aaaaagtt,aaaaagtt_s005_t001,505.0,2,2,338.9525,436.2067,97.25420000000004,fnsz,-261.0475,38.952499999999986,103.98,False,True,False
train,aaaaagtt,aaaaagtt_s005_t003,144.0,2,1,8.9975,63.095,54.0975,fnsz,-591.0025,-291.0025,,False,False,False
train,aaaaagtt,aaaaagtt_s005_t003,144.0,2,2,76.9725,127.0275,50.05500000000001,fnsz,-523.0275,-223.0275,63.095,False,True,False
train,aaaaagtt,aaaaagtt_s007_t004,145.0,1,1,39.0225,75.0525,36.03,fnsz,-560.9775,-260.9775,,False,False,False
train,aaaaahge,aaaaahge_s001_t001,1560.0,15,1,1.0,63.988,62.988,cpsz,-599.0,-299.0,,False,False,False
train,aaaaahge,aaaaahge_s001_t001,1560.0,15,2,69.028,285.192,216.164,cpsz,-530.972,-230.97199999999998,63.988,False,True,False
train,aaaaahge,aaaaahge_s001_t001,1560.0,15,3,289.204,640.7,351.49600000000004,cpsz,-310.796,-10.795999999999992,285.192,False,True,False
train,aaaaahge,aaaaahge_s001_t001,1560.0,15,4,644.54,676.004,31.464000000000052,cpsz,44.539999999999964,344.53999999999996,640.7,True,True,False
train,aaaaahge,aaaaahge_s001_t001,1560.0,15,5,680.456,804.052,123.596,cpsz,80.45600000000002,380.456,676.004,True,True,False
train,aaaaahge,aaaaahge_s001_t001,1560.0,15,6,808.46,929.46,121.0,cpsz,208.46000000000004,508.46000000000004,804.052,True,True,False
train,aaaaahge,aaaaahge_s001_t001,1560.0,15,7,933.96,1147.996,214.0360000000001,cpsz,333.96000000000004,633.96,929.46,True,True,False
train,aaaaahge,aaaaahge_s001_t001,1560.0,15,8,1151.928,1204.328,52.39999999999986,cpsz,551.9280000000001,851.9280000000001,1147.996,True,True,False
train,aaaaahge,aaaaahge_s001_t001,1560.0,15,9,1207.932,1275.3,67.36799999999994,cpsz,607.932,907.932,1204.328,True,True,False
train,aaaaahge,aaaaahge_s001_t001,1560.0,15,10,1278.924,1325.984,47.059999999999945,cpsz,678.924,978.924,1275.3,True,True,False
train,aaaaahge,aaaaahge_s001_t001,1560.0,15,11,1335.172,1391.756,56.58400000000006,cpsz,735.172,1035.172,1325.984,True,True,False
train,aaaaahge,aaaaahge_s001_t001,1560.0,15,12,1397.884,1425.988,28.10400000000004,cpsz,797.884,1097.884,1391.756,True,True,False
train,aaaaahge,aaaaahge_s001_t001,1560.0,15,13,1433.112,1454.9,21.78800000000001,cpsz,833.1120000000001,1133.112,1425.988,True,True,False
train,aaaaahge,aaaaahge_s001_t001,1560.0,15,14,1463.112,1501.276,38.16399999999999,cpsz,863.1120000000001,1163.112,1454.9,True,True,False
train,aaaaahge,aaaaahge_s001_t001,1560.0,15,15,1505.68,1554.76,49.07999999999993,cpsz,905.6800000000001,1205.68,1501.276,True,True,False
train,aaaaahun,aaaaahun_s015_t000,575.0,1,1,1.0,570.0,569.0,gnsz,-599.0,-299.0,,False,False,False
train,aaaaahxr,aaaaahxr_s001_t001,936.0,1,1,381.548,499.628,118.07999999999998,cpsz,-218.452,81.548,,False,False,False
train,aaaaahyp,aaaaahyp_s001_t000,1741.0,1,1,19.236,1740.0,1720.764,fnsz,-580.764,-280.764,,False,False,False
train,aaaaahyp,aaaaahyp_s002_t000,165.0,1,1,1.0,164.0,163.0,fnsz,-599.0,-299.0,,False,False,False
train,aaaaahyp,aaaaahyp_s002_t001,95.0,2,1,1.0,67.9099,66.9099,fnsz,-599.0,-299.0,,False,False,False
train,aaaaahyp,aaaaahyp_s002_t001,95.0,2,2,72.13,91.9425,19.8125,fnsz,-527.87,-227.87,67.9099,False,True,False
train,aaaaahyp,aaaaahyp_s002_t002,175.0,2,1,1.0,91.0325,90.0325,fnsz,-599.0,-299.0,,False,False,False
train,aaaaahyp,aaaaahyp_s002_t002,175.0,2,2,97.3275,174.0,76.6725,fnsz,-502.6725,-202.6725,91.0325,False,True,False
train,aaaaahyp,aaaaahyp_s002_t003,214.0,3,1,21.935,40.0475,18.1125,fnsz,-578.065,-278.065,,False,False,False
train,aaaaahyp,aaaaahyp_s002_t003,214.0,3,2,115.8523,126.0537,10.201400000000008,fnsz,-484.1477,-184.1477,40.0475,False,True,False
train,aaaaahyp,aaaaahyp_s002_t003,214.0,3,3,136.445,148.0275,11.58250000000001,fnsz,-463.555,-163.555,126.0537,False,True,False
train,aaaaahyp,aaaaahyp_s002_t004,295.0,7,1,10.19,20.3425,10.152500000000002,fnsz,-589.81,-289.81,,False,False,False
train,aaaaahyp,aaaaahyp_s002_t004,295.0,7,2,28.47,65.6525,37.182500000000005,fnsz,-571.53,-271.53,20.3425,False,True,False
train,aaaaahyp,aaaaahyp_s002_t004,295.0,7,3,109.9225,122.5825,12.659999999999997,fnsz,-490.0775,-190.0775,65.6525,False,True,False
train,aaaaahyp,aaaaahyp_s002_t004,295.0,7,4,141.38,150.9725,9.5925,fnsz,-458.62,-158.62,122.5825,False,True,False
train,aaaaahyp,aaaaahyp_s002_t004,295.0,7,5,163.0225,175.165,12.142499999999984,fnsz,-436.97749999999996,-136.9775,150.9725,False,True,False
train,aaaaahyp,aaaaahyp_s002_t004,295.0,7,6,182.9675,214.7875,31.819999999999997,fnsz,-417.0325,-117.0325,175.165,False,True,False
train,aaaaahyp,aaaaahyp_s002_t004,295.0,7,7,237.1801,244.69,7.509899999999988,fnsz,-362.81989999999996,-62.81989999999999,214.7875,False,True,False
train,aaaaahyp,aaaaahyp_s002_t005,135.0,1,1,106.2475,116.8775,10.629999999999995,fnsz,-493.7525,-193.7525,,False,False,False
train,aaaaahyp,aaaaahyp_s002_t006,65.0,3,1,3.9283,12.4827,8.5544,fnsz,-596.0717,-296.0717,,False,False,False
train,aaaaahyp,aaaaahyp_s002_t006,65.0,3,2,16.7748,30.2419,13.467100000000002,fnsz,-583.2252,-283.2252,12.4827,False,True,False
train,aaaaahyp,aaaaahyp_s002_t006,65.0,3,3,51.265,64.0,12.735,fnsz,-548.735,-248.735,30.2419,False,True,False
train,aaaaahyp,aaaaahyp_s002_t007,125.0,2,1,12.4065,25.995,13.588500000000002,fnsz,-587.5935,-287.5935,,False,False,False
train,aaaaahyp,aaaaahyp_s002_t007,125.0,2,2,30.5313,42.1984,11.667099999999998,fnsz,-569.4687,-269.4687,25.995,False,True,False
train,aaaaahyp,aaaaahyp_s002_t008,324.0,1,1,1.0,323.0,322.0,fnsz,-599.0,-299.0,,False,False,False
train,aaaaahyp,aaaaahyp_s003_t000,345.0,12,1,7.1237,33.5162,26.3925,fnsz,-592.8763,-292.8763,,False,False,False
train,aaaaahyp,aaaaahyp_s003_t000,345.0,12,2,48.3958,56.9911,8.595300000000002,fnsz,-551.6042,-251.6042,33.5162,False,True,False
train,aaaaahyp,aaaaahyp_s003_t000,345.0,12,3,76.31,88.395,12.084999999999994,fnsz,-523.69,-223.69,56.9911,False,True,False
train,aaaaahyp,aaaaahyp_s003_t000,345.0,12,4,92.2125,102.915,10.7025,fnsz,-507.7875,-207.7875,88.395,False,True,False
train,aaaaahyp,aaaaahyp_s003_t000,345.0,12,5,129.5697,137.4738,7.9041,fnsz,-470.4303,-170.4303,102.915,False,True,False
train,aaaaahyp,aaaaahyp_s003_t000,345.0,12,6,151.7202,159.9699,8.24969999999999,fnsz,-448.2798,-148.2798,137.4738,False,True,False
train,aaaaahyp,aaaaahyp_s003_t000,345.0,12,7,168.4972,179.2107,10.71350000000001,fnsz,-431.5028,-131.5028,159.9699,False,True,False
train,aaaaahyp,aaaaahyp_s003_t000,345.0,12,8,219.465,226.6475,7.1825000000000045,fnsz,-380.53499999999997,-80.535,179.2107,False,True,False
train,aaaaahyp,aaaaahyp_s003_t000,345.0,12,9,257.7075,266.23,8.522500000000036,fnsz,-342.2925,-42.29250000000002,226.6475,False,True,False
train,aaaaahyp,aaaaahyp_s003_t000,345.0,12,10,267.8919,274.7926,6.900699999999972,fnsz,-332.1081,-32.10809999999998,266.23,False,True,False
train,aaaaahyp,aaaaahyp_s003_t000,345.0,12,11,279.3333,286.0669,6.733599999999967,fnsz,-320.6667,-20.66669999999999,274.7926,False,True,False
train,aaaaahyp,aaaaahyp_s003_t000,345.0,12,12,287.3293,344.0,56.67070000000001,fnsz,-312.6707,-12.67070000000001,286.0669,False,True,False
train,aaaaahyp,aaaaahyp_s003_t001,346.0,6,1,52.3175,146.3542,94.0367,fnsz,-547.6825,-247.6825,,False,False,False
train,aaaaahyp,aaaaahyp_s003_t001,346.0,6,2,173.305,209.94,36.63499999999999,fnsz,-426.695,-126.695,146.3542,False,True,False
train,aaaaahyp,aaaaahyp_s003_t001,346.0,6,3,219.2675,233.385,14.117499999999978,fnsz,-380.73249999999996,-80.73249999999999,209.94,False,True,False
train,aaaaahyp,aaaaahyp_s003_t001,346.0,6,4,261.8975,274.4925,12.595000000000027,fnsz,-338.1025,-38.10250000000002,233.385,False,True,False
train,aaaaahyp,aaaaahyp_s003_t001,346.0,6,5,300.2411,308.5975,8.356400000000008,fnsz,-299.7589,0.2411000000000172,274.4925,False,True,False
train,aaaaahyp,aaaaahyp_s003_t001,346.0,6,6,337.37,345.0,7.6299999999999955,fnsz,-262.63,37.370000000000005,308.5975,False,True,False
train,aaaaahyp,aaaaahyp_s003_t002,344.0,6,1,75.1125,94.395,19.2825,fnsz,-524.8875,-224.8875,,False,False,False
train,aaaaahyp,aaaaahyp_s003_t002,344.0,6,2,137.4375,188.5925,51.155,fnsz,-462.5625,-162.5625,94.395,False,True,False
train,aaaaahyp,aaaaahyp_s003_t002,344.0,6,3,200.98,208.9025,7.922500000000014,fnsz,-399.02,-99.02000000000001,188.5925,False,True,False
train,aaaaahyp,aaaaahyp_s003_t002,344.0,6,4,227.71,235.3925,7.682500000000003,fnsz,-372.28999999999996,-72.28999999999999,208.9025,False,True,False
train,aaaaahyp,aaaaahyp_s003_t002,344.0,6,5,257.955,276.59,18.63499999999999,fnsz,-342.045,-42.045000000000016,235.3925,False,True,False
train,aaaaahyp,aaaaahyp_s003_t002,344.0,6,6,316.2125,343.0,26.787500000000023,fnsz,-283.7875,16.212499999999977,276.59,False,True,False
train,aaaaahyp,aaaaahyp_s003_t003,375.0,5,1,18.0925,28.2825,10.189999999999998,fnsz,-581.9075,-281.9075,,False,False,False
train,aaaaahyp,aaaaahyp_s003_t003,375.0,5,2,55.6925,80.255,24.562499999999996,fnsz,-544.3075,-244.3075,28.2825,False,True,False
train,aaaaahyp,aaaaahyp_s003_t003,375.0,5,3,193.82,202.6975,8.877499999999998,fnsz,-406.18,-106.18,80.255,False,True,False
train,aaaaahyp,aaaaahyp_s003_t003,375.0,5,4,286.0325,292.84,6.807499999999948,fnsz,-313.9675,-13.967499999999973,202.6975,False,True,False
train,aaaaahyp,aaaaahyp_s003_t003,375.0,5,5,367.1175,374.0,6.882499999999993,fnsz,-232.8825,67.1175,292.84,False,True,False
train,aaaaaias,aaaaaias_s009_t001,1048.0,1,1,310.9575,522.5775,211.62,tcsz,-289.0425,10.957499999999982,,False,False,False
train,aaaaaiat,aaaaaiat_s008_t000,601.0,1,1,520.3324,599.99,79.6576,fnsz,-79.6676,220.3324,,False,False,False
train,aaaaaibs,aaaaaibs_s001_t000,1449.0,1,1,206.128,306.524,100.39600000000002,cpsz,-393.872,-93.87200000000001,,False,False,False
train,aaaaaibs,aaaaaibs_s002_t000,545.0,1,1,9.716,122.1477,112.4317,cpsz,-590.284,-290.284,,False,False,False
train,aaaaaibs,aaaaaibs_s002_t001,1275.0,3,1,36.64,89.12,52.48,cpsz,-563.36,-263.36,,False,False,False
train,aaaaaibs,aaaaaibs_s002_t001,1275.0,3,2,263.844,379.884,116.04000000000002,cpsz,-336.156,-36.156000000000006,89.12,False,True,False
train,aaaaaibs,aaaaaibs_s002_t001,1275.0,3,3,629.336,707.708,78.37199999999996,cpsz,29.336000000000013,329.336,379.884,True,True,False
train,aaaaaibs,aaaaaibs_s002_t003,505.0,2,1,8.432,142.9944,134.56240000000005,cpsz,-591.568,-291.568,,False,False,False
train,aaaaaibs,aaaaaibs_s002_t003,505.0,2,2,251.584,291.52,39.93599999999998,cpsz,-348.416,-48.416,142.9944,False,True,False
train,aaaaaibs,aaaaaibs_s002_t004,334.0,1,1,145.692,221.5282,75.83619999999999,cpsz,-454.308,-154.308,,False,False,False
train,aaaaaibs,aaaaaibs_s002_t007,584.0,1,1,365.98,418.2894,52.30939999999998,cpsz,-234.01999999999998,65.98000000000002,,False,False,False
train,aaaaaicq,aaaaaicq_s001_t001,1788.0,4,1,265.9957,334.1781,68.18239999999997,gnsz,-334.0043,-34.0043,,False,False,False
train,aaaaaicq,aaaaaicq_s001_t001,1788.0,4,2,645.992,704.0224,58.03039999999999,gnsz,45.99199999999996,345.99199999999996,334.1781,True,True,False
train,aaaaaicq,aaaaaicq_s001_t001,1788.0,4,3,1165.391,1235.1593,69.76829999999995,gnsz,565.3910000000001,865.3910000000001,704.0224,True,True,False
train,aaaaaicq,aaaaaicq_s001_t001,1788.0,4,4,1637.9978,1705.1448,67.14699999999993,gnsz,1037.9978,1337.9978,1235.1593,True,True,False
train,aaaaaiea,aaaaaiea_s004_t004,281.0,1,1,93.925,130.53,36.605,cpsz,-506.075,-206.075,,False,False,False
train,aaaaaiir,aaaaaiir_s002_t000,601.0,2,1,1.0,120.3154,119.3154,cpsz,-599.0,-299.0,,False,False,False
train,aaaaaiir,aaaaaiir_s002_t000,601.0,2,2,309.3125,437.543,128.2305,cpsz,-290.6875,9.3125,120.3154,False,True,False
train,aaaaaiir,aaaaaiir_s002_t001,601.0,3,1,1.0,24.0195,23.0195,cpsz,-599.0,-299.0,,False,False,False
train,aaaaaiir,aaaaaiir_s002_t001,601.0,3,2,196.2381,309.3526,113.1145,cpsz,-403.76189999999997,-103.7619,24.0195,False,True,False
train,aaaaaiir,aaaaaiir_s002_t001,601.0,3,3,390.0391,506.2642,116.2251,cpsz,-209.96089999999998,90.03910000000002,309.3526,False,True,False
train,aaaaaiir,aaaaaiir_s002_t002,601.0,1,1,261.6758,336.3502,74.67439999999999,cpsz,-338.3242,-38.32420000000002,,False,False,False
train,aaaaaiir,aaaaaiir_s002_t003,1014.0,5,1,1.0,63.9258,62.9258,cpsz,-599.0,-299.0,,False,False,False
train,aaaaaiir,aaaaaiir_s002_t003,1014.0,5,2,233.8906,325.1008,91.2102,cpsz,-366.1094,-66.1094,63.9258,False,True,False
train,aaaaaiir,aaaaaiir_s002_t003,1014.0,5,3,501.3828,579.0703,77.6875,cpsz,-98.61720000000003,201.38279999999997,325.1008,False,True,False
train,aaaaaiir,aaaaaiir_s002_t003,1014.0,5,4,721.0117,784.1542,63.14249999999993,cpsz,121.01170000000002,421.0117,579.0703,True,True,False
train,aaaaaiir,aaaaaiir_s002_t003,1014.0,5,5,980.0078,1013.0,32.992200000000025,cpsz,380.0078,680.0078,784.1542,True,True,False
train,aaaaaiir,aaaaaiir_s002_t004,601.0,3,1,165.9922,245.9288,79.9366,cpsz,-434.0078,-134.0078,,False,False,False
train,aaaaaiir,aaaaaiir_s002_t004,601.0,3,2,360.9961,410.0352,49.03909999999996,cpsz,-239.0039,60.99610000000001,245.9288,False,True,False
train,aaaaaiir,aaaaaiir_s002_t004,601.0,3,3,560.0313,600.0,39.96870000000001,cpsz,-39.96870000000001,260.0313,410.0352,False,True,False
train,aaaaaike,aaaaaike_s001_t001,1265.0,2,1,183.932,278.9416,95.0096,cpsz,-416.068,-116.06800000000001,,False,False,False
train,aaaaaike,aaaaaike_s001_t001,1265.0,2,2,716.256,802.156,85.89999999999998,cpsz,116.25599999999997,416.256,278.9416,True,True,False
train,aaaaaike,aaaaaike_s002_t000,173.0,1,1,1.0,122.2309,121.2309,fnsz,-599.0,-299.0,,False,False,False
train,aaaaaike,aaaaaike_s003_t000,11.0,1,1,0.0,10.9152,10.9152,fnsz,-600.0,-300.0,,False,False,False
train,aaaaaike,aaaaaike_s003_t002,91.0,1,1,1.0,61.9025,60.9025,fnsz,-599.0,-299.0,,False,False,False
train,aaaaaike,aaaaaike_s003_t003,391.0,2,1,1.0,108.2475,107.2475,fnsz,-599.0,-299.0,,False,False,False
train,aaaaaike,aaaaaike_s003_t003,391.0,2,2,324.135,374.3025,50.16750000000002,fnsz,-275.865,24.13499999999999,108.2475,False,True,False
train,aaaaaike,aaaaaike_s003_t004,60.0,1,1,30.7023,59.0,28.2977,fnsz,-569.2977,-269.2977,,False,False,False
train,aaaaaipg,aaaaaipg_s001_t000,1274.0,8,1,46.776,133.12,86.344,tcsz,-553.224,-253.224,,False,False,False
train,aaaaaipg,aaaaaipg_s001_t000,1274.0,8,2,219.676,282.476,62.80000000000001,tcsz,-380.324,-80.32400000000001,133.12,False,True,False
train,aaaaaipg,aaaaaipg_s001_t000,1274.0,8,3,365.068,421.412,56.344,tcsz,-234.93200000000002,65.06799999999998,282.476,False,True,False
train,aaaaaipg,aaaaaipg_s001_t000,1274.0,8,4,509.868,580.068,70.19999999999999,tcsz,-90.132,209.868,421.412,False,True,False
train,aaaaaipg,aaaaaipg_s001_t000,1274.0,8,5,751.856,822.356,70.5,tcsz,151.856,451.856,580.068,True,True,False
train,aaaaaipg,aaaaaipg_s001_t000,1274.0,8,6,852.412,946.112,93.69999999999992,tcsz,252.41200000000003,552.412,822.356,True,True,False
train,aaaaaipg,aaaaaipg_s001_t000,1274.0,8,7,1008.88,1061.18,52.30000000000007,tcsz,408.88,708.88,946.112,True,True,False
train,aaaaaipg,aaaaaipg_s001_t000,1274.0,8,8,1196.168,1249.968,53.80000000000018,tcsz,596.1679999999999,896.1679999999999,1061.18,True,True,False
train,aaaaaipg,aaaaaipg_s002_t000,385.0,4,1,52.544,112.932,60.388000000000005,tcsz,-547.456,-247.45600000000002,,False,False,False
train,aaaaaipg,aaaaaipg_s002_t000,385.0,4,2,173.188,227.388,54.20000000000002,tcsz,-426.812,-126.81200000000001,112.932,False,True,False
train,aaaaaipg,aaaaaipg_s002_t000,385.0,4,3,250.48,283.836,33.35600000000002,tcsz,-349.52,-49.52000000000001,227.388,False,True,False
train,aaaaaipg,aaaaaipg_s002_t000,385.0,4,4,317.656,374.488,56.832,tcsz,-282.344,17.656000000000006,283.836,False,True,False
train,aaaaaipg,aaaaaipg_s002_t001,231.0,2,1,8.8906,101.108,92.2174,tcsz,-591.1094,-291.1094,,False,False,False
train,aaaaaipg,aaaaaipg_s002_t001,231.0,2,2,116.424,180.46,64.036,tcsz,-483.576,-183.576,101.108,False,True,False
train,aaaaaiwu,aaaaaiwu_s001_t000,234.0,1,1,1.0,26.095,25.095,cpsz,-599.0,-299.0,,False,False,False
train,aaaaaizz,aaaaaizz_s003_t001,1494.0,17,1,57.868,167.6856,109.8176,cpsz,-542.132,-242.132,,False,False,False
train,aaaaaizz,aaaaaizz_s003_t001,1494.0,17,2,416.8,467.9,51.099999999999966,cpsz,-183.2,116.80000000000001,167.6856,False,True,False
train,aaaaaizz,aaaaaizz_s003_t001,1494.0,17,3,723.556,742.156,18.59999999999991,cpsz,123.55600000000004,423.55600000000004,467.9,True,True,False
train,aaaaaizz,aaaaaizz_s003_t001,1494.0,17,4,776.656,788.156,11.5,cpsz,176.65599999999995,476.65599999999995,742.156,True,True,False
train,aaaaaizz,aaaaaizz_s003_t001,1494.0,17,5,947.112,967.8244,20.7124,cpsz,347.11199999999997,647.112,788.156,True,True,False
train,aaaaaizz,aaaaaizz_s003_t001,1494.0,17,6,996.112,1014.112,18.0,cpsz,396.11199999999997,696.112,967.8244,True,True,False
train,aaaaaizz,aaaaaizz_s003_t001,1494.0,17,7,1021.112,1051.112,30.000000000000117,cpsz,421.11199999999997,721.112,1014.112,True,True,False
train,aaaaaizz,aaaaaizz_s003_t001,1494.0,17,8,1071.0303,1083.9899,12.959600000000137,cpsz,471.0302999999999,771.0302999999999,1051.112,True,True,False
train,aaaaaizz,aaaaaizz_s003_t001,1494.0,17,9,1099.132,1118.132,19.0,cpsz,499.13200000000006,799.1320000000001,1083.9899,True,True,False
train,aaaaaizz,aaaaaizz_s003_t001,1494.0,17,10,1128.132,1144.132,16.0,cpsz,528.1320000000001,828.1320000000001,1118.132,True,True,False
train,aaaaaizz,aaaaaizz_s003_t001,1494.0,17,11,1156.088,1176.088,20.0,cpsz,556.088,856.088,1144.132,True,True,False
train,aaaaaizz,aaaaaizz_s003_t001,1494.0,17,12,1187.088,1208.188,21.100000000000136,cpsz,587.088,887.088,1176.088,True,True,False
train,aaaaaizz,aaaaaizz_s003_t001,1494.0,17,13,1247.112,1278.0306,30.91859999999997,cpsz,647.1120000000001,947.1120000000001,1208.188,True,True,False
train,aaaaaizz,aaaaaizz_s003_t001,1494.0,17,14,1372.088,1388.088,16.0,cpsz,772.088,1072.088,1278.0306,True,True,False
train,aaaaaizz,aaaaaizz_s003_t001,1494.0,17,15,1403.088,1424.088,21.0,cpsz,803.088,1103.088,1388.088,True,True,False
train,aaaaaizz,aaaaaizz_s003_t001,1494.0,17,16,1431.912,1465.5341,33.622100000000046,cpsz,831.912,1131.912,1424.088,True,True,False
train,aaaaaizz,aaaaaizz_s003_t001,1494.0,17,17,1471.712,1493.0,21.28800000000001,cpsz,871.712,1171.712,1465.5341,True,True,False
train,aaaaaizz,aaaaaizz_s005_t000,793.0,5,1,34.1563,110.9688,76.8125,cpsz,-565.8437,-265.8437,,False,False,False
train,aaaaaizz,aaaaaizz_s005_t000,793.0,5,2,185.0508,242.5871,57.53629999999998,cpsz,-414.9492,-114.94919999999999,110.9688,False,True,False
train,aaaaaizz,aaaaaizz_s005_t000,793.0,5,3,311.9656,392.1321,80.16649999999998,cpsz,-288.0344,11.965599999999995,242.5871,False,True,False
train,aaaaaizz,aaaaaizz_s005_t000,793.0,5,4,443.0977,505.1563,62.05860000000001,cpsz,-156.90230000000003,143.09769999999997,392.1321,False,True,False
train,aaaaaizz,aaaaaizz_s005_t000,793.0,5,5,540.8945,636.1172,95.22270000000005,cpsz,-59.105500000000006,240.8945,505.1563,False,True,False
train,aaaaajat,aaaaajat_s005_t001,1240.0,1,1,600.2622,695.592,95.32979999999998,fnsz,0.2622000000000071,300.2622,,True,False,True
train,aaaaajax,aaaaajax_s001_t001,656.0,2,1,300.7539,349.7555,49.0016,gnsz,-299.2461,0.7538999999999874,,False,False,False
train,aaaaajax,aaaaajax_s001_t001,656.0,2,2,496.5664,547.5938,51.0274,gnsz,-103.43360000000001,196.5664,349.7555,False,True,False
train,aaaaajax,aaaaajax_s001_t002,659.0,2,1,1.0,30.1831,29.1831,gnsz,-599.0,-299.0,,False,False,False
train,aaaaajax,aaaaajax_s001_t002,659.0,2,2,315.0859,358.6172,43.53130000000005,gnsz,-284.9141,15.085899999999981,30.1831,False,True,False
train,aaaaajax,aaaaajax_s001_t003,637.0,1,1,300.3047,336.2539,35.94919999999996,gnsz,-299.6953,0.3047000000000253,,False,False,False
train,aaaaajax,aaaaajax_s001_t004,631.0,1,1,300.2227,331.0586,30.83590000000004,gnsz,-299.7773,0.2226999999999748,,False,False,False
train,aaaaajax,aaaaajax_s001_t005,951.0,4,1,150.8633,160.0313,9.167999999999978,gnsz,-449.1367,-149.1367,,False,False,False
train,aaaaajax,aaaaajax_s001_t005,951.0,4,2,242.5898,251.2231,8.633299999999991,gnsz,-357.41020000000003,-57.4102,160.0313,False,True,False
train,aaaaajax,aaaaajax_s001_t005,951.0,4,3,373.7109,386.2461,12.535200000000032,gnsz,-226.28910000000002,73.71089999999998,251.2231,False,True,False
train,aaaaajax,aaaaajax_s001_t005,951.0,4,4,641.918,702.1016,60.18359999999996,gnsz,41.918000000000006,341.918,386.2461,True,True,False
train,aaaaajcd,aaaaajcd_s001_t000,1315.0,1,1,696.056,776.948,80.89199999999994,fnsz,96.05600000000004,396.05600000000004,,True,False,True
train,aaaaajdn,aaaaajdn_s002_t000,1208.0,9,1,25.048,116.14,91.092,fnsz,-574.952,-274.952,,False,False,False
train,aaaaajdn,aaaaajdn_s002_t000,1208.0,9,2,269.872,357.0,87.12799999999999,fnsz,-330.128,-30.127999999999986,116.14,False,True,False
train,aaaaajdn,aaaaajdn_s002_t000,1208.0,9,3,401.9697,428.3939,26.424199999999985,fnsz,-198.0303,101.96969999999999,357.0,False,True,False
train,aaaaajdn,aaaaajdn_s002_t000,1208.0,9,4,455.852,502.984,47.132000000000005,fnsz,-144.14800000000002,155.85199999999998,428.3939,False,True,False
train,aaaaajdn,aaaaajdn_s002_t000,1208.0,9,5,526.992,603.604,76.61200000000008,fnsz,-73.00800000000004,226.99199999999996,502.984,False,True,False
train,aaaaajdn,aaaaajdn_s002_t000,1208.0,9,6,847.996,869.004,21.00800000000004,fnsz,247.99599999999998,547.996,603.604,True,True,False
train,aaaaajdn,aaaaajdn_s002_t000,1208.0,9,7,942.284,1006.096,63.81200000000001,fnsz,342.284,642.284,869.004,True,True,False
train,aaaaajdn,aaaaajdn_s002_t000,1208.0,9,8,1056.0939,1112.1823,56.088399999999865,fnsz,456.0939000000001,756.0939000000001,1006.096,True,True,False
train,aaaaajdn,aaaaajdn_s002_t000,1208.0,9,9,1147.0732,1200.98,53.906799999999976,fnsz,547.0732,847.0732,1112.1823,True,True,False
train,aaaaajdn,aaaaajdn_s003_t000,307.0,3,1,1.0,130.9607,129.9607,fnsz,-599.0,-299.0,,False,False,False
train,aaaaajdn,aaaaajdn_s003_t000,307.0,3,2,212.0,224.0968,12.096800000000002,fnsz,-388.0,-88.0,130.9607,False,True,False
train,aaaaajdn,aaaaajdn_s003_t000,307.0,3,3,246.7504,300.9018,54.15139999999997,fnsz,-353.2496,-53.24959999999999,224.0968,False,True,False
train,aaaaajdn,aaaaajdn_s003_t001,601.0,2,1,6.9495,359.0603,352.1108,fnsz,-593.0505,-293.0505,,False,False,False
train,aaaaajdn,aaaaajdn_s003_t001,601.0,2,2,469.0042,600.0,130.99579999999995,fnsz,-130.99579999999997,169.00420000000003,359.0603,False,True,False
train,aaaaajdn,aaaaajdn_s003_t002,601.0,2,1,58.892,137.8331,78.9411,fnsz,-541.108,-241.108,,False,False,False
train,aaaaajdn,aaaaajdn_s003_t002,601.0,2,2,367.2707,535.5877,168.31700000000006,fnsz,-232.72930000000002,67.27069999999998,137.8331,False,True,False
train,aaaaajdn,aaaaajdn_s003_t003,601.0,7,1,81.0498,105.3971,24.34729999999999,fnsz,-518.9502,-218.9502,,False,False,False
train,aaaaajdn,aaaaajdn_s003_t003,601.0,7,2,189.3142,206.9912,17.676999999999992,fnsz,-410.6858,-110.6858,105.3971,False,True,False
train,aaaaajdn,aaaaajdn_s003_t003,601.0,7,3,293.0077,319.0531,26.04539999999997,fnsz,-306.9923,-6.9923,206.9912,False,True,False
train,aaaaajdn,aaaaajdn_s003_t003,601.0,7,4,390.3462,428.0398,37.6936,fnsz,-209.6538,90.34620000000001,319.0531,False,True,False
train,aaaaajdn,aaaaajdn_s003_t003,601.0,7,5,441.5199,469.9934,28.4735,fnsz,-158.4801,141.5199,428.0398,False,True,False
train,aaaaajdn,aaaaajdn_s003_t003,601.0,7,6,474.9181,489.979,15.060900000000004,fnsz,-125.08190000000002,174.91809999999998,469.9934,False,True,False
train,aaaaajdn,aaaaajdn_s003_t003,601.0,7,7,533.052,583.0962,50.04419999999993,fnsz,-66.94799999999998,233.05200000000002,489.979,False,True,False
train,aaaaajdn,aaaaajdn_s003_t004,601.0,12,1,1.0,76.4867,75.4867,fnsz,-599.0,-299.0,,False,False,False
train,aaaaajdn,aaaaajdn_s003_t004,601.0,12,2,79.8387,94.7756,14.936899999999994,fnsz,-520.1613,-220.16129999999998,76.4867,False,True,False
train,aaaaajdn,aaaaajdn_s003_t004,601.0,12,3,102.5245,183.4151,80.89059999999999,fnsz,-497.4755,-197.4755,94.7756,False,True,False
train,aaaaajdn,aaaaajdn_s003_t004,601.0,12,4,193.7588,217.5316,23.77279999999999,fnsz,-406.2412,-106.24119999999999,183.4151,False,True,False
train,aaaaajdn,aaaaajdn_s003_t004,601.0,12,5,225.0701,291.655,66.58489999999998,fnsz,-374.9299,-74.9299,217.5316,False,True,False
train,aaaaajdn,aaaaajdn_s003_t004,601.0,12,6,297.4404,354.9088,57.46839999999997,fnsz,-302.5596,-2.559599999999989,291.655,False,True,False
train,aaaaajdn,aaaaajdn_s003_t004,601.0,12,7,365.4278,394.46,29.03219999999999,fnsz,-234.5722,65.42779999999999,354.9088,False,True,False
train,aaaaajdn,aaaaajdn_s003_t004,601.0,12,8,407.6438,456.7672,49.1234,fnsz,-192.3562,107.6438,394.46,False,True,False
train,aaaaajdn,aaaaajdn_s003_t004,601.0,12,9,462.9734,486.3254,23.351999999999972,fnsz,-137.02659999999997,162.97340000000003,456.7672,False,True,False
train,aaaaajdn,aaaaajdn_s003_t004,601.0,12,10,490.9537,504.6283,13.674599999999998,fnsz,-109.04629999999997,190.95370000000003,486.3254,False,True,False
train,aaaaajdn,aaaaajdn_s003_t004,601.0,12,11,518.5835,545.1613,26.577800000000025,fnsz,-81.41650000000004,218.58349999999996,504.6283,False,True,False
train,aaaaajdn,aaaaajdn_s003_t004,601.0,12,12,553.1907,587.5877,34.39700000000005,fnsz,-46.80930000000001,253.1907,545.1613,False,True,False
train,aaaaajdn,aaaaajdn_s003_t005,601.0,16,1,1.0,15.9888,14.9888,fnsz,-599.0,-299.0,,False,False,False
train,aaaaajdn,aaaaajdn_s003_t005,601.0,16,2,20.4769,48.7027,28.2258,fnsz,-579.5231,-279.5231,15.9888,False,True,False
train,aaaaajdn,aaaaajdn_s003_t005,601.0,16,3,61.115,81.2763,20.161300000000004,fnsz,-538.885,-238.885,48.7027,False,True,False
train,aaaaajdn,aaaaajdn_s003_t005,601.0,16,4,91.7602,104.5582,12.798000000000002,fnsz,-508.2398,-208.2398,81.2763,False,True,False
train,aaaaajdn,aaaaajdn_s003_t005,601.0,16,5,121.2482,139.9018,18.65360000000001,fnsz,-478.7518,-178.7518,104.5582,False,True,False
train,aaaaajdn,aaaaajdn_s003_t005,601.0,16,6,145.1613,162.8331,17.67179999999999,fnsz,-454.8387,-154.8387,139.9018,False,True,False
train,aaaaajdn,aaaaajdn_s003_t005,601.0,16,7,173.9481,213.9902,40.04209999999998,fnsz,-426.0519,-126.05189999999999,162.8331,False,True,False
train,aaaaajdn,aaaaajdn_s003_t005,601.0,16,8,235.8345,321.5989,85.76440000000002,fnsz,-364.1655,-64.16550000000001,213.9902,False,True,False
train,aaaaajdn,aaaaajdn_s003_t005,601.0,16,9,327.5596,339.6564,12.09680000000003,fnsz,-272.4404,27.55959999999999,321.5989,False,True,False
train,aaaaajdn,aaaaajdn_s003_t005,601.0,16,10,346.1781,366.3043,20.12620000000004,fnsz,-253.82190000000003,46.17809999999997,339.6564,False,True,False
train,aaaaajdn,aaaaajdn_s003_t005,601.0,16,11,383.9411,403.5063,19.565200000000004,fnsz,-216.0589,83.9411,366.3043,False,True,False
train,aaaaajdn,aaaaajdn_s003_t005,601.0,16,12,407.223,417.7069,10.483900000000006,fnsz,-192.777,107.22300000000001,403.5063,False,True,False
train,aaaaajdn,aaaaajdn_s003_t005,601.0,16,13,428.892,478.1907,49.2987,fnsz,-171.108,128.892,417.7069,False,True,False
train,aaaaajdn,aaaaajdn_s003_t005,601.0,16,14,490.1122,504.6283,14.516100000000051,fnsz,-109.88780000000003,190.11219999999997,478.1907,False,True,False
train,aaaaajdn,aaaaajdn_s003_t005,601.0,16,15,513.885,551.1571,37.27210000000002,fnsz,-86.11500000000001,213.885,504.6283,False,True,False
train,aaaaajdn,aaaaajdn_s003_t005,601.0,16,16,560.4839,592.9523,32.46840000000009,fnsz,-39.51610000000005,260.48389999999995,551.1571,False,True,False
train,aaaaajdn,aaaaajdn_s003_t006,300.0,10,1,14.0252,38.6396,24.614400000000003,fnsz,-585.9748,-285.9748,,False,False,False
train,aaaaajdn,aaaaajdn_s003_t006,300.0,10,2,45.1262,63.0435,17.917300000000004,fnsz,-554.8738,-254.87380000000002,38.6396,False,True,False
train,aaaaajdn,aaaaajdn_s003_t006,300.0,10,3,69.6353,86.8864,17.251099999999994,fnsz,-530.3647,-230.3647,63.0435,False,True,False
train,aaaaajdn,aaaaajdn_s003_t006,300.0,10,4,90.0771,100.2454,10.168300000000002,fnsz,-509.9229,-209.9229,86.8864,False,True,False
train,aaaaajdn,aaaaajdn_s003_t006,300.0,10,5,107.9944,126.1921,18.1977,fnsz,-492.0056,-192.00560000000002,100.2454,False,True,False
train,aaaaajdn,aaaaajdn_s003_t006,300.0,10,6,131.4165,172.5806,41.16409999999999,fnsz,-468.58349999999996,-168.5835,126.1921,False,True,False
train,aaaaajdn,aaaaajdn_s003_t006,300.0,10,7,182.9944,207.1178,24.12339999999997,fnsz,-417.00559999999996,-117.00559999999999,172.5806,False,True,False
train,aaaaajdn,aaaaajdn_s003_t006,300.0,10,8,216.69,254.8738,38.18379999999999,fnsz,-383.31,-83.31,207.1178,False,True,False
train,aaaaajdn,aaaaajdn_s003_t006,300.0,10,9,258.5905,270.1964,11.605899999999965,fnsz,-341.4095,-41.40949999999998,254.8738,False,True,False
train,aaaaajdn,aaaaajdn_s003_t006,300.0,10,10,275.0,299.0,24.0,fnsz,-325.0,-25.0,270.1964,False,True,False
train,aaaaajdn,aaaaajdn_s003_t007,601.0,17,1,1.0,14.7966,13.7966,fnsz,-599.0,-299.0,,False,False,False
train,aaaaajdn,aaaaajdn_s003_t007,601.0,17,2,19.0393,48.9481,29.9088,fnsz,-580.9607,-280.9607,14.7966,False,True,False
train,aaaaajdn,aaaaajdn_s003_t007,601.0,17,3,59.2567,84.9229,25.6662,fnsz,-540.7433,-240.7433,48.9481,False,True,False
train,aaaaajdn,aaaaajdn_s003_t007,601.0,17,4,91.69,109.5372,17.8472,fnsz,-508.31,-208.31,84.9229,False,True,False
train,aaaaajdn,aaaaajdn_s003_t007,601.0,17,5,116.136,136.2272,20.09120000000001,fnsz,-483.86400000000003,-183.864,109.5372,False,True,False
train,aaaaajdn,aaaaajdn_s003_t007,601.0,17,6,150.3226,193.6255,43.3029,fnsz,-449.67740000000003,-149.6774,136.2272,False,True,False
train,aaaaajdn,aaaaajdn_s003_t007,601.0,17,7,197.0126,230.9888,33.976200000000006,fnsz,-402.9874,-102.98740000000001,193.6255,False,True,False
train,aaaaajdn,aaaaajdn_s003_t007,601.0,17,8,241.9285,265.1052,23.17670000000001,fnsz,-358.0715,-58.071499999999986,230.9888,False,True,False
train,aaaaajdn,aaaaajdn_s003_t007,601.0,17,9,272.2581,288.1767,15.91859999999997,fnsz,-327.7419,-27.741899999999987,265.1052,False,True,False
train,aaaaajdn,aaaaajdn_s003_t007,601.0,17,10,295.7504,323.8008,28.050399999999968,fnsz,-304.2496,-4.249599999999987,288.1767,False,True,False
train,aaaaajdn,aaaaajdn_s003_t007,601.0,17,11,332.5316,365.1753,32.64369999999997,fnsz,-267.4684,32.531600000000026,323.8008,False,True,False
train,aaaaajdn,aaaaajdn_s003_t007,601.0,17,12,374.5372,410.7924,36.2552,fnsz,-225.46280000000002,74.53719999999998,365.1753,False,True,False
train,aaaaajdn,aaaaajdn_s003_t007,601.0,17,13,423.31,437.1248,13.814799999999993,fnsz,-176.69,123.31,410.7924,False,True,False
train,aaaaajdn,aaaaajdn_s003_t007,601.0,17,14,457.2511,485.6872,28.43610000000001,fnsz,-142.7489,157.2511,437.1248,False,True,False
train,aaaaajdn,aaaaajdn_s003_t007,601.0,17,15,493.2258,526.7111,33.485299999999995,fnsz,-106.77420000000001,193.2258,485.6872,False,True,False
train,aaaaajdn,aaaaajdn_s003_t007,601.0,17,16,535.1262,567.805,32.67879999999991,fnsz,-64.87379999999996,235.12620000000004,526.7111,False,True,False
train,aaaaajdn,aaaaajdn_s003_t007,601.0,17,17,583.9341,600.0,16.065900000000056,fnsz,-16.065900000000056,283.93409999999994,567.805,False,True,False
train,aaaaajfq,aaaaajfq_s006_t005,884.0,1,1,168.5418,248.6254,80.08360000000002,tcsz,-431.45820000000003,-131.4582,,False,False,False
train,aaaaajfq,aaaaajfq_s010_t001,711.0,1,1,305.4994,339.6689,34.16950000000003,fnsz,-294.5006,5.49939999999998,,False,False,False
train,aaaaajfq,aaaaajfq_s010_t003,676.0,1,1,344.1817,360.5987,16.41700000000003,cpsz,-255.81830000000002,44.18169999999998,,False,False,False
train,aaaaajfq,aaaaajfq_s010_t004,613.0,1,1,233.0145,252.0502,19.03569999999999,cpsz,-366.9855,-66.9855,,False,False,False
train,aaaaajfq,aaaaajfq_s011_t001,483.0,1,1,119.03,187.3625,68.33250000000001,gnsz,-480.97,-180.97,,False,False,False
train,aaaaajfq,aaaaajfq_s011_t002,824.0,1,1,306.7575,382.97,76.21250000000003,gnsz,-293.2425,6.757499999999993,,False,False,False
train,aaaaajfq,aaaaajfq_s011_t004,395.0,1,1,120.02,166.06,46.040000000000006,gnsz,-479.98,-179.98000000000002,,False,False,False
train,aaaaajfq,aaaaajfq_s011_t005,564.0,1,1,256.1225,290.8018,34.67930000000001,gnsz,-343.8775,-43.8775,,False,False,False
train,aaaaajfq,aaaaajfq_s014_t001,972.0,3,1,16.103,39.008,22.905,fnsz,-583.897,-283.897,,False,False,False
train,aaaaajfq,aaaaajfq_s014_t001,972.0,3,2,372.0275,389.9275,17.900000000000034,fnsz,-227.97250000000003,72.02749999999997,39.008,False,True,False
train,aaaaajfq,aaaaajfq_s014_t001,972.0,3,3,577.11,601.0408,23.930799999999977,fnsz,-22.889999999999986,277.11,389.9275,False,True,False
train,aaaaajfq,aaaaajfq_s014_t002,753.0,1,1,578.06,607.8078,29.747800000000097,fnsz,-21.940000000000055,278.05999999999995,,False,False,False
train,aaaaajmr,aaaaajmr_s004_t000,1263.0,6,1,17.768,60.2346,42.4666,cpsz,-582.232,-282.23199999999997,,False,False,False
train,aaaaajmr,aaaaajmr_s004_t000,1263.0,6,2,234.3033,311.2452,76.9419,cpsz,-365.69669999999996,-65.69669999999999,60.2346,False,True,False
train,aaaaajmr,aaaaajmr_s004_t000,1263.0,6,3,449.8708,528.2927,78.4219,cpsz,-150.12920000000003,149.87079999999997,311.2452,False,True,False
train,aaaaajmr,aaaaajmr_s004_t000,1263.0,6,4,655.9462,753.2397,97.2935,cpsz,55.946199999999976,355.9462,528.2927,True,True,False
train,aaaaajmr,aaaaajmr_s004_t000,1263.0,6,5,875.228,957.88,82.65200000000004,cpsz,275.22799999999995,575.228,753.2397,True,True,False
train,aaaaajmr,aaaaajmr_s004_t000,1263.0,6,6,1120.0,1170.552,50.55199999999991,cpsz,520.0,820.0,957.88,True,True,False
train,aaaaajmr,aaaaajmr_s006_t000,612.0,3,1,1.0,124.1055,123.1055,cpsz,-599.0,-299.0,,False,False,False
train,aaaaajmr,aaaaajmr_s006_t000,612.0,3,2,197.5742,363.6484,166.0742,cpsz,-402.4258,-102.42580000000001,124.1055,False,True,False
train,aaaaajmr,aaaaajmr_s006_t000,612.0,3,3,391.9453,592.2578,200.3125,cpsz,-208.05470000000003,91.94529999999997,363.6484,False,True,False
train,aaaaajmr,aaaaajmr_s006_t001,601.0,1,1,215.9063,321.9648,106.05850000000004,cpsz,-384.0937,-84.09370000000001,,False,False,False
train,aaaaajns,aaaaajns_s002_t000,601.0,2,1,218.24,303.64,85.39999999999998,fnsz,-381.76,-81.75999999999999,,False,False,False
train,aaaaajns,aaaaajns_s002_t000,601.0,2,2,440.66,580.0577,139.39769999999993,fnsz,-159.33999999999997,140.66000000000003,303.64,False,True,False
train,aaaaajns,aaaaajns_s002_t001,601.0,2,1,150.5472,251.5738,101.0266,fnsz,-449.4528,-149.4528,,False,False,False
train,aaaaajns,aaaaajns_s002_t001,601.0,2,2,410.8146,511.0522,100.23760000000004,fnsz|gnsz,-189.18540000000002,110.81459999999998,251.5738,False,True,False
train,aaaaajns,aaaaajns_s002_t003,183.0,1,1,139.968,182.0,42.03200000000001,fnsz,-460.03200000000004,-160.032,,False,False,False
train,aaaaajns,aaaaajns_s003_t001,601.0,1,1,166.732,229.632,62.900000000000006,fnsz,-433.26800000000003,-133.268,,False,False,False
train,aaaaajns,aaaaajns_s005_t000,601.0,1,1,575.36,600.0,24.639999999999983,fnsz,-24.639999999999986,275.36,,False,False,False
train,aaaaajnw,aaaaajnw_s002_t000,241.0,1,1,1.028,239.824,238.796,fnsz,-598.972,-298.972,,False,False,False
train,aaaaajoe,aaaaajoe_s001_t001,1165.0,1,1,304.0936,342.0033,37.90970000000004,fnsz,-295.9064,4.093599999999981,,False,False,False
train,aaaaajoh,aaaaajoh_s008_t002,218.0,1,1,93.3991,124.0346,30.635499999999997,fnsz,-506.6009,-206.6009,,False,False,False
train,aaaaajoh,aaaaajoh_s008_t003,220.0,1,1,96.0312,116.9008,20.869600000000005,fnsz,-503.9688,-203.9688,,False,False,False
train,aaaaajoh,aaaaajoh_s008_t004,217.0,1,1,93.2219,116.0758,22.8539,fnsz,-506.7781,-206.7781,,False,False,False
train,aaaaajoh,aaaaajoh_s008_t005,243.0,1,1,96.0312,131.0591,35.0279,fnsz,-503.9688,-203.9688,,False,False,False
train,aaaaajoh,aaaaajoh_s008_t006,225.0,1,1,98.5385,134.0123,35.47380000000001,fnsz,-501.4615,-201.4615,,False,False,False
train,aaaaajqh,aaaaajqh_s001_t000,1211.0,7,1,1.0,3.728,2.728,fnsz,-599.0,-299.0,,False,False,False
train,aaaaajqh,aaaaajqh_s001_t000,1211.0,7,2,13.552,62.852,49.3,fnsz,-586.448,-286.448,3.728,False,True,False
train,aaaaajqh,aaaaajqh_s001_t000,1211.0,7,3,333.8065,423.7951,89.98859999999996,fnsz,-266.1935,33.80650000000003,62.852,False,True,False
train,aaaaajqh,aaaaajqh_s001_t000,1211.0,7,4,582.38,691.4208,109.0408,fnsz,-17.620000000000005,282.38,423.7951,False,True,False
train,aaaaajqh,aaaaajqh_s001_t000,1211.0,7,5,710.8935,834.7725,123.87900000000002,fnsz,110.89350000000002,410.8935,691.4208,True,True,False
train,aaaaajqh,aaaaajqh_s001_t000,1211.0,7,6,986.62,993.42,6.7999999999999545,fnsz,386.62,686.62,834.7725,True,True,False
train,aaaaajqh,aaaaajqh_s001_t000,1211.0,7,7,1008.152,1112.2768,104.12480000000004,fnsz,408.15200000000004,708.152,993.42,True,True,False
train,aaaaajqo,aaaaajqo_s007_t001,755.0,12,1,1.0,11.044,10.044,gnsz,-599.0,-299.0,,False,False,False
train,aaaaajqo,aaaaajqo_s007_t001,755.0,12,2,14.172,41.9959,27.8239,gnsz,-585.828,-285.828,11.044,False,True,False
train,aaaaajqo,aaaaajqo_s007_t001,755.0,12,3,48.3,96.932,48.632000000000005,gnsz,-551.7,-251.7,41.9959,False,True,False
train,aaaaajqo,aaaaajqo_s007_t001,755.0,12,4,118.204,260.04,141.836,gnsz,-481.796,-181.796,96.932,False,True,False
train,aaaaajqo,aaaaajqo_s007_t001,755.0,12,5,267.684,285.932,18.24799999999999,gnsz,-332.316,-32.315999999999974,260.04,False,True,False
train,aaaaajqo,aaaaajqo_s007_t001,755.0,12,6,296.952,323.172,26.220000000000027,gnsz,-303.048,-3.048000000000002,285.932,False,True,False
train,aaaaajqo,aaaaajqo_s007_t001,755.0,12,7,400.8246,539.912,139.08740000000006,gnsz,-199.17540000000002,100.82459999999998,323.172,False,True,False
train,aaaaajqo,aaaaajqo_s007_t001,755.0,12,8,545.148,558.048,12.899999999999975,gnsz,-54.851999999999975,245.14800000000002,539.912,False,True,False
train,aaaaajqo,aaaaajqo_s007_t001,755.0,12,9,561.668,576.084,14.41599999999994,gnsz,-38.331999999999994,261.668,558.048,False,True,False
train,aaaaajqo,aaaaajqo_s007_t001,755.0,12,10,617.24,633.772,16.53200000000004,gnsz,17.24000000000001,317.24,576.084,True,True,False
train,aaaaajqo,aaaaajqo_s007_t001,755.0,12,11,640.016,655.568,15.55200000000002,gnsz,40.01599999999996,340.01599999999996,633.772,True,True,False
train,aaaaajqo,aaaaajqo_s007_t001,755.0,12,12,744.9918,754.0,9.008199999999988,gnsz,144.9918,444.9918,655.568,True,True,False
train,aaaaajqo,aaaaajqo_s008_t000,154.0,5,1,1.0,23.4739,22.4739,gnsz,-599.0,-299.0,,False,False,False
train,aaaaajqo,aaaaajqo_s008_t000,154.0,5,2,28.076,72.184,44.108,gnsz,-571.924,-271.924,23.4739,False,True,False
train,aaaaajqo,aaaaajqo_s008_t000,154.0,5,3,78.312,100.944,22.632000000000005,gnsz,-521.688,-221.688,72.184,False,True,False
train,aaaaajqo,aaaaajqo_s008_t000,154.0,5,4,105.172,118.056,12.884,gnsz,-494.828,-194.828,100.944,False,True,False
train,aaaaajqo,aaaaajqo_s008_t000,154.0,5,5,129.584,151.972,22.388000000000005,gnsz,-470.416,-170.416,118.056,False,True,False
train,aaaaajqo,aaaaajqo_s008_t001,1077.0,15,1,1.0,41.0157,40.0157,fnsz|gnsz,-599.0,-299.0,,False,False,False
train,aaaaajqo,aaaaajqo_s008_t001,1077.0,15,2,53.536,61.072,7.536000000000001,gnsz,-546.4639999999999,-246.464,41.0157,False,True,False
train,aaaaajqo,aaaaajqo_s008_t001,1077.0,15,3,69.812,90.156,20.34400000000001,gnsz,-530.188,-230.188,61.072,False,True,False
train,aaaaajqo,aaaaajqo_s008_t001,1077.0,15,4,98.04,105.456,7.415999999999997,gnsz,-501.96,-201.95999999999998,90.156,False,True,False
train,aaaaajqo,aaaaajqo_s008_t001,1077.0,15,5,110.188,122.876,12.688000000000002,gnsz,-489.812,-189.812,105.456,False,True,False
train,aaaaajqo,aaaaajqo_s008_t001,1077.0,15,6,126.452,175.44,48.988,gnsz,-473.548,-173.548,122.876,False,True,False
train,aaaaajqo,aaaaajqo_s008_t001,1077.0,15,7,186.096,202.588,16.49199999999999,gnsz,-413.904,-113.904,175.44,False,True,False
train,aaaaajqo,aaaaajqo_s008_t001,1077.0,15,8,234.188,247.924,13.736000000000018,gnsz,-365.812,-65.81200000000001,202.588,False,True,False
train,aaaaajqo,aaaaajqo_s008_t001,1077.0,15,9,252.084,263.884,11.800000000000011,gnsz,-347.916,-47.916,247.924,False,True,False
train,aaaaajqo,aaaaajqo_s008_t001,1077.0,15,10,268.516,327.628,59.111999999999966,gnsz,-331.484,-31.48399999999998,263.884,False,True,False
train,aaaaajqo,aaaaajqo_s008_t001,1077.0,15,11,352.94,398.056,45.11599999999999,gnsz,-247.06,52.94,327.628,False,True,False
train,aaaaajqo,aaaaajqo_s008_t001,1077.0,15,12,411.028,443.116,32.087999999999965,gnsz,-188.97199999999998,111.02800000000002,398.056,False,True,False
train,aaaaajqo,aaaaajqo_s008_t001,1077.0,15,13,455.34,514.256,58.916,gnsz,-144.66000000000003,155.33999999999997,443.116,False,True,False
train,aaaaajqo,aaaaajqo_s008_t001,1077.0,15,14,519.696,557.1,37.404,gnsz,-80.30399999999997,219.69600000000003,514.256,False,True,False
train,aaaaajqo,aaaaajqo_s008_t001,1077.0,15,15,581.932,678.932,97.0,gnsz,-18.067999999999984,281.932,557.1,False,True,False
train,aaaaajqo,aaaaajqo_s010_t000,648.0,1,1,285.0859,375.1875,90.10160000000002,cpsz,-314.9141,-14.914100000000019,,False,False,False
train,aaaaajqo,aaaaajqo_s010_t001,601.0,1,1,291.668,367.3516,75.68360000000001,cpsz,-308.332,-8.331999999999994,,False,False,False
train,aaaaajqo,aaaaajqo_s010_t006,733.0,1,1,248.4766,333.4883,85.01169999999999,cpsz,-351.52340000000004,-51.52340000000001,,False,False,False
train,aaaaajqo,aaaaajqo_s010_t011,365.0,1,1,56.0535,318.1925,262.139,fnsz,-543.9465,-243.94650000000001,,False,False,False
train,aaaaajqo,aaaaajqo_s011_t000,621.0,1,1,300.0469,370.8438,70.7969,cpsz,-299.9531,0.046899999999993724,,False,False,False
train,aaaaajqo,aaaaajqo_s011_t001,890.0,2,1,573.0547,638.0742,65.0195,cpsz,-26.945299999999975,273.0547,,False,False,False
train,aaaaajqo,aaaaajqo_s011_t001,890.0,2,2,695.9297,788.75,92.82029999999996,cpsz,95.92970000000003,395.9297,638.0742,True,True,False
train,aaaaajqo,aaaaajqo_s011_t017,601.0,1,1,276.8945,359.5859,82.69139999999999,cpsz,-323.1055,-23.105500000000006,,False,False,False
train,aaaaajqo,aaaaajqo_s012_t000,486.0,1,1,180.0938,255.2383,75.14450000000002,cpsz,-419.9062,-119.90620000000001,,False,False,False
train,aaaaajqo,aaaaajqo_s012_t001,601.0,1,1,325.6445,418.5586,92.91410000000002,cpsz,-274.3555,25.644499999999994,,False,False,False
train,aaaaajqo,aaaaajqo_s012_t002,601.0,1,1,256.8164,340.0339,83.21750000000003,cpsz,-343.1836,-43.18360000000001,,False,False,False
train,aaaaajqo,aaaaajqo_s012_t003,601.0,1,1,382.793,482.1573,99.3643,cpsz,-217.207,82.793,,False,False,False
train,aaaaajqo,aaaaajqo_s012_t005,862.0,1,1,285.3633,380.0742,94.71090000000004,cpsz,-314.6367,-14.636700000000019,,False,False,False
train,aaaaajqo,aaaaajqo_s019_t001,1211.0,34,1,1.0,7.6804,6.6804,fnsz,-599.0,-299.0,,False,False,False
train,aaaaajqo,aaaaajqo_s019_t001,1211.0,34,2,11.1543,31.8102,20.6559,fnsz,-588.8457,-288.8457,7.6804,False,True,False
train,aaaaajqo,aaaaajqo_s019_t001,1211.0,34,3,41.9756,55.2286,13.253,fnsz,-558.0244,-258.0244,31.8102,False,True,False
train,aaaaajqo,aaaaajqo_s019_t001,1211.0,34,4,61.3862,88.4173,27.031099999999995,fnsz,-538.6138,-238.6138,55.2286,False,True,False
train,aaaaajqo,aaaaajqo_s019_t001,1211.0,34,5,101.0055,122.6759,21.6704,fnsz,-498.9945,-198.99450000000002,88.4173,False,True,False
train,aaaaajqo,aaaaajqo_s019_t001,1211.0,34,6,130.0622,184.7625,54.7003,fnsz,-469.93780000000004,-169.9378,122.6759,False,True,False
train,aaaaajqo,aaaaajqo_s019_t001,1211.0,34,7,203.2919,217.97,14.6781,fnsz,-396.7081,-96.7081,184.7625,False,True,False
train,aaaaajqo,aaaaajqo_s019_t001,1211.0,34,8,221.3385,236.6437,15.305199999999983,fnsz,-378.6615,-78.66149999999999,217.97,False,True,False
train,aaaaajqo,aaaaajqo_s019_t001,1211.0,34,9,245.2564,263.1865,17.93010000000001,fnsz,-354.7436,-54.74359999999999,236.6437,False,True,False
train,aaaaajqo,aaaaajqo_s019_t001,1211.0,34,10,269.4739,286.8213,17.347399999999993,fnsz,-330.5261,-30.526099999999985,263.1865,False,True,False
train,aaaaajqo,aaaaajqo_s019_t001,1211.0,34,11,301.0,316.5882,15.588199999999972,fnsz,-299.0,1.0,286.8213,False,True,False
train,aaaaajqo,aaaaajqo_s019_t001,1211.0,34,12,332.1265,373.0644,40.93789999999996,fnsz,-267.8735,32.12650000000002,316.5882,False,True,False
train,aaaaajqo,aaaaajqo_s019_t001,1211.0,34,13,388.6859,402.7481,14.062200000000018,fnsz,-211.3141,88.6859,373.0644,False,True,False
train,aaaaajqo,aaaaajqo_s019_t001,1211.0,34,14,413.9356,439.3407,25.405100000000004,fnsz,-186.06439999999998,113.93560000000002,402.7481,False,True,False
train,aaaaajqo,aaaaajqo_s019_t001,1211.0,34,15,451.7381,465.2786,13.540500000000009,fnsz,-148.26190000000003,151.73809999999997,439.3407,False,True,False
train,aaaaajqo,aaaaajqo_s019_t001,1211.0,34,16,477.9145,496.2553,18.3408,fnsz,-122.08550000000002,177.91449999999998,465.2786,False,True,False
train,aaaaajqo,aaaaajqo_s019_t001,1211.0,34,17,506.455,525.7225,19.267499999999984,fnsz,-93.54500000000002,206.45499999999998,496.2553,False,True,False
train,aaaaajqo,aaaaajqo_s019_t001,1211.0,34,18,544.6127,565.7392,21.126499999999965,fnsz,-55.38729999999998,244.61270000000002,525.7225,False,True,False
train,aaaaajqo,aaaaajqo_s019_t001,1211.0,34,19,581.0166,634.9734,53.95679999999993,fnsz,-18.98339999999996,281.01660000000004,565.7392,False,True,False
train,aaaaajqo,aaaaajqo_s019_t001,1211.0,34,20,662.9978,679.8513,16.853500000000054,fnsz,62.997799999999984,362.9978,634.9734,True,True,False
train,aaaaajqo,aaaaajqo_s019_t001,1211.0,34,21,696.4717,710.5838,14.11209999999994,fnsz,96.47170000000006,396.47170000000006,679.8513,True,True,False
train,aaaaajqo,aaaaajqo_s019_t001,1211.0,34,22,721.5938,757.6482,36.05439999999999,fnsz,121.59379999999999,421.5938,710.5838,True,True,False
train,aaaaajqo,aaaaajqo_s019_t001,1211.0,34,23,766.5494,786.0166,19.467200000000048,fnsz,166.5494,466.5494,757.6482,True,True,False
train,aaaaajqo,aaaaajqo_s019_t001,1211.0,34,24,792.5427,813.1698,20.62710000000004,fnsz,192.54269999999997,492.54269999999997,786.0166,True,True,False
train,aaaaajqo,aaaaajqo_s019_t001,1211.0,34,25,823.2974,845.5061,22.208699999999908,fnsz,223.29740000000004,523.2974,813.1698,True,True,False
train,aaaaajqo,aaaaajqo_s019_t001,1211.0,34,26,854.6737,877.8313,23.1576,fnsz,254.67370000000005,554.6737,845.5061,True,True,False
train,aaaaajqo,aaaaajqo_s019_t001,1211.0,34,27,883.3696,902.6426,19.273000000000025,fnsz,283.3696,583.3696,877.8313,True,True,False
train,aaaaajqo,aaaaajqo_s019_t001,1211.0,34,28,917.4428,971.5494,54.10659999999996,fnsz,317.44280000000003,617.4428,902.6426,True,True,False
train,aaaaajqo,aaaaajqo_s019_t001,1211.0,34,29,984.3241,1013.8524,29.528299999999945,fnsz,384.32410000000004,684.3241,971.5494,True,True,False
train,aaaaajqo,aaaaajqo_s019_t001,1211.0,34,30,1023.6526,1042.0988,18.446199999999976,fnsz,423.6526,723.6526,1013.8524,True,True,False
train,aaaaajqo,aaaaajqo_s019_t001,1211.0,34,31,1049.3851,1067.2597,17.8746000000001,fnsz,449.38509999999997,749.3851,1042.0988,True,True,False
train,aaaaajqo,aaaaajqo_s019_t001,1211.0,34,32,1080.5616,1146.3163,65.75469999999996,fnsz,480.5616,780.5616,1067.2597,True,True,False
train,aaaaajqo,aaaaajqo_s019_t001,1211.0,34,33,1156.6326,1182.5538,25.9212,fnsz,556.6325999999999,856.6325999999999,1146.3163,True,True,False
train,aaaaajqo,aaaaajqo_s019_t001,1211.0,34,34,1191.3274,1208.4029,17.075500000000147,fnsz,591.3273999999999,891.3273999999999,1182.5538,True,True,False
train,aaaaajqo,aaaaajqo_s020_t000,321.0,9,1,1.0,3.1021,2.1021,fnsz,-599.0,-299.0,,False,False,False
train,aaaaajqo,aaaaajqo_s020_t000,321.0,9,2,19.968,36.304,16.336000000000002,fnsz,-580.032,-280.032,3.1021,False,True,False
train,aaaaajqo,aaaaajqo_s020_t000,321.0,9,3,47.22,65.205,17.985,fnsz,-552.78,-252.78,36.304,False,True,False
train,aaaaajqo,aaaaajqo_s020_t000,321.0,9,4,95.0,142.1028,47.1028,fnsz,-505.0,-205.0,65.205,False,True,False
train,aaaaajqo,aaaaajqo_s020_t000,321.0,9,5,153.26,170.8468,17.58680000000001,fnsz,-446.74,-146.74,142.1028,False,True,False
train,aaaaajqo,aaaaajqo_s020_t000,321.0,9,6,180.0327,196.7357,16.703000000000003,fnsz,-419.9673,-119.9673,170.8468,False,True,False
train,aaaaajqo,aaaaajqo_s020_t000,321.0,9,7,204.1935,250.992,46.79849999999999,fnsz,-395.8065,-95.8065,196.7357,False,True,False
train,aaaaajqo,aaaaajqo_s020_t000,321.0,9,8,267.048,294.376,27.32799999999997,fnsz,-332.952,-32.952,250.992,False,True,False
train,aaaaajqo,aaaaajqo_s020_t000,321.0,9,9,299.152,313.316,14.163999999999987,fnsz,-300.848,-0.8480000000000132,294.376,False,True,False
train,aaaaajqo,aaaaajqo_s020_t001,141.0,1,1,24.54,68.8842,44.34420000000001,fnsz,-575.46,-275.46,,False,False,False
train,aaaaajqu,aaaaajqu_s003_t002,985.0,1,1,55.06,153.15,98.09,tcsz,-544.94,-244.94,,False,False,False
train,aaaaajqu,aaaaajqu_s003_t003,1025.0,1,1,117.0225,213.42,96.3975,tcsz,-482.9775,-182.97750000000002,,False,False,False
train,aaaaajrj,aaaaajrj_s005_t007,1203.0,1,1,523.4258,566.701,43.27520000000004,cpsz,-76.57420000000002,223.42579999999998,,False,False,False
train,aaaaajsl,aaaaajsl_s001_t000,896.0,6,1,1.068,42.4083,41.3403,gnsz,-598.932,-298.932,,False,False,False
train,aaaaajsl,aaaaajsl_s001_t000,896.0,6,2,52.328,139.344,87.01599999999999,gnsz,-547.672,-247.672,42.4083,False,True,False
train,aaaaajsl,aaaaajsl_s001_t000,896.0,6,3,339.176,389.96,50.78399999999999,gnsz,-260.824,39.17599999999999,139.344,False,True,False
train,aaaaajsl,aaaaajsl_s001_t000,896.0,6,4,508.04,568.344,60.30400000000003,gnsz,-91.95999999999998,208.04000000000002,389.96,False,True,False
train,aaaaajsl,aaaaajsl_s001_t000,896.0,6,5,583.256,638.344,55.08800000000008,gnsz,-16.744000000000028,283.256,568.344,False,True,False
train,aaaaajsl,aaaaajsl_s001_t000,896.0,6,6,655.928,751.792,95.86400000000005,gnsz,55.928,355.928,638.344,True,True,False
train,aaaaajsl,aaaaajsl_s001_t001,601.0,5,1,17.972,93.276,75.304,fnsz,-582.028,-282.028,,False,False,False
train,aaaaajsl,aaaaajsl_s001_t001,601.0,5,2,140.76,212.288,71.52800000000002,fnsz,-459.24,-159.24,93.276,False,True,False
train,aaaaajsl,aaaaajsl_s001_t001,601.0,5,3,291.068,328.788,37.72000000000003,fnsz,-308.932,-8.932000000000016,212.288,False,True,False
train,aaaaajsl,aaaaajsl_s001_t001,601.0,5,4,395.132,430.192,35.06,gnsz,-204.868,95.132,328.788,False,True,False
train,aaaaajsl,aaaaajsl_s001_t001,601.0,5,5,507.416,544.22,36.80400000000003,fnsz,-92.584,207.416,430.192,False,True,False
train,aaaaajsl,aaaaajsl_s001_t002,601.0,5,1,46.948,88.316,41.368,fnsz,-553.052,-253.052,,False,False,False
train,aaaaajsl,aaaaajsl_s001_t002,601.0,5,2,162.322,208.408,46.085999999999984,fnsz,-437.678,-137.678,88.316,False,True,False
train,aaaaajsl,aaaaajsl_s001_t002,601.0,5,3,289.24,327.116,37.875999999999976,fnsz,-310.76,-10.759999999999991,208.408,False,True,False
train,aaaaajsl,aaaaajsl_s001_t002,601.0,5,4,418.284,456.504,38.22000000000003,fnsz,-181.716,118.28399999999999,327.116,False,True,False
train,aaaaajsl,aaaaajsl_s001_t002,601.0,5,5,588.156,599.872,11.716000000000008,fnsz,-11.844000000000051,288.15599999999995,456.504,False,True,False
train,aaaaajsl,aaaaajsl_s002_t000,333.0,3,1,28.0256,64.1014,36.0758,fnsz,-571.9744,-271.9744,,False,False,False
train,aaaaajsl,aaaaajsl_s002_t000,333.0,3,2,126.0223,171.5964,45.57409999999999,fnsz,-473.9777,-173.9777,64.1014,False,True,False
train,aaaaajsl,aaaaajsl_s002_t000,333.0,3,3,267.2887,288.7603,21.471599999999967,fnsz,-332.7113,-32.711299999999994,171.5964,False,True,False
train,aaaaakbz,aaaaakbz_s001_t000,1442.0,2,1,439.12,505.12,66.0,cpsz,-160.88,139.12,,False,False,False
train,aaaaakbz,aaaaakbz_s001_t000,1442.0,2,2,940.02,1058.0458,118.02580000000012,cpsz,340.02,640.02,505.12,True,True,False
train,aaaaakbz,aaaaakbz_s003_t003,301.0,1,1,1.0,31.0033,30.0033,cpsz,-599.0,-299.0,,False,False,False
train,aaaaakbz,aaaaakbz_s003_t004,331.0,1,1,1.0,23.2163,22.2163,cpsz,-599.0,-299.0,,False,False,False
train,aaaaakfo,aaaaakfo_s001_t000,1598.0,6,1,76.044,198.0922,122.0482,cpsz,-523.956,-223.95600000000002,,False,False,False
train,aaaaakfo,aaaaakfo_s001_t000,1598.0,6,2,311.156,398.0422,86.88619999999997,cpsz,-288.844,11.156000000000006,198.0922,False,True,False
train,aaaaakfo,aaaaakfo_s001_t000,1598.0,6,3,504.8824,545.0554,40.172999999999945,cpsz,-95.11759999999998,204.88240000000002,398.0422,False,True,False
train,aaaaakfo,aaaaakfo_s001_t000,1598.0,6,4,576.8011,618.1887,41.38760000000002,cpsz,-23.19889999999998,276.8011,545.0554,False,True,False
train,aaaaakfo,aaaaakfo_s001_t000,1598.0,6,5,761.188,1358.788,597.6,cpsz,161.188,461.188,618.1887,True,True,False
train,aaaaakfo,aaaaakfo_s001_t000,1598.0,6,6,1408.516,1575.816,167.29999999999995,cpsz,808.5160000000001,1108.516,1358.788,True,True,False
train,aaaaakfo,aaaaakfo_s001_t001,557.0,3,1,1.0,43.9827,42.9827,cpsz,-599.0,-299.0,,False,False,False
train,aaaaakfo,aaaaakfo_s001_t001,557.0,3,2,47.04,358.84,311.79999999999995,cpsz,-552.96,-252.96,43.9827,False,True,False
train,aaaaakfo,aaaaakfo_s001_t001,557.0,3,3,410.216,549.116,138.89999999999998,cpsz,-189.784,110.21600000000001,358.84,False,True,False
train,aaaaakfo,aaaaakfo_s004_t000,1200.0,4,1,1.0,53.8984,52.8984,cpsz,-599.0,-299.0,,False,False,False
train,aaaaakfo,aaaaakfo_s004_t000,1200.0,4,2,83.2891,789.8792,706.5901,cpsz,-516.7109,-216.71089999999998,53.8984,False,True,False
train,aaaaakfo,aaaaakfo_s004_t000,1200.0,4,3,832.4023,985.3901,152.9878,cpsz,232.40229999999997,532.4023,789.8792,True,True,False
train,aaaaakfo,aaaaakfo_s004_t000,1200.0,4,4,1083.2266,1189.0498,105.82320000000004,cpsz,483.22659999999996,783.2266,985.3901,True,True,False
train,aaaaakfo,aaaaakfo_s004_t001,601.0,2,1,1.0,391.1133,390.1133,cpsz,-599.0,-299.0,,False,False,False
train,aaaaakfo,aaaaakfo_s004_t001,601.0,2,2,477.0352,596.1617,119.12650000000002,cpsz,-122.96480000000003,177.03519999999997,391.1133,False,True,False
train,aaaaakfo,aaaaakfo_s004_t002,601.0,2,1,1.0,534.0503,533.0503,cpsz,-599.0,-299.0,,False,False,False
train,aaaaakfo,aaaaakfo_s004_t002,601.0,2,2,549.9492,600.0,50.05079999999998,cpsz,-50.05079999999998,249.94920000000002,534.0503,False,True,False
train,aaaaakfo,aaaaakfo_s004_t003,601.0,2,1,1.0,373.4502,372.4502,cpsz,-599.0,-299.0,,False,False,False
train,aaaaakfo,aaaaakfo_s004_t003,601.0,2,2,421.7725,533.576,111.80350000000004,cpsz,-178.22750000000002,121.77249999999998,373.4502,False,True,False
train,aaaaakfo,aaaaakfo_s004_t004,514.0,2,1,1.0,265.3945,264.3945,cpsz,-599.0,-299.0,,False,False,False
train,aaaaakfo,aaaaakfo_s004_t004,514.0,2,2,304.9336,513.0,208.0664,cpsz,-295.0664,4.933600000000013,265.3945,False,True,False
train,aaaaakfo,aaaaakfo_s005_t000,1200.0,1,1,1.0,1189.0273,1188.0273,cpsz,-599.0,-299.0,,False,False,False
train,aaaaakfo,aaaaakfo_s005_t001,601.0,2,1,1.0,243.0664,242.0664,cpsz,-599.0,-299.0,,False,False,False
train,aaaaakfo,aaaaakfo_s005_t001,601.0,2,2,259.0664,599.9727,340.90630000000004,cpsz,-340.9336,-40.93360000000001,243.0664,False,True,False
train,aaaaakfo,aaaaakfo_s005_t002,601.0,3,1,1.0,100.0764,99.0764,cpsz,-599.0,-299.0,,False,False,False
train,aaaaakfo,aaaaakfo_s005_t002,601.0,3,2,150.9805,255.9805,105.0,cpsz,-449.0195,-149.0195,100.0764,False,True,False
train,aaaaakfo,aaaaakfo_s005_t002,601.0,3,3,405.9531,498.1107,92.1576,cpsz,-194.0469,105.9531,255.9805,False,True,False
train,aaaaakfo,aaaaakfo_s007_t000,451.0,2,1,49.9767,210.984,161.0073,cpsz,-550.0233,-250.0233,,False,False,False
train,aaaaakfo,aaaaakfo_s007_t000,451.0,2,2,325.976,450.0,124.024,cpsz,-274.024,25.976,210.984,False,True,False
train,aaaaakfo,aaaaakfo_s007_t001,241.0,1,1,90.996,178.0204,87.0244,cpsz,-509.004,-209.00400000000002,,False,False,False
train,aaaaakfo,aaaaakfo_s007_t002,300.0,2,1,1.0,65.956,64.956,cpsz,-599.0,-299.0,,False,False,False
train,aaaaakfo,aaaaakfo_s007_t002,300.0,2,2,190.996,299.0,108.004,cpsz,-409.004,-109.00399999999999,65.956,False,True,False
train,aaaaakfo,aaaaakfo_s007_t003,601.0,3,1,75.968,198.968,123.0,cpsz,-524.032,-224.03199999999998,,False,False,False
train,aaaaakfo,aaaaakfo_s007_t003,601.0,3,2,208.04,360.9889,152.9489,cpsz,-391.96000000000004,-91.96000000000001,198.968,False,True,False
train,aaaaakfo,aaaaakfo_s007_t003,601.0,3,3,544.94,600.0,55.059999999999945,cpsz,-55.059999999999945,244.94000000000005,360.9889,False,True,False
train,aaaaakfo,aaaaakfo_s007_t004,300.0,2,1,1.0,32.94,31.94,cpsz,-599.0,-299.0,,False,False,False
train,aaaaakfo,aaaaakfo_s007_t004,300.0,2,2,145.0222,260.032,115.00979999999998,cpsz,-454.9778,-154.9778,32.94,False,True,False
train,aaaaakfo,aaaaakfo_s007_t005,601.0,3,1,3.944,268.944,265.0,cpsz,-596.056,-296.056,,False,False,False
train,aaaaakfo,aaaaakfo_s007_t005,601.0,3,2,294.968,394.968,100.0,cpsz,-305.032,-5.031999999999982,268.944,False,True,False
train,aaaaakfo,aaaaakfo_s007_t005,601.0,3,3,435.956,600.0,164.04399999999998,cpsz,-164.04399999999998,135.95600000000002,394.968,False,True,False
train,aaaaakfo,aaaaakfo_s007_t006,164.0,1,1,1.0,163.0,162.0,cpsz,-599.0,-299.0,,False,False,False
train,aaaaakfo,aaaaakfo_s008_t001,830.0,2,1,242.7962,339.2611,96.4649,cpsz,-357.2038,-57.2038,,False,False,False
train,aaaaakfo,aaaaakfo_s008_t001,830.0,2,2,378.6242,494.2054,115.58120000000002,cpsz,-221.37580000000003,78.62419999999997,339.2611,False,True,False
train,aaaaakfo,aaaaakfo_s008_t002,601.0,7,1,13.1051,71.035,57.9299,cpsz,-586.8949,-286.8949,,False,False,False
train,aaaaakfo,aaaaakfo_s008_t002,601.0,7,2,205.0,330.9634,125.96339999999998,cpsz,-395.0,-95.0,71.035,False,True,False
train,aaaaakfo,aaaaakfo_s008_t002,601.0,7,3,404.258,412.3312,8.073200000000043,cpsz,-195.74200000000002,104.25799999999998,330.9634,False,True,False
train,aaaaakfo,aaaaakfo_s008_t002,601.0,7,4,417.7787,442.4602,24.68149999999997,cpsz,-182.22129999999999,117.77870000000001,412.3312,False,True,False
train,aaaaakfo,aaaaakfo_s008_t002,601.0,7,5,453.3057,476.379,23.073300000000017,cpsz,-146.6943,153.3057,442.4602,False,True,False
train,aaaaakfo,aaaaakfo_s008_t002,601.0,7,6,487.0987,502.9984,15.899699999999996,cpsz,-112.90129999999999,187.0987,476.379,False,True,False
train,aaaaakfo,aaaaakfo_s008_t002,601.0,7,7,561.2468,599.8296,38.58280000000002,cpsz,-38.75319999999999,261.2468,502.9984,False,True,False
train,aaaaakkm,aaaaakkm_s003_t000,345.0,1,1,74.0075,115.99,41.9825,cpsz,-525.9925000000001,-225.9925,,False,False,False
train,aaaaakkm,aaaaakkm_s003_t003,374.0,1,1,66.1718,134.9475,68.77569999999999,cpsz,-533.8282,-233.82819999999998,,False,False,False
train,aaaaakkm,aaaaakkm_s003_t005,425.0,1,1,68.0475,160.12,92.0725,cpsz,-531.9525,-231.9525,,False,False,False
train,aaaaakkm,aaaaakkm_s007_t002,601.0,1,1,335.9922,571.3125,235.3203,fnsz,-264.0078,35.992200000000025,,False,False,False
train,aaaaakkm,aaaaakkm_s007_t003,601.0,1,1,139.0313,356.9844,217.9531,fnsz,-460.9687,-160.9687,,False,False,False
train,aaaaakkm,aaaaakkm_s007_t005,601.0,3,1,67.9492,146.9141,78.96489999999999,fnsz,-532.0508,-232.05079999999998,,False,False,False
train,aaaaakkm,aaaaakkm_s007_t005,601.0,3,2,348.0625,473.9492,125.88670000000002,fnsz,-251.9375,48.0625,146.9141,False,True,False
train,aaaaakkm,aaaaakkm_s007_t005,601.0,3,3,536.1055,600.0,63.8945,fnsz,-63.894499999999994,236.1055,473.9492,False,True,False
train,aaaaakkm,aaaaakkm_s009_t000,1313.0,11,1,71.98,88.08,16.099999999999994,fnsz,-528.02,-228.01999999999998,,False,False,False
train,aaaaakkm,aaaaakkm_s009_t000,1313.0,11,2,127.12,140.02,12.900000000000006,fnsz,-472.88,-172.88,88.08,False,True,False
train,aaaaakkm,aaaaakkm_s009_t000,1313.0,11,3,178.88,194.98,16.099999999999994,fnsz,-421.12,-121.12,140.02,False,True,False
train,aaaaakkm,aaaaakkm_s009_t000,1313.0,11,4,486.872,523.972,37.099999999999966,fnsz,-113.12799999999999,186.872,194.98,False,True,False
train,aaaaakkm,aaaaakkm_s009_t000,1313.0,11,5,594.772,627.172,32.39999999999998,fnsz,-5.227999999999952,294.77200000000005,523.972,False,True,False
train,aaaaakkm,aaaaakkm_s009_t000,1313.0,11,6,645.12,668.02,22.899999999999977,fnsz,45.120000000000005,345.12,627.172,True,True,False
train,aaaaakkm,aaaaakkm_s009_t000,1313.0,11,7,705.992,715.992,10.0,fnsz,105.99199999999996,405.99199999999996,668.02,True,True,False
train,aaaaakkm,aaaaakkm_s009_t000,1313.0,11,8,893.12,903.12,10.0,fnsz,293.12,593.12,715.992,True,True,False
train,aaaaakkm,aaaaakkm_s009_t000,1313.0,11,9,1008.648,1030.048,21.399999999999977,fnsz,408.648,708.648,903.12,True,True,False
train,aaaaakkm,aaaaakkm_s009_t000,1313.0,11,10,1136.04,1166.04,30.0,fnsz,536.04,836.04,1030.048,True,True,False
train,aaaaakkm,aaaaakkm_s009_t000,1313.0,11,11,1246.952,1285.952,39.0,fnsz,646.952,946.952,1166.04,True,True,False
train,aaaaakmu,aaaaakmu_s001_t000,1337.0,1,1,33.9282,86.043,52.11480000000001,fnsz,-566.0718,-266.0718,,False,False,False
train,aaaaakmx,aaaaakmx_s003_t000,1268.0,2,1,193.9956,205.1973,11.201700000000017,fnsz,-406.00440000000003,-106.0044,,False,False,False
train,aaaaakmx,aaaaakmx_s003_t000,1268.0,2,2,220.0357,230.0022,9.966499999999996,fnsz,-379.9643,-79.96430000000001,205.1973,False,True,False
train,aaaaakoe,aaaaakoe_s001_t001,1201.0,7,1,1.0,32.1156,31.1156,fnsz,-599.0,-299.0,,False,False,False
train,aaaaakoe,aaaaakoe_s001_t001,1201.0,7,2,150.016,229.2979,79.28190000000001,fnsz,-449.98400000000004,-149.984,32.1156,False,True,False
train,aaaaakoe,aaaaakoe_s001_t001,1201.0,7,3,339.78,419.9534,80.17340000000002,fnsz,-260.22,39.77999999999997,229.2979,False,True,False
train,aaaaakoe,aaaaakoe_s001_t001,1201.0,7,4,499.592,565.104,65.51200000000006,fnsz,-100.40800000000002,199.59199999999998,419.9534,False,True,False
train,aaaaakoe,aaaaakoe_s001_t001,1201.0,7,5,668.024,754.256,86.23199999999997,fnsz,68.024,368.024,565.104,True,True,False
train,aaaaakoe,aaaaakoe_s001_t001,1201.0,7,6,995.952,1058.076,62.12400000000002,fnsz,395.952,695.952,754.256,True,True,False
train,aaaaakoe,aaaaakoe_s001_t001,1201.0,7,7,1180.452,1199.94,19.488000000000056,fnsz,580.452,880.452,1058.076,True,True,False
train,aaaaakoe,aaaaakoe_s002_t000,300.0,1,1,145.2422,218.1211,72.87890000000002,cpsz,-454.7578,-154.7578,,False,False,False
train,aaaaakoe,aaaaakoe_s002_t001,300.0,1,1,92.0313,160.8828,68.8515,cpsz,-507.9687,-207.9687,,False,False,False
train,aaaaakoe,aaaaakoe_s002_t002,918.0,5,1,1.0,80.1758,79.1758,cpsz,-599.0,-299.0,,False,False,False
train,aaaaakoe,aaaaakoe_s002_t002,918.0,5,2,110.2422,207.8164,97.5742,cpsz,-489.7578,-189.7578,80.1758,False,True,False
train,aaaaakoe,aaaaakoe_s002_t002,918.0,5,3,235.834,329.8242,93.99020000000002,cpsz,-364.166,-64.166,207.8164,False,True,False
train,aaaaakoe,aaaaakoe_s002_t002,918.0,5,4,406.9023,476.1484,69.24609999999996,cpsz,-193.09769999999997,106.90230000000003,329.8242,False,True,False
train,aaaaakoe,aaaaakoe_s002_t002,918.0,5,5,884.1563,917.0,32.84370000000001,cpsz,284.1563,584.1563,476.1484,True,True,False
train,aaaaakoe,aaaaakoe_s002_t003,300.0,2,1,104.0703,171.6953,67.625,cpsz,-495.9297,-195.9297,,False,False,False
train,aaaaakoe,aaaaakoe_s002_t003,300.0,2,2,253.0117,298.6758,45.66409999999999,cpsz,-346.9883,-46.98830000000001,171.6953,False,True,False
train,aaaaakoe,aaaaakoe_s002_t006,300.0,1,1,122.0273,187.0,64.9727,cpsz,-477.97270000000003,-177.9727,,False,False,False
train,aaaaakoe,aaaaakoe_s004_t001,680.0,1,1,301.9023,367.8916,65.98929999999996,cpsz,-298.0977,1.9023000000000252,,False,False,False
train,aaaaakpu,aaaaakpu_s002_t001,293.0,1,1,53.4225,120.525,67.1025,gnsz,-546.5775,-246.5775,,False,False,False
train,aaaaakpu,aaaaakpu_s002_t002,355.0,1,1,110.645,181.0825,70.43750000000001,gnsz,-489.355,-189.35500000000002,,False,False,False
train,aaaaakqu,aaaaakqu_s002_t001,1025.0,2,1,141.0475,200.045,58.99749999999997,fnsz,-458.9525,-158.9525,,False,False,False
train,aaaaakqu,aaaaakqu_s002_t001,1025.0,2,2,208.8575,246.31,37.452500000000015,fnsz,-391.14250000000004,-91.14250000000001,200.045,False,True,False
train,aaaaaksg,aaaaaksg_s001_t001,742.0,9,1,24.252,114.852,90.6,fnsz,-575.748,-275.748,,False,False,False
train,aaaaaksg,aaaaaksg_s001_t001,742.0,9,2,119.028,175.0535,56.02550000000001,fnsz,-480.972,-180.97199999999998,114.852,False,True,False
train,aaaaaksg,aaaaaksg_s001_t001,742.0,9,3,293.764,407.9059,114.14189999999996,fnsz,-306.236,-6.23599999999999,175.0535,False,True,False
train,aaaaaksg,aaaaaksg_s001_t001,742.0,9,4,411.624,459.824,48.19999999999999,fnsz,-188.37599999999998,111.62400000000002,407.9059,False,True,False
train,aaaaaksg,aaaaaksg_s001_t001,742.0,9,5,464.616,488.8413,24.225300000000004,fnsz,-135.38400000000001,164.61599999999999,459.824,False,True,False
train,aaaaaksg,aaaaaksg_s001_t001,742.0,9,6,493.04,532.2258,39.18580000000003,fnsz,-106.95999999999998,193.04000000000002,488.8413,False,True,False
train,aaaaaksg,aaaaaksg_s001_t001,742.0,9,7,537.432,578.076,40.644000000000005,fnsz,-62.567999999999984,237.43200000000002,532.2258,False,True,False
train,aaaaaksg,aaaaaksg_s001_t001,742.0,9,8,611.304,641.9048,30.60080000000005,fnsz,11.303999999999974,311.304,578.076,True,True,False
train,aaaaaksg,aaaaaksg_s001_t001,742.0,9,9,646.912,699.7451,52.833099999999945,fnsz,46.912000000000035,346.91200000000003,641.9048,True,True,False
train,aaaaaksg,aaaaaksg_s001_t002,839.0,3,1,348.06,376.9662,28.906200000000013,fnsz,-251.94,48.06,,False,False,False
train,aaaaaksg,aaaaaksg_s001_t002,839.0,3,2,482.132,500.532,18.399999999999977,fnsz,-117.868,182.132,376.9662,False,True,False
train,aaaaaksg,aaaaaksg_s001_t002,839.0,3,3,733.18,753.1,19.920000000000076,fnsz,133.17999999999995,433.17999999999995,500.532,True,True,False
train,aaaaaksg,aaaaaksg_s002_t000,601.0,4,1,1.0,25.625,24.625,fnsz,-599.0,-299.0,,False,False,False
train,aaaaaksg,aaaaaksg_s002_t000,601.0,4,2,105.9688,204.5313,98.5625,fnsz,-494.0312,-194.0312,25.625,False,True,False
train,aaaaaksg,aaaaaksg_s002_t000,601.0,4,3,292.7852,415.1602,122.375,fnsz,-307.2148,-7.214800000000025,204.5313,False,True,False
train,aaaaaksg,aaaaaksg_s002_t000,601.0,4,4,475.2344,562.0586,86.82419999999996,fnsz,-124.7656,175.2344,415.1602,False,True,False
train,aaaaaksg,aaaaaksg_s002_t001,601.0,6,1,1.0,12.0078,11.0078,fnsz,-599.0,-299.0,,False,False,False
train,aaaaaksg,aaaaaksg_s002_t001,601.0,6,2,56.0078,108.0117,52.0039,fnsz,-543.9922,-243.9922,12.0078,False,True,False
train,aaaaaksg,aaaaaksg_s002_t001,601.0,6,3,214.0547,226.0273,11.9726,fnsz,-385.9453,-85.9453,108.0117,False,True,False
train,aaaaaksg,aaaaaksg_s002_t001,601.0,6,4,265.6914,322.7148,57.02340000000004,fnsz,-334.3086,-34.30860000000001,226.0273,False,True,False
train,aaaaaksg,aaaaaksg_s002_t001,601.0,6,5,403.2383,463.0039,59.765600000000006,fnsz,-196.76170000000002,103.23829999999998,322.7148,False,True,False
train,aaaaaksg,aaaaaksg_s002_t001,601.0,6,6,536.3203,552.4414,16.12110000000007,fnsz,-63.679700000000025,236.32029999999997,463.0039,False,True,False
train,aaaaaksg,aaaaaksg_s002_t002,601.0,3,1,173.543,236.082,62.53899999999999,fnsz,-426.457,-126.457,,False,False,False
train,aaaaaksg,aaaaaksg_s002_t002,601.0,3,2,339.5977,359.5664,19.968700000000013,fnsz,-260.4023,39.597699999999975,236.082,False,True,False
train,aaaaaksg,aaaaaksg_s002_t002,601.0,3,3,483.0547,560.043,76.98829999999998,fnsz,-116.94529999999997,183.05470000000003,359.5664,False,True,False
train,aaaaaksh,aaaaaksh_s003_t000,601.0,1,1,1.0,599.8487,598.8487,fnsz,-599.0,-299.0,,False,False,False
train,aaaaaksh,aaaaaksh_s003_t002,601.0,3,1,31.535,102.2596,70.72460000000001,fnsz,-568.465,-268.465,,False,False,False
train,aaaaaksh,aaaaaksh_s003_t002,601.0,3,2,265.5414,309.9204,44.37899999999996,fnsz,-334.4586,-34.45859999999999,102.2596,False,True,False
train,aaaaaksh,aaaaaksh_s003_t002,601.0,3,3,536.699,581.0303,44.331300000000056,fnsz,-63.301000000000045,236.69899999999996,309.9204,False,True,False
train,aaaaaksh,aaaaaksh_s003_t003,601.0,1,1,160.8599,223.6704,62.81049999999999,fnsz,-439.14009999999996,-139.1401,,False,False,False
train,aaaaaksh,aaaaaksh_s004_t000,601.0,2,1,310.9579,370.1725,59.21460000000002,fnsz,-289.0421,10.957899999999995,,False,False,False
train,aaaaaksh,aaaaaksh_s004_t000,601.0,2,2,568.0842,600.0,31.91579999999999,fnsz,-31.91579999999999,268.0842,370.1725,False,True,False
train,aaaaaksh,aaaaaksh_s004_t001,601.0,1,1,149.2735,205.2342,55.96069999999997,fnsz,-450.7265,-150.7265,,False,False,False
train,aaaaaksh,aaaaaksh_s004_t002,601.0,1,1,294.4656,335.6508,41.18520000000001,fnsz,-305.5344,-5.534400000000005,,False,False,False
train,aaaaaksh,aaaaaksh_s005_t002,601.0,1,1,571.4278,600.0,28.572199999999956,cpsz,-28.572199999999953,271.42780000000005,,False,False,False
train,aaaaaksh,aaaaaksh_s005_t003,601.0,1,1,354.5526,396.4951,41.9425,cpsz,-245.44740000000002,54.552599999999984,,False,False,False
train,aaaaalak,aaaaalak_s002_t000,1485.0,3,1,401.8926,429.2215,27.328899999999976,fnsz,-198.10739999999998,101.89260000000002,,False,False,False
train,aaaaalak,aaaaalak_s002_t000,1485.0,3,2,883.0,929.2483,46.24829999999997,fnsz,283.0,583.0,429.2215,True,True,False
train,aaaaalak,aaaaalak_s002_t000,1485.0,3,3,1382.0537,1439.396,57.34230000000002,fnsz,782.0536999999999,1082.0537,929.2483,True,True,False
train,aaaaalaw,aaaaalaw_s003_t000,1558.0,1,1,650.3862,709.9867,59.60050000000001,fnsz,50.38620000000003,350.38620000000003,,True,False,True
train,aaaaalfs,aaaaalfs_s001_t000,1207.0,1,1,865.0078,959.5156,94.50779999999996,fnsz,265.0078,565.0078,,True,False,True
train,aaaaalfs,aaaaalfs_s002_t000,1739.0,1,1,994.1348,1070.1678,76.0329999999999,fnsz,394.13480000000004,694.1348,,True,False,True
train,aaaaalfs,aaaaalfs_s002_t001,601.0,1,1,441.2422,564.9973,123.75509999999996,fnsz,-158.75779999999997,141.24220000000003,,False,False,False
train,aaaaalfs,aaaaalfs_s002_t002,601.0,4,1,72.0354,109.8164,37.781000000000006,fnsz,-527.9646,-227.96460000000002,,False,False,False
train,aaaaalfs,aaaaalfs_s002_t002,601.0,4,2,252.2773,298.6953,46.41799999999998,fnsz,-347.72270000000003,-47.7227,109.8164,False,True,False
train,aaaaalfs,aaaaalfs_s002_t002,601.0,4,3,394.1337,427.8281,33.69440000000003,fnsz,-205.86630000000002,94.13369999999998,298.6953,False,True,False
train,aaaaalfs,aaaaalfs_s002_t002,601.0,4,4,498.6968,509.2765,10.579700000000004,fnsz,-101.3032,198.6968,427.8281,False,True,False
train,aaaaalfs,aaaaalfs_s002_t003,601.0,2,1,120.1953,132.1797,11.984399999999994,fnsz,-479.8047,-179.8047,,False,False,False
train,aaaaalfs,aaaaalfs_s002_t003,601.0,2,2,300.7782,354.3789,53.60069999999996,fnsz,-299.2218,0.7782000000000266,132.1797,False,True,False
train,aaaaalfs,aaaaalfs_s002_t004,601.0,3,1,325.75,342.1238,16.373800000000017,fnsz,-274.25,25.75,,False,False,False
train,aaaaalfs,aaaaalfs_s002_t004,601.0,3,2,406.9766,418.0113,11.034699999999988,fnsz,-193.02339999999998,106.97660000000002,342.1238,False,True,False
train,aaaaalfs,aaaaalfs_s002_t004,601.0,3,3,465.7148,506.0039,40.28909999999996,fnsz,-134.28519999999997,165.71480000000003,418.0113,False,True,False
train,aaaaalfs,aaaaalfs_s002_t005,601.0,1,1,90.9453,132.7461,41.80080000000001,fnsz,-509.0547,-209.0547,,False,False,False
train,aaaaalfs,aaaaalfs_s004_t000,1448.0,2,1,57.508,129.428,71.91999999999999,fnsz,-542.492,-242.492,,False,False,False
train,aaaaalfs,aaaaalfs_s004_t000,1448.0,2,2,757.912,881.604,123.692,fnsz,157.91200000000003,457.91200000000003,129.428,True,False,True
train,aaaaalhf,aaaaalhf_s001_t000,1376.0,2,1,433.172,553.172,120.0,fnsz,-166.82799999999997,133.17200000000003,,False,False,False
train,aaaaalhf,aaaaalhf_s001_t000,1376.0,2,2,1195.444,1291.972,96.52800000000002,fnsz,595.444,895.444,553.172,True,False,True
train,aaaaalmx,aaaaalmx_s002_t002,1800.0,1,1,51.0752,114.7201,63.6449,gnsz,-548.9248,-248.9248,,False,False,False
train,aaaaalnt,aaaaalnt_s001_t000,1082.0,5,1,267.0533,364.0566,97.00330000000002,fnsz,-332.9467,-32.94670000000002,,False,False,False
train,aaaaalnt,aaaaalnt_s001_t000,1082.0,5,2,459.273,526.9756,67.70259999999996,fnsz,-140.72699999999998,159.27300000000002,364.0566,False,True,False
train,aaaaalnt,aaaaalnt_s001_t000,1082.0,5,3,592.0477,749.2619,157.2142,fnsz,-7.952300000000037,292.04769999999996,526.9756,False,True,False
train,aaaaalnt,aaaaalnt_s001_t000,1082.0,5,4,887.9845,982.1021,94.11759999999992,fnsz,287.9845,587.9845,749.2619,True,True,False
train,aaaaalnt,aaaaalnt_s001_t000,1082.0,5,5,1059.0821,1080.7248,21.64269999999988,fnsz,459.0821000000001,759.0821000000001,982.1021,True,True,False
train,aaaaalnt,aaaaalnt_s001_t001,1371.0,5,1,19.8391,97.2531,77.414,fnsz,-580.1609,-280.1609,,False,False,False
train,aaaaalnt,aaaaalnt_s001_t001,1371.0,5,2,413.0444,475.3363,62.2919,fnsz,-186.9556,113.0444,97.2531,False,True,False
train,aaaaalnt,aaaaalnt_s001_t001,1371.0,5,3,511.9023,631.8524,119.95009999999996,fnsz,-88.09769999999997,211.90230000000003,475.3363,False,True,False
train,aaaaalnt,aaaaalnt_s001_t001,1371.0,5,4,700.9501,760.1343,59.18420000000003,fnsz,100.95010000000002,400.9501,631.8524,True,True,False
train,aaaaalnt,aaaaalnt_s001_t001,1371.0,5,5,851.9911,909.0111,57.020000000000095,fnsz,251.99109999999996,551.9911,760.1343,True,True,False
train,aaaaalnt,aaaaalnt_s002_t001,360.0,3,1,51.57,94.0125,42.4425,fnsz,-548.43,-248.43,,False,False,False
train,aaaaalnt,aaaaalnt_s002_t001,360.0,3,2,164.6175,212.1606,47.54309999999998,fnsz,-435.3825,-135.3825,94.0125,False,True,False
train,aaaaalnt,aaaaalnt_s002_t001,360.0,3,3,295.919,359.0,63.08100000000002,fnsz,-304.081,-4.081000000000017,212.1606,False,True,False
train,aaaaalnt,aaaaalnt_s002_t002,435.0,3,1,106.12,160.35,54.22999999999999,fnsz,-493.88,-193.88,,False,False,False
train,aaaaalnt,aaaaalnt_s002_t002,435.0,3,2,250.1,311.88,61.78,fnsz,-349.9,-49.900000000000006,160.35,False,True,False
train,aaaaalnt,aaaaalnt_s002_t002,435.0,3,3,330.3612,384.0457,53.684500000000014,fnsz,-269.6388,30.361199999999997,311.88,False,True,False
train,aaaaalnt,aaaaalnt_s002_t003,400.0,2,1,50.0325,106.925,56.8925,fnsz,-549.9675,-249.9675,,False,False,False
train,aaaaalnt,aaaaalnt_s002_t003,400.0,2,2,160.06,342.0613,182.0013,fnsz,-439.94,-139.94,106.925,False,True,False
train,aaaaalnx,aaaaalnx_s003_t000,300.0,1,1,1.0,299.0,298.0,fnsz,-599.0,-299.0,,False,False,False
train,aaaaalnx,aaaaalnx_s003_t006,300.0,1,1,157.0234,299.0,141.9766,fnsz,-442.97659999999996,-142.9766,,False,False,False
train,aaaaalpj,aaaaalpj_s002_t001,1503.0,1,1,601.72,757.9662,156.24619999999993,fnsz,1.7200000000000273,301.72,,True,False,True
train,aaaaalpn,aaaaalpn_s002_t001,300.0,1,1,118.9578,162.0544,43.09659999999998,fnsz,-481.0422,-181.04219999999998,,False,False,False
train,aaaaalpn,aaaaalpn_s002_t003,1269.0,2,1,379.7137,421.6282,41.914499999999975,fnsz,-220.28629999999998,79.71370000000002,,False,False,False
train,aaaaalpn,aaaaalpn_s002_t003,1269.0,2,2,928.909,960.1853,31.276299999999992,fnsz,328.909,628.909,421.6282,True,True,False
train,aaaaalpn,aaaaalpn_s002_t004,632.0,2,1,299.5194,331.495,31.975599999999982,fnsz,-300.4806,-0.48059999999998126,,False,False,False
train,aaaaalpn,aaaaalpn_s002_t004,632.0,2,2,536.9356,563.7614,26.82579999999996,fnsz,-63.06439999999998,236.93560000000002,331.495,False,True,False
train,aaaaalpn,aaaaalpn_s002_t006,642.0,1,1,299.9234,341.3607,41.43729999999999,fnsz,-300.0766,-0.0765999999999849,,False,False,False
train,aaaaaltg,aaaaaltg_s007_t000,305.0,1,1,89.9445,190.4661,100.5216,gnsz,-510.0555,-210.0555,,False,False,False
train,aaaaaltg,aaaaaltg_s007_t001,270.0,1,1,97.9412,178.485,80.54380000000002,gnsz,-502.0588,-202.05880000000002,,False,False,False
train,aaaaaltw,aaaaaltw_s001_t001,1274.0,4,1,1.0,14.9473,13.9473,fnsz,-599.0,-299.0,,False,False,False
train,aaaaaltw,aaaaaltw_s001_t001,1274.0,4,2,202.168,220.288,18.120000000000005,gnsz,-397.832,-97.832,14.9473,False,True,False
train,aaaaaltw,aaaaaltw_s001_t001,1274.0,4,3,465.468,496.436,30.96799999999996,gnsz,-134.53199999999998,165.46800000000002,220.288,False,True,False
train,aaaaaltw,aaaaaltw_s001_t001,1274.0,4,4,690.744,724.296,33.55200000000002,gnsz,90.74400000000003,390.744,496.436,True,True,False
train,aaaaalwv,aaaaalwv_s002_t000,101.0,3,1,36.45,45.02,8.57,cpsz,-563.55,-263.55,,False,False,False
train,aaaaalwv,aaaaalwv_s002_t000,101.0,3,2,65.0325,69.9875,4.954999999999998,cpsz,-534.9675,-234.9675,45.02,False,True,False
train,aaaaalwv,aaaaalwv_s002_t000,101.0,3,3,86.0,96.0325,10.0325,fnsz,-514.0,-214.0,69.9875,False,True,False
train,aaaaalwv,aaaaalwv_s003_t001,227.0,1,1,89.9963,95.92,5.923699999999997,fnsz,-510.0037,-210.00369999999998,,False,False,False
train,aaaaalzg,aaaaalzg_s005_t000,1241.0,1,1,325.9094,409.072,83.1626,fnsz,-274.0906,25.909400000000005,,False,False,False
train,aaaaamdo,aaaaamdo_s001_t000,1401.0,3,1,31.9922,50.9656,18.9734,gnsz,-568.0078,-268.0078,,False,False,False
train,aaaaamdo,aaaaamdo_s001_t000,1401.0,3,2,367.0044,385.1787,18.174300000000017,gnsz,-232.99560000000002,67.00439999999998,50.9656,False,True,False
train,aaaaamdo,aaaaamdo_s001_t000,1401.0,3,3,858.7381,874.6204,15.882299999999988,gnsz,258.73810000000003,558.7381,385.1787,True,True,False
train,aaaaamhb,aaaaamhb_s001_t002,1671.0,2,1,312.9589,464.2297,151.27079999999995,gnsz,-287.0411,12.958900000000028,,False,False,False
train,aaaaamhb,aaaaamhb_s001_t002,1671.0,2,2,882.9811,941.061,58.07990000000007,gnsz,282.98109999999997,582.9811,464.2297,True,True,False
train,aaaaamhb,aaaaamhb_s003_t000,1281.0,1,1,365.432,399.9778,34.545799999999986,fnsz,-234.56799999999998,65.43200000000002,,False,False,False
train,aaaaamhj,aaaaamhj_s001_t000,1622.0,11,1,115.2453,129.3442,14.0989,gnsz,-484.7547,-184.7547,,False,False,False
train,aaaaamhj,aaaaamhj_s001_t000,1622.0,11,2,221.3164,238.22,16.90360000000001,gnsz,-378.6836,-78.68360000000001,129.3442,False,True,False
train,aaaaamhj,aaaaamhj_s001_t000,1622.0,11,3,355.4013,369.3141,13.912800000000004,gnsz,-244.5987,55.40129999999999,238.22,False,True,False
train,aaaaamhj,aaaaamhj_s001_t000,1622.0,11,4,529.758,545.3517,15.593700000000013,gnsz,-70.24199999999996,229.75800000000004,369.3141,False,True,False
train,aaaaamhj,aaaaamhj_s001_t000,1622.0,11,5,643.8661,660.6235,16.757400000000075,gnsz,43.86609999999996,343.86609999999996,545.3517,True,True,False
train,aaaaamhj,aaaaamhj_s001_t000,1622.0,11,6,777.1941,789.6488,12.454700000000004,gnsz,177.19410000000005,477.19410000000005,660.6235,True,True,False
train,aaaaamhj,aaaaamhj_s001_t000,1622.0,11,7,930.9971,943.9877,12.990599999999972,gnsz,330.99710000000005,630.9971,789.6488,True,True,False
train,aaaaamhj,aaaaamhj_s001_t000,1622.0,11,8,1104.7813,1119.3287,14.547399999999923,gnsz,504.7813000000001,804.7813000000001,943.9877,True,True,False
train,aaaaamhj,aaaaamhj_s001_t000,1622.0,11,9,1268.7951,1281.105,12.30989999999997,gnsz,668.7951,968.7951,1119.3287,True,True,False
train,aaaaamhj,aaaaamhj_s001_t000,1622.0,11,10,1442.0043,1454.6329,12.628600000000006,gnsz,842.0043000000001,1142.0043,1281.105,True,True,False
train,aaaaamhj,aaaaamhj_s001_t000,1622.0,11,11,1539.1289,1553.0463,13.917400000000043,gnsz,939.1288999999999,1239.1289,1454.6329,True,True,False
train,aaaaamhj,aaaaamhj_s002_t000,169.0,1,1,0.0072,16.0608,16.0536,gnsz,-599.9928,-299.9928,,False,False,False
train,aaaaamhj,aaaaamhj_s002_t001,131.0,2,1,0.0297,10.0746,10.0449,gnsz,-599.9703,-299.9703,,False,False,False
train,aaaaamhj,aaaaamhj_s002_t001,131.0,2,2,91.5938,125.0406,33.4468,gnsz,-508.4062,-208.4062,10.0746,False,True,False
train,aaaaamhj,aaaaamhj_s002_t002,241.0,1,1,86.1738,97.5641,11.390299999999996,gnsz,-513.8262,-213.8262,,False,False,False
train,aaaaamhj,aaaaamhj_s002_t006,601.0,1,1,81.1521,259.0655,177.91339999999997,gnsz,-518.8479,-218.84789999999998,,False,False,False
train,aaaaamiz,aaaaamiz_s001_t000,1444.0,1,1,1077.9545,1159.3418,81.38729999999987,cpsz,477.95450000000005,777.9545,,True,False,True
train,aaaaammu,aaaaammu_s003_t001,696.0,1,1,304.6875,324.918,20.230500000000006,tnsz,-295.3125,4.6875,,False,False,False
train,aaaaammu,aaaaammu_s003_t002,1741.0,4,1,334.7773,361.6797,26.9024,tnsz,-265.2227,34.777300000000025,,False,False,False
train,aaaaammu,aaaaammu_s003_t002,1741.0,4,2,537.2461,561.7461,24.5,tnsz,-62.753900000000044,237.24609999999996,361.6797,False,True,False
train,aaaaammu,aaaaammu_s003_t002,1741.0,4,3,760.4883,781.5898,21.101499999999987,tnsz,160.48829999999998,460.4883,561.7461,True,True,False
train,aaaaammu,aaaaammu_s003_t002,1741.0,4,4,1216.1277,1242.2773,26.149599999999964,tnsz,616.1277,916.1277,781.5898,True,True,False
train,aaaaammu,aaaaammu_s003_t003,881.0,1,1,372.6289,394.7773,22.14840000000004,tnsz,-227.3711,72.62889999999999,,False,False,False
train,aaaaammu,aaaaammu_s003_t004,365.0,1,1,340.2344,357.2344,17.0,tnsz,-259.7656,40.234399999999994,,False,False,False
train,aaaaammu,aaaaammu_s003_t005,300.0,2,1,54.0423,71.5781,17.53580000000001,tnsz,-545.9577,-245.9577,,False,False,False
train,aaaaammu,aaaaammu_s003_t005,300.0,2,2,199.6328,217.6328,18.0,tnsz,-400.3672,-100.3672,71.5781,False,True,False
train,aaaaammu,aaaaammu_s003_t012,959.0,3,1,108.1277,125.5234,17.39569999999999,tnsz,-491.8723,-191.8723,,False,False,False
train,aaaaammu,aaaaammu_s003_t012,959.0,3,2,389.0478,406.5234,17.475599999999986,tnsz,-210.9522,89.0478,125.5234,False,True,False
train,aaaaammu,aaaaammu_s003_t012,959.0,3,3,801.9833,831.7891,29.805799999999977,tnsz,201.98329999999999,501.9833,406.5234,True,True,False
train,aaaaammu,aaaaammu_s004_t004,601.0,2,1,313.0,336.5,23.5,tnsz,-287.0,13.0,,False,False,False
train,aaaaammu,aaaaammu_s004_t004,601.0,2,2,515.5,541.8984,26.39840000000004,tnsz,-84.5,215.5,336.5,False,True,False
train,aaaaamoa,aaaaamoa_s001_t000,1262.0,10,1,45.5117,60.0233,14.5116,fnsz,-554.4883,-254.4883,,False,False,False
train,aaaaamoa,aaaaamoa_s001_t000,1262.0,10,2,72.9967,90.9767,17.97999999999999,fnsz,-527.0033,-227.0033,60.0233,False,True,False
train,aaaaamoa,aaaaamoa_s001_t000,1262.0,10,3,102.0211,109.0966,7.075499999999991,fnsz,-497.9789,-197.9789,90.9767,False,True,False
train,aaaaamoa,aaaaamoa_s001_t000,1262.0,10,4,119.8979,134.1,14.202099999999987,fnsz,-480.1021,-180.1021,109.0966,False,True,False
train,aaaaamoa,aaaaamoa_s001_t000,1262.0,10,5,154.0015,263.2516,109.2501,fnsz,-445.99850000000004,-145.9985,134.1,False,True,False
train,aaaaamoa,aaaaamoa_s001_t000,1262.0,10,6,358.0277,449.0655,91.0378,fnsz,-241.97230000000002,58.02769999999998,263.2516,False,True,False
train,aaaaamoa,aaaaamoa_s001_t000,1262.0,10,7,537.333,640.0755,102.74250000000006,fnsz,-62.66700000000003,237.33299999999997,449.0655,False,True,False
train,aaaaamoa,aaaaamoa_s001_t000,1262.0,10,8,701.8476,803.1643,101.31669999999995,fnsz,101.84760000000006,401.84760000000006,640.0755,True,True,False
train,aaaaamoa,aaaaamoa_s001_t000,1262.0,10,9,889.1421,1005.0133,115.87119999999992,fnsz,289.1421,589.1421,803.1643,True,True,False
train,aaaaamoa,aaaaamoa_s001_t000,1262.0,10,10,1076.3307,1180.0488,103.71810000000004,fnsz,476.3307,776.3307,1005.0133,True,True,False
train,aaaaamoa,aaaaamoa_s003_t010,300.0,1,1,82.4375,246.3047,163.8672,fnsz,-517.5625,-217.5625,,False,False,False
train,aaaaamoa,aaaaamoa_s006_t003,854.0,3,1,465.7617,488.2734,22.51169999999996,fnsz,-134.23829999999998,165.76170000000002,,False,False,False
train,aaaaamoa,aaaaamoa_s006_t003,854.0,3,2,495.4375,551.1328,55.695299999999975,fnsz,-104.5625,195.4375,488.2734,False,True,False
train,aaaaamoa,aaaaamoa_s006_t003,854.0,3,3,559.9726,582.2617,22.28909999999996,fnsz,-40.02739999999994,259.97260000000006,551.1328,False,True,False
train,aaaaamoa,aaaaamoa_s006_t004,767.0,2,1,279.75,300.8594,21.109399999999997,fnsz,-320.25,-20.25,,False,False,False
train,aaaaamoa,aaaaamoa_s006_t004,767.0,2,2,311.4375,356.0698,44.63229999999999,fnsz,-288.5625,11.4375,300.8594,False,True,False
train,aaaaamoa,aaaaamoa_s006_t008,1149.0,1,1,434.1836,634.8828,200.6992,fnsz,-165.8164,134.1836,,False,False,False
train,aaaaamoe,aaaaamoe_s002_t002,732.0,1,1,272.9648,294.9648,22.0,fnsz,-327.0352,-27.035199999999975,,False,False,False
train,aaaaampz,aaaaampz_s003_t003,726.0,3,1,1.0608,64.1436,63.082800000000006,spsz,-598.9392,-298.9392,,False,False,False
train,aaaaampz,aaaaampz_s003_t003,726.0,3,2,116.1547,209.9006,93.7459,spsz,-483.8453,-183.8453,64.1436,False,True,False
train,aaaaampz,aaaaampz_s003_t003,726.0,3,3,310.326,402.9448,92.61879999999996,spsz,-289.674,10.326000000000022,209.9006,False,True,False
train,aaaaampz,aaaaampz_s004_t000,959.0,2,1,63.1878,115.4309,52.24309999999999,spsz,-536.8122,-236.8122,,False,False,False
train,aaaaampz,aaaaampz_s004_t000,959.0,2,2,222.0552,267.8674,45.81219999999996,spsz,-377.9448,-77.94479999999999,115.4309,False,True,False
train,aaaaampz,aaaaampz_s004_t002,901.0,2,1,377.3204,460.326,83.00560000000002,spsz,-222.6796,77.3204,,False,False,False
train,aaaaampz,aaaaampz_s004_t002,901.0,2,2,564.1326,648.3978,84.26519999999994,spsz,-35.867399999999975,264.1326,460.326,False,True,False
train,aaaaampz,aaaaampz_s004_t003,794.0,1,1,306.0331,403.0939,97.06080000000004,spsz,-293.9669,6.03309999999999,,False,False,False
train,aaaaamqy,aaaaamqy_s002_t000,1386.0,1,1,219.0497,267.0497,47.99999999999997,fnsz,-380.95029999999997,-80.9503,,False,False,False
train,aaaaamtc,aaaaamtc_s001_t000,1531.0,2,1,292.9567,298.028,5.071300000000008,absz,-307.0433,-7.043299999999988,,False,False,False
train,aaaaamtc,aaaaamtc_s001_t000,1531.0,2,2,328.468,338.068,9.599999999999966,absz,-271.532,28.468000000000018,298.028,False,True,False
train,aaaaamtj,aaaaamtj_s001_t000,1248.0,1,1,1192.9014,1206.2671,13.36570000000006,cpsz,592.9014,892.9014,,True,False,True
train,aaaaamww,aaaaamww_s005_t000,601.0,1,1,93.9767,109.0655,15.088800000000006,fnsz,-506.0233,-206.0233,,False,False,False
train,aaaaamww,aaaaamww_s005_t001,601.0,1,1,149.9177,200.2153,50.29760000000002,fnsz,-450.08230000000003,-150.0823,,False,False,False
train,aaaaamyy,aaaaamyy_s001_t001,1258.0,1,1,870.7479,889.9748,19.2269,fnsz,270.74789999999996,570.7479,,True,False,True
train,aaaaanjw,aaaaanjw_s001_t000,1115.0,1,1,714.9256,755.5472,40.62159999999994,tnsz,114.92560000000003,414.92560000000003,,True,False,True
train,aaaaankc,aaaaankc_s004_t005,1483.0,1,1,698.4669,855.7376,157.27070000000003,fnsz,98.46690000000001,398.4669,,True,False,True
train,aaaaanme,aaaaanme_s006_t001,1094.0,1,1,516.2153,634.1865,117.97120000000008,fnsz|gnsz,-83.78470000000004,216.21529999999996,,False,False,False
train,aaaaanme,aaaaanme_s006_t002,1136.0,1,1,544.9767,664.1165,119.13979999999992,gnsz,-55.02329999999995,244.97670000000005,,False,False,False
train,aaaaanme,aaaaanme_s006_t003,997.0,1,1,467.0266,603.8979,136.87130000000008,gnsz,-132.97340000000003,167.02659999999997,,False,False,False
train,aaaaanme,aaaaanme_s006_t004,1089.0,1,1,430.0666,523.2741,93.20749999999998,gnsz,-169.9334,130.0666,,False,False,False
train,aaaaanme,aaaaanme_s006_t007,964.0,1,1,496.7314,618.1299,121.3985,gnsz,-103.26859999999999,196.7314,,False,False,False
train,aaaaanme,aaaaanme_s006_t021,1768.0,1,1,444.0111,462.0078,17.996699999999976,gnsz,-155.9889,144.0111,,False,False,False
train,aaaaanme,aaaaanme_s007_t001,1097.0,1,1,306.9634,320.4206,13.4572,fnsz,-293.0366,6.963399999999979,,False,False,False
train,aaaaanme,aaaaanme_s007_t002,964.0,3,1,320.0522,342.111,22.05879999999996,fnsz,-279.9478,20.052200000000028,,False,False,False
train,aaaaanme,aaaaanme_s007_t002,964.0,3,2,429.9878,445.7758,15.788000000000013,fnsz,-170.0122,129.9878,342.111,False,True,False
train,aaaaanme,aaaaanme_s007_t002,964.0,3,3,565.9046,586.9922,21.087600000000062,fnsz,-34.09540000000004,265.90459999999996,445.7758,False,True,False
train,aaaaanme,aaaaanme_s007_t015,723.0,1,1,225.0166,292.7558,67.73920000000001,fnsz,-374.98339999999996,-74.98339999999999,,False,False,False
train,aaaaanme,aaaaanme_s009_t001,609.0,1,1,152.0111,181.0344,29.02330000000001,fnsz,-447.9889,-147.9889,,False,False,False
train,aaaaanme,aaaaanme_s009_t002,501.0,1,1,90.0111,160.924,70.91290000000001,fnsz,-509.9889,-209.9889,,False,False,False
train,aaaaanme,aaaaanme_s009_t003,354.0,1,1,91.0322,159.7836,68.7514,fnsz|gnsz,-508.9678,-208.9678,,False,False,False
train,aaaaanme,aaaaanme_s010_t002,721.0,1,1,299.1243,375.879,76.75470000000001,fnsz,-300.8757,-0.8756999999999948,,False,False,False
train,aaaaanme,aaaaanme_s010_t003,931.0,1,1,465.1132,587.1698,122.0566,fnsz,-134.8868,165.1132,,False,False,False
train,aaaaanme,aaaaanme_s010_t004,752.0,1,1,305.899,415.5549,109.65589999999996,fnsz,-294.101,5.899000000000001,,False,False,False
train,aaaaanme,aaaaanme_s010_t006,687.0,1,1,301.3774,387.1432,85.76579999999996,fnsz,-298.6226,1.3774000000000228,,False,False,False
train,aaaaanme,aaaaanme_s010_t007,702.0,1,1,302.0488,401.4828,99.43399999999995,fnsz,-297.9512,2.0488000000000284,,False,False,False
train,aaaaanme,aaaaanme_s010_t009,683.0,1,1,293.4018,382.1976,88.79580000000004,fnsz,-306.5982,-6.59820000000002,,False,False,False
train,aaaaanme,aaaaanme_s010_t010,697.0,1,1,298.0721,396.3296,98.25750000000004,fnsz,-301.9279,-1.9279000000000224,,False,False,False
train,aaaaanme,aaaaanme_s010_t012,693.0,1,1,295.1387,395.5039,100.36520000000002,fnsz,-304.8613,-4.861300000000028,,False,False,False
train,aaaaanme,aaaaanme_s010_t013,693.0,1,1,299.1032,392.9656,93.86239999999998,fnsz,-300.8968,-0.8967999999999847,,False,False,False
train,aaaaanme,aaaaanme_s010_t014,703.0,1,1,303.9989,403.0166,99.0177,fnsz,-296.0011,3.998899999999992,,False,False,False
train,aaaaanme,aaaaanme_s010_t015,471.0,1,1,297.0122,399.4562,102.44400000000002,fnsz|gnsz,-302.9878,-2.987799999999993,,False,False,False
train,aaaaanme,aaaaanme_s012_t000,1283.0,1,1,411.0067,486.7669,75.7602,fnsz,-188.99329999999998,111.00670000000002,,False,False,False
train,aaaaanmh,aaaaanmh_s001_t001,412.0,1,1,105.44,410.968,305.528,fnsz,-494.56,-194.56,,False,False,False
train,aaaaanmh,aaaaanmh_s001_t002,715.0,1,1,1.072,326.8769,325.8049,fnsz,-598.928,-298.928,,False,False,False
train,aaaaanog,aaaaanog_s002_t000,1203.0,2,1,260.504,298.024,37.51999999999998,fnsz|gnsz,-339.496,-39.49599999999998,,False,False,False
train,aaaaanog,aaaaanog_s002_t000,1203.0,2,2,742.276,776.9983,34.72230000000002,gnsz,142.27599999999995,442.27599999999995,298.024,True,True,False
train,aaaaanog,aaaaanog_s004_t002,659.0,1,1,451.2656,536.0903,84.82469999999995,fnsz,-148.7344,151.2656,,False,False,False
train,aaaaanok,aaaaanok_s002_t000,1075.0,1,1,43.2819,60.0093,16.727400000000003,gnsz,-556.7181,-256.7181,,False,False,False
train,aaaaanrc,aaaaanrc_s004_t010,578.0,1,1,190.2422,307.4727,117.23049999999998,gnsz,-409.7578,-109.7578,,False,False,False
train,aaaaanwk,aaaaanwk_s004_t001,601.0,1,1,176.96,598.2752,421.3152,gnsz,-423.03999999999996,-123.03999999999999,,False,False,False
train,aaaaanwk,aaaaanwk_s004_t002,601.0,1,1,447.0033,522.7858,75.78249999999997,gnsz,-152.99669999999998,147.00330000000002,,False,False,False
train,aaaaaocy,aaaaaocy_s001_t002,1167.0,1,1,1.0,1122.0,1121.0,gnsz,-599.0,-299.0,,False,False,False
train,aaaaaogd,aaaaaogd_s005_t003,991.0,1,1,500.6515,573.706,73.05450000000002,fnsz|gnsz,-99.3485,200.6515,,False,False,False
train,aaaaaogd,aaaaaogd_s005_t005,846.0,1,1,361.8008,454.5703,92.7695,fnsz|gnsz,-238.19920000000002,61.80079999999998,,False,False,False
train,aaaaaogd,aaaaaogd_s005_t008,791.0,1,1,345.332,409.0842,63.752200000000016,fnsz|gnsz,-254.668,45.331999999999994,,False,False,False
train,aaaaaogd,aaaaaogd_s011_t001,920.0,1,1,272.9641,291.3164,18.35230000000001,fnsz,-327.0359,-27.035900000000026,,False,False,False
train,aaaaaogk,aaaaaogk_s001_t001,687.0,2,1,386.3,555.992,169.69199999999995,fnsz,-213.7,86.30000000000001,,False,False,False
train,aaaaaogk,aaaaaogk_s001_t001,687.0,2,2,642.0909,685.1818,43.09089999999992,fnsz,42.09090000000003,342.09090000000003,555.992,True,True,False
train,aaaaaogk,aaaaaogk_s002_t006,1118.0,3,1,487.0642,527.0531,39.98889999999994,fnsz,-112.93579999999997,187.06420000000003,,False,False,False
train,aaaaaogk,aaaaaogk_s002_t006,1118.0,3,2,860.0752,881.0376,20.9624,fnsz,260.0752,560.0752,527.0531,True,True,False
train,aaaaaogk,aaaaaogk_s002_t006,1118.0,3,3,905.0177,929.0221,24.004400000000032,fnsz,305.0177,605.0177,881.0376,True,True,False
train,aaaaaooo,aaaaaooo_s001_t000,1568.0,17,1,0.0,28.0752,28.0752,gnsz,-600.0,-300.0,,False,False,False
train,aaaaaooo,aaaaaooo_s001_t000,1568.0,17,2,58.781,79.9535,21.172500000000007,gnsz,-541.219,-241.219,28.0752,False,True,False
train,aaaaaooo,aaaaaooo_s001_t000,1568.0,17,3,88.0133,102.9801,14.966799999999992,gnsz,-511.9867,-211.98669999999998,79.9535,False,True,False
train,aaaaaooo,aaaaaooo_s001_t000,1568.0,17,4,108.0575,125.9779,17.9204,gnsz,-491.9425,-191.9425,102.9801,False,True,False
train,aaaaaooo,aaaaaooo_s001_t000,1568.0,17,5,139.0221,192.0531,53.031000000000006,gnsz,-460.9779,-160.9779,125.9779,False,True,False
train,aaaaaooo,aaaaaooo_s001_t000,1568.0,17,6,198.0752,214.0376,15.962400000000002,gnsz,-401.9248,-101.9248,192.0531,False,True,False
train,aaaaaooo,aaaaaooo_s001_t000,1568.0,17,7,221.0288,229.0597,8.030900000000003,gnsz,-378.9712,-78.97120000000001,214.0376,False,True,False
train,aaaaaooo,aaaaaooo_s001_t000,1568.0,17,8,259.0398,280.0465,21.006699999999967,gnsz,-340.9602,-40.960199999999986,229.0597,False,True,False
train,aaaaaooo,aaaaaooo_s001_t000,1568.0,17,9,348.0022,383.677,35.674800000000005,gnsz,-251.99779999999998,48.002200000000016,280.0465,False,True,False
train,aaaaaooo,aaaaaooo_s001_t000,1568.0,17,10,398.0487,410.9912,12.942499999999995,gnsz,-201.9513,98.0487,383.677,False,True,False
train,aaaaaooo,aaaaaooo_s001_t000,1568.0,17,11,463.0111,471.042,8.030899999999974,gnsz,-136.9889,163.0111,410.9912,False,True,False
train,aaaaaooo,aaaaaooo_s001_t000,1568.0,17,12,487.0111,496.0708,9.05970000000002,gnsz,-112.9889,187.0111,471.042,False,True,False
train,aaaaaooo,aaaaaooo_s001_t000,1568.0,17,13,544.0288,553.0553,9.026499999999942,gnsz,-55.97119999999995,244.02880000000005,496.0708,False,True,False
train,aaaaaooo,aaaaaooo_s001_t000,1568.0,17,14,696.9934,708.9735,11.980099999999991,gnsz,96.99339999999995,396.99339999999995,553.0553,True,True,False
train,aaaaaooo,aaaaaooo_s001_t000,1568.0,17,15,1379.0354,1392.0774,13.041999999999916,gnsz,779.0354,1079.0354,708.9735,True,False,True
train,aaaaaooo,aaaaaooo_s001_t000,1568.0,17,16,1396.0531,1415.0022,18.949099999999817,fnsz,796.0531000000001,1096.0531,1392.0774,True,True,False
train,aaaaaooo,aaaaaooo_s001_t000,1568.0,17,17,1551.0465,1567.4071,16.360599999999977,gnsz,951.0464999999999,1251.0465,1415.0022,True,True,False
train,aaaaaooo,aaaaaooo_s002_t000,300.0,1,1,166.4801,175.4735,8.993400000000008,gnsz,-433.5199,-133.5199,,False,False,False
train,aaaaaooo,aaaaaooo_s002_t005,601.0,1,1,292.0268,302.0714,10.044600000000004,gnsz,-307.9732,-7.97320000000002,,False,False,False
train,aaaaaooo,aaaaaooo_s002_t006,1099.0,2,1,521.019,550.0145,28.995499999999996,gnsz,-78.981,221.019,,False,False,False
train,aaaaaooo,aaaaaooo_s002_t006,1099.0,2,2,563.0558,575.0759,12.02010000000007,gnsz,-36.94420000000002,263.0558,550.0145,False,True,False
train,aaaaaooy,aaaaaooy_s003_t006,300.0,1,1,1.0,294.5504,293.5504,gnsz,-599.0,-299.0,,False,False,False
train,aaaaaoqf,aaaaaoqf_s001_t000,946.0,5,1,168.54,190.14,21.599999999999994,fnsz,-431.46000000000004,-131.46,,False,False,False
train,aaaaaoqf,aaaaaoqf_s001_t000,946.0,5,2,248.044,272.344,24.299999999999983,fnsz,-351.956,-51.95599999999999,190.14,False,True,False
train,aaaaaoqf,aaaaaoqf_s001_t000,946.0,5,3,416.8121,437.1625,20.35040000000004,fnsz,-183.1879,116.81209999999999,272.344,False,True,False
train,aaaaaoqf,aaaaaoqf_s001_t000,946.0,5,4,477.4362,501.04,23.603800000000035,fnsz,-122.56380000000001,177.43619999999999,437.1625,False,True,False
train,aaaaaoqf,aaaaaoqf_s001_t000,946.0,5,5,581.2483,611.256,30.0077,fnsz,-18.751700000000028,281.2483,501.04,False,True,False
train,aaaaaoqf,aaaaaoqf_s001_t001,558.0,6,1,42.156,58.956,16.800000000000004,fnsz,-557.844,-257.844,,False,False,False
train,aaaaaoqf,aaaaaoqf_s001_t001,558.0,6,2,105.052,132.152,27.09999999999998,fnsz,-494.948,-194.94799999999998,58.956,False,True,False
train,aaaaaoqf,aaaaaoqf_s001_t001,558.0,6,3,190.256,224.056,33.80000000000001,fnsz,-409.744,-109.744,132.152,False,True,False
train,aaaaaoqf,aaaaaoqf_s001_t001,558.0,6,4,272.56,294.06,21.5,fnsz,-327.44,-27.439999999999998,224.056,False,True,False
train,aaaaaoqf,aaaaaoqf_s001_t001,558.0,6,5,414.8523,443.26,28.407699999999977,fnsz,-185.1477,114.85230000000001,294.06,False,True,False
train,aaaaaoqf,aaaaaoqf_s001_t001,558.0,6,6,506.4362,525.244,18.807800000000043,fnsz,-93.56380000000001,206.43619999999999,443.26,False,True,False
train,aaaaaouk,aaaaaouk_s003_t001,1296.0,2,1,37.0128,58.1837,21.170900000000003,gnsz,-562.9872,-262.98720000000003,,False,False,False
train,aaaaaouk,aaaaaouk_s003_t001,1296.0,2,2,889.1376,910.0033,20.865699999999947,gnsz,289.1376,589.1376,58.1837,True,False,True
train,aaaaaouk,aaaaaouk_s007_t001,1384.0,1,1,653.9711,677.015,23.043900000000008,gnsz,53.97109999999998,353.9711,,True,False,True
train,aaaaaovk,aaaaaovk_s001_t000,894.0,28,1,11.9034,32.131,20.2276,gnsz,-588.0966,-288.0966,,False,False,False
train,aaaaaovk,aaaaaovk_s001_t000,894.0,28,2,52.8502,69.1376,16.287400000000005,gnsz,-547.1498,-247.1498,32.131,False,True,False
train,aaaaaovk,aaaaaovk_s001_t000,894.0,28,3,76.0122,92.1054,16.093199999999996,gnsz,-523.9878,-223.9878,69.1376,False,True,False
train,aaaaaovk,aaaaaovk_s001_t000,894.0,28,4,109.1221,125.9645,16.842399999999998,gnsz,-490.8779,-190.8779,92.1054,False,True,False
train,aaaaaovk,aaaaaovk_s001_t000,894.0,28,5,145.8935,157.7691,11.87560000000002,gnsz,-454.1065,-154.1065,125.9645,False,True,False
train,aaaaaovk,aaaaaovk_s001_t000,894.0,28,6,168.0155,180.1132,12.097700000000003,gnsz,-431.9845,-131.9845,157.7691,False,True,False
train,aaaaaovk,aaaaaovk_s001_t000,894.0,28,7,192.9145,206.7325,13.817999999999984,gnsz,-407.0855,-107.0855,180.1132,False,True,False
train,aaaaaovk,aaaaaovk_s001_t000,894.0,28,8,216.4162,229.8457,13.42949999999999,gnsz,-383.5838,-83.5838,206.7325,False,True,False
train,aaaaaovk,aaaaaovk_s001_t000,894.0,28,9,245.242,262.2786,17.036599999999993,gnsz,-354.75800000000004,-54.75800000000001,229.8457,False,True,False
train,aaaaaovk,aaaaaovk_s001_t000,894.0,28,10,270.8835,287.0877,16.204199999999958,gnsz,-329.1165,-29.116499999999974,262.2786,False,True,False
train,aaaaaovk,aaaaaovk_s001_t000,894.0,28,11,300.8657,315.0721,14.206399999999974,gnsz,-299.1343,0.8657000000000039,287.0877,False,True,False
train,aaaaaovk,aaaaaovk_s001_t000,894.0,28,12,339.8879,356.2586,16.3707,gnsz,-260.1121,39.8879,315.0721,False,True,False
train,aaaaaovk,aaaaaovk_s001_t000,894.0,28,13,370.1687,386.8169,16.648199999999974,gnsz,-229.8313,70.1687,356.2586,False,True,False
train,aaaaaovk,aaaaaovk_s001_t000,894.0,28,14,409.8424,422.3008,12.458399999999983,gnsz,-190.1576,109.8424,386.8169,False,True,False
train,aaaaaovk,aaaaaovk_s001_t000,894.0,28,15,432.879,448.9723,16.0933,gnsz,-167.12099999999998,132.87900000000002,422.3008,False,True,False
train,aaaaaovk,aaaaaovk_s001_t000,894.0,28,16,468.0755,482.0044,13.9289,gnsz,-131.92450000000002,168.07549999999998,448.9723,False,True,False
train,aaaaaovk,aaaaaovk_s001_t000,894.0,28,17,492.909,508.2808,15.371800000000007,gnsz,-107.09100000000001,192.909,482.0044,False,True,False
train,aaaaaovk,aaaaaovk_s001_t000,894.0,28,18,534.9223,546.0488,11.126500000000078,gnsz,-65.07770000000005,234.92229999999995,508.2808,False,True,False
train,aaaaaovk,aaaaaovk_s001_t000,894.0,28,19,558.1931,572.0666,13.873500000000035,gnsz,-41.80690000000004,258.19309999999996,546.0488,False,True,False
train,aaaaaovk,aaaaaovk_s001_t000,894.0,28,20,596.9656,609.7569,12.791299999999978,gnsz,-3.034400000000005,296.9656,572.0666,False,True,False
train,aaaaaovk,aaaaaovk_s001_t000,894.0,28,21,621.2198,636.7858,15.566000000000033,gnsz,21.219799999999964,321.21979999999996,609.7569,True,True,False
train,aaaaaovk,aaaaaovk_s001_t000,894.0,28,22,662.9656,676.4229,13.457300000000032,gnsz,62.965599999999995,362.9656,636.7858,True,True,False
train,aaaaaovk,aaaaaovk_s001_t000,894.0,28,23,697.7159,716.0566,18.34069999999997,gnsz,97.71590000000003,397.71590000000003,676.4229,True,True,False
train,aaaaaovk,aaaaaovk_s001_t000,894.0,28,24,732.1487,749.0189,16.870200000000068,gnsz,132.14869999999996,432.14869999999996,716.0566,True,True,False
train,aaaaaovk,aaaaaovk_s001_t000,894.0,28,25,761.1687,778.566,17.397300000000087,gnsz,161.16869999999994,461.16869999999994,749.0189,True,True,False
train,aaaaaovk,aaaaaovk_s001_t000,894.0,28,26,792.0844,807.9279,15.843500000000065,gnsz,192.08439999999996,492.08439999999996,778.566,True,True,False
train,aaaaaovk,aaaaaovk_s001_t000,894.0,28,27,822.6171,839.071,16.453899999999976,gnsz,222.61710000000005,522.6171,807.9279,True,True,False
train,aaaaaovk,aaaaaovk_s001_t000,894.0,28,28,853.081,869.6182,16.537199999999984,gnsz,253.08100000000002,553.081,839.071,True,True,False
train,aaaaaovk,aaaaaovk_s001_t001,1274.0,41,1,1.0,9.4988,8.4988,gnsz,-599.0,-299.0,,False,False,False
train,aaaaaovk,aaaaaovk_s001_t001,1274.0,41,2,35.9623,52.0555,16.093200000000003,gnsz,-564.0377,-264.0377,9.4988,False,True,False
train,aaaaaovk,aaaaaovk_s001_t001,1274.0,41,3,69.9556,90.0166,20.060999999999996,gnsz,-530.0444,-230.0444,52.0555,False,True,False
train,aaaaaovk,aaaaaovk_s001_t001,1274.0,41,4,98.1089,119.717,21.608099999999997,gnsz,-501.8911,-201.8911,90.0166,False,True,False
train,aaaaaovk,aaaaaovk_s001_t001,1274.0,41,5,132.8291,147.091,14.261899999999995,gnsz,-467.17089999999996,-167.1709,119.717,False,True,False
train,aaaaaovk,aaaaaovk_s001_t001,1274.0,41,6,162.9645,178.1143,15.1498,gnsz,-437.0355,-137.0355,147.091,False,True,False
train,aaaaaovk,aaaaaovk_s001_t001,1274.0,41,7,184.0719,206.7513,22.679399999999987,gnsz,-415.9281,-115.9281,178.1143,False,True,False
train,aaaaaovk,aaaaaovk_s001_t001,1274.0,41,8,215.5273,232.1785,16.651200000000017,gnsz,-384.47270000000003,-84.4727,206.7513,False,True,False
train,aaaaaovk,aaaaaovk_s001_t001,1274.0,41,9,246.0296,261.4783,15.448700000000002,gnsz,-353.97040000000004,-53.97040000000001,232.1785,False,True,False
train,aaaaaovk,aaaaaovk_s001_t001,1274.0,41,10,277.3293,294.4894,17.1601,gnsz,-322.6707,-22.67070000000001,261.4783,False,True,False
train,aaaaaovk,aaaaaovk_s001_t001,1274.0,41,11,299.7123,315.716,16.00369999999998,gnsz,-300.2877,-0.28769999999997253,294.4894,False,True,False
train,aaaaaovk,aaaaaovk_s001_t001,1274.0,41,12,329.7216,347.2979,17.576300000000003,gnsz,-270.2784,29.721600000000024,315.716,False,True,False
train,aaaaaovk,aaaaaovk_s001_t001,1274.0,41,13,372.0981,386.4366,14.33850000000001,gnsz,-227.9019,72.09809999999999,347.2979,False,True,False
train,aaaaaovk,aaaaaovk_s001_t001,1274.0,41,14,398.2729,412.334,14.06110000000001,gnsz,-201.7271,98.27289999999999,386.4366,False,True,False
train,aaaaaovk,aaaaaovk_s001_t001,1274.0,41,15,428.9352,446.1415,17.2063,gnsz,-171.0648,128.9352,412.334,False,True,False
train,aaaaaovk,aaaaaovk_s001_t001,1274.0,41,16,452.3996,472.0111,19.611499999999975,gnsz,-147.60039999999998,152.39960000000002,446.1415,False,True,False
train,aaaaaovk,aaaaaovk_s001_t001,1274.0,41,17,484.9574,499.2035,14.246100000000013,gnsz,-115.0426,184.9574,472.0111,False,True,False
train,aaaaaovk,aaaaaovk_s001_t001,1274.0,41,18,516.7882,533.8557,17.067499999999995,gnsz,-83.21180000000004,216.78819999999996,499.2035,False,True,False
train,aaaaaovk,aaaaaovk_s001_t001,1274.0,41,19,548.1027,562.1175,14.014799999999925,gnsz,-51.89729999999997,248.10270000000003,533.8557,False,True,False
train,aaaaaovk,aaaaaovk_s001_t001,1274.0,41,20,574.0962,589.6374,15.541200000000003,gnsz,-25.903800000000047,274.09619999999995,562.1175,False,True,False
train,aaaaaovk,aaaaaovk_s001_t001,1274.0,41,21,606.9611,620.1434,13.182300000000057,gnsz,6.961099999999988,306.9611,589.6374,True,True,False
train,aaaaaovk,aaaaaovk_s001_t001,1274.0,41,22,633.6753,652.4542,18.77890000000002,gnsz,33.67529999999999,333.6753,620.1434,True,True,False
train,aaaaaovk,aaaaaovk_s001_t001,1274.0,41,23,665.9769,679.2054,13.228500000000054,gnsz,65.9769,365.9769,652.4542,True,True,False
train,aaaaaovk,aaaaaovk_s001_t001,1274.0,41,24,692.6688,709.1351,16.466299999999933,gnsz,92.66880000000003,392.66880000000003,679.2054,True,True,False
train,aaaaaovk,aaaaaovk_s001_t001,1274.0,41,25,746.2841,759.6027,13.31860000000006,gnsz,146.28409999999997,446.28409999999997,709.1351,True,True,False
train,aaaaaovk,aaaaaovk_s001_t001,1274.0,41,26,775.7791,796.9778,21.19870000000003,gnsz,175.77909999999997,475.77909999999997,759.6027,True,True,False
train,aaaaaovk,aaaaaovk_s001_t001,1274.0,41,27,805.7869,826.9578,21.170900000000078,gnsz,205.78689999999995,505.78689999999995,796.9778,True,True,False
train,aaaaaovk,aaaaaovk_s001_t001,1274.0,41,28,854.9256,866.1632,11.23759999999993,gnsz,254.92560000000003,554.9256,826.9578,True,True,False
train,aaaaaovk,aaaaaovk_s001_t001,1274.0,41,29,881.8635,897.374,15.51049999999998,gnsz,281.86350000000004,581.8635,866.1632,True,True,False
train,aaaaaovk,aaaaaovk_s001_t001,1274.0,41,30,909.8879,925.4262,15.53830000000005,gnsz,309.88789999999995,609.8879,897.374,True,True,False
train,aaaaaovk,aaaaaovk_s001_t001,1274.0,41,31,937.0577,957.0633,20.005600000000072,gnsz,337.05769999999995,637.0577,925.4262,True,True,False
train,aaaaaovk,aaaaaovk_s001_t001,1274.0,41,32,969.9789,985.6282,15.64930000000004,gnsz,369.97889999999995,669.9789,957.0633,True,True,False
train,aaaaaovk,aaaaaovk_s001_t001,1274.0,41,33,1003.2164,1020.4195,17.20309999999995,gnsz,403.2164,703.2164,985.6282,True,True,False
train,aaaaaovk,aaaaaovk_s001_t001,1274.0,41,34,1030.9867,1053.4062,22.41949999999997,gnsz,430.9866999999999,730.9866999999999,1020.4195,True,True,False
train,aaaaaovk,aaaaaovk_s001_t001,1274.0,41,35,1068.9545,1083.7159,14.761399999999869,gnsz,468.95450000000005,768.9545,1053.4062,True,True,False
train,aaaaaovk,aaaaaovk_s001_t001,1274.0,41,36,1093.2508,1110.7869,17.536100000000033,gnsz,493.2508,793.2508,1083.7159,True,True,False
train,aaaaaovk,aaaaaovk_s001_t001,1274.0,41,37,1122.04,1138.4384,16.398400000000038,gnsz,522.04,822.04,1110.7869,True,True,False
train,aaaaaovk,aaaaaovk_s001_t001,1274.0,41,38,1149.0877,1164.9589,15.871200000000044,gnsz,549.0877,849.0877,1138.4384,True,True,False
train,aaaaaovk,aaaaaovk_s001_t001,1274.0,41,39,1182.1509,1195.4695,13.318599999999831,gnsz,582.1509000000001,882.1509000000001,1164.9589,True,True,False
train,aaaaaovk,aaaaaovk_s001_t001,1274.0,41,40,1202.7392,1223.3552,20.615999999999985,gnsz,602.7392,902.7392,1195.4695,True,True,False
train,aaaaaovk,aaaaaovk_s001_t001,1274.0,41,41,1232.2819,1250.6781,18.396200000000132,gnsz,632.2819,932.2819,1223.3552,True,True,False
train,aaaaaoya,aaaaaoya_s010_t001,1390.0,1,1,334.0606,402.0,67.93939999999998,tcsz,-265.9394,34.06060000000002,,False,False,False
train,aaaaapas,aaaaapas_s001_t001,1521.0,9,1,27.7953,77.1234,49.328100000000006,tcsz,-572.2047,-272.2047,,False,False,False
train,aaaaapas,aaaaapas_s001_t001,1521.0,9,2,129.5239,176.7492,47.2253,tcsz,-470.4761,-170.4761,77.1234,False,True,False
train,aaaaapas,aaaaapas_s001_t001,1521.0,9,3,432.0845,485.021,52.93650000000002,tcsz,-167.9155,132.0845,176.7492,False,True,False
train,aaaaapas,aaaaapas_s001_t001,1521.0,9,4,546.9978,588.5849,41.58709999999997,tcsz,-53.002200000000016,246.99779999999998,485.021,False,True,False
train,aaaaapas,aaaaapas_s001_t001,1521.0,9,5,670.9861,717.9831,46.99700000000007,tcsz,70.98609999999996,370.98609999999996,588.5849,True,True,False
train,aaaaapas,aaaaapas_s001_t001,1521.0,9,6,930.0107,975.0216,45.01089999999999,tcsz,330.01070000000004,630.0107,717.9831,True,True,False
train,aaaaapas,aaaaapas_s001_t001,1521.0,9,7,1048.0222,1092.1398,44.11759999999981,tcsz,448.0222000000001,748.0222000000001,975.0216,True,True,False
train,aaaaapas,aaaaapas_s001_t001,1521.0,9,8,1333.2863,1379.9882,46.70190000000002,tcsz,733.2863,1033.2863,1092.1398,True,True,False
train,aaaaapas,aaaaapas_s001_t001,1521.0,9,9,1437.0422,1487.6249,50.58269999999993,tcsz,837.0422000000001,1137.0422,1379.9882,True,True,False
train,aaaaapas,aaaaapas_s003_t000,1033.0,2,1,346.5508,389.9864,43.43560000000002,gnsz,-253.44920000000002,46.55079999999998,,False,False,False
train,aaaaapas,aaaaapas_s003_t000,1033.0,2,2,492.9872,527.8906,34.903399999999976,gnsz,-107.01280000000003,192.98719999999997,389.9864,False,True,False
train,aaaaapas,aaaaapas_s003_t001,601.0,1,1,510.9648,570.9434,59.97859999999997,gnsz,-89.03519999999997,210.96480000000003,,False,False,False
train,aaaaapas,aaaaapas_s003_t002,929.0,2,1,196.684,243.0453,46.3613,fnsz|gnsz,-403.31600000000003,-103.316,,False,False,False
train,aaaaapas,aaaaapas_s003_t002,929.0,2,2,612.0225,669.0841,57.0616,fnsz|gnsz,12.022500000000036,312.02250000000004,243.0453,True,True,False
train,aaaaapks,aaaaapks_s002_t007,601.0,1,1,272.0821,347.1765,75.09439999999995,fnsz,-327.9179,-27.917899999999975,,False,False,False
train,aaaaapks,aaaaapks_s002_t008,300.0,1,1,179.9856,236.4784,56.49279999999999,fnsz,-420.0144,-120.0144,,False,False,False
train,aaaaapks,aaaaapks_s002_t009,601.0,1,1,380.717,432.798,52.08100000000002,fnsz,-219.28300000000002,80.71699999999998,,False,False,False
train,aaaaapks,aaaaapks_s002_t010,300.0,2,1,1.0,74.778,73.778,fnsz,-599.0,-299.0,,False,False,False
train,aaaaapks,aaaaapks_s002_t010,300.0,2,2,260.7314,272.0078,11.276399999999969,fnsz,-339.2686,-39.26859999999999,74.778,False,True,False
train,aaaaapks,aaaaapks_s002_t011,601.0,1,1,563.2675,590.0377,26.77019999999993,fnsz,-36.73249999999996,263.26750000000004,,False,False,False
train,aaaaapks,aaaaapks_s003_t000,300.0,2,1,21.0781,41.6104,20.5323,fnsz,-578.9219,-278.9219,,False,False,False
train,aaaaapks,aaaaapks_s003_t000,300.0,2,2,208.7203,261.5949,52.87459999999999,fnsz,-391.2797,-91.27969999999999,41.6104,False,True,False
train,aaaaapks,aaaaapks_s003_t003,601.0,3,1,4.0496,34.2773,30.2277,fnsz,-595.9504,-295.9504,,False,False,False
train,aaaaapks,aaaaapks_s003_t003,601.0,3,2,180.8633,198.6094,17.746099999999984,fnsz,-419.1367,-119.13669999999999,34.2773,False,True,False
train,aaaaapks,aaaaapks_s003_t003,601.0,3,3,363.8362,376.0117,12.1755,fnsz,-236.16379999999998,63.83620000000002,198.6094,False,True,False
train,aaaaapks,aaaaapks_s003_t004,601.0,3,1,261.9101,288.0712,26.161099999999976,fnsz,-338.0899,-38.0899,,False,False,False
train,aaaaapks,aaaaapks_s003_t004,601.0,3,2,318.957,334.8984,15.941399999999987,fnsz,-281.043,18.956999999999994,288.0712,False,True,False
train,aaaaapks,aaaaapks_s003_t004,601.0,3,3,410.2539,446.8923,36.63839999999999,fnsz,-189.7461,110.25389999999999,334.8984,False,True,False
train,aaaaapks,aaaaapks_s003_t007,601.0,1,1,152.6149,182.0508,29.435900000000004,fnsz,-447.38509999999997,-147.3851,,False,False,False
train,aaaaapks,aaaaapks_s012_t000,1602.0,1,1,31.0497,1599.9227,1568.873,fnsz,-568.9503,-268.95029999999997,,False,False,False
train,aaaaapks,aaaaapks_s012_t003,349.0,6,1,26.0303,43.0,16.9697,fnsz,-573.9697,-273.9697,,False,False,False
train,aaaaapks,aaaaapks_s012_t003,349.0,6,2,68.0,82.9697,14.969700000000003,fnsz,-532.0,-232.0,43.0,False,True,False
train,aaaaapks,aaaaapks_s012_t003,349.0,6,3,125.0,145.0,20.0,fnsz,-475.0,-175.0,82.9697,False,True,False
train,aaaaapks,aaaaapks_s012_t003,349.0,6,4,195.9394,220.0909,24.1515,fnsz,-404.0606,-104.0606,145.0,False,True,False
train,aaaaapks,aaaaapks_s012_t003,349.0,6,5,261.0,282.0,21.0,fnsz,-339.0,-39.0,220.0909,False,True,False
train,aaaaapks,aaaaapks_s012_t003,349.0,6,6,316.0,338.9394,22.939399999999974,fnsz,-284.0,16.0,282.0,False,True,False
train,aaaaapks,aaaaapks_s013_t000,105.0,1,1,69.0303,87.3939,18.363600000000005,fnsz,-530.9697,-230.9697,,False,False,False
train,aaaaapks,aaaaapks_s013_t001,47.0,1,1,1.0,6.0,5.0,fnsz,-599.0,-299.0,,False,False,False
train,aaaaapks,aaaaapks_s014_t000,85.0,3,1,2.0387,18.0,15.9613,fnsz,-597.9613,-297.9613,,False,False,False
train,aaaaapks,aaaaapks_s014_t000,85.0,3,2,30.9834,43.0331,12.049699999999998,fnsz,-569.0166,-269.0166,18.0,False,True,False
train,aaaaapks,aaaaapks_s014_t000,85.0,3,3,60.011,75.0608,15.049799999999998,fnsz,-539.989,-239.989,43.0331,False,True,False
train,aaaaapks,aaaaapks_s014_t001,164.0,5,1,1.4088,67.9559,66.5471,fnsz,-598.5912,-298.5912,,False,False,False
train,aaaaapks,aaaaapks_s014_t001,164.0,5,2,73.5525,90.011,16.4585,fnsz,-526.4475,-226.4475,67.9559,False,True,False
train,aaaaapks,aaaaapks_s014_t001,164.0,5,3,97.6243,116.3038,18.67949999999999,fnsz,-502.3757,-202.3757,90.011,False,True,False
train,aaaaapks,aaaaapks_s014_t001,164.0,5,4,125.6741,142.5635,16.88940000000001,fnsz,-474.3259,-174.3259,116.3038,False,True,False
train,aaaaapks,aaaaapks_s014_t001,164.0,5,5,146.6464,161.9448,15.298399999999988,fnsz,-453.35360000000003,-153.3536,142.5635,False,True,False
train,aaaaapks,aaaaapks_s016_t000,300.0,8,1,0.0,0.0,0.0,fnsz,-600.0,-300.0,,False,False,False
train,aaaaapks,aaaaapks_s016_t000,300.0,8,2,16.7348,66.0663,49.3315,fnsz,-583.2652,-283.2652,0.0,False,True,False
train,aaaaapks,aaaaapks_s016_t000,300.0,8,3,74.9779,96.0442,21.0663,fnsz,-525.0221,-225.0221,66.0663,False,True,False
train,aaaaapks,aaaaapks_s016_t000,300.0,8,4,101.2652,131.1658,29.9006,fnsz,-498.7348,-198.7348,96.0442,False,True,False
train,aaaaapks,aaaaapks_s016_t000,300.0,8,5,136.0277,149.0387,13.010999999999996,fnsz,-463.9723,-163.9723,131.1658,False,True,False
train,aaaaapks,aaaaapks_s016_t000,300.0,8,6,172.1049,204.0442,31.939300000000003,fnsz,-427.8951,-127.89510000000001,149.0387,False,True,False
train,aaaaapks,aaaaapks_s016_t000,300.0,8,7,221.0497,248.6132,27.563500000000005,fnsz,-378.95029999999997,-78.9503,204.0442,False,True,False
train,aaaaapks,aaaaapks_s016_t000,300.0,8,8,252.326,284.0829,31.7569,fnsz,-347.674,-47.67400000000001,248.6132,False,True,False
train,aaaaapks,aaaaapks_s016_t001,829.0,33,1,1.0,7.0,6.0,fnsz,-599.0,-299.0,,False,False,False
train,aaaaapks,aaaaapks_s016_t001,829.0,33,2,21.1212,37.0,15.878799999999998,fnsz,-578.8788,-278.8788,7.0,False,True,False
train,aaaaapks,aaaaapks_s016_t001,829.0,33,3,42.9394,54.9394,12.0,fnsz,-557.0606,-257.0606,37.0,False,True,False
train,aaaaapks,aaaaapks_s016_t001,829.0,33,4,71.0303,82.303,11.2727,fnsz,-528.9697,-228.9697,54.9394,False,True,False
train,aaaaapks,aaaaapks_s016_t001,829.0,33,5,85.4242,110.3939,24.969700000000003,fnsz,-514.5758,-214.57580000000002,82.303,False,True,False
train,aaaaapks,aaaaapks_s016_t001,829.0,33,6,123.8788,143.4545,19.5757,fnsz,-476.1212,-176.1212,110.3939,False,True,False
train,aaaaapks,aaaaapks_s016_t001,829.0,33,7,146.9091,163.0303,16.121200000000016,fnsz,-453.09090000000003,-153.0909,143.4545,False,True,False
train,aaaaapks,aaaaapks_s016_t001,829.0,33,8,174.0606,189.0303,14.969700000000016,fnsz,-425.9394,-125.9394,163.0303,False,True,False
train,aaaaapks,aaaaapks_s016_t001,829.0,33,9,204.4848,221.0303,16.545500000000004,fnsz,-395.5152,-95.5152,189.0303,False,True,False
train,aaaaapks,aaaaapks_s016_t001,829.0,33,10,230.0303,241.1818,11.1515,fnsz,-369.9697,-69.96969999999999,221.0303,False,True,False
train,aaaaapks,aaaaapks_s016_t001,829.0,33,11,248.0303,265.1212,17.090899999999976,fnsz,-351.9697,-51.96969999999999,241.1818,False,True,False
train,aaaaapks,aaaaapks_s016_t001,829.0,33,12,281.3333,294.8485,13.515199999999991,fnsz,-318.6667,-18.66669999999999,265.1212,False,True,False
train,aaaaapks,aaaaapks_s016_t001,829.0,33,13,312.9697,328.5455,15.575800000000015,fnsz,-287.0303,12.969699999999989,294.8485,False,True,False
train,aaaaapks,aaaaapks_s016_t001,829.0,33,14,337.0,355.0,18.0,fnsz,-263.0,37.0,328.5455,False,True,False
train,aaaaapks,aaaaapks_s016_t001,829.0,33,15,368.0303,383.6061,15.575800000000015,fnsz,-231.9697,68.03030000000001,355.0,False,True,False
train,aaaaapks,aaaaapks_s016_t001,829.0,33,16,387.9697,406.0303,18.060600000000026,fnsz,-212.0303,87.96969999999999,383.6061,False,True,False
train,aaaaapks,aaaaapks_s016_t001,829.0,33,17,413.0331,427.884,14.850900000000024,fnsz,-186.9669,113.03309999999999,406.0303,False,True,False
train,aaaaapks,aaaaapks_s016_t001,829.0,33,18,433.9503,446.779,12.82869999999997,fnsz,-166.04969999999997,133.95030000000003,427.884,False,True,False
train,aaaaapks,aaaaapks_s016_t001,829.0,33,19,450.0276,467.9282,17.900599999999997,fnsz,-149.9724,150.0276,446.779,False,True,False
train,aaaaapks,aaaaapks_s016_t001,829.0,33,20,483.0663,501.0,17.933699999999988,fnsz,-116.93369999999999,183.0663,467.9282,False,True,False
train,aaaaapks,aaaaapks_s016_t001,829.0,33,21,511.0221,532.0055,20.98339999999996,fnsz,-88.97789999999998,211.02210000000002,501.0,False,True,False
train,aaaaapks,aaaaapks_s016_t001,829.0,33,22,542.0,558.011,16.010999999999967,fnsz,-58.0,242.0,532.0055,False,True,False
train,aaaaapks,aaaaapks_s016_t001,829.0,33,23,570.0497,588.0166,17.96690000000001,fnsz,-29.95029999999997,270.04970000000003,558.011,False,True,False
train,aaaaapks,aaaaapks_s016_t001,829.0,33,24,596.0387,611.0221,14.983400000000074,fnsz,-3.961300000000051,296.03869999999995,588.0166,False,True,False
train,aaaaapks,aaaaapks_s016_t001,829.0,33,25,625.0,642.0718,17.071800000000053,fnsz,25.0,325.0,611.0221,True,True,False
train,aaaaapks,aaaaapks_s016_t001,829.0,33,26,650.0442,665.7569,15.712699999999929,fnsz,50.044200000000046,350.04420000000005,642.0718,True,True,False
train,aaaaapks,aaaaapks_s016_t001,829.0,33,27,670.9613,682.0,11.038699999999949,fnsz,70.96130000000005,370.96130000000005,665.7569,True,True,False
train,aaaaapks,aaaaapks_s016_t001,829.0,33,28,693.0331,704.0387,11.00559999999996,fnsz,93.03309999999999,393.0331,682.0,True,True,False
train,aaaaapks,aaaaapks_s016_t001,829.0,33,29,714.9724,725.0829,10.110500000000002,fnsz,114.9724,414.9724,704.0387,True,True,False
train,aaaaapks,aaaaapks_s016_t001,829.0,33,30,743.5967,759.9724,16.375699999999938,fnsz,143.59670000000006,443.59670000000006,725.0829,True,True,False
train,aaaaapks,aaaaapks_s016_t001,829.0,33,31,768.9724,778.0552,9.08280000000002,fnsz,168.9724,468.9724,759.9724,True,True,False
train,aaaaapks,aaaaapks_s016_t001,829.0,33,32,791.0497,809.9779,18.928199999999947,fnsz,191.04970000000003,491.04970000000003,778.0552,True,True,False
train,aaaaapks,aaaaapks_s016_t001,829.0,33,33,822.0387,826.9448,4.906100000000038,fnsz,222.03869999999995,522.0387,809.9779,True,True,False
train,aaaaapks,aaaaapks_s016_t002,601.0,20,1,1.0,5.0101,4.0101,fnsz,-599.0,-299.0,,False,False,False
train,aaaaapks,aaaaapks_s016_t002,601.0,20,2,20.0,38.9697,18.969700000000003,fnsz,-580.0,-280.0,5.0101,False,True,False
train,aaaaapks,aaaaapks_s016_t002,601.0,20,3,54.0303,66.9394,12.90910000000001,fnsz,-545.9697,-245.9697,38.9697,False,True,False
train,aaaaapks,aaaaapks_s016_t002,601.0,20,4,74.5758,95.0,20.4242,fnsz,-525.4242,-225.42419999999998,66.9394,False,True,False
train,aaaaapks,aaaaapks_s016_t002,601.0,20,5,110.0,128.0,18.0,fnsz,-490.0,-190.0,95.0,False,True,False
train,aaaaapks,aaaaapks_s016_t002,601.0,20,6,143.0606,152.0909,9.030300000000013,fnsz,-456.9394,-156.9394,128.0,False,True,False
train,aaaaapks,aaaaapks_s016_t002,601.0,20,7,160.0606,179.0909,19.03030000000001,fnsz,-439.9394,-139.9394,152.0909,False,True,False
train,aaaaapks,aaaaapks_s016_t002,601.0,20,8,189.0,207.0,18.0,fnsz,-411.0,-111.0,179.0909,False,True,False
train,aaaaapks,aaaaapks_s016_t002,601.0,20,9,220.0909,237.0,16.909099999999995,fnsz,-379.90909999999997,-79.9091,207.0,False,True,False
train,aaaaapks,aaaaapks_s016_t002,601.0,20,10,252.9697,271.0909,18.121199999999988,fnsz,-347.0303,-47.03030000000001,237.0,False,True,False
train,aaaaapks,aaaaapks_s016_t002,601.0,20,11,287.0909,303.1515,16.060600000000022,fnsz,-312.9091,-12.909100000000024,271.0909,False,True,False
train,aaaaapks,aaaaapks_s016_t002,601.0,20,12,308.9697,327.1515,18.18180000000001,fnsz,-291.0303,8.969699999999989,303.1515,False,True,False
train,aaaaapks,aaaaapks_s016_t002,601.0,20,13,340.9697,366.0,25.03030000000001,fnsz,-259.0303,40.96969999999999,327.1515,False,True,False
train,aaaaapks,aaaaapks_s016_t002,601.0,20,14,378.0303,392.0303,14.0,fnsz,-221.9697,78.03030000000001,366.0,False,True,False
train,aaaaapks,aaaaapks_s016_t002,601.0,20,15,401.0303,416.0,14.969699999999987,fnsz,-198.9697,101.03030000000001,392.0303,False,True,False
train,aaaaapks,aaaaapks_s016_t002,601.0,20,16,426.8485,453.1515,26.303,fnsz,-173.1515,126.8485,416.0,False,True,False
train,aaaaapks,aaaaapks_s016_t002,601.0,20,17,471.0606,488.0303,16.96969999999999,fnsz,-128.93939999999998,171.06060000000002,453.1515,False,True,False
train,aaaaapks,aaaaapks_s016_t002,601.0,20,18,502.9697,521.0909,18.121200000000044,fnsz,-97.03030000000001,202.9697,488.0303,False,True,False
train,aaaaapks,aaaaapks_s016_t002,601.0,20,19,534.0606,551.0303,16.96969999999999,fnsz,-65.93939999999998,234.06060000000002,521.0909,False,True,False
train,aaaaapks,aaaaapks_s016_t002,601.0,20,20,566.0303,584.0303,18.0,fnsz,-33.96969999999999,266.0303,551.0303,False,True,False
train,aaaaapks,aaaaapks_s016_t003,300.0,9,1,16.5746,34.0442,17.469599999999996,fnsz,-583.4254,-283.4254,,False,False,False
train,aaaaapks,aaaaapks_s016_t003,300.0,9,2,51.0331,65.1547,14.121600000000008,fnsz,-548.9669,-248.9669,34.0442,False,True,False
train,aaaaapks,aaaaapks_s016_t003,300.0,9,3,80.0221,98.6851,18.66300000000001,fnsz,-519.9779,-219.9779,65.1547,False,True,False
train,aaaaapks,aaaaapks_s016_t003,300.0,9,4,118.0,135.0718,17.071799999999996,fnsz,-482.0,-182.0,98.6851,False,True,False
train,aaaaapks,aaaaapks_s016_t003,300.0,9,5,149.6851,165.0663,15.381200000000009,fnsz,-450.31489999999997,-150.3149,135.0718,False,True,False
train,aaaaapks,aaaaapks_s016_t003,300.0,9,6,177.9116,195.9116,18.0,fnsz,-422.0884,-122.08840000000001,165.0663,False,True,False
train,aaaaapks,aaaaapks_s016_t003,300.0,9,7,210.0276,227.0331,17.005499999999984,fnsz,-389.9724,-89.9724,195.9116,False,True,False
train,aaaaapks,aaaaapks_s016_t003,300.0,9,8,247.9613,259.9945,12.033200000000022,fnsz,-352.0387,-52.038700000000006,227.0331,False,True,False
train,aaaaapks,aaaaapks_s016_t003,300.0,9,9,282.9613,296.0552,13.09390000000002,fnsz,-317.0387,-17.038700000000006,259.9945,False,True,False
train,aaaaapks,aaaaapks_s016_t005,953.0,4,1,168.0,234.7845,66.78450000000001,fnsz,-432.0,-132.0,,False,False,False
train,aaaaapks,aaaaapks_s016_t005,953.0,4,2,400.0909,414.0909,14.0,fnsz,-199.90910000000002,100.09089999999998,234.7845,False,True,False
train,aaaaapks,aaaaapks_s016_t005,953.0,4,3,544.0909,568.0909,24.0,fnsz,-55.90909999999997,244.09090000000003,414.0909,False,True,False
train,aaaaapks,aaaaapks_s016_t005,953.0,4,4,639.1515,653.1515,14.0,fnsz,39.151500000000055,339.15150000000006,568.0909,True,True,False
train,aaaaapks,aaaaapks_s016_t006,773.0,11,1,5.0303,24.0,18.9697,fnsz,-594.9697,-294.9697,,False,False,False
train,aaaaapks,aaaaapks_s016_t006,773.0,11,2,152.1515,157.0,4.848500000000001,fnsz,-447.8485,-147.8485,24.0,False,True,False
train,aaaaapks,aaaaapks_s016_t006,773.0,11,3,337.0,361.9697,24.96969999999999,fnsz,-263.0,37.0,157.0,False,True,False
train,aaaaapks,aaaaapks_s016_t006,773.0,11,4,395.0909,411.0909,16.0,fnsz,-204.90910000000002,95.09089999999998,361.9697,False,True,False
train,aaaaapks,aaaaapks_s016_t006,773.0,11,5,429.7879,441.9697,12.18180000000001,fnsz,-170.21210000000002,129.78789999999998,411.0909,False,True,False
train,aaaaapks,aaaaapks_s016_t006,773.0,11,6,496.0909,509.0606,12.969700000000046,fnsz,-103.90910000000002,196.09089999999998,441.9697,False,True,False
train,aaaaapks,aaaaapks_s016_t006,773.0,11,7,546.8788,559.7879,12.90910000000008,fnsz,-53.121200000000044,246.87879999999996,509.0606,False,True,False
train,aaaaapks,aaaaapks_s016_t006,773.0,11,8,596.0303,611.4848,15.45449999999994,fnsz,-3.969699999999989,296.0303,559.7879,False,True,False
train,aaaaapks,aaaaapks_s016_t006,773.0,11,9,641.5455,655.303,13.75750000000005,fnsz,41.54549999999995,341.54549999999995,611.4848,True,True,False
train,aaaaapks,aaaaapks_s016_t006,773.0,11,10,682.1515,703.0,20.848499999999945,fnsz,82.15150000000006,382.15150000000006,655.303,True,True,False
train,aaaaapks,aaaaapks_s016_t006,773.0,11,11,756.0303,770.8788,14.848499999999945,fnsz,156.0303,456.0303,703.0,True,True,False
train,aaaaapks,aaaaapks_s017_t000,300.0,7,1,20.0606,28.5455,8.4849,fnsz,-579.9394,-279.9394,,False,False,False
train,aaaaapks,aaaaapks_s017_t000,300.0,7,2,53.3939,69.3333,15.939399999999992,fnsz,-546.6061,-246.6061,28.5455,False,True,False
train,aaaaapks,aaaaapks_s017_t000,300.0,7,3,89.0303,101.9394,12.90910000000001,fnsz,-510.9697,-210.9697,69.3333,False,True,False
train,aaaaapks,aaaaapks_s017_t000,300.0,7,4,133.0,144.0909,11.090900000000005,fnsz,-467.0,-167.0,101.9394,False,True,False
train,aaaaapks,aaaaapks_s017_t000,300.0,7,5,169.0303,179.2121,10.18179999999998,fnsz,-430.9697,-130.9697,144.0909,False,True,False
train,aaaaapks,aaaaapks_s017_t000,300.0,7,6,226.9697,243.0909,16.121200000000016,fnsz,-373.0303,-73.03030000000001,179.2121,False,True,False
train,aaaaapks,aaaaapks_s017_t000,300.0,7,7,275.6667,282.1515,6.484800000000007,fnsz,-324.3333,-24.33330000000001,243.0909,False,True,False
train,aaaaapks,aaaaapks_s017_t001,601.0,6,1,35.0606,46.0909,11.030299999999997,fnsz,-564.9394,-264.9394,,False,False,False
train,aaaaapks,aaaaapks_s017_t001,601.0,6,2,155.0909,165.0909,10.0,fnsz,-444.90909999999997,-144.9091,46.0909,False,True,False
train,aaaaapks,aaaaapks_s017_t001,601.0,6,3,229.1212,243.0,13.878800000000012,fnsz,-370.8788,-70.87880000000001,165.0909,False,True,False
train,aaaaapks,aaaaapks_s017_t001,601.0,6,4,285.0,301.2424,16.242399999999975,fnsz,-315.0,-15.0,243.0,False,True,False
train,aaaaapks,aaaaapks_s017_t001,601.0,6,5,333.9394,345.5758,11.636400000000036,fnsz,-266.0606,33.93939999999998,301.2424,False,True,False
train,aaaaapks,aaaaapks_s017_t001,601.0,6,6,500.0,520.303,20.303,fnsz,-100.0,200.0,345.5758,False,True,False
train,aaaaapks,aaaaapks_s017_t002,771.0,7,1,1.0,13.1515,12.1515,fnsz,-599.0,-299.0,,False,False,False
train,aaaaapks,aaaaapks_s017_t002,771.0,7,2,57.0909,80.0,22.9091,fnsz,-542.9091,-242.9091,13.1515,False,True,False
train,aaaaapks,aaaaapks_s017_t002,771.0,7,3,171.0,193.0,22.0,fnsz,-429.0,-129.0,80.0,False,True,False
train,aaaaapks,aaaaapks_s017_t002,771.0,7,4,335.0606,350.8788,15.81819999999999,fnsz,-264.9394,35.06060000000002,193.0,False,True,False
train,aaaaapks,aaaaapks_s017_t002,771.0,7,5,407.0303,429.8788,22.8485,fnsz,-192.9697,107.03030000000001,350.8788,False,True,False
train,aaaaapks,aaaaapks_s017_t002,771.0,7,6,506.9091,530.0606,23.1515,fnsz,-93.09089999999998,206.90910000000002,429.8788,False,True,False
train,aaaaapks,aaaaapks_s017_t002,771.0,7,7,639.0303,659.0909,20.060600000000026,fnsz,39.03030000000001,339.0303,530.0606,True,True,False
train,aaaaapks,aaaaapks_s017_t003,601.0,5,1,45.9697,70.5152,24.54549999999999,fnsz,-554.0303,-254.0303,,False,False,False
train,aaaaapks,aaaaapks_s017_t003,601.0,5,2,194.0606,218.9697,24.909099999999995,fnsz,-405.9394,-105.9394,70.5152,False,True,False
train,aaaaapks,aaaaapks_s017_t003,601.0,5,3,302.0909,324.0909,22.0,fnsz,-297.9091,2.0908999999999764,218.9697,False,True,False
train,aaaaapks,aaaaapks_s017_t003,601.0,5,4,422.0909,446.5758,24.48490000000004,fnsz,-177.90910000000002,122.09089999999998,324.0909,False,True,False
train,aaaaapks,aaaaapks_s017_t003,601.0,5,5,525.0,551.2424,26.24239999999997,fnsz,-75.0,225.0,446.5758,False,True,False
train,aaaaapks,aaaaapks_s017_t004,635.0,5,1,38.4696,64.0608,25.5912,fnsz|gnsz,-561.5304,-261.5304,,False,False,False
train,aaaaapks,aaaaapks_s017_t004,635.0,5,2,161.6133,182.0331,20.41979999999998,fnsz|gnsz,-438.3867,-138.3867,64.0608,False,True,False
train,aaaaapks,aaaaapks_s017_t004,635.0,5,3,292.989,319.2431,26.25410000000005,fnsz|gnsz,-307.011,-7.011000000000024,182.0331,False,True,False
train,aaaaapks,aaaaapks_s017_t004,635.0,5,4,435.3591,463.2044,27.84530000000001,fnsz|gnsz,-164.6409,135.3591,319.2431,False,True,False
train,aaaaapks,aaaaapks_s017_t004,635.0,5,5,575.1713,605.9669,30.79560000000004,fnsz|gnsz,-24.828700000000026,275.1713,463.2044,False,True,False
train,aaaaapks,aaaaapks_s017_t005,940.0,2,1,78.5027,115.1326,36.62989999999999,fnsz|gnsz,-521.4973,-221.4973,,False,False,False
train,aaaaapks,aaaaapks_s017_t005,940.0,2,2,334.0387,359.5247,25.48599999999999,fnsz|gnsz,-265.9613,34.038700000000006,115.1326,False,True,False
train,aaaaapmd,aaaaapmd_s003_t000,73.0,1,1,1.0,72.0,71.0,fnsz,-599.0,-299.0,,False,False,False
train,aaaaapmd,aaaaapmd_s003_t001,1496.0,1,1,1.0,934.1081,933.1081,fnsz,-599.0,-299.0,,False,False,False
train,aaaaapnl,aaaaapnl_s002_t000,83.0,1,1,52.332,82.0,29.668,fnsz,-547.668,-247.668,,False,False,False
train,aaaaappt,aaaaappt_s004_t002,5.0,1,1,0.0,4.1024,4.1024,fnsz,-600.0,-300.0,,False,False,False
train,aaaaappv,aaaaappv_s002_t008,9.0,1,1,0.0,8.8464,8.8464,gnsz,-600.0,-300.0,,False,False,False
train,aaaaaprf,aaaaaprf_s001_t000,1272.0,9,1,96.0,117.116,21.116,fnsz,-504.0,-204.0,,False,False,False
train,aaaaaprf,aaaaaprf_s001_t000,1272.0,9,2,226.004,290.0549,64.05089999999998,fnsz,-373.996,-73.99600000000001,117.116,False,True,False
train,aaaaaprf,aaaaaprf_s001_t000,1272.0,9,3,431.612,502.008,70.39599999999996,fnsz,-168.38799999999998,131.61200000000002,290.0549,False,True,False
train,aaaaaprf,aaaaaprf_s001_t000,1272.0,9,4,549.996,604.0,54.00400000000002,fnsz,-50.00400000000002,249.99599999999998,502.008,False,True,False
train,aaaaaprf,aaaaaprf_s001_t000,1272.0,9,5,692.996,751.0042,58.00819999999999,fnsz,92.99599999999998,392.996,604.0,True,True,False
train,aaaaaprf,aaaaaprf_s001_t000,1272.0,9,6,814.996,842.492,27.49599999999998,fnsz,214.99599999999998,514.996,751.0042,True,True,False
train,aaaaaprf,aaaaaprf_s001_t000,1272.0,9,7,857.008,912.0071,54.9991,fnsz,257.00800000000004,557.008,842.492,True,True,False
train,aaaaaprf,aaaaaprf_s001_t000,1272.0,9,8,985.004,1006.228,21.223999999999933,fnsz,385.004,685.004,912.0071,True,True,False
train,aaaaaprf,aaaaaprf_s001_t000,1272.0,9,9,1047.668,1080.724,33.05600000000004,fnsz,447.6679999999999,747.6679999999999,1006.228,True,True,False
train,aaaaaprj,aaaaaprj_s001_t000,1211.0,20,1,22.5547,40.1563,17.6016,fnsz,-577.4453,-277.4453,,False,False,False
train,aaaaaprj,aaaaaprj_s001_t000,1211.0,20,2,71.2773,98.0866,26.809300000000007,fnsz,-528.7227,-228.7227,40.1563,False,True,False
train,aaaaaprj,aaaaaprj_s001_t000,1211.0,20,3,122.5566,148.3574,25.80080000000001,fnsz,-477.4434,-177.4434,98.0866,False,True,False
train,aaaaaprj,aaaaaprj_s001_t000,1211.0,20,4,179.7109,198.9057,19.194799999999987,fnsz,-420.28909999999996,-120.28909999999999,148.3574,False,True,False
train,aaaaaprj,aaaaaprj_s001_t000,1211.0,20,5,224.668,252.8672,28.19919999999999,fnsz,-375.332,-75.332,198.9057,False,True,False
train,aaaaaprj,aaaaaprj_s001_t000,1211.0,20,6,282.0044,297.1094,15.105000000000018,fnsz,-317.9956,-17.995600000000024,252.8672,False,True,False
train,aaaaaprj,aaaaaprj_s001_t000,1211.0,20,7,306.8048,320.7182,13.913400000000024,fnsz,-293.1952,6.8048,297.1094,False,True,False
train,aaaaaprj,aaaaaprj_s001_t000,1211.0,20,8,364.7422,407.8438,43.10159999999996,fnsz,-235.25779999999997,64.74220000000003,320.7182,False,True,False
train,aaaaaprj,aaaaaprj_s001_t000,1211.0,20,9,431.3101,461.677,30.366900000000044,fnsz,-168.68990000000002,131.31009999999998,407.8438,False,True,False
train,aaaaaprj,aaaaaprj_s001_t000,1211.0,20,10,483.8672,537.3678,53.50059999999996,fnsz,-116.13279999999997,183.86720000000003,461.677,False,True,False
train,aaaaaprj,aaaaaprj_s001_t000,1211.0,20,11,560.1328,582.2943,22.161500000000046,fnsz,-39.867200000000025,260.1328,537.3678,False,True,False
train,aaaaaprj,aaaaaprj_s001_t000,1211.0,20,12,599.9648,643.5065,43.54169999999999,fnsz,-0.03520000000003165,299.96479999999997,582.2943,False,True,False
train,aaaaaprj,aaaaaprj_s001_t000,1211.0,20,13,682.5594,715.9883,33.4289,fnsz,82.55939999999998,382.5594,643.5065,True,True,False
train,aaaaaprj,aaaaaprj_s001_t000,1211.0,20,14,765.4648,791.5342,26.069400000000087,fnsz,165.46479999999997,465.46479999999997,715.9883,True,True,False
train,aaaaaprj,aaaaaprj_s001_t000,1211.0,20,15,815.0898,846.5438,31.454000000000065,fnsz,215.08979999999997,515.0898,791.5342,True,True,False
train,aaaaaprj,aaaaaprj_s001_t000,1211.0,20,16,860.7891,895.4611,34.672000000000025,fnsz,260.78909999999996,560.7891,846.5438,True,True,False
train,aaaaaprj,aaaaaprj_s001_t000,1211.0,20,17,936.2422,975.7167,39.47449999999992,fnsz,336.2422,636.2422,895.4611,True,True,False
train,aaaaaprj,aaaaaprj_s001_t000,1211.0,20,18,1020.3385,1045.5438,25.20529999999997,fnsz,420.33849999999995,720.3385,975.7167,True,True,False
train,aaaaaprj,aaaaaprj_s001_t000,1211.0,20,19,1067.6758,1111.688,44.01220000000012,fnsz,467.6758,767.6758,1045.5438,True,True,False
train,aaaaaprj,aaaaaprj_s001_t000,1211.0,20,20,1196.9453,1209.6848,12.739499999999907,fnsz,596.9453000000001,896.9453000000001,1111.688,True,True,False
train,aaaaaprj,aaaaaprj_s002_t000,300.0,5,1,1.1133,19.6638,18.5505,fnsz,-598.8867,-298.8867,,False,False,False
train,aaaaaprj,aaaaaprj_s002_t000,300.0,5,2,45.1521,99.6028,54.450700000000005,fnsz,-554.8479,-254.8479,19.6638,False,True,False
train,aaaaaprj,aaaaaprj_s002_t000,300.0,5,3,126.7891,160.0898,33.30069999999999,fnsz,-473.2109,-173.21089999999998,99.6028,False,True,False
train,aaaaaprj,aaaaaprj_s002_t000,300.0,5,4,182.3555,222.4631,40.10759999999999,fnsz,-417.6445,-117.6445,160.0898,False,True,False
train,aaaaaprj,aaaaaprj_s002_t000,300.0,5,5,243.3284,263.1031,19.7747,fnsz,-356.6716,-56.67160000000001,222.4631,False,True,False
train,aaaaaprj,aaaaaprj_s002_t001,601.0,12,1,1.0273,31.3281,30.3008,fnsz,-598.9727,-298.9727,,False,False,False
train,aaaaaprj,aaaaaprj_s002_t001,601.0,12,2,48.6484,77.3119,28.663499999999992,fnsz,-551.3516,-251.3516,31.3281,False,True,False
train,aaaaaprj,aaaaaprj_s002_t001,601.0,12,3,90.3205,116.3438,26.02330000000001,fnsz,-509.6795,-209.67950000000002,77.3119,False,True,False
train,aaaaaprj,aaaaaprj_s002_t001,601.0,12,4,138.4336,166.9336,28.5,fnsz,-461.5664,-161.5664,116.3438,False,True,False
train,aaaaaprj,aaaaaprj_s002_t001,601.0,12,5,203.2266,234.7266,31.5,fnsz,-396.77340000000004,-96.77340000000001,166.9336,False,True,False
train,aaaaaprj,aaaaaprj_s002_t001,601.0,12,6,254.6406,281.4508,26.81020000000001,fnsz,-345.3594,-45.359399999999994,234.7266,False,True,False
train,aaaaaprj,aaaaaprj_s002_t001,601.0,12,7,300.7539,347.5997,46.8458,fnsz,-299.2461,0.7538999999999874,281.4508,False,True,False
train,aaaaaprj,aaaaaprj_s002_t001,601.0,12,8,378.0391,403.0391,25.0,fnsz,-221.96089999999998,78.03910000000002,347.5997,False,True,False
train,aaaaaprj,aaaaaprj_s002_t001,601.0,12,9,444.5508,459.3516,14.800800000000038,fnsz,-155.44920000000002,144.55079999999998,403.0391,False,True,False
train,aaaaaprj,aaaaaprj_s002_t001,601.0,12,10,493.8438,524.043,30.19920000000002,fnsz,-106.15620000000001,193.8438,459.3516,False,True,False
train,aaaaaprj,aaaaaprj_s002_t001,601.0,12,11,541.957,563.4476,21.49059999999997,fnsz,-58.043000000000006,241.957,524.043,False,True,False
train,aaaaaprj,aaaaaprj_s002_t001,601.0,12,12,579.957,599.6696,19.712599999999952,fnsz,-20.043000000000006,279.957,563.4476,False,True,False
train,aaaaaprj,aaaaaprj_s002_t002,601.0,7,1,24.082,38.8512,14.769199999999998,fnsz,-575.918,-275.918,,False,False,False
train,aaaaaprj,aaaaaprj_s002_t002,601.0,7,2,148.957,163.3472,14.390199999999991,fnsz,-451.043,-151.043,38.8512,False,True,False
train,aaaaaprj,aaaaaprj_s002_t002,601.0,7,3,210.8498,248.2927,37.44290000000001,fnsz,-389.15020000000004,-89.15020000000001,163.3472,False,True,False
train,aaaaaprj,aaaaaprj_s002_t002,601.0,7,4,340.0547,350.0547,10.0,fnsz,-259.9453,40.054700000000025,248.2927,False,True,False
train,aaaaaprj,aaaaaprj_s002_t002,601.0,7,5,408.9453,425.2461,16.300800000000038,fnsz,-191.05470000000003,108.94529999999997,350.0547,False,True,False
train,aaaaaprj,aaaaaprj_s002_t002,601.0,7,6,434.7461,447.7899,13.043799999999976,fnsz,-165.2539,134.7461,425.2461,False,True,False
train,aaaaaprj,aaaaaprj_s002_t002,601.0,7,7,538.8555,575.5531,36.697599999999966,fnsz,-61.144499999999994,238.8555,447.7899,False,True,False
train,aaaaaprj,aaaaaprj_s002_t003,300.0,4,1,66.7891,88.9883,22.19919999999999,fnsz,-533.2109,-233.21089999999998,,False,False,False
train,aaaaaprj,aaaaaprj_s002_t003,300.0,4,2,102.8179,129.677,26.8591,fnsz,-497.1821,-197.1821,88.9883,False,True,False
train,aaaaaprj,aaaaaprj_s002_t003,300.0,4,3,175.1165,186.9102,11.7937,fnsz,-424.8835,-124.8835,129.677,False,True,False
train,aaaaaprj,aaaaaprj_s002_t003,300.0,4,4,276.7658,295.9001,19.1343,fnsz,-323.2342,-23.234199999999987,186.9102,False,True,False
train,aaaaaprj,aaaaaprj_s002_t004,601.0,1,1,158.1744,172.6559,14.481500000000011,fnsz,-441.8256,-141.8256,,False,False,False
train,aaaaaprj,aaaaaprj_s002_t005,422.0,3,1,2.1406,18.6406,16.5,fnsz,-597.8594,-297.8594,,False,False,False
train,aaaaaprj,aaaaaprj_s002_t005,422.0,3,2,189.6406,206.8065,17.165899999999993,fnsz,-410.3594,-110.3594,18.6406,False,True,False
train,aaaaaprj,aaaaaprj_s002_t005,422.0,3,3,234.1406,255.2804,21.13979999999998,fnsz,-365.8594,-65.8594,206.8065,False,True,False
train,aaaaapxw,aaaaapxw_s002_t002,1037.0,4,1,79.8768,124.6104,44.7336,gnsz,-520.1232,-220.1232,,False,False,False
train,aaaaapxw,aaaaapxw_s002_t002,1037.0,4,2,232.5438,266.1065,33.56269999999998,gnsz,-367.45619999999997,-67.4562,124.6104,False,True,False
train,aaaaapxw,aaaaapxw_s002_t002,1037.0,4,3,502.1165,536.9806,34.86410000000001,gnsz,-97.88350000000003,202.11649999999997,266.1065,False,True,False
train,aaaaapxw,aaaaapxw_s002_t002,1037.0,4,4,551.9617,613.1826,61.22090000000003,gnsz,-48.03830000000005,251.96169999999995,536.9806,False,True,False
train,aaaaaqbb,aaaaaqbb_s001_t001,1297.0,3,1,42.1326,106.9724,64.8398,fnsz,-557.8674,-257.8674,,False,False,False
train,aaaaaqbb,aaaaaqbb_s001_t001,1297.0,3,2,627.0663,695.0552,67.98890000000006,fnsz,27.066299999999956,327.06629999999996,106.9724,True,True,False
train,aaaaaqbb,aaaaaqbb_s001_t001,1297.0,3,3,1047.337,1114.4972,67.16020000000003,fnsz,447.337,747.337,695.0552,True,True,False
train,aaaaaqbb,aaaaaqbb_s008_t001,904.0,2,1,32.0492,85.0303,52.9811,fnsz,-567.9508,-267.9508,,False,False,False
train,aaaaaqbb,aaaaaqbb_s008_t001,904.0,2,2,325.303,507.1212,181.8182,gnsz,-274.697,25.302999999999997,85.0303,False,True,False
train,aaaaaqbb,aaaaaqbb_s009_t000,401.0,3,1,98.8483,150.0303,51.182000000000016,fnsz,-501.1517,-201.1517,,False,False,False
train,aaaaaqbb,aaaaaqbb_s009_t000,401.0,3,2,160.9724,280.3536,119.38119999999998,fnsz,-439.0276,-139.0276,150.0303,False,True,False
train,aaaaaqbb,aaaaaqbb_s009_t000,401.0,3,3,284.1271,298.116,13.9889,fnsz,-315.8729,-15.872900000000016,280.3536,False,True,False
train,aaaaaqbb,aaaaaqbb_s009_t001,184.0,1,1,79.1823,182.011,102.8287,fnsz|gnsz,-520.8177000000001,-220.8177,,False,False,False
train,aaaaaqbb,aaaaaqbb_s009_t002,287.0,1,1,144.9779,196.5083,51.53039999999999,fnsz|gnsz,-455.0221,-155.0221,,False,False,False
train,aaaaaqbb,aaaaaqbb_s009_t003,263.0,1,1,130.9613,176.7403,45.779,fnsz|gnsz,-469.0387,-169.0387,,False,False,False
train,aaaaaqbb,aaaaaqbb_s010_t000,183.0,1,1,87.9558,143.1934,55.2376,fnsz,-512.0442,-212.0442,,False,False,False
train,aaaaaqbb,aaaaaqbb_s010_t001,183.0,1,1,53.4199,120.0497,66.6298,fnsz,-546.5801,-246.58010000000002,,False,False,False
train,aaaaaqbb,aaaaaqbb_s010_t002,184.0,1,1,47.3315,114.0939,66.76240000000001,fnsz,-552.6685,-252.6685,,False,False,False
train,aaaaaqbb,aaaaaqbb_s010_t003,183.0,1,1,95.0,137.0994,42.0994,fnsz,-505.0,-205.0,,False,False,False
train,aaaaaqkb,aaaaaqkb_s001_t000,1472.0,7,1,1.0,26.7938,25.7938,fnsz,-599.0,-299.0,,False,False,False
train,aaaaaqkb,aaaaaqkb_s001_t000,1472.0,7,2,168.7212,287.0681,118.3469,fnsz,-431.2788,-131.2788,26.7938,False,True,False
train,aaaaaqkb,aaaaaqkb_s001_t000,1472.0,7,3,478.0309,569.8565,91.8256,fnsz,-121.96910000000003,178.03089999999997,287.0681,False,True,False
train,aaaaaqkb,aaaaaqkb_s001_t000,1472.0,7,4,817.1362,917.9537,100.8175,fnsz,217.13620000000003,517.1362,569.8565,True,True,False
train,aaaaaqkb,aaaaaqkb_s001_t000,1472.0,7,5,1061.0445,1106.3215,45.27700000000005,fnsz,461.04449999999997,761.0445,917.9537,True,True,False
train,aaaaaqkb,aaaaaqkb_s001_t000,1472.0,7,6,1298.9046,1389.1862,90.28160000000004,fnsz,698.9046000000001,998.9046000000001,1106.3215,True,True,False
train,aaaaaqkb,aaaaaqkb_s001_t000,1472.0,7,7,1393.1272,1423.8265,30.699299999999997,fnsz,793.1271999999999,1093.1272,1389.1862,True,True,False
train,aaaaaqkb,aaaaaqkb_s001_t001,742.0,1,1,601.861,639.1907,37.3297,fnsz,1.86099999999999,301.861,,True,False,True
train,aaaaaqkb,aaaaaqkb_s001_t002,652.0,2,1,321.0908,412.1898,91.099,fnsz,-278.9092,21.0908,,False,False,False
train,aaaaaqkb,aaaaaqkb_s001_t002,652.0,2,2,611.0836,651.0,39.91639999999995,fnsz,11.083600000000047,311.08360000000005,412.1898,True,True,False
train,aaaaaqkb,aaaaaqkb_s001_t003,214.0,1,1,42.0563,142.8283,100.77200000000002,fnsz,-557.9437,-257.9437,,False,False,False
train,aaaaaqkb,aaaaaqkb_s001_t004,478.0,2,1,16.9846,120.2089,103.2243,fnsz,-583.0154,-283.0154,,False,False,False
train,aaaaaqkb,aaaaaqkb_s001_t004,478.0,2,2,378.1335,477.0,98.86649999999996,fnsz,-221.86649999999997,78.13350000000003,120.2089,False,True,False
train,aaaaaqkb,aaaaaqkb_s001_t005,1219.0,3,1,130.1281,303.8792,173.75110000000004,fnsz,-469.8719,-169.8719,,False,False,False
train,aaaaaqkb,aaaaaqkb_s001_t005,1219.0,3,2,454.0336,580.9637,126.93010000000004,fnsz,-145.96640000000002,154.03359999999998,303.8792,False,True,False
train,aaaaaqkb,aaaaaqkb_s001_t005,1219.0,3,3,707.0336,837.0518,130.01819999999998,fnsz,107.03359999999998,407.0336,580.9637,True,True,False
train,aaaaaqkb,aaaaaqkb_s001_t006,601.0,1,1,500.9083,600.0,99.0917,fnsz,-99.0917,200.9083,,False,False,False
train,aaaaaqkb,aaaaaqkb_s001_t007,300.0,1,1,141.1744,249.1217,107.9473,fnsz,-458.8256,-158.8256,,False,False,False
train,aaaaaqkb,aaaaaqkb_s001_t008,603.0,2,1,28.8974,80.1235,51.2261,fnsz,-571.1026,-271.1026,,False,False,False
train,aaaaaqkb,aaaaaqkb_s001_t008,603.0,2,2,250.1798,378.1998,128.01999999999998,fnsz,-349.8202,-49.8202,80.1235,False,True,False
train,aaaaaqkb,aaaaaqkb_s001_t009,725.0,1,1,306.0718,425.7811,119.70929999999998,fnsz,-293.9282,6.071799999999996,,False,False,False
train,aaaaaqkb,aaaaaqkb_s001_t011,300.0,1,1,136.9891,280.9946,144.00549999999998,fnsz,-463.0109,-163.0109,,False,False,False
train,aaaaaqkb,aaaaaqkb_s002_t002,955.0,1,1,353.9437,475.7875,121.84380000000004,fnsz,-246.05630000000002,53.94369999999998,,False,False,False
train,aaaaaqkb,aaaaaqkb_s002_t003,1098.0,2,1,354.0372,466.8892,112.85200000000005,fnsz,-245.96280000000002,54.037199999999984,,False,False,False
train,aaaaaqkb,aaaaaqkb_s002_t003,1098.0,2,2,744.9936,830.0527,85.05909999999994,fnsz,144.99360000000001,444.9936,466.8892,True,True,False
train,aaaaaqkb,aaaaaqkb_s002_t005,930.0,1,1,391.9519,481.7339,89.78199999999998,fnsz,-208.04809999999998,91.95190000000002,,False,False,False
train,aaaaaqkb,aaaaaqkb_s002_t006,601.0,1,1,275.9973,375.2252,99.22789999999998,fnsz,-324.0027,-24.002700000000004,,False,False,False
train,aaaaaqkb,aaaaaqkb_s002_t007,547.0,2,1,55.9891,162.0291,106.04,fnsz,-544.0109,-244.0109,,False,False,False
train,aaaaaqkb,aaaaaqkb_s002_t007,547.0,2,2,337.8592,448.1226,110.2634,fnsz,-262.1408,37.85919999999999,162.0291,False,True,False
train,aaaaaqkb,aaaaaqkb_s003_t001,910.0,1,1,334.1272,464.1907,130.06349999999998,fnsz,-265.8728,34.127200000000016,,False,False,False
train,aaaaaqkb,aaaaaqkb_s003_t002,827.0,3,1,87.8556,189.1272,101.2716,fnsz,-512.1444,-212.14440000000002,,False,False,False
train,aaaaaqkb,aaaaaqkb_s003_t002,827.0,3,2,332.0899,435.4505,103.36059999999998,fnsz,-267.9101,32.0899,189.1272,False,True,False
train,aaaaaqkb,aaaaaqkb_s003_t002,827.0,3,3,647.2688,783.4632,136.19439999999997,fnsz,47.268800000000056,347.26880000000006,435.4505,True,True,False
train,aaaaaqkb,aaaaaqkb_s003_t003,764.0,3,1,1.0,36.0127,35.0127,fnsz,-599.0,-299.0,,False,False,False
train,aaaaaqkb,aaaaaqkb_s003_t003,764.0,3,2,71.9037,115.2734,43.3697,fnsz,-528.0963,-228.09629999999999,36.0127,False,True,False
train,aaaaaqkb,aaaaaqkb_s003_t003,764.0,3,3,320.1335,436.8002,116.6667,fnsz,-279.8665,20.133500000000026,115.2734,False,True,False
train,aaaaaqkb,aaaaaqkb_s003_t004,1170.0,2,1,251.04,337.2343,86.19430000000003,fnsz,-348.96000000000004,-48.96000000000001,,False,False,False
train,aaaaaqkb,aaaaaqkb_s003_t004,1170.0,2,2,718.1753,841.9718,123.79650000000004,fnsz,118.1753,418.1753,337.2343,True,True,False
train,aaaaaqkb,aaaaaqkb_s003_t005,300.0,1,1,1.0,75.7947,74.7947,fnsz,-599.0,-299.0,,False,False,False
train,aaaaaqkb,aaaaaqkb_s003_t006,697.0,1,1,321.2243,403.1953,81.97099999999995,fnsz,-278.7757,21.224300000000028,,False,False,False
train,aaaaaqkb,aaaaaqkb_s003_t009,891.0,1,1,508.1817,554.9119,46.73019999999997,fnsz,-91.81830000000002,208.18169999999998,,False,False,False
train,aaaaaqkh,aaaaaqkh_s002_t002,787.0,1,1,433.8668,486.697,52.83019999999999,fnsz,-166.1332,133.8668,,False,False,False
train,aaaaaqkh,aaaaaqkh_s002_t003,768.0,1,1,339.1543,468.2886,129.1343,fnsz,-260.8457,39.15429999999998,,False,False,False
train,aaaaaqkh,aaaaaqkh_s003_t000,719.0,1,1,183.1831,419.121,235.9379,fnsz,-416.81690000000003,-116.8169,,False,False,False
train,aaaaaqkh,aaaaaqkh_s003_t003,789.0,1,1,312.929,493.0622,180.13320000000004,fnsz,-287.071,12.928999999999974,,False,False,False
train,aaaaaqkh,aaaaaqkh_s003_t004,731.0,1,1,230.9312,413.0899,182.1587,fnsz,-369.0688,-69.06880000000001,,False,False,False
train,aaaaaqkh,aaaaaqkh_s003_t006,729.0,1,1,252.5549,452.333,199.7781,fnsz,-347.4451,-47.4451,,False,False,False
train,aaaaaqkh,aaaaaqkh_s003_t007,885.0,1,1,311.9878,564.5405,252.5527,fnsz,-288.0122,11.987799999999993,,False,False,False
train,aaaaaqro,aaaaaqro_s003_t006,601.0,1,1,145.0055,196.1043,51.09879999999998,gnsz,-454.9945,-154.9945,,False,False,False
train,aaaaaqtl,aaaaaqtl_s007_t007,601.0,1,1,21.0078,108.8506,87.8428,fnsz,-578.9922,-278.9922,,False,False,False
train,aaaaaqtx,aaaaaqtx_s009_t000,300.0,1,1,1.0,299.0,298.0,fnsz,-599.0,-299.0,,False,False,False
train,aaaaaqtx,aaaaaqtx_s009_t001,601.0,1,1,1.0,600.0,599.0,fnsz,-599.0,-299.0,,False,False,False
train,aaaaaqtx,aaaaaqtx_s009_t002,601.0,1,1,1.0,600.0,599.0,fnsz,-599.0,-299.0,,False,False,False
train,aaaaaqtx,aaaaaqtx_s009_t003,601.0,1,1,1.0,600.0,599.0,fnsz,-599.0,-299.0,,False,False,False
train,aaaaaqtx,aaaaaqtx_s009_t004,300.0,1,1,1.0,299.0,298.0,fnsz,-599.0,-299.0,,False,False,False
train,aaaaaqtx,aaaaaqtx_s009_t005,601.0,1,1,1.0,600.0,599.0,fnsz,-599.0,-299.0,,False,False,False
train,aaaaaqtx,aaaaaqtx_s009_t006,601.0,1,1,1.0,600.0,599.0,fnsz,-599.0,-299.0,,False,False,False
train,aaaaaqtx,aaaaaqtx_s012_t000,300.0,1,1,1.0,299.0,298.0,fnsz,-599.0,-299.0,,False,False,False
train,aaaaaqtx,aaaaaqtx_s012_t001,601.0,1,1,1.0,600.0,599.0,fnsz,-599.0,-299.0,,False,False,False
train,aaaaaqtx,aaaaaqtx_s012_t002,300.0,1,1,1.0,299.0,298.0,fnsz,-599.0,-299.0,,False,False,False
train,aaaaaqtx,aaaaaqtx_s012_t003,601.0,1,1,1.0,600.0,599.0,fnsz,-599.0,-299.0,,False,False,False
train,aaaaaqtx,aaaaaqtx_s012_t004,300.0,3,1,1.0,204.3322,203.3322,fnsz,-599.0,-299.0,,False,False,False
train,aaaaaqtx,aaaaaqtx_s012_t004,300.0,3,2,207.3423,224.9844,17.6421,fnsz,-392.6577,-92.6577,204.3322,False,True,False
train,aaaaaqtx,aaaaaqtx_s012_t004,300.0,3,3,229.2809,299.0,69.7191,fnsz,-370.7191,-70.7191,224.9844,False,True,False
train,aaaaaqtx,aaaaaqtx_s012_t005,601.0,26,1,1.0,14.7993,13.7993,fnsz,-599.0,-299.0,,False,False,False
train,aaaaaqtx,aaaaaqtx_s012_t005,601.0,26,2,18.2832,30.4348,12.151599999999998,fnsz,-581.7168,-281.7168,14.7993,False,True,False
train,aaaaaqtx,aaaaaqtx_s012_t005,601.0,26,3,33.8952,86.1527,52.25749999999999,fnsz,-566.1048,-266.1048,30.4348,False,True,False
train,aaaaaqtx,aaaaaqtx_s012_t005,601.0,26,4,89.6187,117.1271,27.508399999999995,fnsz,-510.3813,-210.3813,86.1527,False,True,False
train,aaaaaqtx,aaaaaqtx_s012_t005,601.0,26,5,120.4593,171.0167,50.55739999999999,fnsz,-479.5407,-179.54070000000002,117.1271,False,True,False
train,aaaaaqtx,aaaaaqtx_s012_t005,601.0,26,6,174.4314,188.6455,14.214100000000002,fnsz,-425.5686,-125.5686,171.0167,False,True,False
train,aaaaaqtx,aaaaaqtx_s012_t005,601.0,26,7,192.0736,222.0658,29.9922,fnsz,-407.9264,-107.9264,188.6455,False,True,False
train,aaaaaqtx,aaaaaqtx_s012_t005,601.0,26,8,228.0301,236.7258,8.695699999999988,fnsz,-371.9699,-71.9699,222.0658,False,True,False
train,aaaaaqtx,aaaaaqtx_s012_t005,601.0,26,9,244.0011,254.4805,10.479399999999998,fnsz,-355.9989,-55.99889999999999,236.7258,False,True,False
train,aaaaaqtx,aaaaaqtx_s012_t005,601.0,26,10,258.8395,294.1795,35.34000000000003,fnsz,-341.1605,-41.16050000000001,254.4805,False,True,False
train,aaaaaqtx,aaaaaqtx_s012_t005,601.0,26,11,301.1906,322.233,21.042399999999983,fnsz,-298.8094,1.1906000000000176,294.1795,False,True,False
train,aaaaaqtx,aaaaaqtx_s012_t005,601.0,26,12,327.5652,347.4649,19.8997,fnsz,-272.4348,27.565200000000004,322.233,False,True,False
train,aaaaaqtx,aaaaaqtx_s012_t005,601.0,26,13,350.5797,361.1984,10.61869999999999,fnsz,-249.4203,50.5797,347.4649,False,True,False
train,aaaaaqtx,aaaaaqtx_s012_t005,601.0,26,14,370.835,401.9666,31.13160000000005,fnsz,-229.16500000000002,70.83499999999998,361.1984,False,True,False
train,aaaaaqtx,aaaaaqtx_s012_t005,601.0,26,15,406.0892,411.3567,5.267499999999984,fnsz,-193.9108,106.0892,401.9666,False,True,False
train,aaaaaqtx,aaaaaqtx_s012_t005,601.0,26,16,414.5061,422.087,7.5808999999999855,fnsz,-185.4939,114.5061,411.3567,False,True,False
train,aaaaaqtx,aaaaaqtx_s012_t005,601.0,26,17,429.2219,438.3356,9.113699999999994,fnsz,-170.7781,129.2219,422.087,False,True,False
train,aaaaaqtx,aaaaaqtx_s012_t005,601.0,26,18,442.2787,445.9298,3.651099999999986,fnsz,-157.72129999999999,142.27870000000001,438.3356,False,True,False
train,aaaaaqtx,aaaaaqtx_s012_t005,601.0,26,19,454.029,476.7157,22.68670000000003,fnsz,-145.971,154.029,445.9298,False,True,False
train,aaaaaqtx,aaaaaqtx_s012_t005,601.0,26,20,488.3099,512.1918,23.88189999999992,fnsz,-111.69009999999997,188.30990000000003,476.7157,False,True,False
train,aaaaaqtx,aaaaaqtx_s012_t005,601.0,26,21,516.7659,527.9699,11.204000000000065,fnsz,-83.23410000000001,216.7659,512.1918,False,True,False
train,aaaaaqtx,aaaaaqtx_s012_t005,601.0,26,22,536.0033,545.8974,9.89409999999998,fnsz,-63.99670000000003,236.00329999999997,527.9699,False,True,False
train,aaaaaqtx,aaaaaqtx_s012_t005,601.0,26,23,552.6845,556.1405,3.4560000000000173,fnsz,-47.31550000000004,252.68449999999996,545.8974,False,True,False
train,aaaaaqtx,aaaaaqtx_s012_t005,601.0,26,24,565.8952,569.1282,3.2329999999999472,fnsz,-34.104799999999955,265.89520000000005,556.1405,False,True,False
train,aaaaaqtx,aaaaaqtx_s012_t005,601.0,26,25,573.1014,585.0301,11.928699999999935,fnsz,-26.898599999999988,273.1014,569.1282,False,True,False
train,aaaaaqtx,aaaaaqtx_s012_t005,601.0,26,26,592.0535,599.5786,7.525100000000066,fnsz,-7.9465000000000146,292.0535,585.0301,False,True,False
train,aaaaaqtx,aaaaaqtx_s012_t006,300.0,18,1,5.039,9.9443,4.9053,fnsz,-594.961,-294.961,,False,False,False
train,aaaaaqtx,aaaaaqtx_s012_t006,300.0,18,2,16.2542,21.4939,5.239699999999999,fnsz,-583.7458,-283.7458,9.9443,False,True,False
train,aaaaaqtx,aaaaaqtx_s012_t006,300.0,18,3,27.243,30.8328,3.5898000000000003,fnsz,-572.757,-272.757,21.4939,False,True,False
train,aaaaaqtx,aaaaaqtx_s012_t006,300.0,18,4,37.9476,41.136,3.188400000000001,fnsz,-562.0524,-262.0524,30.8328,False,True,False
train,aaaaaqtx,aaaaaqtx_s012_t006,300.0,18,5,63.7402,69.0914,5.351199999999992,fnsz,-536.2598,-236.25979999999998,41.136,False,True,False
train,aaaaaqtx,aaaaaqtx_s012_t006,300.0,18,6,86.495,90.5307,4.035699999999991,fnsz,-513.505,-213.505,69.0914,False,True,False
train,aaaaaqtx,aaaaaqtx_s012_t006,300.0,18,7,103.0792,108.0212,4.941999999999993,fnsz,-496.9208,-196.92079999999999,90.5307,False,True,False
train,aaaaaqtx,aaaaaqtx_s012_t006,300.0,18,8,112.1996,122.9911,10.7915,fnsz,-487.80039999999997,-187.8004,108.0212,False,True,False
train,aaaaaqtx,aaaaaqtx_s012_t006,300.0,18,9,136.5463,151.8194,15.2731,fnsz,-463.4537,-163.4537,122.9911,False,True,False
train,aaaaaqtx,aaaaaqtx_s012_t006,300.0,18,10,156.5708,173.9175,17.3467,fnsz,-443.42920000000004,-143.4292,151.8194,False,True,False
train,aaaaaqtx,aaaaaqtx_s012_t006,300.0,18,11,182.5686,185.4225,2.85390000000001,fnsz,-417.4314,-117.4314,173.9175,False,True,False
train,aaaaaqtx,aaaaaqtx_s012_t006,300.0,18,12,200.9487,203.9365,2.987799999999993,fnsz,-399.05129999999997,-99.0513,185.4225,False,True,False
train,aaaaaqtx,aaaaaqtx_s012_t006,300.0,18,13,212.4091,217.8718,5.462700000000012,fnsz,-387.59090000000003,-87.5909,203.9365,False,True,False
train,aaaaaqtx,aaaaaqtx_s012_t006,300.0,18,14,224.3579,232.7637,8.4058,fnsz,-375.6421,-75.6421,217.8718,False,True,False
train,aaaaaqtx,aaaaaqtx_s012_t006,300.0,18,15,241.9944,252.2731,10.278699999999986,fnsz,-358.00559999999996,-58.00559999999999,232.7637,False,True,False
train,aaaaaqtx,aaaaaqtx_s012_t006,300.0,18,16,256.3166,261.6009,5.28430000000003,fnsz,-343.6834,-43.683400000000006,252.2731,False,True,False
train,aaaaaqtx,aaaaaqtx_s012_t006,300.0,18,17,266.4169,269.3824,2.96550000000002,fnsz,-333.5831,-33.5831,261.6009,False,True,False
train,aaaaaqtx,aaaaaqtx_s012_t006,300.0,18,18,274.2475,286.7336,12.486100000000022,fnsz,-325.7525,-25.752499999999998,269.3824,False,True,False
train,aaaaaqtx,aaaaaqtx_s012_t007,601.0,43,1,3.5897,5.864,2.2743,fnsz,-596.4103,-296.4103,,False,False,False
train,aaaaaqtx,aaaaaqtx_s012_t007,601.0,43,2,8.9186,13.2441,4.3255,fnsz,-591.0814,-291.0814,5.864,False,True,False
train,aaaaaqtx,aaaaaqtx_s012_t007,601.0,43,3,21.0256,25.7079,4.682299999999998,fnsz,-578.9744,-278.9744,13.2441,False,True,False
train,aaaaaqtx,aaaaaqtx_s012_t007,601.0,43,4,30.0334,34.359,4.325600000000001,fnsz,-569.9666,-269.96659999999997,25.7079,False,True,False
train,aaaaaqtx,aaaaaqtx_s012_t007,601.0,43,5,37.9799,44.2453,6.2654,fnsz,-562.0201,-262.0201,34.359,False,True,False
train,aaaaaqtx,aaaaaqtx_s012_t007,601.0,43,6,48.5518,50.5362,1.9844000000000008,fnsz,-551.4482,-251.44819999999999,44.2453,False,True,False
train,aaaaaqtx,aaaaaqtx_s012_t007,601.0,43,7,56.4225,59.7001,3.2776,fnsz,-543.5775,-243.5775,50.5362,False,True,False
train,aaaaaqtx,aaaaaqtx_s012_t007,601.0,43,8,63.5741,65.8261,2.251999999999996,fnsz,-536.4259,-236.4259,59.7001,False,True,False
train,aaaaaqtx,aaaaaqtx_s012_t007,601.0,43,9,72.1806,78.6466,6.466000000000008,fnsz,-527.8194,-227.8194,65.8261,False,True,False
train,aaaaaqtx,aaaaaqtx_s012_t007,601.0,43,10,82.7938,91.1795,8.3857,fnsz,-517.2062,-217.2062,78.6466,False,True,False
train,aaaaaqtx,aaaaaqtx_s012_t007,601.0,43,11,96.8428,109.5518,12.709000000000003,fnsz,-503.1572,-203.1572,91.1795,False,True,False
train,aaaaaqtx,aaaaaqtx_s012_t007,601.0,43,12,121.9799,124.9509,2.971000000000004,fnsz,-478.0201,-178.0201,109.5518,False,True,False
train,aaaaaqtx,aaaaaqtx_s012_t007,601.0,43,13,135.6934,152.7503,17.056900000000013,fnsz,-464.3066,-164.3066,124.9509,False,True,False
train,aaaaaqtx,aaaaaqtx_s012_t007,601.0,43,14,158.1884,166.9677,8.779300000000006,fnsz,-441.8116,-141.8116,152.7503,False,True,False
train,aaaaaqtx,aaaaaqtx_s012_t007,601.0,43,15,170.0056,174.9387,4.9331000000000245,fnsz,-429.99440000000004,-129.9944,166.9677,False,True,False
train,aaaaaqtx,aaaaaqtx_s012_t007,601.0,43,16,179.4794,186.2241,6.744699999999995,fnsz,-420.5206,-120.5206,174.9387,False,True,False
train,aaaaaqtx,aaaaaqtx_s012_t007,601.0,43,17,190.767,209.7681,19.001100000000008,fnsz,-409.233,-109.233,186.2241,False,True,False
train,aaaaaqtx,aaaaaqtx_s012_t007,601.0,43,18,222.087,234.8517,12.764700000000005,fnsz,-377.913,-77.91300000000001,209.7681,False,True,False
train,aaaaaqtx,aaaaaqtx_s012_t007,601.0,43,19,239.1717,243.854,4.682300000000026,fnsz,-360.8283,-60.82830000000001,234.8517,False,True,False
train,aaaaaqtx,aaaaaqtx_s012_t007,601.0,43,20,247.4214,250.738,3.316599999999994,fnsz,-352.5786,-52.578599999999994,243.854,False,True,False
train,aaaaaqtx,aaaaaqtx_s012_t007,601.0,43,21,256.3356,260.99,4.65440000000001,fnsz,-343.6644,-43.6644,250.738,False,True,False
train,aaaaaqtx,aaaaaqtx_s012_t007,601.0,43,22,266.7035,272.835,6.13149999999996,fnsz,-333.2965,-33.29649999999998,260.99,False,True,False
train,aaaaaqtx,aaaaaqtx_s012_t007,601.0,43,23,281.8651,285.3489,3.48380000000003,fnsz,-318.1349,-18.134900000000016,272.835,False,True,False
train,aaaaaqtx,aaaaaqtx_s012_t007,601.0,43,24,290.1962,309.9565,19.76030000000003,fnsz,-309.8038,-9.803800000000024,285.3489,False,True,False
train,aaaaaqtx,aaaaaqtx_s012_t007,601.0,43,25,322.806,328.1572,5.351200000000006,fnsz,-277.194,22.805999999999983,309.9565,False,True,False
train,aaaaaqtx,aaaaaqtx_s012_t007,601.0,43,26,332.7336,338.6143,5.88069999999999,fnsz,-267.2664,32.733600000000024,328.1572,False,True,False
train,aaaaaqtx,aaaaaqtx_s012_t007,601.0,43,27,342.767,359.2943,16.527300000000025,fnsz,-257.233,42.766999999999996,338.6143,False,True,False
train,aaaaaqtx,aaaaaqtx_s012_t007,601.0,43,28,364.4169,372.3601,7.94319999999999,fnsz,-235.5831,64.4169,359.2943,False,True,False
train,aaaaaqtx,aaaaaqtx_s012_t007,601.0,43,29,376.4013,379.8294,3.428100000000029,fnsz,-223.5987,76.40129999999999,372.3601,False,True,False
train,aaaaaqtx,aaaaaqtx_s012_t007,601.0,43,30,385.5708,397.6667,12.095899999999972,fnsz,-214.42919999999998,85.57080000000002,379.8294,False,True,False
train,aaaaaqtx,aaaaaqtx_s012_t007,601.0,43,31,402.9208,415.9086,12.987799999999991,fnsz,-197.07920000000001,102.92079999999999,397.6667,False,True,False
train,aaaaaqtx,aaaaaqtx_s012_t007,601.0,43,32,425.0914,429.3278,4.236400000000003,fnsz,-174.90859999999998,125.09140000000002,415.9086,False,True,False
train,aaaaaqtx,aaaaaqtx_s012_t007,601.0,43,33,432.3657,436.0446,3.678899999999999,fnsz,-167.6343,132.3657,429.3278,False,True,False
train,aaaaaqtx,aaaaaqtx_s012_t007,601.0,43,34,440.1695,445.7715,5.601999999999975,fnsz,-159.83049999999997,140.16950000000003,436.0446,False,True,False
train,aaaaaqtx,aaaaaqtx_s012_t007,601.0,43,35,450.8874,458.6076,7.720199999999977,fnsz,-149.1126,150.8874,445.7715,False,True,False
train,aaaaaqtx,aaaaaqtx_s012_t007,601.0,43,36,462.0357,468.1394,6.103700000000004,fnsz,-137.96429999999998,162.03570000000002,458.6076,False,True,False
train,aaaaaqtx,aaaaaqtx_s012_t007,601.0,43,37,472.8038,486.4326,13.628799999999956,fnsz,-127.19619999999998,172.80380000000002,468.1394,False,True,False
train,aaaaaqtx,aaaaaqtx_s012_t007,601.0,43,38,489.7748,502.4838,12.708999999999946,fnsz,-110.22519999999997,189.77480000000003,486.4326,False,True,False
train,aaaaaqtx,aaaaaqtx_s012_t007,601.0,43,39,513.9666,520.2653,6.2987000000000535,fnsz,-86.03340000000003,213.96659999999997,502.4838,False,True,False
train,aaaaaqtx,aaaaaqtx_s012_t007,601.0,43,40,532.6109,541.1115,8.500599999999963,fnsz,-67.38909999999998,232.61090000000002,520.2653,False,True,False
train,aaaaaqtx,aaaaaqtx_s012_t007,601.0,43,41,547.8004,559.3389,11.5385,fnsz,-52.19960000000003,247.80039999999997,541.1115,False,True,False
train,aaaaaqtx,aaaaaqtx_s012_t007,601.0,43,42,569.8963,583.4693,13.57299999999998,fnsz,-30.103700000000003,269.8963,559.3389,False,True,False
train,aaaaaqtx,aaaaaqtx_s012_t007,601.0,43,43,588.0123,600.0,11.987700000000018,fnsz,-11.987700000000018,288.0123,583.4693,False,True,False
train,aaaaaqtx,aaaaaqtx_s012_t008,300.0,15,1,1.0,15.942,14.942,fnsz,-599.0,-299.0,,False,False,False
train,aaaaaqtx,aaaaaqtx_s012_t008,300.0,15,2,22.0736,31.9955,9.9219,fnsz,-577.9264000000001,-277.9264,15.942,False,True,False
train,aaaaaqtx,aaaaaqtx_s012_t008,300.0,15,3,44.8573,54.0825,9.2252,fnsz,-555.1427,-255.1427,31.9955,False,True,False
train,aaaaaqtx,aaaaaqtx_s012_t008,300.0,15,4,70.7815,98.7637,27.98220000000001,fnsz,-529.2185,-229.2185,54.0825,False,True,False
train,aaaaaqtx,aaaaaqtx_s012_t008,300.0,15,5,107.3456,114.3969,7.051299999999998,fnsz,-492.6544,-192.6544,98.7637,False,True,False
train,aaaaaqtx,aaaaaqtx_s012_t008,300.0,15,6,128.2207,136.6098,8.389100000000013,fnsz,-471.77930000000003,-171.7793,114.3969,False,True,False
train,aaaaaqtx,aaaaaqtx_s012_t008,300.0,15,7,143.3356,157.9955,14.659899999999991,fnsz,-456.6644,-156.6644,136.6098,False,True,False
train,aaaaaqtx,aaaaaqtx_s012_t008,300.0,15,8,161.8138,165.6042,3.790400000000005,fnsz,-438.1862,-138.1862,157.9955,False,True,False
train,aaaaaqtx,aaaaaqtx_s012_t008,300.0,15,9,179.3244,199.0011,19.67670000000001,fnsz,-420.67560000000003,-120.6756,165.6042,False,True,False
train,aaaaaqtx,aaaaaqtx_s012_t008,300.0,15,10,216.5273,222.9376,6.410300000000007,fnsz,-383.47270000000003,-83.4727,199.0011,False,True,False
train,aaaaaqtx,aaaaaqtx_s012_t008,300.0,15,11,236.6734,244.2821,7.608700000000027,fnsz,-363.3266,-63.32660000000001,222.9376,False,True,False
train,aaaaaqtx,aaaaaqtx_s012_t008,300.0,15,12,249.058,259.3701,10.312099999999988,fnsz,-350.942,-50.94200000000001,244.2821,False,True,False
train,aaaaaqtx,aaaaaqtx_s012_t008,300.0,15,13,266.6667,271.767,5.100300000000004,fnsz,-333.3333,-33.33330000000001,259.3701,False,True,False
train,aaaaaqtx,aaaaaqtx_s012_t008,300.0,15,14,278.9855,287.5418,8.556300000000022,fnsz,-321.0145,-21.014499999999998,271.767,False,True,False
train,aaaaaqtx,aaaaaqtx_s012_t008,300.0,15,15,290.9142,297.0457,6.131500000000017,fnsz,-309.0858,-9.085800000000006,287.5418,False,True,False
train,aaaaaqtx,aaaaaqtx_s012_t009,601.0,13,1,1.0,51.1472,50.1472,fnsz,-599.0,-299.0,,False,False,False
train,aaaaaqtx,aaaaaqtx_s012_t009,601.0,13,2,56.9855,100.1014,43.1159,fnsz,-543.0145,-243.0145,51.1472,False,True,False
train,aaaaaqtx,aaaaaqtx_s012_t009,601.0,13,3,103.3924,135.3322,31.939800000000005,fnsz,-496.6076,-196.6076,100.1014,False,True,False
train,aaaaaqtx,aaaaaqtx_s012_t009,601.0,13,4,140.1148,186.0736,45.9588,fnsz,-459.8852,-159.8852,135.3322,False,True,False
train,aaaaaqtx,aaaaaqtx_s012_t009,601.0,13,5,191.5596,224.3913,32.83170000000001,fnsz,-408.4404,-108.44040000000001,186.0736,False,True,False
train,aaaaaqtx,aaaaaqtx_s012_t009,601.0,13,6,230.0033,278.4147,48.41139999999999,fnsz,-369.99670000000003,-69.9967,224.3913,False,True,False
train,aaaaaqtx,aaaaaqtx_s012_t009,601.0,13,7,284.5452,313.3356,28.790399999999977,fnsz,-315.4548,-15.454799999999977,278.4147,False,True,False
train,aaaaaqtx,aaaaaqtx_s012_t009,601.0,13,8,317.7269,356.0212,38.29430000000002,fnsz,-282.2731,17.7269,313.3356,False,True,False
train,aaaaaqtx,aaaaaqtx_s012_t009,601.0,13,9,360.553,407.8963,47.3433,fnsz,-239.447,60.553,356.0212,False,True,False
train,aaaaaqtx,aaaaaqtx_s012_t009,601.0,13,10,415.699,474.6455,58.946500000000015,fnsz,-184.301,115.69900000000001,407.8963,False,True,False
train,aaaaaqtx,aaaaaqtx_s012_t009,601.0,13,11,479.66,497.3021,17.64209999999997,fnsz,-120.33999999999997,179.66000000000003,474.6455,False,True,False
train,aaaaaqtx,aaaaaqtx_s012_t009,601.0,13,12,501.5217,506.3991,4.877399999999966,fnsz,-98.47829999999999,201.5217,497.3021,False,True,False
train,aaaaaqtx,aaaaaqtx_s012_t009,601.0,13,13,510.9242,599.9431,89.01889999999997,fnsz,-89.07580000000002,210.92419999999998,506.3991,False,True,False
train,aaaaarcs,aaaaarcs_s003_t001,1083.0,2,1,725.9859,753.7614,27.775499999999965,fnsz,125.98590000000002,425.9859,,True,False,True
train,aaaaarcs,aaaaarcs_s003_t001,1083.0,2,2,974.0,1016.3529,42.35289999999998,fnsz,374.0,674.0,753.7614,True,True,False
train,aaaaarcs,aaaaarcs_s003_t002,601.0,2,1,299.0075,353.9753,54.96780000000001,fnsz,-300.9925,-0.9925000000000068,,False,False,False
train,aaaaarcs,aaaaarcs_s003_t002,601.0,2,2,586.0067,599.7525,13.745800000000033,fnsz,-13.993299999999977,286.0067,353.9753,False,True,False
train,aaaaarcs,aaaaarcs_s003_t003,705.0,1,1,9.9922,50.0063,40.0141,fnsz,-590.0078,-290.0078,,False,False,False
train,aaaaarcs,aaaaarcs_s003_t004,727.0,1,1,341.4262,394.0289,52.60270000000003,fnsz,-258.5738,41.426199999999994,,False,False,False
train,aaaaarcs,aaaaarcs_s003_t005,689.0,1,1,319.985,371.0184,51.03339999999997,fnsz,-280.015,19.985000000000014,,False,False,False
train,aaaaarcs,aaaaarcs_s003_t006,781.0,1,1,393.0921,440.556,47.46389999999997,fnsz,-206.90789999999998,93.09210000000002,,False,False,False
train,aaaaardk,aaaaardk_s001_t001,894.0,1,1,501.9138,545.9903,44.07650000000007,gnsz,-98.08620000000002,201.91379999999998,,False,False,False
train,aaaaardk,aaaaardk_s001_t002,701.0,1,1,350.071,393.9667,43.89569999999998,fnsz,-249.92899999999997,50.071000000000026,,False,False,False
train,aaaaardk,aaaaardk_s001_t003,710.0,1,1,298.0366,369.9567,71.92009999999999,fnsz,-301.9634,-1.9633999999999787,,False,False,False
train,aaaaardk,aaaaardk_s001_t004,661.0,1,1,299.9767,361.02,61.04329999999999,gnsz,-300.0233,-0.023300000000006094,,False,False,False
train,aaaaardk,aaaaardk_s001_t005,1251.0,1,1,306.9356,359.2109,52.27529999999996,fnsz,-293.0644,6.935600000000022,,False,False,False
train,aaaaardk,aaaaardk_s001_t006,731.0,1,1,302.9037,364.03,61.12629999999996,fnsz,-297.0963,2.903700000000015,,False,False,False
train,aaaaardk,aaaaardk_s001_t007,657.0,1,1,300.9791,356.2925,55.3134,fnsz,-299.0209,0.9791000000000167,,False,False,False
train,aaaaardk,aaaaardk_s001_t008,602.0,1,1,244.1517,303.0073,58.85559999999998,fnsz,-355.8483,-55.848299999999995,,False,False,False
train,aaaaardk,aaaaardk_s001_t009,603.0,1,1,255.9037,319.9364,64.0327,fnsz,-344.09630000000004,-44.096300000000014,,False,False,False
train,aaaaardk,aaaaardk_s001_t010,603.0,1,1,242.0663,309.0963,67.02999999999997,fnsz,-357.9337,-57.93369999999999,,False,False,False
train,aaaaardk,aaaaardk_s001_t011,603.0,1,1,289.7593,317.0073,27.24799999999999,fnsz,-310.2407,-10.240700000000004,,False,False,False
train,aaaaardk,aaaaardk_s001_t012,602.0,1,1,276.1544,340.8229,64.6685,fnsz,-323.8456,-23.84559999999999,,False,False,False
train,aaaaardk,aaaaardk_s001_t013,603.0,1,1,244.8129,311.2071,66.39420000000001,fnsz,-355.1871,-55.18709999999999,,False,False,False
train,aaaaardk,aaaaardk_s001_t014,603.0,1,1,286.8084,360.1962,73.38779999999997,fnsz,-313.1916,-13.191599999999994,,False,False,False
train,aaaaardk,aaaaardk_s001_t015,604.0,1,1,260.0899,337.02,76.93009999999998,fnsz,-339.9101,-39.9101,,False,False,False
train,aaaaardk,aaaaardk_s001_t016,602.0,1,1,274.8946,327.0291,52.1345,fnsz,-325.1054,-25.105399999999975,,False,False,False
train,aaaaardk,aaaaardk_s001_t017,603.0,1,1,276.9827,333.7493,56.76659999999998,fnsz,-323.0173,-23.017299999999977,,False,False,False
train,aaaaardk,aaaaardk_s001_t018,1083.0,2,1,258.6294,316.9401,58.3107,fnsz,-341.3706,-41.370600000000024,,False,False,False
train,aaaaardk,aaaaardk_s001_t018,1083.0,2,2,741.9927,788.7684,46.77570000000003,fnsz,141.9927,441.9927,316.9401,True,True,False
train,aaaaardk,aaaaardk_s001_t019,1057.0,2,1,263.1762,324.03,60.85379999999998,fnsz,-336.8238,-36.823800000000006,,False,False,False
train,aaaaardk,aaaaardk_s001_t019,1057.0,2,2,735.9782,799.1026,63.12440000000004,fnsz,135.97820000000002,435.9782,324.03,True,True,False
train,aaaaardk,aaaaardk_s001_t020,1527.0,3,1,234.9918,314.0109,79.01909999999998,fnsz,-365.0082,-65.00819999999999,,False,False,False
train,aaaaardk,aaaaardk_s001_t020,1527.0,3,2,776.1617,807.406,31.244299999999956,fnsz,176.1617,476.1617,314.0109,True,True,False
train,aaaaardk,aaaaardk_s001_t020,1527.0,3,3,1170.1789,1265.0926,94.91369999999984,fnsz,570.1789000000001,870.1789000000001,807.406,True,True,False
train,aaaaardk,aaaaardk_s001_t021,603.0,1,1,238.0854,322.0091,83.9237,fnsz,-361.9146,-61.91460000000001,,False,False,False
train,aaaaardk,aaaaardk_s001_t022,1193.0,2,1,273.8974,361.8174,87.92000000000002,fnsz,-326.1026,-26.102599999999995,,False,False,False
train,aaaaardk,aaaaardk_s001_t022,1193.0,2,2,865.9037,946.921,81.01730000000009,fnsz,265.90369999999996,565.9037,361.8174,True,True,False
train,aaaaardk,aaaaardk_s001_t023,1191.0,2,1,263.9064,355.1871,91.28069999999995,fnsz,-336.0936,-36.09359999999998,,False,False,False
train,aaaaardk,aaaaardk_s001_t023,1191.0,2,2,855.4496,934.1962,78.74659999999994,fnsz,255.44960000000003,555.4496,355.1871,True,True,False
train,aaaaardk,aaaaardk_s001_t024,300.0,1,1,1.1807,17.8928,16.7121,fnsz,-598.8193,-298.8193,,False,False,False
train,aaaaardk,aaaaardk_s002_t000,282.0,2,1,0.0,197.2345,197.2345,gnsz,-600.0,-300.0,,False,False,False
train,aaaaardk,aaaaardk_s002_t000,282.0,2,2,202.7861,282.0,79.2139,gnsz,-397.21389999999997,-97.2139,197.2345,False,True,False
train,aaaaardk,aaaaardk_s002_t002,1800.0,2,1,274.6172,304.1228,29.50559999999996,fnsz,-325.3828,-25.382799999999975,,False,False,False
train,aaaaardk,aaaaardk_s002_t002,1800.0,2,2,1520.1643,1547.1579,26.99360000000001,fnsz,920.1642999999999,1220.1643,304.1228,True,False,True
train,aaaaardk,aaaaardk_s002_t007,628.0,1,1,258.061,324.6537,66.59270000000004,gnsz,-341.939,-41.93900000000002,,False,False,False
train,aaaaardk,aaaaardk_s002_t008,603.0,1,1,273.7825,333.5882,59.805699999999945,gnsz,-326.2175,-26.217499999999973,,False,False,False
train,aaaaardk,aaaaardk_s002_t009,1299.0,2,1,258.5605,312.4451,53.884600000000034,gnsz,-341.4395,-41.43950000000001,,False,False,False
train,aaaaardk,aaaaardk_s002_t009,1299.0,2,2,912.9101,972.5327,59.62259999999992,gnsz,312.91010000000006,612.9101,312.4451,True,False,True
train,aaaaardk,aaaaardk_s002_t010,639.0,1,1,262.3984,295.9834,33.58500000000004,gnsz,-337.6016,-37.60160000000002,,False,False,False
train,aaaaardk,aaaaardk_s002_t011,852.0,1,1,516.2031,554.3773,38.17420000000004,gnsz,-83.79690000000005,216.20309999999995,,False,False,False
train,aaaaardk,aaaaardk_s002_t012,627.0,1,1,258.586,280.9889,22.40289999999999,gnsz,-341.414,-41.41399999999999,,False,False,False
train,aaaaardk,aaaaardk_s002_t013,1095.0,2,1,259.667,285.0721,25.405100000000004,gnsz,-340.333,-40.33300000000003,,False,False,False
train,aaaaardk,aaaaardk_s002_t013,1095.0,2,2,759.3707,780.636,21.26529999999991,gnsz,159.37070000000006,459.37070000000006,285.0721,True,True,False
train,aaaaardk,aaaaardk_s002_t014,1113.0,2,1,258.4095,299.7026,41.29310000000004,gnsz,-341.5905,-41.59050000000002,,False,False,False
train,aaaaardk,aaaaardk_s002_t014,1113.0,2,2,737.9922,779.0244,41.03219999999999,gnsz,137.99220000000003,437.9922,299.7026,True,True,False
train,aaaaardk,aaaaardk_s002_t015,603.0,1,1,259.9723,316.8979,56.92559999999997,gnsz,-340.0277,-40.02769999999998,,False,False,False
train,aaaaardk,aaaaardk_s002_t016,603.0,1,1,258.9079,294.2519,35.343999999999994,gnsz,-341.0921,-41.092100000000016,,False,False,False
train,aaaaardk,aaaaardk_s002_t017,1158.0,2,1,250.9689,291.2686,40.2997,gnsz,-349.03110000000004,-49.03110000000001,,False,False,False
train,aaaaardk,aaaaardk_s002_t017,1158.0,2,2,818.2908,840.4384,22.14760000000001,gnsz,218.2908,518.2908,291.2686,True,True,False
train,aaaaardk,aaaaardk_s002_t018,603.0,1,1,277.5094,324.2408,46.73139999999995,gnsz,-322.4906,-22.490599999999972,,False,False,False
train,aaaaardk,aaaaardk_s002_t019,603.0,1,1,265.5205,303.3951,37.87459999999999,gnsz,-334.4795,-34.47949999999997,,False,False,False
train,aaaaardk,aaaaardk_s002_t020,603.0,1,1,270.2897,320.2397,49.950000000000045,gnsz,-329.7103,-29.710300000000018,,False,False,False
train,aaaaardk,aaaaardk_s002_t021,614.0,1,1,242.3041,268.9023,26.59820000000002,gnsz,-357.6959,-57.695899999999995,,False,False,False
train,aaaaardk,aaaaardk_s002_t022,639.0,1,1,260.1232,313.7303,53.6071,gnsz,-339.8768,-39.8768,,False,False,False
train,aaaaardk,aaaaardk_s005_t004,451.0,1,1,8.0666,17.0122,8.9456,fnsz,-591.9334,-291.9334,,False,False,False
train,aaaaardk,aaaaardk_s005_t005,696.0,1,1,302.8788,387.0,84.12119999999999,fnsz,-297.1212,2.8788000000000125,,False,False,False
train,aaaaardk,aaaaardk_s005_t008,702.0,1,1,310.0499,370.0663,60.01640000000003,fnsz,-289.9501,10.04989999999998,,False,False,False
train,aaaaardk,aaaaardk_s006_t002,843.0,1,1,340.0111,414.0963,74.08519999999999,fnsz,-259.9889,40.0111,,False,False,False
train,aaaaardk,aaaaardk_s006_t004,760.0,1,1,332.1054,394.1971,62.0917,gnsz,-267.8946,32.105399999999975,,False,False,False
train,aaaaardk,aaaaardk_s006_t005,702.0,1,1,281.0055,341.2507,60.24520000000001,fnsz,-318.9945,-18.994500000000016,,False,False,False
train,aaaaaron,aaaaaron_s001_t000,100.0,1,1,46.4133,98.911,52.4977,fnsz,-553.5867,-253.5867,,False,False,False
train,aaaaaron,aaaaaron_s001_t001,148.0,1,1,1.0,113.8965,112.8965,fnsz,-599.0,-299.0,,False,False,False
train,aaaaaron,aaaaaron_s005_t001,611.0,1,1,264.0781,317.9927,53.91460000000001,fnsz,-335.9219,-35.921899999999994,,False,False,False
train,aaaaaron,aaaaaron_s005_t002,617.0,1,1,265.2561,315.6649,50.40879999999999,fnsz,-334.7439,-34.7439,,False,False,False
train,aaaaaron,aaaaaron_s005_t003,751.0,1,1,294.9964,425.3324,130.336,fnsz,-305.0036,-5.003600000000006,,False,False,False
train,aaaaaron,aaaaaron_s005_t004,933.0,1,1,305.3306,632.4878,327.1572,fnsz,-294.6694,5.330600000000004,,False,False,False
train,aaaaaron,aaaaaron_s005_t005,995.0,1,1,317.4796,474.6094,157.1298,fnsz,-282.5204,17.479600000000005,,False,False,False
train,aaaaaron,aaaaaron_s005_t006,1069.0,1,1,311.8102,569.5304,257.7202,fnsz,-288.1898,11.810200000000009,,False,False,False
train,aaaaaron,aaaaaron_s005_t007,989.0,1,1,310.1726,445.277,135.1044,fnsz,-289.8274,10.172599999999989,,False,False,False
train,aaaaaron,aaaaaron_s005_t008,979.0,1,1,301.0899,479.1553,178.0654,fnsz,-298.9101,1.0899,,False,False,False
train,aaaaaroo,aaaaaroo_s001_t003,1557.0,4,1,22.4972,663.8224,641.3252,gnsz,-577.5028,-277.5028,,False,False,False
train,aaaaaroo,aaaaaroo_s001_t003,1557.0,4,2,670.192,796.6071,126.41509999999994,gnsz,70.19200000000001,370.192,663.8224,True,True,False
train,aaaaaroo,aaaaaroo_s001_t003,1557.0,4,3,828.0211,874.0422,46.02109999999993,gnsz,228.02110000000005,528.0211,796.6071,True,True,False
train,aaaaaroo,aaaaaroo_s001_t003,1557.0,4,4,909.1099,1036.8457,127.73580000000004,gnsz,309.10990000000004,609.1099,874.0422,True,True,False
train,aaaaaroo,aaaaaroo_s003_t002,919.0,1,1,406.9756,913.9789,507.0033,gnsz,-193.0244,106.97559999999999,,False,False,False
train,aaaaaroo,aaaaaroo_s003_t003,1174.0,1,1,1.0,465.3274,464.3274,gnsz,-599.0,-299.0,,False,False,False
train,aaaaaroo,aaaaaroo_s003_t004,315.0,1,1,303.0572,313.8974,10.840199999999982,fnsz,-296.9428,3.057200000000023,,False,False,False
train,aaaaaroo,aaaaaroo_s004_t003,601.0,2,1,191.0427,220.9246,29.8819,fnsz,-408.95730000000003,-108.9573,,False,False,False
train,aaaaaroo,aaaaaroo_s004_t003,601.0,2,2,512.9964,545.9664,32.97000000000003,fnsz,-87.0036,212.9964,220.9246,False,True,False
train,aaaaaroo,aaaaaroo_s004_t005,601.0,2,1,129.0345,171.1462,42.11169999999999,fnsz,-470.9655,-170.9655,,False,False,False
train,aaaaaroo,aaaaaroo_s004_t005,601.0,2,2,254.0817,405.9846,151.9029,fnsz,-345.9183,-45.91829999999999,171.1462,False,True,False
train,aaaaaroo,aaaaaroo_s005_t000,300.0,3,1,82.7639,94.0263,11.2624,fnsz,-517.2361,-217.2361,,False,False,False
train,aaaaaroo,aaaaaroo_s005_t000,300.0,3,2,213.6467,228.1063,14.459599999999996,fnsz,-386.3533,-86.35329999999999,94.0263,False,True,False
train,aaaaaroo,aaaaaroo_s005_t000,300.0,3,3,233.0863,256.9646,23.878300000000024,fnsz,-366.9137,-66.9137,228.1063,False,True,False
train,aaaaaroo,aaaaaroo_s005_t001,1800.0,1,1,304.0223,330.6411,26.61880000000002,fnsz,-295.9777,4.022299999999973,,False,False,False
train,aaaaaroo,aaaaaroo_s005_t007,1643.0,6,1,300.0477,314.9201,14.87239999999997,fnsz,-299.9523,0.04770000000002028,,False,False,False
train,aaaaaroo,aaaaaroo_s005_t007,1643.0,6,2,854.939,864.1232,9.184200000000033,fnsz,254.93899999999996,554.939,314.9201,True,True,False
train,aaaaaroo,aaaaaroo_s005_t007,1643.0,6,3,897.9012,922.0411,24.13990000000001,fnsz,297.9012,597.9012,864.1232,True,True,False
train,aaaaaroo,aaaaaroo_s005_t007,1643.0,6,4,1015.0222,1031.8368,16.81460000000004,fnsz,415.0222,715.0222,922.0411,True,True,False
train,aaaaaroo,aaaaaroo_s005_t007,1643.0,6,5,1332.0466,1349.0277,16.981100000000197,fnsz,732.0465999999999,1032.0466,1031.8368,True,True,False
train,aaaaaroo,aaaaaroo_s005_t007,1643.0,6,6,1565.9745,1571.0522,5.07770000000005,fnsz,965.9745,1265.9745,1349.0277,True,True,False
train,aaaaarqh,aaaaarqh_s001_t001,347.0,1,1,38.8129,76.0154,37.2025,fnsz,-561.1871,-261.1871,,False,False,False
train,aaaaarqh,aaaaarqh_s001_t002,434.0,1,1,134.0845,263.0581,128.97360000000003,fnsz,-465.9155,-165.9155,,False,False,False
train,aaaaarqt,aaaaarqt_s003_t000,300.0,1,1,78.5422,281.4487,202.9065,fnsz,-521.4578,-221.45780000000002,,False,False,False
train,aaaaarqt,aaaaarqt_s003_t001,601.0,4,1,1.0899,110.6421,109.5522,fnsz,-598.9101,-298.9101,,False,False,False
train,aaaaarqt,aaaaarqt_s003_t001,601.0,4,2,136.2234,423.6258,287.40240000000006,fnsz,-463.77660000000003,-163.7766,110.6421,False,True,False
train,aaaaarqt,aaaaarqt_s003_t001,601.0,4,3,485.7548,502.1035,16.348700000000008,fnsz,-114.24520000000001,185.7548,423.6258,False,True,False
train,aaaaarqt,aaaaarqt_s003_t001,601.0,4,4,550.5014,599.6385,49.13710000000003,fnsz,-49.49860000000001,250.5014,502.1035,False,True,False
train,aaaaarsm,aaaaarsm_s001_t000,1264.0,2,1,40.3533,173.3233,132.97,fnsz,-559.6467,-259.6467,,False,False,False
train,aaaaarsm,aaaaarsm_s001_t000,1264.0,2,2,807.9909,953.6767,145.68579999999997,fnsz,207.9909,507.9909,173.3233,True,False,True
train,aaaaarsm,aaaaarsm_s002_t000,304.0,1,1,85.7965,206.7775,120.981,fnsz,-514.2035,-214.20350000000002,,False,False,False
train,aaaaarsm,aaaaarsm_s002_t001,280.0,1,1,85.6812,173.7829,88.10170000000001,fnsz,-514.3188,-214.3188,,False,False,False
train,aaaaarsm,aaaaarsm_s002_t002,280.0,1,1,91.0082,176.2035,85.19529999999999,fnsz,-508.9918,-208.9918,,False,False,False
train,aaaaarsm,aaaaarsm_s002_t003,291.0,1,1,92.1935,195.0091,102.8156,fnsz,-507.8065,-207.8065,,False,False,False
train,aaaaarsm,aaaaarsm_s002_t004,268.0,1,1,90.3842,171.6694,81.28519999999999,fnsz,-509.6158,-209.61579999999998,,False,False,False
train,aaaaarsm,aaaaarsm_s002_t005,291.0,1,1,95.0045,194.0054,99.00090000000002,fnsz,-504.9955,-204.9955,,False,False,False
train,aaaaarsm,aaaaarsm_s002_t006,293.0,1,1,102.8138,193.1862,90.3724,fnsz,-497.1862,-197.18619999999999,,False,False,False
train,aaaaarsm,aaaaarsm_s002_t007,276.0,1,1,91.2652,180.0936,88.82840000000002,fnsz,-508.7348,-208.7348,,False,False,False
train,aaaaarsm,aaaaarsm_s002_t008,267.0,1,1,94.6231,170.554,75.93090000000001,fnsz,-505.3769,-205.3769,,False,False,False
train,aaaaarsm,aaaaarsm_s002_t009,181.0,1,1,42.0745,120.0036,77.9291,fnsz,-557.9255,-257.9255,,False,False,False
train,aaaaarsm,aaaaarsm_s002_t010,316.0,1,1,153.069,215.2852,62.216200000000015,fnsz,-446.93100000000004,-146.931,,False,False,False
train,aaaaarsm,aaaaarsm_s002_t011,291.0,1,1,106.9019,198.455,91.5531,fnsz,-493.0981,-193.0981,,False,False,False
train,aaaaarsm,aaaaarsm_s002_t012,280.0,1,1,100.99,186.0036,85.01360000000001,fnsz,-499.01,-199.01,,False,False,False
train,aaaaarsm,aaaaarsm_s002_t013,316.0,1,1,96.079,218.0136,121.9346,fnsz,-503.921,-203.921,,False,False,False
train,aaaaarsm,aaaaarsm_s002_t014,207.0,1,1,20.1735,110.0917,89.9182,fnsz,-579.8265,-279.8265,,False,False,False
train,aaaaarsm,aaaaarsm_s003_t000,287.0,1,1,240.0436,285.8202,45.7766,fnsz,-359.95640000000003,-59.9564,,False,False,False
train,aaaaarsm,aaaaarsm_s004_t000,809.0,4,1,106.079,250.6748,144.5958,fnsz,-493.921,-193.921,,False,False,False
train,aaaaarsm,aaaaarsm_s004_t000,809.0,4,2,308.9428,426.654,117.71120000000002,fnsz,-291.0572,8.942799999999977,250.6748,False,True,False
train,aaaaarsm,aaaaarsm_s004_t000,809.0,4,3,472.0666,584.7747,112.70810000000006,gnsz,-127.9334,172.0666,426.654,False,True,False
train,aaaaarsm,aaaaarsm_s004_t000,809.0,4,4,659.0566,776.343,117.28639999999996,gnsz,59.0566,359.0566,584.7747,True,True,False
train,aaaaarsm,aaaaarsm_s004_t001,643.0,3,1,60.9945,177.3651,116.3706,fnsz|gnsz,-539.0055,-239.00549999999998,,False,False,False
train,aaaaarsm,aaaaarsm_s004_t001,643.0,3,2,231.2397,336.5394,105.2997,gnsz,-368.76030000000003,-68.7603,177.3651,False,True,False
train,aaaaarsm,aaaaarsm_s004_t001,643.0,3,3,390.9889,506.5272,115.5383,gnsz,-209.0111,90.9889,336.5394,False,True,False
train,aaaaarsm,aaaaarsm_s004_t003,1127.0,2,1,291.9889,400.535,108.54610000000002,gnsz,-308.0111,-8.011099999999999,,False,False,False
train,aaaaarsm,aaaaarsm_s004_t003,1127.0,2,2,785.0577,891.4395,106.3818,gnsz,185.05769999999995,485.05769999999995,400.535,True,True,False
train,aaaaarsm,aaaaarsm_s006_t001,914.0,2,1,102.8224,189.0599,86.2375,gnsz,-497.1776,-197.17759999999998,,False,False,False
train,aaaaarsm,aaaaarsm_s006_t001,914.0,2,2,886.9478,913.0,26.05219999999997,gnsz,286.94780000000003,586.9478,189.0599,True,False,True
train,aaaaarsm,aaaaarsm_s006_t002,870.0,1,1,1.8392,57.9019,56.0627,fnsz,-598.1608,-298.1608,,False,False,False
train,aaaaarsm,aaaaarsm_s007_t000,255.0,1,1,78.8974,162.4578,83.56039999999999,fnsz,-521.1025999999999,-221.1026,,False,False,False
train,aaaaarsm,aaaaarsm_s007_t001,261.0,1,1,90.8011,167.4587,76.65759999999999,fnsz,-509.1989,-209.19889999999998,,False,False,False
train,aaaaarsm,aaaaarsm_s007_t002,261.0,1,1,94.8946,167.465,72.5704,fnsz,-505.10540000000003,-205.1054,,False,False,False
train,aaaaarsm,aaaaarsm_s007_t003,258.0,1,1,91.7175,166.0136,74.2961,fnsz,-508.2825,-208.2825,,False,False,False
train,aaaaarsm,aaaaarsm_s007_t004,260.0,1,1,94.9818,167.0073,72.02549999999998,fnsz,-505.0182,-205.01819999999998,,False,False,False
train,aaaaarsm,aaaaarsm_s007_t005,279.0,1,1,95.9918,175.0109,79.0191,fnsz,-504.0082,-204.0082,,False,False,False
train,aaaaarsm,aaaaarsm_s007_t006,307.0,1,1,90.9927,183.3633,92.3706,fnsz,-509.0073,-209.0073,,False,False,False
train,aaaaarsm,aaaaarsm_s007_t007,181.0,1,1,12.9028,104.0018,91.099,fnsz,-587.0972,-287.0972,,False,False,False
train,aaaaartn,aaaaartn_s007_t002,1676.0,1,1,466.2707,541.2025,74.93180000000001,gnsz,-133.72930000000002,166.27069999999998,,False,False,False
train,aaaaartn,aaaaartn_s007_t003,1014.0,1,1,424.713,604.3915,179.67849999999993,fnsz,-175.28699999999998,124.71300000000002,,False,False,False
train,aaaaartn,aaaaartn_s007_t004,1212.0,1,1,496.1662,567.9192,71.75300000000004,gnsz,-103.8338,196.1662,,False,False,False
train,aaaaasdq,aaaaasdq_s004_t001,682.0,1,1,302.252,348.9186,46.66660000000002,fnsz,-297.748,2.2520000000000095,,False,False,False
train,aaaaasjh,aaaaasjh_s001_t001,1119.0,1,1,717.9315,744.8503,26.91879999999992,fnsz,117.93150000000003,417.9315,,True,False,True
train,aaaaasme,aaaaasme_s001_t000,918.0,2,1,347.9952,365.1927,17.19749999999999,fnsz,-252.0048,47.99520000000001,,False,False,False
train,aaaaasme,aaaaasme_s001_t000,918.0,2,2,904.1465,916.9252,12.778700000000072,fnsz,304.14649999999995,604.1465,365.1927,True,True,False
train,aaaaasme,aaaaasme_s003_t002,1236.0,1,1,313.0403,331.2282,18.187900000000013,fnsz,-286.9597,13.040300000000002,,False,False,False
train,aaaaasme,aaaaasme_s003_t006,645.0,1,1,314.9732,335.1879,20.214699999999997,fnsz,-285.0268,14.97320000000002,,False,False,False
train,aaaaasme,aaaaasme_s004_t003,660.0,1,1,304.0,335.1477,31.147699999999983,fnsz,-296.0,4.0,,False,False,False
train,aaaaasme,aaaaasme_s004_t005,300.0,1,1,1.0,15.0201,14.0201,fnsz,-599.0,-299.0,,False,False,False
train,aaaaastr,aaaaastr_s001_t000,1697.0,2,1,690.4295,724.6644,34.23490000000004,fnsz,90.42949999999996,390.42949999999996,,True,False,True
train,aaaaastr,aaaaastr_s001_t000,1697.0,2,2,1164.7584,1216.3289,51.57050000000004,fnsz,564.7583999999999,864.7583999999999,724.6644,True,True,False
train,aaaaasut,aaaaasut_s001_t001,843.0,1,1,438.9856,527.3707,88.38510000000008,gnsz,-161.01440000000002,138.98559999999998,,False,False,False
train,aaaaasut,aaaaasut_s003_t002,630.0,1,1,134.9955,165.1851,30.189600000000013,fnsz,-465.0045,-165.0045,,False,False,False
train,aaaaasut,aaaaasut_s003_t006,341.0,1,1,131.0535,147.0691,16.015599999999978,fnsz,-468.9465,-168.9465,,False,False,False
train,aaaaasut,aaaaasut_s003_t007,477.0,1,1,129.0814,142.0468,12.965399999999988,gnsz,-470.91859999999997,-170.9186,,False,False,False
train,aaaaasut,aaaaasut_s003_t009,601.0,1,1,222.9588,239.9989,17.040099999999995,gnsz,-377.0412,-77.0412,,False,False,False
train,aaaaaswt,aaaaaswt_s001_t000,917.0,3,1,188.5971,219.5287,30.93159999999997,fnsz,-411.4029,-111.40289999999999,,False,False,False
train,aaaaaswt,aaaaaswt_s001_t000,917.0,3,2,245.2006,290.5032,45.302599999999984,fnsz,-354.7994,-54.79939999999999,219.5287,False,True,False
train,aaaaaswt,aaaaaswt_s001_t000,917.0,3,3,839.3885,891.0605,51.672000000000025,fnsz,239.38850000000002,539.3885,290.5032,True,True,False
train,aaaaaswt,aaaaaswt_s001_t001,884.0,4,1,315.0955,365.5255,50.43000000000001,fnsz,-284.9045,15.095500000000015,,False,False,False
train,aaaaaswt,aaaaaswt_s001_t001,884.0,4,2,390.0669,420.3535,30.28660000000002,fnsz,-209.93310000000002,90.06689999999998,365.5255,False,True,False
train,aaaaaswt,aaaaaswt_s001_t001,884.0,4,3,437.0892,455.6242,18.534999999999968,fnsz,-162.9108,137.0892,420.3535,False,True,False
train,aaaaaswt,aaaaaswt_s001_t001,884.0,4,4,465.7516,473.7293,7.977700000000027,fnsz,-134.2484,165.7516,455.6242,False,True,False
train,aaaaatds,aaaaatds_s002_t002,601.0,1,1,1.0,600.0,599.0,gnsz,-599.0,-299.0,,False,False,False
train,aaaaatds,aaaaatds_s002_t005,300.0,1,1,1.0,299.0,298.0,gnsz,-599.0,-299.0,,False,False,False
train,aaaaatds,aaaaatds_s002_t006,601.0,1,1,1.0,600.0,599.0,gnsz,-599.0,-299.0,,False,False,False
train,aaaaatds,aaaaatds_s002_t007,601.0,1,1,1.0,600.0,599.0,gnsz,-599.0,-299.0,,False,False,False
train,aaaaatds,aaaaatds_s002_t008,300.0,1,1,1.0,299.0,298.0,gnsz,-599.0,-299.0,,False,False,False
train,aaaaatds,aaaaatds_s002_t009,601.0,1,1,1.0,600.0,599.0,gnsz,-599.0,-299.0,,False,False,False
train,aaaaatds,aaaaatds_s003_t000,300.0,1,1,1.0,299.0,298.0,gnsz,-599.0,-299.0,,False,False,False
train,aaaaatds,aaaaatds_s003_t001,601.0,1,1,1.0,600.0,599.0,gnsz,-599.0,-299.0,,False,False,False
train,aaaaatds,aaaaatds_s003_t002,300.0,1,1,1.0,299.0,298.0,gnsz,-599.0,-299.0,,False,False,False
train,aaaaatds,aaaaatds_s003_t004,300.0,1,1,1.0,299.0,298.0,gnsz,-599.0,-299.0,,False,False,False
train,aaaaatds,aaaaatds_s003_t005,638.0,1,1,1.0,637.0,636.0,gnsz,-599.0,-299.0,,False,False,False
train,aaaaatds,aaaaatds_s003_t006,8.0,1,1,0.0091,7.9891,7.979999999999999,gnsz,-599.9909,-299.9909,,False,False,False
train,aaaaates,aaaaates_s001_t000,1263.0,4,1,282.5719,299.3612,16.78929999999997,fnsz,-317.4281,-17.428099999999972,,False,False,False
train,aaaaates,aaaaates_s001_t000,1263.0,4,2,354.4214,520.6466,166.22520000000003,fnsz,-245.5786,54.421400000000006,299.3612,False,True,False
train,aaaaates,aaaaates_s001_t000,1263.0,4,3,876.5953,892.2475,15.652199999999992,fnsz,276.59529999999995,576.5953,520.6466,True,True,False
train,aaaaates,aaaaates_s001_t000,1263.0,4,4,944.7715,1189.5351,244.7636000000001,fnsz,344.77149999999995,644.7715,892.2475,True,True,False
train,aaaaates,aaaaates_s002_t005,689.0,10,1,1.0,57.3826,56.3826,fnsz,-599.0,-299.0,,False,False,False
train,aaaaates,aaaaates_s002_t005,689.0,10,2,64.1141,391.7785,327.6644,fnsz,-535.8859,-235.8859,57.3826,False,True,False
train,aaaaates,aaaaates_s002_t005,689.0,10,3,399.4228,432.9463,33.52350000000001,fnsz,-200.5772,99.4228,391.7785,False,True,False
train,aaaaates,aaaaates_s002_t005,689.0,10,4,436.5436,475.9564,39.41279999999995,fnsz,-163.45639999999997,136.54360000000003,432.9463,False,True,False
train,aaaaates,aaaaates_s002_t005,689.0,10,5,479.3154,506.1644,26.84899999999999,fnsz,-120.68459999999999,179.3154,475.9564,False,True,False
train,aaaaates,aaaaates_s002_t005,689.0,10,6,511.8121,531.7752,19.96310000000005,fnsz,-88.18790000000001,211.8121,506.1644,False,True,False
train,aaaaates,aaaaates_s002_t005,689.0,10,7,541.7383,566.9866,25.24829999999997,fnsz,-58.26170000000002,241.73829999999998,531.7752,False,True,False
train,aaaaates,aaaaates_s002_t005,689.0,10,8,580.4866,601.3859,20.89930000000004,fnsz,-19.513400000000047,280.48659999999995,566.9866,False,True,False
train,aaaaates,aaaaates_s002_t005,689.0,10,9,604.7047,625.5134,20.808700000000044,fnsz,4.7047000000000025,304.7047,601.3859,True,True,False
train,aaaaates,aaaaates_s002_t005,689.0,10,10,628.7315,688.0,59.26850000000002,fnsz,28.731499999999983,328.7315,625.5134,True,True,False
train,aaaaates,aaaaates_s002_t006,601.0,2,1,198.0268,363.6309,165.6041,fnsz,-401.9732,-101.97319999999999,,False,False,False
train,aaaaates,aaaaates_s002_t006,601.0,2,2,562.5839,599.6309,37.047000000000025,fnsz,-37.41610000000003,262.58389999999997,363.6309,False,True,False
train,aaaaates,aaaaates_s003_t002,682.0,2,1,300.2819,327.0604,26.778500000000008,fnsz,-299.7181,0.28190000000000737,,False,False,False
train,aaaaates,aaaaates_s003_t002,682.0,2,2,346.094,404.0403,57.94630000000001,fnsz,-253.906,46.093999999999994,327.0604,False,True,False
train,aaaaates,aaaaates_s003_t004,685.0,1,1,299.7248,384.2886,84.56379999999996,fnsz,-300.2752,-0.2751999999999839,,False,False,False
train,aaaaates,aaaaates_s009_t003,779.0,1,1,311.8926,475.1812,163.28859999999997,fnsz,-288.1074,11.892600000000016,,False,False,False
train,aaaaates,aaaaates_s009_t006,829.0,1,1,306.0134,520.0,213.9866,fnsz,-293.9866,6.01339999999999,,False,False,False
train,aaaaates,aaaaates_s009_t008,849.0,1,1,302.0268,489.9396,187.9128,fnsz,-297.9732,2.02679999999998,,False,False,False
train,aaaaates,aaaaates_s009_t010,863.0,1,1,300.0537,476.5772,176.5235,fnsz,-299.9463,0.05369999999999209,,False,False,False
train,aaaaatez,aaaaatez_s001_t000,1534.0,4,1,85.8629,195.6957,109.8328,fnsz,-514.1371,-214.1371,,False,False,False
train,aaaaatez,aaaaatez_s001_t000,1534.0,4,2,479.0769,598.0736,118.99670000000005,fnsz,-120.92309999999998,179.07690000000002,195.6957,False,True,False
train,aaaaatez,aaaaatez_s001_t000,1534.0,4,3,904.8027,1001.7258,96.92310000000008,fnsz,304.80269999999996,604.8027,598.0736,True,True,False
train,aaaaatez,aaaaatez_s001_t000,1534.0,4,4,1318.1472,1435.5385,117.3913,fnsz,718.1472000000001,1018.1472000000001,1001.7258,True,True,False
train,aaaaatez,aaaaatez_s002_t000,810.0,1,1,376.3333,491.0,114.6667,fnsz,-223.6667,76.33330000000001,,False,False,False
train,aaaaatez,aaaaatez_s002_t001,431.0,1,1,335.1515,428.3636,93.21210000000002,fnsz,-264.8485,35.1515,,False,False,False
train,aaaaatez,aaaaatez_s006_t002,601.0,2,1,34.1515,122.2121,88.06060000000001,fnsz,-565.8485000000001,-265.8485,,False,False,False
train,aaaaatez,aaaaatez_s006_t002,601.0,2,2,467.1515,524.303,57.1515,fnsz,-132.8485,167.1515,122.2121,False,True,False
train,aaaaatez,aaaaatez_s006_t003,408.0,1,1,319.1212,375.9697,56.8485,fnsz,-280.8788,19.121199999999988,,False,False,False
train,aaaaatez,aaaaatez_s006_t004,740.0,3,1,1.0,92.2424,91.2424,fnsz,-599.0,-299.0,,False,False,False
train,aaaaatez,aaaaatez_s006_t004,740.0,3,2,270.2121,366.8182,96.60609999999996,fnsz,-329.7879,-29.78789999999998,92.2424,False,True,False
train,aaaaatez,aaaaatez_s006_t004,740.0,3,3,668.1515,738.2121,70.06059999999991,fnsz,68.15150000000006,368.15150000000006,366.8182,True,True,False
train,aaaaatez,aaaaatez_s006_t006,601.0,1,1,210.1818,285.3333,75.1515,fnsz,-389.8182,-89.81819999999999,,False,False,False
train,aaaaatez,aaaaatez_s006_t007,848.0,2,1,355.0,456.0303,101.0303,fnsz,-245.0,55.0,,False,False,False
train,aaaaatez,aaaaatez_s006_t007,848.0,2,2,829.5758,845.8788,16.302999999999997,fnsz,229.57579999999996,529.5758,456.0303,True,True,False
train,aaaaatez,aaaaatez_s006_t009,1288.0,3,1,275.2727,422.1818,146.90910000000002,fnsz,-324.7273,-24.727300000000014,,False,False,False
train,aaaaatez,aaaaatez_s006_t009,1288.0,3,2,586.1212,692.1212,106.0,fnsz,-13.878799999999956,286.12120000000004,422.1818,False,True,False
train,aaaaatez,aaaaatez_s006_t009,1288.0,3,3,977.1818,1116.3333,139.15150000000006,fnsz,377.18179999999995,677.1818,692.1212,True,True,False
train,aaaaatez,aaaaatez_s006_t013,601.0,1,1,333.2727,476.2424,142.9697,fnsz,-266.7273,33.272699999999986,,False,False,False
train,aaaaatez,aaaaatez_s007_t000,300.0,1,1,1.0,136.2424,135.2424,fnsz,-599.0,-299.0,,False,False,False
train,aaaaatez,aaaaatez_s007_t001,936.0,2,1,1.0,22.3636,21.3636,fnsz,-599.0,-299.0,,False,False,False
train,aaaaatez,aaaaatez_s007_t001,936.0,2,2,379.0909,500.1818,121.09090000000003,fnsz,-220.90910000000002,79.09089999999998,22.3636,False,True,False
train,aaaaatez,aaaaatez_s007_t005,674.0,2,1,1.0,225.3939,224.3939,fnsz,-599.0,-299.0,,False,False,False
train,aaaaatez,aaaaatez_s007_t005,674.0,2,2,544.0,657.4545,113.45450000000004,fnsz,-56.0,244.0,225.3939,False,True,False
train,aaaaatez,aaaaatez_s007_t006,300.0,1,1,1.0,48.9091,47.9091,fnsz,-599.0,-299.0,,False,False,False
train,aaaaatez,aaaaatez_s007_t011,601.0,1,1,97.0909,177.8182,80.72729999999999,fnsz,-502.90909999999997,-202.9091,,False,False,False
train,aaaaatjh,aaaaatjh_s002_t001,760.0,1,1,345.047,435.8926,90.8456,fnsz,-254.95299999999997,45.047000000000025,,False,False,False
train,aaaaatjh,aaaaatjh_s002_t002,728.0,1,1,300.047,451.1879,151.1409,fnsz,-299.953,0.047000000000025466,,False,False,False
train,aaaaatjh,aaaaatjh_s002_t004,69.0,2,1,1.0,21.0201,20.0201,fnsz,-599.0,-299.0,,False,False,False
train,aaaaatjh,aaaaatjh_s002_t004,69.0,2,2,58.7517,67.9933,9.241600000000004,fnsz,-541.2483,-241.2483,21.0201,False,True,False
train,aaaaatjh,aaaaatjh_s002_t005,601.0,3,1,1.0,65.9664,64.9664,fnsz,-599.0,-299.0,,False,False,False
train,aaaaatjh,aaaaatjh_s002_t005,601.0,3,2,69.1745,340.7846,271.6101,fnsz,-530.8255,-230.8255,65.9664,False,True,False
train,aaaaatjh,aaaaatjh_s002_t005,601.0,3,3,344.5235,599.8389,255.31539999999995,fnsz,-255.4765,44.52350000000001,340.7846,False,True,False
train,aaaaatjh,aaaaatjh_s002_t007,668.0,5,1,1.0,134.8322,133.8322,fnsz,-599.0,-299.0,,False,False,False
train,aaaaatjh,aaaaatjh_s002_t007,668.0,5,2,137.9866,408.2148,270.2282,fnsz,-462.0134,-162.0134,134.8322,False,True,False
train,aaaaatjh,aaaaatjh_s002_t007,668.0,5,3,414.1678,554.8658,140.69800000000004,fnsz,-185.8322,114.1678,408.2148,False,True,False
train,aaaaatjh,aaaaatjh_s002_t007,668.0,5,4,559.3087,626.9463,67.6375999999999,fnsz,-40.691299999999956,259.30870000000004,554.8658,False,True,False
train,aaaaatjh,aaaaatjh_s002_t007,668.0,5,5,630.4295,666.8054,36.3759,fnsz,30.429499999999962,330.42949999999996,626.9463,True,True,False
train,aaaaatjh,aaaaatjh_s002_t008,300.0,1,1,1.0,299.0,298.0,fnsz,-599.0,-299.0,,False,False,False
train,aaaaatjh,aaaaatjh_s002_t009,601.0,2,1,1.0,180.8188,179.8188,fnsz,-599.0,-299.0,,False,False,False
train,aaaaatjh,aaaaatjh_s002_t009,601.0,2,2,184.2013,574.5638,390.3625,fnsz,-415.7987,-115.7987,180.8188,False,True,False
train,aaaaatjh,aaaaatjh_s002_t010,714.0,6,1,1.0,23.1409,22.1409,fnsz,-599.0,-299.0,,False,False,False
train,aaaaatjh,aaaaatjh_s002_t010,714.0,6,2,101.1745,132.3691,31.19460000000001,fnsz,-498.82550000000003,-198.8255,23.1409,False,True,False
train,aaaaatjh,aaaaatjh_s002_t010,714.0,6,3,241.5705,250.1342,8.563699999999983,fnsz,-358.42949999999996,-58.42949999999999,132.3691,False,True,False
train,aaaaatjh,aaaaatjh_s002_t010,714.0,6,4,283.1409,414.0671,130.9262,fnsz,-316.8591,-16.859100000000012,250.1342,False,True,False
train,aaaaatjh,aaaaatjh_s002_t010,714.0,6,5,485.8591,501.5369,15.67779999999999,fnsz,-114.14089999999999,185.8591,414.0671,False,True,False
train,aaaaatjh,aaaaatjh_s002_t010,714.0,6,6,542.8054,571.9329,29.12750000000005,fnsz,-57.19460000000004,242.80539999999996,501.5369,False,True,False
train,aaaaatjh,aaaaatjh_s002_t016,300.0,2,1,30.5034,41.9664,11.463,fnsz,-569.4966,-269.4966,,False,False,False
train,aaaaatjh,aaaaatjh_s002_t016,300.0,2,2,106.3087,114.1208,7.812100000000001,fnsz,-493.6913,-193.6913,41.9664,False,True,False
train,aaaaatjr,aaaaatjr_s001_t001,1332.0,1,1,502.0201,550.0134,47.99330000000003,fnsz,-97.97989999999999,202.0201,,False,False,False
train,aaaaatlp,aaaaatlp_s003_t001,765.0,1,1,316.2617,399.7181,83.45639999999997,fnsz,-283.7383,16.26170000000002,,False,False,False
train,aaaaatlp,aaaaatlp_s003_t004,691.0,1,1,300.557,385.0604,84.5034,fnsz,-299.443,0.5570000000000164,,False,False,False
train,aaaaatlp,aaaaatlp_s003_t005,693.0,1,1,302.4094,393.4899,91.08049999999996,fnsz,-297.5906,2.409400000000005,,False,False,False
train,aaaaatlp,aaaaatlp_s004_t003,849.0,1,1,366.2349,446.8926,80.65770000000003,fnsz,-233.76510000000002,66.23489999999998,,False,False,False
train,aaaaatlp,aaaaatlp_s004_t004,744.0,1,1,315.7114,396.3758,80.6644,fnsz,-284.2886,15.711400000000026,,False,False,False
train,aaaaatlp,aaaaatlp_s004_t006,601.0,1,1,62.6846,100.4497,37.7651,fnsz,-537.3154,-237.3154,,False,False,False
train,aaaaatlp,aaaaatlp_s006_t007,659.0,1,1,285.6722,359.8528,74.18060000000003,fnsz,-314.3278,-14.327800000000025,,False,False,False
train,aaaaatvr,aaaaatvr_s001_t000,519.0,1,1,1.9565,65.3946,63.4381,cpsz,-598.0435,-298.0435,,False,False,False
train,aaaaatvr,aaaaatvr_s001_t004,89.0,1,1,3.9688,82.1282,78.1594,cpsz,-596.0312,-296.0312,,False,False,False
train,aaaaatvr,aaaaatvr_s001_t013,165.0,1,1,19.9532,133.9164,113.9632,cpsz,-580.0468,-280.0468,,False,False,False
