split,patient,recording,duration_sec,seizure_index,seizure_start_sec,seizure_end_sec,forecast_start_sec,forecast_end_sec,eligible
dev,aaaaaajy,aaaaaajy_s001_t000,1750.0,1,14.2442,196.0107,-585.7558,-285.7558,False
dev,aaaaaajy,aaaaaajy_s001_t000,1750.0,2,254.013,362.9638,-345.98699999999997,-45.986999999999995,False
dev,aaaaaajy,aaaaaajy_s001_t000,1750.0,3,477.0717,651.9384,-122.92829999999998,177.07170000000002,False
dev,aaaaaajy,aaaaaajy_s001_t000,1750.0,4,712.0451,908.0735,112.04510000000005,412.04510000000005,False
dev,aaaaaajy,aaaaaajy_s001_t000,1750.0,5,1076.0047,1344.0545,476.00469999999996,776.0047,False
dev,aaaaaajy,aaaaaajy_s001_t000,1750.0,6,1387.9667,1687.9502,787.9667,1087.9667,False
dev,aaaaaajy,aaaaaajy_s002_t002,272.0,1,0.0,153.0557,-600.0,-300.0,False
dev,aaaaaajy,aaaaaajy_s003_t000,234.0,1,25.9741,215.9846,-574.0259,-274.0259,False
dev,aaaaaajy,aaaaaajy_s003_t001,224.0,1,7.0302,174.013,-592.9698,-292.9698,False
dev,aaaaaajy,aaaaaajy_s003_t002,203.0,1,14.9793,165.0314,-585.0207,-285.0207,False
dev,aaaaaajy,aaaaaajy_s003_t003,205.0,1,7.989,170.8548,-592.011,-292.011,False
dev,aaaaaajy,aaaaaajy_s003_t005,309.0,1,208.9508,308.8915,-391.04920000000004,-91.04920000000001,False
dev,aaaaaajy,aaaaaajy_s004_t000,1297.0,1,6.7576,160.0296,-593.2424,-293.2424,False
dev,aaaaaajy,aaaaaajy_s004_t000,1297.0,2,440.0533,589.0243,-159.94670000000002,140.05329999999998,False
dev,aaaaaajy,aaaaaajy_s004_t000,1297.0,3,794.0628,992.9959,194.06280000000004,494.06280000000004,False
dev,aaaaaajy,aaaaaajy_s004_t000,1297.0,4,1163.9502,1256.0664,563.9502,863.9502,False
dev,aaaaaayf,aaaaaayf_s002_t002,1018.0,1,0.0,28.9864,-600.0,-300.0,False
dev,aaaaaayf,aaaaaayf_s002_t002,1018.0,2,34.0249,76.882,-565.9751,-265.9751,False
dev,aaaaaayf,aaaaaayf_s002_t002,1018.0,3,92.9461,166.9235,-507.0539,-207.0539,False
dev,aaaaaayf,aaaaaayf_s002_t002,1018.0,4,182.0391,377.0006,-417.96090000000004,-117.96090000000001,False
dev,aaaaaayf,aaaaaayf_s002_t002,1018.0,5,398.0,434.0996,-202.0,98.0,False
dev,aaaaaayf,aaaaaayf_s002_t002,1018.0,6,440.0273,454.0759,-159.97269999999997,140.02730000000003,False
dev,aaaaaayf,aaaaaayf_s002_t002,1018.0,7,475.965,512.0646,-124.03500000000003,175.96499999999997,False
dev,aaaaaayf,aaaaaayf_s002_t002,1018.0,8,761.0113,771.029,161.0113,461.0113,False
dev,aaaaaayf,aaaaaayf_s002_t002,1018.0,9,865.9597,884.0391,265.9597,565.9597,False
dev,aaaaaayf,aaaaaayf_s002_t002,1018.0,10,895.029,1010.0261,295.029,595.029,False
dev,aaaaaazz,aaaaaazz_s001_t001,1237.0,1,116.9532,140.1304,-483.0468,-183.04680000000002,False
dev,aaaaaazz,aaaaaazz_s001_t001,1237.0,2,265.9751,283.936,-334.0249,-34.0249,False
dev,aaaaaazz,aaaaaazz_s001_t001,1237.0,3,378.0083,399.8814,-221.99169999999998,78.00830000000002,False
dev,aaaaaazz,aaaaaazz_s001_t001,1237.0,4,498.0439,519.9763,-101.95609999999999,198.0439,False
dev,aaaaaazz,aaaaaazz_s001_t001,1237.0,5,589.0338,611.0255,-10.966199999999958,289.03380000000004,False
dev,aaaaaazz,aaaaaazz_s001_t001,1237.0,6,739.0634,758.032,139.0634,439.0634,False
dev,aaaaaazz,aaaaaazz_s001_t001,1237.0,7,834.0249,850.9781,234.0249,534.0249,False
dev,aaaaaazz,aaaaaazz_s001_t001,1237.0,8,938.9449,951.0966,338.94489999999996,638.9449,False
dev,aaaaaazz,aaaaaazz_s001_t001,1237.0,9,1118.0202,1142.9164,518.0201999999999,818.0201999999999,False
dev,aaaaabxe,aaaaabxe_s002_t001,1800.0,1,502.0463,530.2759,-97.95370000000003,202.04629999999997,False
dev,aaaaacqc,aaaaacqc_s003_t000,1800.0,1,76.0287,90.6539,-523.9713,-223.97129999999999,False
dev,aaaaacqc,aaaaacqc_s003_t000,1800.0,2,149.9825,163.8022,-450.01750000000004,-150.0175,False
dev,aaaaacqc,aaaaacqc_s003_t000,1800.0,3,222.0016,239.1547,-377.9984,-77.9984,False
dev,aaaaacqc,aaaaacqc_s003_t000,1800.0,4,305.2073,324.1547,-294.7927,5.207299999999975,False
dev,aaaaacqc,aaaaacqc_s003_t000,1800.0,5,400.0367,417.2775,-199.9633,100.0367,False
dev,aaaaacqc,aaaaacqc_s003_t000,1800.0,6,477.9968,490.3573,-122.00319999999999,177.9968,False
dev,aaaaacqc,aaaaacqc_s003_t000,1800.0,7,544.1914,558.681,-55.808599999999956,244.19140000000004,False
dev,aaaaacqc,aaaaacqc_s003_t000,1800.0,8,612.0223,627.2695,12.022299999999973,312.0223,False
dev,aaaaacqc,aaaaacqc_s003_t000,1800.0,9,687.9968,706.1707,87.99680000000001,387.9968,False
dev,aaaaacqc,aaaaacqc_s003_t000,1800.0,10,772.0207,787.4195,172.02070000000003,472.02070000000003,False
dev,aaaaacqc,aaaaacqc_s003_t000,1800.0,11,842.0,855.5167,242.0,542.0,False
dev,aaaaacqc,aaaaacqc_s003_t000,1800.0,12,904.0287,918.7018,304.02869999999996,604.0287,False
dev,aaaaacqc,aaaaacqc_s003_t000,1800.0,13,976.0526,989.689,376.0526,676.0526,False
dev,aaaaacqc,aaaaacqc_s003_t000,1800.0,14,1039.9936,1051.8676,439.9936,739.9936,False
dev,aaaaacqc,aaaaacqc_s003_t000,1800.0,15,1120.0064,1132.5502,520.0064,820.0064,False
dev,aaaaacqc,aaaaacqc_s003_t000,1800.0,16,1182.6061,1198.0686,582.6061,882.6061,False
dev,aaaaacqc,aaaaacqc_s003_t000,1800.0,17,1250.0096,1262.7847,650.0096000000001,950.0096000000001,False
dev,aaaaacqc,aaaaacqc_s003_t000,1800.0,18,1319.9952,1331.7576,719.9952000000001,1019.9952000000001,False
dev,aaaaacqc,aaaaacqc_s003_t000,1800.0,19,1396.0175,1409.6699,796.0174999999999,1096.0175,False
dev,aaaaacqc,aaaaacqc_s003_t000,1800.0,20,1467.9777,1487.2281,867.9776999999999,1167.9777,False
dev,aaaaacqc,aaaaacqc_s003_t000,1800.0,21,1556.0048,1571.0207,956.0047999999999,1256.0048,False
dev,aaaaacqc,aaaaacqc_s003_t000,1800.0,22,1626.0096,1637.9633,1026.0096,1326.0096,False
dev,aaaaacqc,aaaaacqc_s003_t000,1800.0,23,1717.0144,1727.9713,1117.0144,1417.0144,False
dev,aaaaacqc,aaaaacqc_s003_t001,570.0,1,13.9936,23.1882,-586.0064,-286.0064,False
dev,aaaaacqc,aaaaacqc_s003_t001,570.0,2,183.1053,198.0734,-416.8947,-116.8947,False
dev,aaaaacqc,aaaaacqc_s003_t001,570.0,3,380.0287,394.2951,-219.97129999999999,80.02870000000001,False
dev,aaaaacqc,aaaaacqc_s003_t001,570.0,4,476.0128,487.3365,-123.98719999999997,176.01280000000003,False
dev,aaaaacyi,aaaaacyi_s001_t001,1459.0,1,101.312,111.112,-498.688,-198.688,False
dev,aaaaacyi,aaaaacyi_s001_t001,1459.0,2,121.212,130.212,-478.788,-178.788,False
dev,aaaaacyi,aaaaacyi_s001_t001,1459.0,3,307.612,315.412,-292.388,7.612000000000023,False
dev,aaaaacyi,aaaaacyi_s001_t001,1459.0,4,436.252,448.352,-163.748,136.252,False
dev,aaaaacyi,aaaaacyi_s001_t001,1459.0,5,557.196,565.296,-42.803999999999974,257.196,False
dev,aaaaacyi,aaaaacyi_s001_t001,1459.0,6,763.224,775.324,163.22400000000005,463.22400000000005,False
dev,aaaaacyi,aaaaacyi_s001_t001,1459.0,7,802.124,810.324,202.12400000000002,502.124,False
dev,aaaaacyi,aaaaacyi_s001_t001,1459.0,8,964.496,974.296,364.496,664.496,False
dev,aaaaacyi,aaaaacyi_s001_t001,1459.0,9,1166.984,1173.9836,566.9839999999999,866.9839999999999,False
dev,aaaaadkj,aaaaadkj_s002_t000,1236.0,1,106.236,146.1164,-493.764,-193.764,False
dev,aaaaadkj,aaaaadkj_s002_t000,1236.0,2,294.0287,327.1467,-305.9713,-5.971299999999985,False
dev,aaaaadkj,aaaaadkj_s002_t000,1236.0,3,519.9793,625.9984,-80.02070000000003,219.97929999999997,False
dev,aaaaadkj,aaaaadkj_s002_t000,1236.0,4,983.9761,1018.1547,383.9761,683.9761,False
dev,aaaaadkj,aaaaadkj_s002_t000,1236.0,5,1081.9936,1096.4912,481.9936,781.9936,False
dev,aaaaadkj,aaaaadkj_s003_t000,435.0,1,63.9419,155.1097,-536.0581,-236.0581,False
dev,aaaaadkj,aaaaadkj_s003_t000,435.0,2,328.9093,370.8773,-271.0907,28.909299999999973,False
dev,aaaaadkj,aaaaadkj_s003_t000,435.0,3,385.9336,419.0101,-214.0664,85.93360000000001,False
dev,aaaaadkj,aaaaadkj_s003_t001,464.0,1,37.9964,94.0723,-562.0036,-262.0036,False
dev,aaaaadkj,aaaaadkj_s003_t001,464.0,2,113.0409,181.0907,-486.95910000000003,-186.9591,False
dev,aaaaadkj,aaaaadkj_s003_t001,464.0,3,257.9135,316.9532,-342.0865,-42.0865,False
dev,aaaaadkj,aaaaadkj_s003_t001,464.0,4,367.9905,412.9223,-232.0095,67.9905,False
dev,aaaaadkj,aaaaadkj_s003_t002,378.0,1,21.0433,76.0522,-578.9567,-278.9567,False
dev,aaaaadkj,aaaaadkj_s003_t002,378.0,2,148.0142,208.9508,-451.98580000000004,-151.9858,False
dev,aaaaadkj,aaaaadkj_s003_t002,378.0,3,249.9704,313.9301,-350.02959999999996,-50.02959999999999,False
dev,aaaaadkj,aaaaadkj_s003_t003,123.0,1,41.0196,102.9638,-558.9804,-258.98040000000003,False
dev,aaaaadkj,aaaaadkj_s004_t000,328.0,1,136.9887,235.9218,-463.0113,-163.0113,False
dev,aaaaadkj,aaaaadkj_s004_t000,328.0,2,239.9526,301.9561,-360.04740000000004,-60.04740000000001,False
dev,aaaaadkj,aaaaadkj_s004_t001,209.0,1,8.0024,87.0599,-591.9976,-291.9976,False
dev,aaaaadkj,aaaaadkj_s004_t001,209.0,2,93.0705,181.8672,-506.9295,-206.92950000000002,False
dev,aaaaaewf,aaaaaewf_s001_t001,1313.0,1,646.02,657.5333,46.01999999999998,346.02,True
dev,aaaaaewf,aaaaaewf_s001_t001,1313.0,2,811.572,819.872,211.572,511.572,False
dev,aaaaaewf,aaaaaewf_s003_t000,1636.0,1,384.0,395.0,-216.0,84.0,False
dev,aaaaaewf,aaaaaewf_s003_t000,1636.0,2,1162.1111,1172.9444,562.1111000000001,862.1111000000001,True
dev,aaaaaexe,aaaaaexe_s001_t001,1426.0,1,193.844,200.044,-406.156,-106.156,False
dev,aaaaaexe,aaaaaexe_s001_t001,1426.0,2,287.832,296.532,-312.168,-12.168000000000006,False
dev,aaaaaexe,aaaaaexe_s001_t001,1426.0,3,564.304,573.2149,-35.696000000000026,264.304,False
dev,aaaaaexe,aaaaaexe_s001_t001,1426.0,4,1355.612,1363.312,755.6120000000001,1055.612,True
dev,aaaaagbf,aaaaagbf_s001_t000,1359.0,1,1126.768,1143.068,526.768,826.768,True
dev,aaaaagbf,aaaaagbf_s006_t003,301.0,1,124.0144,138.9904,-475.9856,-175.9856,False
dev,aaaaagbf,aaaaagbf_s007_t007,1046.0,1,302.1646,335.1444,-297.8354,2.164600000000007,False
dev,aaaaagbf,aaaaagbf_s007_t007,1046.0,2,342.0326,456.3038,-257.9674,42.0326,False
dev,aaaaagbf,aaaaagbf_s008_t003,1040.0,1,300.0119,448.0024,-299.9881,0.011900000000025557,False
dev,aaaaagdr,aaaaagdr_s001_t001,1423.0,1,57.288,162.744,-542.712,-242.712,False
dev,aaaaagdr,aaaaagdr_s001_t001,1423.0,2,711.152,836.152,111.15200000000004,411.15200000000004,False
dev,aaaaagdr,aaaaagdr_s001_t001,1423.0,3,1070.888,1157.0212,470.8879999999999,770.8879999999999,False
dev,aaaaahie,aaaaahie_s006_t000,1030.0,1,315.1393,339.0279,-284.8607,15.139299999999992,False
dev,aaaaahie,aaaaahie_s006_t001,352.0,1,26.0225,133.9063,-573.9775,-273.9775,False
dev,aaaaahie,aaaaahie_s006_t001,352.0,2,147.0391,159.1316,-452.96090000000004,-152.9609,False
dev,aaaaahie,aaaaahie_s007_t001,1800.0,1,294.0048,311.5486,-305.9952,-5.995200000000011,False
dev,aaaaahie,aaaaahie_s007_t002,1800.0,1,49.9825,74.0255,-550.0175,-250.01749999999998,False
dev,aaaaahie,aaaaahie_s007_t002,1800.0,2,882.0494,903.9075,282.0494,582.0494,True
dev,aaaaahie,aaaaahie_s007_t002,1800.0,3,1366.8596,1390.2967,766.8596,1066.8596,False
dev,aaaaahie,aaaaahie_s007_t011,1800.0,1,1606.7496,1632.0367,1006.7496000000001,1306.7496,True
dev,aaaaahie,aaaaahie_s007_t014,1800.0,1,1318.0447,1341.8485,718.0446999999999,1018.0446999999999,True
dev,aaaaahie,aaaaahie_s007_t018,1800.0,1,361.2153,378.0734,-238.7847,61.21530000000001,False
dev,aaaaahie,aaaaahie_s007_t018,1800.0,2,1073.9553,1086.6746,473.9553000000001,773.9553000000001,True
dev,aaaaahie,aaaaahie_s007_t020,1800.0,1,68.0766,80.3333,-531.9234,-231.92340000000002,False
dev,aaaaahie,aaaaahie_s007_t020,1800.0,2,501.9346,514.008,-98.06540000000001,201.9346,False
dev,aaaaahie,aaaaahie_s007_t026,1800.0,1,117.9745,134.0016,-482.02549999999997,-182.0255,False
dev,aaaaahie,aaaaahie_s007_t026,1800.0,2,1744.4147,1766.5582,1144.4147,1444.4147,True
dev,aaaaahie,aaaaahie_s007_t027,1800.0,1,453.9537,477.0957,-146.04629999999997,153.95370000000003,False
dev,aaaaahie,aaaaahie_s007_t027,1800.0,2,1083.1196,1108.5949,483.1196,783.1196,True
dev,aaaaahie,aaaaahie_s007_t027,1800.0,3,1688.0016,1712.0431,1088.0016,1388.0016,False
dev,aaaaahie,aaaaahie_s007_t030,1800.0,1,1210.0303,1220.0064,610.0302999999999,910.0302999999999,True
dev,aaaaahie,aaaaahie_s007_t030,1800.0,2,1496.0447,1521.9601,896.0446999999999,1196.0447,False
dev,aaaaahie,aaaaahie_s007_t032,1800.0,1,1366.2472,1385.9841,766.2472,1066.2472,True
dev,aaaaahie,aaaaahie_s007_t033,1800.0,1,421.9936,435.4545,-178.00639999999999,121.99360000000001,False
dev,aaaaahie,aaaaahie_s007_t033,1800.0,2,1396.0686,1410.1595,796.0686000000001,1096.0686,True
dev,aaaaahie,aaaaahie_s007_t035,1800.0,1,942.0766,954.0144,342.0766,642.0766,True
dev,aaaaahie,aaaaahie_s007_t036,1800.0,1,600.0207,619.925,0.02070000000003347,300.02070000000003,True
dev,aaaaahie,aaaaahie_s007_t038,1800.0,1,981.9171,996.1914,381.9171,681.9171,True
dev,aaaaahie,aaaaahie_s007_t039,1800.0,1,491.1356,510.1388,-108.86439999999999,191.1356,False
dev,aaaaahie,aaaaahie_s007_t041,1800.0,1,1362.0494,1383.3174,762.0494000000001,1062.0494,True
dev,aaaaahie,aaaaahie_s008_t000,1800.0,1,489.8533,507.5008,-110.14670000000001,189.8533,False
dev,aaaaahie,aaaaahie_s008_t000,1800.0,2,835.9984,865.9346,235.99839999999995,535.9984,False
dev,aaaaahie,aaaaahie_s008_t000,1800.0,3,1254.5423,1265.9936,654.5423000000001,954.5423000000001,False
dev,aaaaahie,aaaaahie_s008_t001,1800.0,1,317.1595,335.6523,-282.8405,17.15949999999998,False
dev,aaaaahie,aaaaahie_s008_t001,1800.0,2,537.9968,551.9761,-62.00319999999999,237.9968,False
dev,aaaaahie,aaaaahie_s008_t001,1800.0,3,937.9537,956.0399,337.9537,637.9537,False
dev,aaaaahie,aaaaahie_s008_t001,1800.0,4,1251.5391,1267.1053,651.5391,951.5391,False
dev,aaaaahie,aaaaahie_s008_t002,160.0,1,48.0335,59.0826,-551.9665,-251.9665,False
dev,aaaaahie,aaaaahie_s008_t002,160.0,2,86.0603,98.5491,-513.9397,-213.93970000000002,False
dev,aaaaahie,aaaaahie_s008_t003,1634.0,1,800.0145,940.0813,200.0145,500.0145,True
dev,aaaaahie,aaaaahie_s008_t003,1634.0,2,1303.7525,1394.0312,703.7525,1003.7525,False
dev,aaaaahie,aaaaahie_s008_t004,604.0,1,265.0267,320.0356,-334.9733,-34.973299999999995,False
dev,aaaaahie,aaaaahie_s008_t005,1800.0,1,304.244,321.4131,-295.756,4.244000000000028,False
dev,aaaaahie,aaaaahie_s008_t005,1800.0,2,710.0319,725.1595,110.03189999999995,410.03189999999995,False
dev,aaaaahie,aaaaahie_s009_t000,300.0,1,0.0111,47.5556,-599.9889,-299.9889,False
dev,aaaaahie,aaaaahie_s009_t000,300.0,2,120.5556,174.3889,-479.4444,-179.4444,False
dev,aaaaahie,aaaaahie_s009_t000,300.0,3,221.8333,284.8889,-378.1667,-78.16669999999999,False
dev,aaaaahie,aaaaahie_s009_t001,1800.0,1,307.9872,340.1483,-292.0128,7.987199999999973,False
dev,aaaaahie,aaaaahie_s009_t001,1800.0,2,1040.0718,1074.1228,440.07179999999994,740.0717999999999,True
dev,aaaaahie,aaaaahie_s009_t001,1800.0,3,1365.9745,1405.9266,765.9745,1065.9745,False
dev,aaaaahie,aaaaahie_s009_t002,1800.0,1,1549.9649,1596.1292,949.9649,1249.9649,True
dev,aaaaahie,aaaaahie_s009_t003,1800.0,1,575.9506,601.1659,-24.04939999999999,275.9506,False
dev,aaaaahie,aaaaahie_s009_t005,774.0,1,300.9197,338.0602,-299.0803,0.9196999999999775,False
dev,aaaaahie,aaaaahie_s009_t005,774.0,2,345.8889,373.1667,-254.11110000000002,45.88889999999998,False
dev,aaaaahie,aaaaahie_s009_t005,774.0,3,402.2778,434.9444,-197.7222,102.27780000000001,False
dev,aaaaahie,aaaaahie_s009_t005,774.0,4,606.9699,773.0,6.969900000000052,306.96990000000005,False
dev,aaaaahie,aaaaahie_s009_t006,1085.0,1,254.99,355.0903,-345.01,-45.00999999999999,False
dev,aaaaahie,aaaaahie_s009_t006,1085.0,2,754.0606,858.1434,154.06060000000002,454.0606,False
dev,aaaaahie,aaaaahie_s011_t001,1800.0,1,837.9362,857.6093,237.93619999999999,537.9362,True
dev,aaaaahie,aaaaahie_s011_t001,1800.0,2,1267.9952,1282.5088,667.9952000000001,967.9952000000001,False
dev,aaaaahie,aaaaahie_s011_t002,583.0,1,0.0478,35.9729,-599.9522,-299.9522,False
dev,aaaaahie,aaaaahie_s011_t002,583.0,2,294.0303,309.134,-305.9697,-5.969699999999989,False
dev,aaaaahie,aaaaahie_s011_t003,604.0,1,253.0528,292.9461,-346.9472,-46.94720000000001,False
dev,aaaaahie,aaaaahie_s011_t003,604.0,2,508.0024,515.0563,-91.99759999999998,208.00240000000002,False
dev,aaaaahie,aaaaahie_s011_t003,604.0,3,556.9858,604.0,-43.01419999999996,256.98580000000004,False
dev,aaaaahie,aaaaahie_s011_t004,300.0,1,0.0237,12.0213,-599.9763,-299.9763,False
dev,aaaaahie,aaaaahie_s011_t005,1054.0,1,321.0077,365.904,-278.9923,21.0077,False
dev,aaaaahie,aaaaahie_s011_t005,1054.0,2,389.9443,401.1476,-210.0557,89.9443,False
dev,aaaaahie,aaaaahie_s011_t005,1054.0,3,663.0326,747.0279,63.0326,363.0326,False
dev,aaaaahie,aaaaahie_s011_t006,605.0,1,310.1363,355.0089,-289.8637,10.136300000000006,False
dev,aaaaahie,aaaaahie_s011_t007,300.0,1,50.1482,105.1571,-549.8518,-249.8518,False
dev,aaaaahie,aaaaahie_s018_t000,1800.0,1,958.8134,985.2169,358.8134,658.8134,True
dev,aaaaahie,aaaaahie_s018_t000,1800.0,2,1631.0207,1656.571,1031.0207,1331.0207,True
dev,aaaaahie,aaaaahie_s018_t001,1800.0,1,651.2041,686.4833,51.20410000000004,351.20410000000004,True
dev,aaaaahie,aaaaahie_s018_t001,1800.0,2,1059.9139,1083.638,459.9139,759.9139,False
dev,aaaaahie,aaaaahie_s018_t001,1800.0,3,1412.0654,1424.2265,812.0654,1112.0654,False
dev,aaaaahie,aaaaahie_s020_t000,269.0,1,22.2778,76.0,-577.7222,-277.7222,False
dev,aaaaahie,aaaaahie_s020_t001,495.0,1,180.1667,238.3333,-419.8333,-119.83330000000001,False
dev,aaaaahie,aaaaahie_s020_t002,494.0,1,0.0,17.7778,-600.0,-300.0,False
dev,aaaaahie,aaaaahie_s020_t002,494.0,2,138.6111,162.5,-461.38890000000004,-161.3889,False
dev,aaaaahie,aaaaahie_s020_t002,494.0,3,180.0,230.6667,-420.0,-120.0,False
dev,aaaaahie,aaaaahie_s020_t002,494.0,4,465.1111,494.0,-134.88889999999998,165.11110000000002,False
dev,aaaaahie,aaaaahie_s020_t005,671.0,1,191.0,232.6111,-409.0,-109.0,False
dev,aaaaahie,aaaaahie_s020_t005,671.0,2,337.0,375.6111,-263.0,37.0,False
dev,aaaaahie,aaaaahie_s020_t005,671.0,3,385.7222,421.4444,-214.2778,85.72219999999999,False
dev,aaaaahie,aaaaahie_s021_t003,752.0,1,300.0,354.0605,-300.0,0.0,False
dev,aaaaahie,aaaaahie_s021_t003,752.0,2,413.9301,441.968,-186.06990000000002,113.93009999999998,False
dev,aaaaahie,aaaaahie_s021_t004,901.0,1,612.9816,672.9698,12.981599999999958,312.98159999999996,True
dev,aaaaahie,aaaaahie_s021_t006,702.0,1,171.0136,200.8299,-428.9864,-128.9864,False
dev,aaaaahie,aaaaahie_s021_t006,702.0,2,293.083,391.0083,-306.917,-6.916999999999973,False
dev,aaaaahie,aaaaahie_s021_t006,702.0,3,550.9478,587.8773,-49.05219999999997,250.94780000000003,False
dev,aaaaahie,aaaaahie_s024_t000,690.0,1,483.0237,569.971,-116.97629999999998,183.02370000000002,False
dev,aaaaahie,aaaaahie_s024_t000,690.0,2,644.9597,665.0237,44.9597,344.9597,False
dev,aaaaahie,aaaaahie_s024_t001,901.0,1,264.0356,288.0782,-335.9644,-35.96440000000001,False
dev,aaaaahie,aaaaahie_s024_t001,901.0,2,570.0,594.0071,-30.0,270.0,False
dev,aaaaahie,aaaaahie_s024_t004,719.0,1,91.0077,130.9748,-508.9923,-208.9923,False
dev,aaaaahie,aaaaahie_s025_t000,540.0,1,178.0,238.4979,-422.0,-122.0,False
dev,aaaaahie,aaaaahie_s028_t000,295.0,1,4.0,96.5056,-596.0,-296.0,False
dev,aaaaaict,aaaaaict_s003_t000,1228.0,1,301.8333,323.8333,-298.1667,1.8333000000000084,False
dev,aaaaaict,aaaaaict_s003_t000,1228.0,2,1158.7778,1170.3889,558.7778000000001,858.7778000000001,True
dev,aaaaaiup,aaaaaiup_s001_t000,1800.0,1,0.0558,67.9936,-599.9442,-299.9442,False
dev,aaaaaiup,aaaaaiup_s001_t000,1800.0,2,168.0287,187.1356,-431.97130000000004,-131.9713,False
dev,aaaaaiup,aaaaaiup_s001_t000,1800.0,3,378.008,397.1786,-221.99200000000002,78.00799999999998,False
dev,aaaaaiup,aaaaaiup_s001_t000,1800.0,4,541.9825,566.1292,-58.01750000000004,241.98249999999996,False
dev,aaaaaiup,aaaaaiup_s001_t000,1800.0,5,752.0048,776.1435,152.00480000000005,452.00480000000005,False
dev,aaaaaiup,aaaaaiup_s001_t000,1800.0,6,945.9872,978.547,345.98720000000003,645.9872,False
dev,aaaaaiup,aaaaaiup_s001_t000,1800.0,7,1590.6013,1626.4705,990.6013,1290.6013,True
dev,aaaaaiup,aaaaaiup_s001_t001,999.0,1,54.327,66.2169,-545.673,-245.673,False
dev,aaaaaiup,aaaaaiup_s002_t002,405.0,1,108.9508,145.9575,-491.0492,-191.04919999999998,False
dev,aaaaaizb,aaaaaizb_s004_t000,1299.0,1,258.9594,298.0633,-341.0406,-41.04059999999998,False
dev,aaaaakfk,aaaaakfk_s001_t001,1388.0,1,41.0196,68.9982,-558.9804,-258.98040000000003,False
dev,aaaaakfk,aaaaakfk_s001_t001,1388.0,2,88.0854,104.0901,-511.9146,-211.9146,False
dev,aaaaakfk,aaaaakfk_s001_t001,1388.0,3,132.0688,231.0611,-467.9312,-167.9312,False
dev,aaaaakfk,aaaaakfk_s001_t001,1388.0,4,240.0119,724.9555,-359.98810000000003,-59.9881,False
dev,aaaaakfk,aaaaakfk_s001_t001,1388.0,5,864.4339,1240.9603,264.4339,564.4339,False
dev,aaaaakfk,aaaaakfk_s001_t001,1388.0,6,1249.0219,1387.2555,649.0219,949.0219,False
dev,aaaaamck,aaaaamck_s001_t001,1280.0,1,668.0071,735.9573,68.00710000000004,368.00710000000004,True
dev,aaaaamck,aaaaamck_s001_t001,1280.0,2,1030.5679,1054.5928,430.5679,730.5679,False
dev,aaaaamnd,aaaaamnd_s005_t000,545.0,1,58.0,142.0232,-542.0,-242.0,False
dev,aaaaamnd,aaaaamnd_s007_t003,1085.0,1,331.0018,399.8222,-268.9982,31.001800000000003,False
dev,aaaaamnd,aaaaamnd_s007_t005,300.0,1,158.032,204.9793,-441.96799999999996,-141.968,False
dev,aaaaamnk,aaaaamnk_s001_t000,1607.0,1,124.9444,160.9444,-475.0556,-175.0556,False
dev,aaaaamnk,aaaaamnk_s002_t002,1800.0,1,649.303,681.177,49.303,349.303,True
dev,aaaaamnk,aaaaamnk_s002_t005,1698.0,1,0.0553,36.0066,-599.9447,-299.9447,False
dev,aaaaamnk,aaaaamnk_s002_t005,1698.0,2,120.396,297.9956,-479.604,-179.60399999999998,False
dev,aaaaamnk,aaaaamnk_s002_t005,1698.0,3,337.5642,390.219,-262.4358,37.56420000000003,False
dev,aaaaamnk,aaaaamnk_s002_t005,1698.0,4,427.8208,463.1084,-172.17919999999998,127.82080000000002,False
dev,aaaaamnk,aaaaamnk_s002_t005,1698.0,5,526.1858,616.6173,-73.81420000000003,226.18579999999997,False
dev,aaaaamnk,aaaaamnk_s002_t005,1698.0,6,718.7168,767.2788,118.71680000000003,418.71680000000003,False
dev,aaaaamnk,aaaaamnk_s002_t005,1698.0,7,864.8606,943.6217,264.8606,564.8606,False
dev,aaaaamnk,aaaaamnk_s002_t005,1698.0,8,1006.8319,1052.9049,406.8319,706.8319,False
dev,aaaaamnk,aaaaamnk_s002_t005,1698.0,9,1113.4425,1183.5199,513.4425000000001,813.4425000000001,False
dev,aaaaamnk,aaaaamnk_s002_t005,1698.0,10,1288.0066,1350.7279,688.0065999999999,988.0065999999999,False
dev,aaaaamnk,aaaaamnk_s002_t005,1698.0,11,1460.2212,1495.6195,860.2212,1160.2212,False
dev,aaaaamod,aaaaamod_s001_t000,1323.0,1,7.084,33.1464,-592.916,-292.916,False
dev,aaaaamod,aaaaamod_s001_t000,1323.0,2,226.3447,234.6536,-373.6553,-73.65530000000001,False
dev,aaaaamod,aaaaamod_s001_t000,1323.0,3,449.0223,456.8667,-150.97770000000003,149.02229999999997,False
dev,aaaaamod,aaaaamod_s001_t000,1323.0,4,468.3331,471.6381,-131.6669,168.3331,False
dev,aaaaamod,aaaaamod_s001_t000,1323.0,5,578.816,603.9766,-21.18399999999997,278.81600000000003,False
dev,aaaaamod,aaaaamod_s001_t000,1323.0,6,743.5613,752.13,143.56129999999996,443.56129999999996,False
dev,aaaaamod,aaaaamod_s001_t000,1323.0,7,901.8378,928.8581,301.8378,601.8378,False
dev,aaaaamod,aaaaamod_s001_t000,1323.0,8,1047.3653,1055.7311,447.36529999999993,747.3652999999999,False
dev,aaaaamod,aaaaamod_s001_t000,1323.0,9,1138.6034,1146.4556,538.6034,838.6034,False
dev,aaaaamod,aaaaamod_s001_t000,1323.0,10,1264.7791,1271.681,664.7791,964.7791,False
dev,aaaaamod,aaaaamod_s002_t000,801.0,1,112.1614,139.8082,-487.8386,-187.83859999999999,False
dev,aaaaamod,aaaaamod_s002_t000,801.0,2,361.9218,369.1238,-238.07819999999998,61.92180000000002,False
dev,aaaaamod,aaaaamod_s002_t000,801.0,3,761.5903,792.7901,161.59029999999996,461.59029999999996,False
dev,aaaaamod,aaaaamod_s002_t004,601.0,1,141.394,167.1289,-458.606,-158.606,False
dev,aaaaamod,aaaaamod_s002_t004,601.0,2,560.683,589.5657,-39.31700000000001,260.683,False
dev,aaaaamod,aaaaamod_s002_t005,601.0,1,5.4336,33.4575,-594.5664,-294.5664,False
dev,aaaaamod,aaaaamod_s002_t005,601.0,2,312.0507,341.4212,-287.9493,12.050700000000006,False
dev,aaaaampk,aaaaampk_s007_t000,297.0,1,96.4609,177.7256,-503.5391,-203.53910000000002,False
dev,aaaaampk,aaaaampk_s007_t000,297.0,2,220.8735,275.5343,-379.12649999999996,-79.1265,False
dev,aaaaampk,aaaaampk_s007_t000,297.0,3,285.1081,289.4169,-314.8919,-14.891900000000021,False
dev,aaaaampk,aaaaampk_s007_t001,1180.0,1,11.3271,101.4681,-588.6729,-288.6729,False
dev,aaaaampk,aaaaampk_s007_t001,1180.0,2,130.5586,185.674,-469.4414,-169.4414,False
dev,aaaaampk,aaaaampk_s007_t001,1180.0,3,235.1867,296.811,-364.8133,-64.8133,False
dev,aaaaampk,aaaaampk_s007_t001,1180.0,4,351.7758,416.8356,-248.2242,51.775800000000004,False
dev,aaaaampk,aaaaampk_s007_t001,1180.0,5,467.5479,523.1211,-132.45209999999997,167.54790000000003,False
dev,aaaaampk,aaaaampk_s007_t001,1180.0,6,585.6406,665.1644,-14.35940000000005,285.64059999999995,False
dev,aaaaampk,aaaaampk_s007_t001,1180.0,7,714.6437,789.9514,114.64369999999997,414.64369999999997,False
dev,aaaaampk,aaaaampk_s007_t001,1180.0,8,885.918,958.1911,285.918,585.918,False
dev,aaaaampk,aaaaampk_s007_t001,1180.0,9,1026.943,1082.6602,426.943,726.943,False
dev,aaaaampk,aaaaampk_s009_t000,1569.0,1,0.0,48.0142,-600.0,-300.0,False
dev,aaaaampk,aaaaampk_s009_t000,1569.0,2,370.9544,437.9372,-229.04559999999998,70.95440000000002,False
dev,aaaaampk,aaaaampk_s009_t000,1569.0,3,766.9828,841.0196,166.9828,466.9828,False
dev,aaaaampk,aaaaampk_s009_t000,1569.0,4,1120.0356,1181.9798,520.0355999999999,820.0355999999999,False
dev,aaaaampk,aaaaampk_s009_t000,1569.0,5,1552.5133,1569.0,952.5133000000001,1252.5133,False
dev,aaaaampk,aaaaampk_s009_t001,753.0,1,347.0065,403.9123,-252.99349999999998,47.00650000000002,False
dev,aaaaampk,aaaaampk_s009_t001,753.0,2,737.936,753.0,137.93600000000004,437.93600000000004,False
dev,aaaaampk,aaaaampk_s009_t003,873.0,1,333.5507,396.9769,-266.4493,33.550700000000006,False
dev,aaaaampk,aaaaampk_s009_t004,300.0,1,47.9549,126.0225,-552.0451,-252.0451,False
dev,aaaaampk,aaaaampk_s009_t005,778.0,1,358.9212,434.9733,-241.0788,58.9212,False
dev,aaaaampk,aaaaampk_s009_t007,601.0,1,20.5098,81.9798,-579.4902,-279.4902,False
dev,aaaaampk,aaaaampk_s010_t000,1800.0,1,0.0478,25.1554,-599.9522,-299.9522,False
dev,aaaaampk,aaaaampk_s010_t000,1800.0,2,518.1515,543.1754,-81.84849999999994,218.15150000000006,False
dev,aaaaampk,aaaaampk_s010_t000,1800.0,3,1007.2233,1024.0096,407.2233,707.2233,False
dev,aaaaampk,aaaaampk_s010_t000,1800.0,4,1515.5279,1531.445,915.5279,1215.5279,False
dev,aaaaampk,aaaaampk_s010_t001,1800.0,1,292.0199,317.1594,-307.9801,-7.980099999999993,False
dev,aaaaampk,aaaaampk_s010_t001,1800.0,2,813.9562,829.1434,213.95619999999997,513.9562,False
dev,aaaaampk,aaaaampk_s010_t001,1800.0,3,1287.1554,1306.1355,687.1554000000001,987.1554000000001,False
dev,aaaaampk,aaaaampk_s010_t001,1800.0,4,1734.9442,1751.1275,1134.9442,1434.9442,False
dev,aaaaampk,aaaaampk_s010_t002,1800.0,1,453.9936,480.1659,-146.00639999999999,153.99360000000001,False
dev,aaaaampk,aaaaampk_s010_t002,1800.0,2,1006.9888,1034.0702,406.98879999999997,706.9888,False
dev,aaaaampk,aaaaampk_s010_t002,1800.0,3,1479.5949,1506.1898,879.5949,1179.5949,False
dev,aaaaampk,aaaaampk_s010_t003,1800.0,1,162.7352,179.1707,-437.26480000000004,-137.2648,False
dev,aaaaampk,aaaaampk_s010_t003,1800.0,2,658.4561,681.9729,58.45609999999999,358.4561,False
dev,aaaaampk,aaaaampk_s010_t003,1800.0,3,1223.9697,1249.7193,623.9697000000001,923.9697000000001,False
dev,aaaaampk,aaaaampk_s010_t003,1800.0,4,1679.9617,1697.1148,1079.9617,1379.9617,False
dev,aaaaampk,aaaaampk_s010_t005,1800.0,1,503.7895,530.0494,-96.21050000000002,203.78949999999998,False
dev,aaaaampk,aaaaampk_s010_t005,1800.0,2,973.2552,1001.1499,373.25519999999995,673.2552,False
dev,aaaaampk,aaaaampk_s010_t005,1800.0,3,1452.9617,1479.1579,852.9617000000001,1152.9617,False
dev,aaaaampk,aaaaampk_s010_t006,1800.0,1,208.6507,243.3796,-391.34929999999997,-91.3493,False
dev,aaaaampk,aaaaampk_s010_t006,1800.0,2,725.9968,744.1467,125.99680000000001,425.9968,False
dev,aaaaampk,aaaaampk_s010_t006,1800.0,3,1097.3907,1116.1946,497.3906999999999,797.3906999999999,False
dev,aaaaampk,aaaaampk_s010_t006,1800.0,4,1475.6986,1493.1866,875.6985999999999,1175.6986,False
dev,aaaaampk,aaaaampk_s010_t008,1800.0,1,267.6587,294.1419,-332.3413,-32.34129999999999,False
dev,aaaaampk,aaaaampk_s010_t008,1800.0,2,797.0877,819.0255,197.08770000000004,497.08770000000004,False
dev,aaaaampk,aaaaampk_s010_t008,1800.0,3,1363.3987,1382.1547,763.3987,1063.3987,False
dev,aaaaampk,aaaaampk_s010_t008,1800.0,4,1742.0399,1767.1595,1142.0399,1442.0399,False
dev,aaaaampk,aaaaampk_s010_t009,1800.0,1,184.0335,201.1467,-415.9665,-115.9665,False
dev,aaaaampk,aaaaampk_s010_t009,1800.0,2,830.0159,849.2026,230.0159,530.0159,True
dev,aaaaampk,aaaaampk_s010_t009,1800.0,3,1218.0207,1245.1659,618.0207,918.0207,False
dev,aaaaampk,aaaaampk_s010_t009,1800.0,4,1685.4753,1706.2648,1085.4753,1385.4753,False
dev,aaaaampk,aaaaampk_s010_t011,1800.0,1,362.8214,381.1786,-237.17860000000002,62.82139999999998,False
dev,aaaaampk,aaaaampk_s010_t011,1800.0,2,842.8214,861.1627,242.82140000000004,542.8214,False
dev,aaaaampk,aaaaampk_s010_t011,1800.0,3,1125.6396,1142.1707,525.6396,825.6396,False
dev,aaaaampk,aaaaampk_s010_t011,1800.0,4,1639.0686,1657.2026,1039.0686,1339.0686,False
dev,aaaaampk,aaaaampk_s010_t012,1194.0,1,200.0494,226.1579,-399.9506,-99.95060000000001,False
dev,aaaaampk,aaaaampk_s010_t012,1194.0,2,1141.2967,1156.5837,541.2967000000001,841.2967000000001,True
dev,aaaaamqq,aaaaamqq_s001_t000,1279.0,1,587.9704,601.0113,-12.02959999999996,287.97040000000004,False
dev,aaaaamqq,aaaaamqq_s001_t000,1279.0,2,1036.5172,1059.0433,436.5172,736.5172,False
dev,aaaaamqq,aaaaamqq_s004_t006,888.0,1,0.0,25.9632,-600.0,-300.0,False
dev,aaaaamqq,aaaaamqq_s004_t006,888.0,2,667.9905,713.0409,67.9905,367.9905,True
dev,aaaaamqq,aaaaamqq_s004_t007,745.0,1,411.9739,480.5572,-188.02609999999999,111.97390000000001,False
dev,aaaaamqq,aaaaamqq_s004_t012,601.0,1,212.0332,304.92,-387.96680000000003,-87.9668,False
dev,aaaaamqq,aaaaamqq_s005_t000,300.0,1,0.0,115.9455,-600.0,-300.0,False
dev,aaaaamqq,aaaaamqq_s005_t001,601.0,1,229.9348,300.1778,-370.0652,-70.0652,False
dev,aaaaamqq,aaaaamqq_s005_t001,601.0,2,423.0587,554.9496,-176.9413,123.05869999999999,False
dev,aaaaamqq,aaaaamqq_s005_t006,300.0,1,147.0065,254.0605,-452.99350000000004,-152.9935,False
dev,aaaaamqq,aaaaamqq_s006_t000,604.0,1,17.0124,150.0889,-582.9876,-282.9876,False
dev,aaaaamqq,aaaaamqq_s006_t000,604.0,2,400.0593,529.9941,-199.9407,100.05930000000001,False
dev,aaaaamqq,aaaaamqq_s006_t001,872.0,1,0.0,140.901,-600.0,-300.0,False
dev,aaaaamqq,aaaaamqq_s006_t001,872.0,2,343.9834,503.0231,-256.0166,43.98340000000002,False
dev,aaaaamqq,aaaaamqq_s006_t001,872.0,3,774.0368,872.0,174.03679999999997,474.03679999999997,False
dev,aaaaamqq,aaaaamqq_s006_t003,599.0,1,229.0456,412.0925,-370.95439999999996,-70.95439999999999,False
dev,aaaaamqq,aaaaamqq_s006_t004,300.0,1,0.0,101.067,-600.0,-300.0,False
dev,aaaaamqq,aaaaamqq_s006_t006,601.0,1,134.9733,458.9212,-465.0267,-165.0267,False
dev,aaaaamqq,aaaaamqq_s007_t000,1131.0,1,309.9763,622.8986,-290.0237,9.97629999999998,False
dev,aaaaamqq,aaaaamqq_s007_t000,1131.0,2,759.0575,861.9621,159.0575,459.0575,False
dev,aaaaamqq,aaaaamqq_s007_t001,1800.0,1,689.9394,759.1898,89.93939999999998,389.9394,True
dev,aaaaamqq,aaaaamqq_s007_t001,1800.0,2,876.0016,956.177,276.00160000000005,576.0016,False
dev,aaaaamqq,aaaaamqq_s007_t002,1800.0,1,258.2701,440.404,-341.7299,-41.72989999999999,False
dev,aaaaamqq,aaaaamqq_s007_t003,1800.0,1,131.8915,165.1069,-468.1085,-168.1085,False
dev,aaaaamqq,aaaaamqq_s007_t003,1800.0,2,777.9553,906.0,177.95529999999997,477.95529999999997,True
dev,aaaaamta,aaaaamta_s001_t000,1466.0,1,1328.0379,1376.0522,728.0379,1028.0379,True
dev,aaaaamta,aaaaamta_s003_t000,1522.0,1,158.0,166.0556,-442.0,-142.0,False
dev,aaaaamta,aaaaamta_s003_t000,1522.0,2,386.9444,397.5,-213.05560000000003,86.94439999999997,False
dev,aaaaamta,aaaaamta_s003_t000,1522.0,3,426.8333,435.0556,-173.1667,126.83330000000001,False
dev,aaaaamta,aaaaamta_s003_t000,1522.0,4,534.3889,541.1667,-65.61109999999996,234.38890000000004,False
dev,aaaaamta,aaaaamta_s003_t000,1522.0,5,619.9444,628.7778,19.944399999999973,319.9444,False
dev,aaaaamta,aaaaamta_s003_t000,1522.0,6,768.9444,781.0556,168.94439999999997,468.9444,False
dev,aaaaamta,aaaaamta_s003_t000,1522.0,7,971.9444,986.1111,371.9444,671.9444,False
dev,aaaaamta,aaaaamta_s003_t000,1522.0,8,1018.2778,1023.7222,418.27779999999996,718.2778,False
dev,aaaaamta,aaaaamta_s003_t000,1522.0,9,1030.0,1043.2222,430.0,730.0,False
dev,aaaaamta,aaaaamta_s003_t000,1522.0,10,1110.7222,1121.1667,510.72219999999993,810.7221999999999,False
dev,aaaaamta,aaaaamta_s003_t000,1522.0,11,1149.0,1165.3333,549.0,849.0,False
dev,aaaaamta,aaaaamta_s003_t000,1522.0,12,1207.1111,1218.6111,607.1111000000001,907.1111000000001,False
dev,aaaaamta,aaaaamta_s003_t000,1522.0,13,1246.0556,1254.1667,646.0555999999999,946.0555999999999,False
dev,aaaaamta,aaaaamta_s003_t000,1522.0,14,1423.1111,1431.0,823.1111000000001,1123.1111,False
dev,aaaaamva,aaaaamva_s006_t008,657.0,1,307.2778,325.0,-292.7222,7.277800000000013,False
dev,aaaaandx,aaaaandx_s003_t001,536.0,1,235.0148,263.9419,-364.98519999999996,-64.98519999999999,False
dev,aaaaandx,aaaaandx_s003_t003,601.0,1,389.0338,414.997,-210.96620000000001,89.03379999999999,False
dev,aaaaandx,aaaaandx_s003_t004,601.0,1,110.9662,135.8625,-489.0338,-189.03379999999999,False
dev,aaaaandx,aaaaandx_s003_t006,984.0,1,260.9959,282.0391,-339.0041,-39.004099999999994,False
dev,aaaaandx,aaaaandx_s003_t006,984.0,2,410.9662,423.0587,-189.03379999999999,110.96620000000001,False
dev,aaaaandx,aaaaandx_s004_t006,693.0,1,300.0593,318.5536,-299.9407,0.05930000000000746,False
dev,aaaaandx,aaaaandx_s004_t006,693.0,2,462.0036,484.0545,-137.9964,162.0036,False
dev,aaaaandx,aaaaandx_s004_t006,693.0,3,612.9093,633.0041,12.90930000000003,312.90930000000003,False
dev,aaaaandx,aaaaandx_s005_t009,300.0,1,175.0059,186.9976,-424.9941,-124.9941,False
dev,aaaaaoek,aaaaaoek_s004_t001,1002.0,1,486.388,585.0547,-113.61200000000002,186.38799999999998,False
dev,aaaaaoek,aaaaaoek_s004_t002,1074.0,1,495.3333,592.2778,-104.66669999999999,195.3333,False
dev,aaaaaoek,aaaaaoek_s004_t004,960.0,1,424.3889,571.2778,-175.61110000000002,124.38889999999998,False
dev,aaaaaoek,aaaaaoek_s006_t009,1490.0,1,410.5,579.8333,-189.5,110.5,False
dev,aaaaaoek,aaaaaoek_s011_t005,1088.0,1,361.0548,685.1016,-238.9452,61.0548,False
dev,aaaaaoek,aaaaaoek_s027_t002,800.0,1,89.9822,800.0,-510.01779999999997,-210.0178,False
dev,aaaaaoek,aaaaaoek_s027_t004,956.0,1,366.9828,793.0053,-233.0172,66.9828,False
dev,aaaaaoek,aaaaaoek_s029_t002,738.0,1,309.0694,386.0107,-290.9306,9.069399999999973,False
dev,aaaaaoiz,aaaaaoiz_s003_t001,601.0,1,84.9093,116.9528,-515.0907,-215.0907,False
dev,aaaaaoiz,aaaaaoiz_s003_t002,300.0,1,282.9504,300.0,-317.0496,-17.049599999999998,False
dev,aaaaaoiz,aaaaaoiz_s003_t006,601.0,1,202.0556,225.6348,-397.9444,-97.9444,False
dev,aaaaaoiz,aaaaaoiz_s005_t002,908.0,1,398.0077,425.9271,-201.9923,98.0077,False
dev,aaaaaoiz,aaaaaoiz_s005_t002,908.0,2,871.0036,899.1324,271.0036,571.0036,False
dev,aaaaaool,aaaaaool_s004_t002,720.0,1,224.0071,258.9804,-375.99289999999996,-75.99289999999999,False
dev,aaaaaool,aaaaaool_s004_t002,720.0,2,408.9508,430.9425,-191.04919999999998,108.95080000000002,False
dev,aaaaaool,aaaaaool_s005_t011,673.0,1,309.9585,325.0741,-290.0415,9.958500000000015,False
dev,aaaaaool,aaaaaool_s005_t013,941.0,1,594.013,616.0047,-5.986999999999966,294.01300000000003,False
dev,aaaaaool,aaaaaool_s005_t015,667.0,1,314.997,364.019,-285.003,14.997000000000014,False
dev,aaaaaool,aaaaaool_s005_t016,667.0,1,318.0202,337.5222,-281.9798,18.02019999999999,False
dev,aaaaaool,aaaaaool_s005_t018,603.0,1,278.9567,300.0593,-321.0433,-21.043299999999988,False
dev,aaaaaopm,aaaaaopm_s002_t000,683.0,1,33.0765,65.0267,-566.9235,-266.9235,False
dev,aaaaaopm,aaaaaopm_s002_t000,683.0,2,73.9775,91.1085,-526.0225,-226.02249999999998,False
dev,aaaaaopm,aaaaaopm_s002_t000,683.0,3,103.0231,120.984,-496.9769,-196.9769,False
dev,aaaaaopm,aaaaaopm_s002_t000,683.0,4,129.9941,340.9603,-470.0059,-170.0059,False
dev,aaaaaopm,aaaaaopm_s002_t000,683.0,5,354.0012,682.217,-245.99880000000002,54.00119999999998,False
dev,aaaaaopm,aaaaaopm_s002_t001,1800.0,1,990.0144,1020.0159,390.0144,690.0144,True
dev,aaaaaopm,aaaaaopm_s003_t002,625.0,1,20.9247,66.9828,-579.0753,-279.07529999999997,False
dev,aaaaaopm,aaaaaopm_s003_t002,625.0,2,538.9449,555.0682,-61.05510000000004,238.94489999999996,False
dev,aaaaaovm,aaaaaovm_s001_t000,30.0,1,0.8889,24.7222,-599.1111,-299.1111,False
dev,aaaaaovm,aaaaaovm_s001_t001,1289.0,1,274.6523,310.2317,-325.3477,-25.347699999999975,False
dev,aaaaaovm,aaaaaovm_s001_t001,1289.0,2,345.5039,402.0668,-254.4961,45.50389999999999,False
dev,aaaaaovm,aaaaaovm_s001_t001,1289.0,3,578.9436,601.7539,-21.056400000000053,278.94359999999995,False
dev,aaaaaovm,aaaaaovm_s001_t001,1289.0,4,815.0465,851.1494,215.04650000000004,515.0465,False
dev,aaaaaovm,aaaaaovm_s001_t001,1289.0,5,1123.7109,1151.1406,523.7109,823.7109,False
dev,aaaaaovm,aaaaaovm_s004_t008,1247.0,1,485.0018,510.0225,-114.9982,185.0018,False
dev,aaaaaoys,aaaaaoys_s001_t000,1359.0,1,135.0326,212.7445,-464.9674,-164.9674,False
dev,aaaaaoys,aaaaaoys_s002_t002,836.0,1,464.0012,524.997,-135.99880000000002,164.00119999999998,False
dev,aaaaaoys,aaaaaoys_s002_t003,805.0,1,409.0101,482.9876,-190.98989999999998,109.01010000000002,False
dev,aaaaaoys,aaaaaoys_s002_t004,1531.0,1,430.0533,522.1103,-169.94670000000002,130.05329999999998,False
dev,aaaaaoys,aaaaaoys_s002_t004,1531.0,2,1107.0539,1226.0818,507.0539000000001,807.0539000000001,False
dev,aaaaaoys,aaaaaoys_s002_t005,868.0,1,462.952,566.9828,-137.048,162.952,False
dev,aaaaaoys,aaaaaoys_s002_t006,1049.0,1,591.0492,697.9846,-8.950799999999958,291.04920000000004,False
dev,aaaaaoys,aaaaaoys_s003_t001,960.0,1,452.9935,533.1357,-147.00650000000002,152.99349999999998,False
dev,aaaaaqbt,aaaaaqbt_s001_t000,1203.0,1,191.003,248.051,-408.997,-108.99700000000001,False
dev,aaaaaqbt,aaaaaqbt_s001_t000,1203.0,2,603.0124,649.9004,3.012399999999957,303.01239999999996,False
dev,aaaaaqbt,aaaaaqbt_s001_t000,1203.0,3,980.013,1038.1043,380.01300000000003,680.013,False
dev,aaaaaqrs,aaaaaqrs_s001_t000,286.0,1,179.6667,285.8333,-420.3333,-120.33330000000001,False
dev,aaaaaqrs,aaaaaqrs_s001_t001,747.0,1,0.0,53.1111,-600.0,-300.0,False
dev,aaaaaqrs,aaaaaqrs_s001_t001,747.0,2,674.0556,739.0129,74.05560000000003,374.0556,True
dev,aaaaaqrs,aaaaaqrs_s002_t000,1442.0,1,524.7222,662.2778,-75.27779999999996,224.72220000000004,False
dev,aaaaaqrs,aaaaaqrs_s003_t000,515.0,1,123.8333,191.8889,-476.1667,-176.1667,False
dev,aaaaaqrs,aaaaaqrs_s003_t001,782.0,1,333.1667,471.4444,-266.8333,33.16669999999999,False
dev,aaaaaqrs,aaaaaqrs_s004_t001,740.0,1,281.9256,403.535,-318.0744,-18.074400000000026,False
dev,aaaaaqrs,aaaaaqrs_s004_t002,601.0,1,336.9478,459.2952,-263.0522,36.94779999999997,False
dev,aaaaaqrs,aaaaaqrs_s004_t003,744.0,1,323.9899,360.4562,-276.0101,23.989899999999977,False
dev,aaaaaqrs,aaaaaqrs_s005_t002,601.0,1,136.0556,215.8111,-463.9444,-163.9444,False
dev,aaaaaqrs,aaaaaqrs_s005_t002,601.0,2,281.6667,305.8333,-318.3333,-18.33330000000001,False
dev,aaaaarsp,aaaaarsp_s002_t000,1800.0,1,1502.7735,1604.5104,902.7735,1202.7735,True
dev,aaaaarsp,aaaaarsp_s002_t017,1800.0,1,435.9426,479.1324,-164.05739999999997,135.94260000000003,False
dev,aaaaarsp,aaaaarsp_s002_t020,1800.0,1,427.9856,467.8341,-172.01440000000002,127.98559999999998,False
dev,aaaaarsp,aaaaarsp_s002_t021,1800.0,1,815.9809,852.1451,215.98090000000002,515.9809,True
dev,aaaaarsp,aaaaarsp_s002_t023,1800.0,1,419.9314,453.201,-180.0686,119.9314,False
dev,aaaaarsp,aaaaarsp_s002_t024,1800.0,1,329.9633,363.177,-270.0367,29.963300000000004,False
dev,aaaaarsp,aaaaarsp_s002_t026,1800.0,1,162.1754,205.1738,-437.82460000000003,-137.8246,False
dev,aaaaarsp,aaaaarsp_s002_t026,1800.0,2,385.8788,426.118,-214.1212,85.87880000000001,False
dev,aaaaarsp,aaaaarsp_s002_t027,1800.0,1,1140.89,1227.11,540.8900000000001,840.8900000000001,True
dev,aaaaarsp,aaaaarsp_s002_t029,1800.0,1,1478.0813,1522.1563,878.0813,1178.0813,True
dev,aaaaarsp,aaaaarsp_s002_t030,1800.0,1,820.0367,862.1818,220.0367,520.0367,True
dev,aaaaarsp,aaaaarsp_s003_t014,603.0,1,263.7798,315.4894,-336.2202,-36.22019999999998,False
dev,aaaaarsp,aaaaarsp_s003_t017,604.0,1,264.3488,344.033,-335.6512,-35.65120000000002,False
dev,aaaaarsp,aaaaarsp_s003_t017,604.0,2,558.0323,571.9565,-41.967700000000036,258.03229999999996,False
dev,aaaaasgd,aaaaasgd_s001_t000,1800.0,1,321.9777,358.118,-278.0223,21.977700000000027,False
dev,aaaaasgd,aaaaasgd_s001_t000,1800.0,2,1042.0287,1062.7624,442.0287000000001,742.0287000000001,True
dev,aaaaasgd,aaaaasgd_s001_t000,1800.0,3,1467.2313,1486.1547,867.2312999999999,1167.2313,False
dev,aaaaasgd,aaaaasgd_s001_t001,558.0,1,154.1435,191.1611,-445.8565,-145.8565,False
dev,aaaaasgd,aaaaasgd_s003_t001,225.0,1,53.0006,66.0119,-546.9994,-246.9994,False
dev,aaaaasgd,aaaaasgd_s003_t002,608.0,1,569.8222,581.9798,-30.177800000000047,269.82219999999995,False
dev,aaaaasgd,aaaaasgd_s003_t003,601.0,1,254.1197,278.0083,-345.88030000000003,-45.880300000000005,False
dev,aaaaasgd,aaaaasgd_s003_t003,601.0,2,380.083,400.0059,-219.91699999999997,80.08300000000003,False
dev,aaaaasgd,aaaaasgd_s003_t004,628.0,1,73.029,93.9538,-526.971,-226.971,False
dev,aaaaasgd,aaaaasgd_s003_t004,628.0,2,301.0136,327.2555,-298.9864,1.0135999999999967,False
dev,aaaaasgd,aaaaasgd_s003_t006,639.0,1,300.9994,320.952,-299.0006,0.9993999999999801,False
dev,aaaaasgd,aaaaasgd_s003_t008,636.0,1,38.0018,56.2709,-561.9982,-261.9982,False
dev,aaaaasgd,aaaaasgd_s003_t008,636.0,2,301.5827,326.8168,-298.4173,1.5826999999999884,False
dev,aaaaasgd,aaaaasgd_s003_t008,636.0,3,478.0018,507.0356,-121.9982,178.0018,False
dev,aaaaaskf,aaaaaskf_s001_t000,1800.0,1,503.9825,529.1659,-96.01749999999998,203.98250000000002,False
dev,aaaaaskf,aaaaaskf_s001_t000,1800.0,2,1416.0128,1450.1435,816.0128,1116.0128,True
dev,aaaaaskf,aaaaaskf_s001_t001,1800.0,1,630.0287,652.0861,30.028699999999958,330.02869999999996,True
dev,aaaaaskf,aaaaaskf_s003_t000,447.0,1,24.0223,98.3376,-575.9777,-275.9777,False
dev,aaaaaskf,aaaaaskf_s003_t000,447.0,2,138.465,305.6533,-461.53499999999997,-161.535,False
dev,aaaaaskf,aaaaaskf_s003_t000,447.0,3,333.0067,415.302,-266.9933,33.00670000000002,False
dev,aaaaaskf,aaaaaskf_s003_t002,697.0,1,3.5032,157.2247,-596.4968,-296.4968,False
dev,aaaaaskf,aaaaaskf_s003_t002,697.0,2,174.4698,260.2587,-425.53020000000004,-125.53020000000001,False
dev,aaaaaskf,aaaaaskf_s003_t002,697.0,3,285.3694,468.172,-314.6306,-14.630600000000015,False
dev,aaaaaskf,aaaaaskf_s003_t002,697.0,4,538.2675,613.3232,-61.73249999999996,238.26750000000004,False
dev,aaaaaskf,aaaaaskf_s003_t002,697.0,5,664.965,696.0,64.96500000000003,364.96500000000003,False
dev,aaaaaskf,aaaaaskf_s003_t003,601.0,1,1.0,59.9825,-599.0,-299.0,False
dev,aaaaaskf,aaaaaskf_s003_t003,601.0,2,66.2341,194.1384,-533.7659,-233.7659,False
dev,aaaaaskf,aaaaaskf_s003_t003,601.0,3,239.9632,339.9075,-360.03679999999997,-60.0368,False
dev,aaaaaskf,aaaaaskf_s003_t003,601.0,4,357.6561,520.0924,-242.34390000000002,57.65609999999998,False
dev,aaaaaskf,aaaaaskf_s003_t003,601.0,5,571.914,599.9873,-28.086000000000013,271.914,False
dev,aaaaaskf,aaaaaskf_s003_t004,601.0,1,1.0,129.578,-599.0,-299.0,False
dev,aaaaaskf,aaaaaskf_s003_t004,601.0,2,170.8631,242.1768,-429.13689999999997,-129.1369,False
dev,aaaaaskf,aaaaaskf_s003_t004,601.0,3,267.543,598.5462,-332.457,-32.456999999999994,False
dev,aaaaaskf,aaaaaskf_s004_t000,300.0,1,8.5828,144.3692,-591.4172,-291.4172,False
dev,aaaaaskf,aaaaaskf_s004_t000,300.0,2,231.3289,275.9866,-368.6711,-68.6711,False
dev,aaaaaskf,aaaaaskf_s004_t001,630.0,1,75.5168,110.1718,-524.4832,-224.4832,False
dev,aaaaaskf,aaaaaskf_s004_t001,630.0,2,224.7966,295.1026,-375.2034,-75.20339999999999,False
dev,aaaaaskf,aaaaaskf_s004_t001,630.0,3,389.9933,627.2148,-210.00670000000002,89.99329999999998,False
dev,aaaaatgc,aaaaatgc_s002_t000,1346.0,1,978.1667,1029.1667,378.1667,678.1667,True
dev,aaaaatgc,aaaaatgc_s004_t001,50.0,1,8.0805,49.6068,-591.9195,-291.91949999999997,False
dev,aaaaatgc,aaaaatgc_s004_t002,51.0,1,2.8993,50.1593,-597.1007,-297.1007,False
dev,aaaaatgc,aaaaatgc_s004_t003,64.0,1,2.0235,59.8986,-597.9765,-297.9765,False
dev,aaaaatgc,aaaaatgc_s004_t005,96.0,1,4.9394,94.8687,-595.0606,-295.0606,False
dev,aaaaatgc,aaaaatgc_s004_t008,101.0,1,2.9697,98.8283,-597.0303,-297.0303,False
dev,aaaaatgc,aaaaatgc_s004_t009,84.0,1,2.8081,79.1717,-597.1919,-297.1919,False
dev,aaaaatgc,aaaaatgc_s004_t011,301.0,1,40.9899,116.4679,-559.0101,-259.0101,False
eval,aaaaaarq,aaaaaarq_s014_t009,1601.0,1,642.9994,690.9366,42.99940000000004,342.99940000000004,True
eval,aaaaaarq,aaaaaarq_s016_t003,300.0,1,0.0059,62.0628,-599.9941,-299.9941,False
eval,aaaaaarq,aaaaaarq_s016_t003,300.0,2,74.0012,87.0184,-525.9988,-225.99880000000002,False
eval,aaaaaarq,aaaaaarq_s017_t001,601.0,1,179.0237,198.9881,-420.97630000000004,-120.97630000000001,False
eval,aaaaaarq,aaaaaarq_s017_t001,601.0,2,289.0059,311.9816,-310.9941,-10.994100000000003,False
eval,aaaaaarq,aaaaaarq_s017_t001,601.0,3,327.0296,337.8358,-272.9704,27.029600000000016,False
eval,aaaaaarq,aaaaaarq_s017_t001,601.0,4,365.0356,385.0,-234.9644,65.03559999999999,False
eval,aaaaaarq,aaaaaarq_s017_t001,601.0,5,436.0119,448.051,-163.98809999999997,136.01190000000003,False
eval,aaaaaarq,aaaaaarq_s017_t005,1546.0,1,498.1535,566.9621,-101.84649999999999,198.1535,False
eval,aaaaaarq,aaaaaarq_s017_t005,1546.0,2,607.0095,617.9935,7.009500000000003,307.0095,False
eval,aaaaaefp,aaaaaefp_s007_t001,1800.0,1,567.0368,584.01,-32.96320000000003,267.03679999999997,False
eval,aaaaafcf,aaaaafcf_s009_t009,1800.0,1,246.1878,249.8343,-353.81219999999996,-53.81219999999999,False
eval,aaaaafcf,aaaaafcf_s009_t009,1800.0,2,299.9834,305.0341,-300.0166,-0.01659999999998263,False
eval,aaaaafcf,aaaaafcf_s009_t009,1800.0,3,467.0055,472.011,-132.99450000000002,167.00549999999998,False
eval,aaaaafcf,aaaaafcf_s009_t009,1800.0,4,513.989,519.5391,-86.01099999999997,213.98900000000003,False
eval,aaaaafcf,aaaaafcf_s009_t009,1800.0,5,550.3978,554.4783,-49.60220000000004,250.39779999999996,False
eval,aaaaafcf,aaaaafcf_s009_t009,1800.0,6,568.9945,575.0276,-31.005499999999984,268.9945,False
eval,aaaaafcf,aaaaafcf_s009_t009,1800.0,7,583.9006,587.85,-16.099399999999946,283.90060000000005,False
eval,aaaaafcf,aaaaafcf_s009_t009,1800.0,8,598.7182,602.081,-1.2817999999999756,298.7182,False
eval,aaaaafcf,aaaaafcf_s009_t009,1800.0,9,640.4807,645.221,40.480699999999956,340.48069999999996,False
eval,aaaaafcf,aaaaafcf_s009_t009,1800.0,10,660.4199,665.4586,60.419899999999984,360.4199,False
eval,aaaaafcf,aaaaafcf_s009_t009,1800.0,11,703.558,708.0663,103.55799999999999,403.558,False
eval,aaaaafcf,aaaaafcf_s009_t009,1800.0,12,723.326,733.105,123.32600000000002,423.326,False
eval,aaaaafcf,aaaaafcf_s009_t009,1800.0,13,759.1989,765.0331,159.19889999999998,459.1989,False
eval,aaaaafcf,aaaaafcf_s009_t009,1800.0,14,800.8011,806.1676,200.80110000000002,500.8011,False
eval,aaaaafcf,aaaaafcf_s009_t009,1800.0,15,826.0387,832.3039,226.03869999999995,526.0387,False
eval,aaaaafcf,aaaaafcf_s009_t009,1800.0,16,855.4751,860.1492,255.4751,555.4751,False
eval,aaaaafcf,aaaaafcf_s009_t009,1800.0,17,877.9171,883.3204,277.9171,577.9171,False
eval,aaaaafcf,aaaaafcf_s009_t009,1800.0,18,899.8508,906.1492,299.85080000000005,599.8508,False
eval,aaaaafcf,aaaaafcf_s009_t009,1800.0,19,922.6243,926.2376,322.62429999999995,622.6243,False
eval,aaaaafcf,aaaaafcf_s009_t009,1800.0,20,932.2155,936.2928,332.2155,632.2155,False
eval,aaaaafcf,aaaaafcf_s009_t009,1800.0,21,954.0407,959.0889,354.0407,654.0407,False
eval,aaaaafcf,aaaaafcf_s009_t009,1800.0,22,979.8619,986.2597,379.8619,679.8619,False
eval,aaaaafcf,aaaaafcf_s009_t009,1800.0,23,1015.011,1021.1768,415.01099999999997,715.011,False
eval,aaaaafcf,aaaaafcf_s009_t009,1800.0,24,1032.9779,1037.4728,432.9779000000001,732.9779000000001,False
eval,aaaaafcf,aaaaafcf_s009_t009,1800.0,25,1060.9779,1067.0773,460.9779000000001,760.9779000000001,False
eval,aaaaafcf,aaaaafcf_s009_t009,1800.0,26,1092.4696,1099.0,492.4695999999999,792.4695999999999,False
eval,aaaaafcf,aaaaafcf_s009_t009,1800.0,27,1118.6851,1124.0552,518.6850999999999,818.6850999999999,False
eval,aaaaafcf,aaaaafcf_s009_t009,1800.0,28,1132.9006,1137.1768,532.9005999999999,832.9005999999999,False
eval,aaaaafcf,aaaaafcf_s009_t009,1800.0,29,1143.4751,1148.0497,543.4751000000001,843.4751000000001,False
eval,aaaaafcf,aaaaafcf_s009_t009,1800.0,30,1173.9116,1179.0429,573.9115999999999,873.9115999999999,False
eval,aaaaafcf,aaaaafcf_s009_t009,1800.0,31,1199.9116,1206.0288,599.9115999999999,899.9115999999999,False
eval,aaaaafcf,aaaaafcf_s009_t009,1800.0,32,1234.9834,1242.0773,634.9834000000001,934.9834000000001,False
eval,aaaaafcf,aaaaafcf_s009_t009,1800.0,33,1254.884,1259.9158,654.884,954.884,False
eval,aaaaafcf,aaaaafcf_s009_t009,1800.0,34,1277.9503,1283.7182,677.9503,977.9503,False
eval,aaaaafcf,aaaaafcf_s009_t009,1800.0,35,1312.895,1320.046,712.895,1012.895,False
eval,aaaaafcf,aaaaafcf_s009_t009,1800.0,36,1338.9558,1344.9227,738.9558,1038.9558,False
eval,aaaaafcf,aaaaafcf_s009_t009,1800.0,37,1347.9392,1351.4862,747.9392,1047.9392,False
eval,aaaaafcf,aaaaafcf_s009_t009,1800.0,38,1376.9448,1382.5138,776.9448,1076.9448,False
eval,aaaaafcf,aaaaafcf_s009_t009,1800.0,39,1413.1271,1419.7014,813.1270999999999,1113.1271,False
eval,aaaaafcf,aaaaafcf_s009_t009,1800.0,40,1434.3039,1440.8011,834.3039000000001,1134.3039,False
eval,aaaaafcf,aaaaafcf_s009_t009,1800.0,41,1452.6685,1456.6796,852.6685,1152.6685,False
eval,aaaaafcf,aaaaafcf_s009_t009,1800.0,42,1497.2652,1505.0884,897.2652,1197.2652,False
eval,aaaaafcf,aaaaafcf_s009_t009,1800.0,43,1520.4696,1527.1657,920.4695999999999,1220.4696,False
eval,aaaaafcf,aaaaafcf_s009_t009,1800.0,44,1544.9061,1552.2983,944.9060999999999,1244.9061,False
eval,aaaaafcf,aaaaafcf_s009_t009,1800.0,45,1568.2155,1572.1934,968.2155,1268.2155,False
eval,aaaaafcf,aaaaafcf_s009_t009,1800.0,46,1582.9337,1587.2099,982.9337,1282.9337,False
eval,aaaaafcf,aaaaafcf_s009_t009,1800.0,47,1610.6575,1616.0276,1010.6575,1310.6575,False
eval,aaaaafcf,aaaaafcf_s009_t009,1800.0,48,1651.9613,1658.2928,1051.9613,1351.9613,False
eval,aaaaafcf,aaaaafcf_s009_t009,1800.0,49,1666.4309,1670.8729,1066.4309,1366.4309,False
eval,aaaaafcf,aaaaafcf_s009_t009,1800.0,50,1703.4364,1719.979,1103.4364,1403.4364,False
eval,aaaaaghb,aaaaaghb_s010_t000,203.0,1,87.4395,112.9337,-512.5605,-212.5605,False
eval,aaaaaghb,aaaaaghb_s010_t001,311.0,1,10.9989,18.5129,-589.0011,-289.0011,False
eval,aaaaaghb,aaaaaghb_s010_t001,311.0,2,84.4329,106.0303,-515.5671,-215.56709999999998,False
eval,aaaaaghb,aaaaaghb_s010_t001,311.0,3,204.5445,220.697,-395.45550000000003,-95.4555,False
eval,aaaaaghb,aaaaaghb_s010_t002,396.0,1,16.988,29.1676,-583.012,-283.012,False
eval,aaaaaghb,aaaaaghb_s010_t002,396.0,2,87.0173,108.0303,-512.9827,-212.9827,False
eval,aaaaaghb,aaaaaghb_s010_t002,396.0,3,160.0205,175.0909,-439.97950000000003,-139.9795,False
eval,aaaaaghb,aaaaaghb_s010_t002,396.0,4,281.981,305.0303,-318.019,-18.019000000000005,False
eval,aaaaaghb,aaaaaghb_s010_t003,448.0,1,37.5729,51.2121,-562.4271,-262.4271,False
eval,aaaaaghb,aaaaaghb_s010_t003,448.0,2,88.1463,104.7879,-511.8537,-211.8537,False
eval,aaaaaghb,aaaaaghb_s010_t003,448.0,3,131.9997,148.0,-468.00030000000004,-168.0003,False
eval,aaaaaghb,aaaaaghb_s010_t003,448.0,4,299.0291,313.3203,-300.9709,-0.9708999999999719,False
eval,aaaaaghb,aaaaaghb_s010_t004,189.0,1,21.9958,32.1818,-578.0042,-278.0042,False
eval,aaaaaghb,aaaaaghb_s010_t004,189.0,2,87.9913,99.0909,-512.0087,-212.0087,False
eval,aaaaaghb,aaaaaghb_s010_t004,189.0,3,123.9726,133.4242,-476.0274,-176.0274,False
eval,aaaaaghb,aaaaaghb_s010_t005,475.0,1,21.1992,34.4848,-578.8008,-278.8008,False
eval,aaaaaghb,aaaaaghb_s010_t005,475.0,2,56.0349,66.0606,-543.9651,-243.9651,False
eval,aaaaaghb,aaaaaghb_s010_t005,475.0,3,88.9804,106.0606,-511.01959999999997,-211.0196,False
eval,aaaaaghb,aaaaaghb_s010_t005,475.0,4,220.0055,238.0303,-379.9945,-79.99449999999999,False
eval,aaaaaghb,aaaaaghb_s010_t005,475.0,5,322.0055,334.011,-277.9945,22.005499999999984,False
eval,aaaaaghb,aaaaaghb_s010_t005,475.0,6,368.3204,384.0442,-231.6796,68.3204,False
eval,aaaaaghb,aaaaaghb_s010_t005,475.0,7,439.7735,457.0331,-160.2265,139.7735,False
eval,aaaaaghb,aaaaaghb_s010_t006,208.0,1,9.9944,24.0994,-590.0056,-290.0056,False
eval,aaaaaghb,aaaaaghb_s010_t006,208.0,2,42.6685,54.0331,-557.3315,-257.3315,False
eval,aaaaaghb,aaaaaghb_s010_t006,208.0,3,87.6575,118.0502,-512.3425,-212.3425,False
eval,aaaaaghb,aaaaaghb_s010_t007,196.0,1,87.0,105.0829,-513.0,-213.0,False
eval,aaaaahlk,aaaaahlk_s006_t002,1072.0,1,459.0224,508.1048,-140.9776,159.0224,False
eval,aaaaahlk,aaaaahlk_s006_t007,809.0,1,118.874,192.9208,-481.126,-181.126,False
eval,aaaaahlk,aaaaahlk_s006_t009,685.0,1,317.0022,383.4314,-282.9978,17.002200000000016,False
eval,aaaaahlk,aaaaahlk_s007_t006,879.0,1,362.0279,412.039,-237.9721,62.02789999999999,False
eval,aaaaahsi,aaaaahsi_s011_t000,599.0,1,101.9531,449.7879,-498.0469,-198.0469,False
eval,aaaaahsi,aaaaahsi_s014_t000,262.0,1,97.0045,139.5964,-502.9955,-202.9955,False
eval,aaaaaiih,aaaaaiih_s003_t001,1190.0,1,472.9945,586.2366,-127.00549999999998,172.99450000000002,False
eval,aaaaaiih,aaaaaiih_s006_t001,1369.0,1,469.0134,555.1906,-130.9866,169.0134,False
eval,aaaaaijh,aaaaaijh_s006_t000,557.0,1,241.2911,294.458,-358.70889999999997,-58.7089,False
eval,aaaaajdj,aaaaajdj_s004_t006,1050.0,1,445.0044,485.2609,-154.99560000000002,145.00439999999998,False
eval,aaaaajru,aaaaajru_s028_t000,1400.0,1,28.8696,57.0582,-571.1304,-271.1304,False
eval,aaaaajru,aaaaajru_s028_t000,1400.0,2,178.8653,227.1107,-421.1347,-121.13470000000001,False
eval,aaaaajru,aaaaajru_s028_t000,1400.0,3,302.5568,439.0914,-297.4432,2.5568000000000097,False
eval,aaaaajru,aaaaajru_s028_t000,1400.0,4,650.0925,734.2249,50.09249999999997,350.0925,False
eval,aaaaajru,aaaaajru_s028_t000,1400.0,5,1001.0698,1069.8772,401.0698,701.0698,False
eval,aaaaajru,aaaaajru_s028_t000,1400.0,6,1189.1438,1260.0475,589.1438,889.1438,False
eval,aaaaajru,aaaaajru_s028_t000,1400.0,7,1275.0134,1361.8819,675.0134,975.0134,False
eval,aaaaajru,aaaaajru_s029_t000,300.0,1,127.0301,196.0618,-472.9699,-172.9699,False
eval,aaaaajru,aaaaajru_s029_t001,975.0,1,88.0167,157.0134,-511.9833,-211.98329999999999,False
eval,aaaaajru,aaaaajru_s029_t001,975.0,2,290.0535,381.0811,-309.9465,-9.946500000000015,False
eval,aaaaajru,aaaaajru_s029_t001,975.0,3,583.0669,642.1639,-16.933099999999968,283.06690000000003,False
eval,aaaaajru,aaaaajru_s029_t001,975.0,4,919.9999,973.9632,319.9999,619.9999,False
eval,aaaaajru,aaaaajru_s029_t002,601.0,1,39.9995,94.1729,-560.0005,-260.0005,False
eval,aaaaajru,aaaaajru_s029_t002,601.0,2,171.0,236.2234,-429.0,-129.0,False
eval,aaaaajru,aaaaajru_s029_t002,601.0,3,246.2441,320.792,-353.7559,-53.7559,False
eval,aaaaajru,aaaaajru_s029_t002,601.0,4,389.9967,461.0356,-210.00330000000002,89.99669999999998,False
eval,aaaaajru,aaaaajru_s029_t002,601.0,5,515.0177,569.3945,-84.98230000000001,215.0177,False
eval,aaaaajru,aaaaajru_s029_t003,992.0,1,65.1572,131.356,-534.8428,-234.8428,False
eval,aaaaajru,aaaaajru_s029_t003,992.0,2,207.9933,264.1683,-392.0067,-92.0067,False
eval,aaaaajru,aaaaajru_s029_t003,992.0,3,325.0903,377.2251,-274.9097,25.090300000000013,False
eval,aaaaajru,aaaaajru_s029_t003,992.0,4,505.9799,572.0139,-94.02010000000001,205.9799,False
eval,aaaaajru,aaaaajru_s029_t003,992.0,5,695.7559,786.9487,95.7559,395.7559,False
eval,aaaaajru,aaaaajru_s029_t003,992.0,6,797.0357,852.136,197.03570000000002,497.0357,False
eval,aaaaajru,aaaaajru_s029_t003,992.0,7,967.0056,990.9521,367.00559999999996,667.0056,False
eval,aaaaajru,aaaaajru_s029_t004,300.0,1,1.0,32.5084,-599.0,-299.0,False
eval,aaaaajru,aaaaajru_s029_t004,300.0,2,137.0665,204.0937,-462.9335,-162.9335,False
eval,aaaaajru,aaaaajru_s029_t005,601.0,1,112.0424,180.2273,-487.9576,-187.9576,False
eval,aaaaajru,aaaaajru_s029_t005,601.0,2,302.0078,379.2537,-297.9922,2.0077999999999747,False
eval,aaaaajru,aaaaajru_s029_t005,601.0,3,470.0557,543.0351,-129.9443,170.0557,False
eval,aaaaajru,aaaaajru_s029_t006,601.0,1,303.0383,378.0825,-296.9617,3.0382999999999925,False
eval,aaaaajru,aaaaajru_s031_t000,575.0,1,37.0178,80.9241,-562.9822,-262.9822,False
eval,aaaaajru,aaaaajru_s031_t000,575.0,2,214.0344,284.147,-385.9656,-85.9656,False
eval,aaaaajru,aaaaajru_s031_t000,575.0,3,425.9899,498.9893,-174.01010000000002,125.98989999999998,False
eval,aaaaajru,aaaaajru_s031_t001,601.0,1,117.0095,174.0397,-482.9905,-182.9905,False
eval,aaaaajru,aaaaajru_s031_t001,601.0,2,448.0113,507.0391,-151.9887,148.0113,False
eval,aaaaajru,aaaaajru_s031_t002,300.0,1,110.0178,163.0551,-489.98220000000003,-189.9822,False
eval,aaaaajru,aaaaajru_s031_t002,300.0,2,273.0255,299.8127,-326.9745,-26.974499999999978,False
eval,aaaaajru,aaaaajru_s031_t003,601.0,1,64.0071,129.8637,-535.9929,-235.99290000000002,False
eval,aaaaajru,aaaaajru_s031_t003,601.0,2,215.0119,289.0664,-384.98810000000003,-84.9881,False
eval,aaaaajru,aaaaajru_s031_t003,601.0,3,362.0136,425.7421,-237.9864,62.0136,False
eval,aaaaajru,aaaaajru_s031_t003,601.0,4,517.0154,570.0504,-82.9846,217.0154,False
eval,aaaaajru,aaaaajru_s031_t004,601.0,1,2.9994,60.0059,-597.0006,-297.0006,False
eval,aaaaajru,aaaaajru_s031_t004,601.0,2,222.0172,278.9881,-377.9828,-77.9828,False
eval,aaaaajru,aaaaajru_s031_t004,601.0,3,377.0178,445.9389,-222.98219999999998,77.01780000000002,False
eval,aaaaajru,aaaaajru_s031_t004,601.0,4,567.0267,600.8382,-32.973299999999995,267.0267,False
eval,aaaaajru,aaaaajru_s031_t005,300.0,1,85.0326,150.0,-514.9674,-214.9674,False
eval,aaaaajru,aaaaajru_s031_t006,601.0,1,10.9959,84.1553,-589.0041,-289.0041,False
eval,aaaaajru,aaaaajru_s031_t006,601.0,2,183.029,254.0368,-416.971,-116.971,False
eval,aaaaajru,aaaaajru_s031_t006,601.0,3,430.9953,500.029,-169.0047,130.9953,False
eval,aaaaajru,aaaaajru_s032_t000,1001.0,1,118.0172,178.9241,-481.9828,-181.9828,False
eval,aaaaajru,aaaaajru_s032_t000,1001.0,2,326.0385,384.9004,-273.9615,26.0385,False
eval,aaaaajru,aaaaajru_s032_t000,1001.0,3,574.0113,645.0368,-25.988699999999994,274.0113,False
eval,aaaaajru,aaaaajru_s032_t000,1001.0,4,735.5643,805.6414,135.5643,435.5643,False
eval,aaaaajru,aaaaajru_s032_t000,1001.0,5,942.0237,1000.8619,342.02369999999996,642.0237,False
eval,aaaaajru,aaaaajru_s032_t001,601.0,1,0.0178,61.9798,-599.9822,-299.9822,False
eval,aaaaajru,aaaaajru_s032_t001,601.0,2,244.0296,312.0261,-355.97040000000004,-55.97040000000001,False
eval,aaaaajru,aaaaajru_s032_t001,601.0,3,428.013,493.9348,-171.98700000000002,128.01299999999998,False
eval,aaaaajru,aaaaajru_s032_t001,601.0,4,591.0237,600.7866,-8.976300000000037,291.02369999999996,False
eval,aaaaajru,aaaaajru_s032_t002,601.0,1,109.0237,171.7682,-490.9763,-190.97629999999998,False
eval,aaaaajru,aaaaajru_s032_t002,601.0,2,302.0119,369.9253,-297.9881,2.0119000000000256,False
eval,aaaaajru,aaaaajru_s032_t002,601.0,3,487.0423,559.9671,-112.95769999999999,187.0423,False
eval,aaaaajru,aaaaajru_s032_t003,914.0,1,8.0343,76.1087,-591.9657,-291.9657,False
eval,aaaaajru,aaaaajru_s032_t003,914.0,2,185.0366,256.6593,-414.9634,-114.96340000000001,False
eval,aaaaajru,aaaaajru_s032_t003,914.0,3,365.1748,428.6729,-234.8252,65.1748,False
eval,aaaaajru,aaaaajru_s032_t003,914.0,4,529.3461,592.0805,-70.65390000000002,229.34609999999998,False
eval,aaaaajru,aaaaajru_s032_t003,914.0,5,729.9892,792.8139,129.98919999999998,429.9892,False
eval,aaaaajru,aaaaajru_s032_t004,311.0,1,60.6362,128.2762,-539.3638,-239.3638,False
eval,aaaaajru,aaaaajru_s032_t004,311.0,2,224.1846,287.8876,-375.8154,-75.81540000000001,False
eval,aaaaajru,aaaaajru_s038_t005,649.0,1,276.0424,329.1973,-323.9576,-23.957600000000014,False
eval,aaaaajru,aaaaajru_s038_t006,908.0,1,441.01,480.0959,-158.99,141.01,False
eval,aaaaajru,aaaaajru_s038_t008,838.0,1,418.573,434.1069,-181.42700000000002,118.57299999999998,False
eval,aaaaajru,aaaaajru_s038_t010,632.0,1,298.0323,330.0851,-301.9677,-1.9676999999999794,False
eval,aaaaajru,aaaaajru_s038_t010,632.0,2,503.272,545.903,-96.72800000000001,203.272,False
eval,aaaaajru,aaaaajru_s038_t011,601.0,1,116.825,163.9208,-483.175,-183.175,False
eval,aaaaajru,aaaaajru_s038_t011,601.0,2,376.0446,417.618,-223.9554,76.0446,False
eval,aaaaaqek,aaaaaqek_s010_t003,1325.0,1,413.0713,724.0358,-186.9287,113.07130000000001,False
eval,aaaaaqek,aaaaaqek_s010_t005,993.0,1,389.0067,479.2074,-210.99329999999998,89.00670000000002,False
eval,aaaaaqld,aaaaaqld_s002_t004,849.0,1,348.0101,450.1358,-251.98989999999998,48.01010000000002,False
eval,aaaaaqld,aaaaaqld_s002_t006,921.0,1,373.9799,450.0167,-226.0201,73.97989999999999,False
eval,aaaaaqld,aaaaaqld_s003_t002,774.0,1,330.1759,405.8754,-269.8241,30.175900000000013,False
eval,aaaaaqld,aaaaaqld_s003_t004,746.0,1,347.0045,409.0032,-252.9955,47.00450000000001,False
eval,aaaaaqld,aaaaaqld_s003_t005,700.0,1,300.9959,376.029,-299.0041,0.995900000000006,False
eval,aaaaaqld,aaaaaqld_s003_t006,694.0,1,302.815,369.9732,-297.185,2.8149999999999977,False
eval,aaaaaqld,aaaaaqld_s003_t009,709.0,1,298.0201,400.0713,-301.9799,-1.9798999999999864,False
eval,aaaaaqld,aaaaaqld_s003_t010,915.0,1,300.9959,362.0036,-299.0041,0.995900000000006,False
eval,aaaaaqld,aaaaaqld_s003_t011,609.0,1,219.0936,300.0301,-380.90639999999996,-80.90639999999999,False
eval,aaaaaqld,aaaaaqld_s003_t012,683.0,1,299.9822,345.2037,-300.0178,-0.017800000000022465,False
eval,aaaaaqld,aaaaaqld_s003_t013,669.0,1,301.5472,360.0569,-298.4528,1.5471999999999753,False
eval,aaaaaqld,aaaaaqld_s003_t015,673.0,1,294.9777,361.0611,-305.0223,-5.022299999999973,False
eval,aaaaaqld,aaaaaqld_s003_t016,693.0,1,312.9877,381.5149,-287.0123,12.987700000000018,False
eval,aaaaaqld,aaaaaqld_s003_t018,690.0,1,306.1841,374.3481,-293.8159,6.184100000000001,False
eval,aaaaaqmo,aaaaaqmo_s001_t000,1776.0,1,91.0255,110.9247,-508.97450000000003,-208.9745,False
eval,aaaaaqmo,aaaaaqmo_s001_t000,1776.0,2,345.9498,372.9732,-254.05020000000002,45.94979999999998,False
eval,aaaaaqmo,aaaaaqmo_s001_t000,1776.0,3,538.9699,579.2598,-61.03009999999995,238.96990000000005,False
eval,aaaaaqmo,aaaaaqmo_s001_t000,1776.0,4,907.0613,931.9666,307.06129999999996,607.0613,False
eval,aaaaaqmo,aaaaaqmo_s001_t000,1776.0,5,1227.981,1253.9788,627.981,927.981,False
eval,aaaaaqmo,aaaaaqmo_s001_t001,449.0,1,422.0056,438.0479,-177.99439999999998,122.00560000000002,False
eval,aaaaaqtq,aaaaaqtq_s003_t002,723.0,1,346.9777,366.7213,-253.02229999999997,46.97770000000003,False
eval,aaaaaqtq,aaaaaqtq_s003_t004,1107.0,1,344.0212,374.3779,-255.97879999999998,44.02120000000002,False
eval,aaaaaqtq,aaaaaqtq_s006_t004,1583.0,1,338.0136,352.0563,-261.9864,38.0136,False
eval,aaaaaqtq,aaaaaqtq_s006_t005,685.0,1,313.0231,330.1067,-286.9769,13.0231,False
eval,aaaaaqtw,aaaaaqtw_s001_t000,1476.0,1,323.9175,524.7324,-276.0825,23.917500000000018,False
eval,aaaaaqtw,aaaaaqtw_s001_t000,1476.0,2,788.9688,998.9833,188.9688,488.9688,False
eval,aaaaaqtw,aaaaaqtw_s001_t000,1476.0,3,1301.0725,1445.8216,701.0725,1001.0725,False
eval,aaaaaqtw,aaaaaqtw_s002_t000,158.0,1,113.9911,156.9967,-486.0089,-186.00889999999998,False
eval,aaaaaqtw,aaaaaqtw_s002_t001,142.0,1,0.0041,73.5563,-599.9959,-299.9959,False
eval,aaaaaqtw,aaaaaqtw_s002_t002,601.0,1,466.9532,599.9353,-133.04680000000002,166.95319999999998,False
eval,aaaaaqtw,aaaaaqtw_s002_t003,601.0,1,500.0323,600.0,-99.96769999999998,200.03230000000002,False
eval,aaaaaqtw,aaaaaqtw_s002_t004,850.0,1,337.981,488.0145,-262.019,37.980999999999995,False
eval,aaaaaqtw,aaaaaqtw_s002_t005,531.0,1,358.9242,482.4827,-241.07580000000002,58.924199999999985,False
eval,aaaaaqtw,aaaaaqtw_s002_t007,601.0,1,50.5028,226.5284,-549.4972,-249.4972,False
eval,aaaaaqtw,aaaaaqtw_s002_t010,1030.0,1,344.6066,481.3167,-255.39339999999999,44.606600000000014,False
eval,aaaaaqtw,aaaaaqtw_s002_t010,1030.0,2,562.9332,695.7926,-37.066799999999944,262.93320000000006,False
eval,aaaaaqtw,aaaaaqtw_s002_t011,300.0,1,181.922,299.0,-418.078,-118.078,False
eval,aaaaaqtw,aaaaaqtw_s002_t012,300.0,1,271.8395,299.0,-328.1605,-28.160500000000013,False
eval,aaaaaqvx,aaaaaqvx_s002_t001,1800.0,1,31.5041,59.2295,-568.4959,-268.4959,False
eval,aaaaaqvx,aaaaaqvx_s002_t001,1800.0,2,169.7828,205.623,-430.2172,-130.2172,False
eval,aaaaaqvx,aaaaaqvx_s002_t001,1800.0,3,297.8238,310.2418,-302.1762,-2.1761999999999944,False
eval,aaaaaqvx,aaaaaqvx_s002_t001,1800.0,4,459.9385,475.9836,-140.06150000000002,159.93849999999998,False
eval,aaaaaqvx,aaaaaqvx_s002_t001,1800.0,5,523.7746,550.2705,-76.22540000000004,223.77459999999996,False
eval,aaaaaqvx,aaaaaqvx_s002_t001,1800.0,6,642.918,662.7746,42.918000000000006,342.918,False
eval,aaaaaqvx,aaaaaqvx_s002_t001,1800.0,7,754.8852,789.9262,154.88520000000005,454.88520000000005,False
eval,aaaaaqvx,aaaaaqvx_s002_t001,1800.0,8,913.0041,940.1148,313.0041,613.0041,False
eval,aaaaaqvx,aaaaaqvx_s002_t001,1800.0,9,1025.8648,1039.082,425.86480000000006,725.8648000000001,False
eval,aaaaaqvx,aaaaaqvx_s002_t001,1800.0,10,1066.8484,1109.4508,466.8484000000001,766.8484000000001,False
eval,aaaaaqvx,aaaaaqvx_s002_t001,1800.0,11,1210.0123,1245.0533,610.0123000000001,910.0123000000001,False
eval,aaaaaqvx,aaaaaqvx_s002_t001,1800.0,12,1317.959,1355.0287,717.9590000000001,1017.9590000000001,False
eval,aaaaaqvx,aaaaaqvx_s002_t001,1800.0,13,1451.5287,1490.2582,851.5287000000001,1151.5287,False
eval,aaaaaqvx,aaaaaqvx_s002_t001,1800.0,14,1624.041,1660.0041,1024.041,1324.041,False
eval,aaaaaqvx,aaaaaqvx_s002_t001,1800.0,15,1759.1967,1794.3607,1159.1967,1459.1967,False
eval,aaaaaqvx,aaaaaqvx_s002_t002,862.0,1,361.0797,374.2935,-238.9203,61.0797,False
eval,aaaaaraf,aaaaaraf_s001_t000,1800.0,1,414.8785,634.4398,-185.12150000000003,114.87849999999997,False
eval,aaaaardf,aaaaardf_s001_t001,1800.0,1,822.2992,929.9221,222.29920000000004,522.2992,True
eval,aaaaardf,aaaaardf_s001_t002,439.0,1,123.2887,176.1834,-476.7113,-176.7113,False
eval,aaaaardf,aaaaardf_s003_t000,1800.0,1,1410.0123,1460.1148,810.0123000000001,1110.0123,True
eval,aaaaardf,aaaaardf_s003_t001,1699.0,1,540.4864,576.1005,-59.5136,240.4864,False
eval,aaaaardf,aaaaardf_s004_t000,966.0,1,541.2389,651.5892,-58.761100000000056,241.23889999999994,False
eval,aaaaardf,aaaaardf_s004_t001,721.0,1,307.0671,415.5705,-292.9329,7.067099999999982,False
eval,aaaaardf,aaaaardf_s004_t002,728.0,1,313.0191,419.078,-286.9809,13.01909999999998,False
eval,aaaaardf,aaaaardf_s004_t004,662.0,1,252.9809,355.3057,-347.0191,-47.01910000000001,False
eval,aaaaardf,aaaaardf_s004_t005,745.0,1,306.9331,438.0637,-293.0669,6.9331000000000245,False
eval,aaaaardf,aaaaardf_s004_t006,994.0,1,306.2548,418.8349,-293.7452,6.254799999999989,False
eval,aaaaardf,aaaaardf_s004_t006,994.0,2,450.7484,472.8025,-149.2516,150.7484,False
eval,aaaaardf,aaaaardf_s004_t006,994.0,3,558.6975,681.0907,-41.30250000000001,258.6975,False
eval,aaaaardf,aaaaardf_s004_t007,673.0,1,304.0901,345.406,-295.9099,4.090100000000007,False
eval,aaaaardf,aaaaardf_s004_t008,646.0,1,302.9586,342.1067,-297.0414,2.95859999999999,False
eval,aaaaardf,aaaaardf_s004_t008,646.0,2,470.9315,493.0053,-129.06849999999997,170.93150000000003,False
eval,aaaaardf,aaaaardf_s004_t010,655.0,1,318.6051,336.4952,-281.3949,18.605099999999993,False
eval,aaaaardf,aaaaardf_s004_t010,655.0,2,413.164,429.5971,-186.836,113.16399999999999,False
eval,aaaaardf,aaaaardf_s004_t011,607.0,1,296.709,318.6321,-303.291,-3.290999999999997,False
eval,aaaaardf,aaaaardf_s004_t012,612.0,1,286.3724,296.5329,-313.6276,-13.627599999999973,False
eval,aaaaardf,aaaaardf_s004_t012,612.0,2,300.6154,319.7425,-299.3846,0.6154000000000224,False
eval,aaaaardf,aaaaardf_s004_t013,613.0,1,286.9262,295.9866,-313.0738,-13.073800000000006,False
eval,aaaaardf,aaaaardf_s004_t014,606.0,1,444.0279,457.9732,-155.9721,144.0279,False
eval,aaaaardf,aaaaardf_s004_t015,605.0,1,481.4754,501.825,-118.52460000000002,181.47539999999998,False
eval,aaaaardf,aaaaardf_s004_t016,996.0,1,299.6867,310.1126,-300.3133,-0.31330000000002656,False
eval,aaaaardf,aaaaardf_s004_t016,996.0,2,660.942,670.0959,60.94200000000001,360.942,False
eval,aaaaardf,aaaaardf_s005_t003,617.0,1,301.1242,316.136,-298.8758,1.1241999999999734,False
eval,aaaaardf,aaaaardf_s005_t004,617.0,1,301.055,316.8036,-298.945,1.0550000000000068,False
eval,aaaaardf,aaaaardf_s005_t011,1068.0,1,302.971,315.0378,-297.029,2.9710000000000036,False
eval,aaaaarml,aaaaarml_s007_t001,1296.0,1,442.9994,484.102,-157.00060000000002,142.99939999999998,False
eval,aaaaarnq,aaaaarnq_s002_t001,1800.0,1,449.5082,468.873,-150.4918,149.5082,False
eval,aaaaarnq,aaaaarnq_s002_t001,1800.0,2,1265.0943,1283.8443,665.0943,965.0943,True
eval,aaaaarnq,aaaaarnq_s002_t002,1784.0,1,275.8852,295.8118,-324.1148,-24.114800000000002,False
eval,aaaaarnq,aaaaarnq_s002_t002,1784.0,2,1284.9729,1306.0016,684.9729,984.9729,True
eval,aaaaarnq,aaaaarnq_s003_t002,601.0,1,536.2712,556.7846,-63.72879999999998,236.27120000000002,False
eval,aaaaarnq,aaaaarnq_s003_t003,601.0,1,147.4652,176.5363,-452.5348,-152.5348,False
eval,aaaaarnq,aaaaarnq_s003_t005,601.0,1,11.0101,21.9495,-588.9899,-288.9899,False
eval,aaaaarnq,aaaaarnq_s003_t005,601.0,2,81.1929,110.237,-518.8071,-218.8071,False
eval,aaaaarnq,aaaaarnq_s003_t005,601.0,3,515.4514,543.4705,-84.54859999999996,215.45140000000004,False
eval,aaaaarnq,aaaaarnq_s003_t006,300.0,1,53.3054,72.8134,-546.6946,-246.6946,False
eval,aaaaarnq,aaaaarnq_s003_t006,300.0,2,116.3043,155.4279,-483.6957,-183.6957,False
eval,aaaaarnq,aaaaarnq_s003_t007,601.0,1,13.9482,64.1407,-586.0518,-286.0518,False
eval,aaaaarnq,aaaaarnq_s003_t007,601.0,2,325.3641,377.4213,-274.6359,25.364100000000008,False
eval,aaaaarnq,aaaaarnq_s003_t008,145.0,1,59.019,106.5581,-540.981,-240.981,False
eval,aaaaarnq,aaaaarnq_s004_t000,300.0,1,207.0307,258.6943,-392.9693,-92.9693,False
eval,aaaaarnq,aaaaarnq_s004_t001,601.0,1,223.5199,276.3766,-376.4801,-76.4801,False
eval,aaaaarnq,aaaaarnq_s004_t002,601.0,1,331.088,389.5678,-268.912,31.088000000000022,False
eval,aaaaarnq,aaaaarnq_s004_t003,601.0,1,440.1116,481.921,-159.8884,140.1116,False
eval,aaaaarnq,aaaaarnq_s004_t004,300.0,1,200.1848,234.7386,-399.8152,-99.8152,False
eval,aaaaarnq,aaaaarnq_s004_t006,601.0,1,249.1043,324.7493,-350.89570000000003,-50.895700000000005,False
eval,aaaaarnq,aaaaarnq_s004_t006,601.0,2,454.3277,531.4696,-145.6723,154.3277,False
eval,aaaaarpu,aaaaarpu_s001_t004,1370.0,1,1288.9852,1332.1262,688.9852000000001,988.9852000000001,True
eval,aaaaarpu,aaaaarpu_s003_t001,601.0,1,476.1266,497.079,-123.8734,176.1266,False
eval,aaaaarpu,aaaaarpu_s003_t002,1800.0,1,483.9482,532.1317,-116.05180000000001,183.94819999999999,False
eval,aaaaarpu,aaaaarpu_s003_t002,1800.0,2,907.8595,947.7258,307.8595,607.8595,False
eval,aaaaarpu,aaaaarpu_s003_t002,1800.0,3,1363.9197,1410.7258,763.9196999999999,1063.9197,False
eval,aaaaarpu,aaaaarpu_s003_t005,601.0,1,84.5539,126.8665,-515.4461,-215.4461,False
eval,aaaaarpv,aaaaarpv_s001_t003,601.0,1,126.9927,214.8366,-473.0073,-173.0073,False
eval,aaaaarpv,aaaaarpv_s001_t003,601.0,2,431.0881,526.4559,-168.9119,131.0881,False
eval,aaaaarpv,aaaaarpv_s001_t004,998.0,1,43.3504,229.8422,-556.6496,-256.6496,False
eval,aaaaarpv,aaaaarpv_s001_t004,998.0,2,384.0183,567.4917,-215.9817,84.01830000000001,False
eval,aaaaarpv,aaaaarpv_s001_t006,601.0,1,304.7193,600.0,-295.2807,4.719299999999976,False
eval,aaaaarpv,aaaaarpv_s001_t007,957.0,1,135.1499,651.8378,-464.8501,-164.8501,False
eval,aaaaarpv,aaaaarpv_s002_t000,1127.0,1,135.0094,411.748,-464.9906,-164.9906,False
eval,aaaaarpv,aaaaarpv_s002_t000,1127.0,2,645.9495,796.6731,45.949499999999944,345.94949999999994,False
eval,aaaaarpv,aaaaarpv_s002_t000,1127.0,3,1048.404,1126.0,448.404,748.404,False
eval,aaaaarpv,aaaaarpv_s002_t001,601.0,1,141.1515,310.5077,-458.8485,-158.8485,False
eval,aaaaarpv,aaaaarpv_s002_t001,601.0,2,373.2205,566.7148,-226.77949999999998,73.22050000000002,False
eval,aaaaarpv,aaaaarpv_s002_t002,1021.0,1,1.0,143.2334,-599.0,-299.0,False
eval,aaaaarpv,aaaaarpv_s002_t002,1021.0,2,332.2929,712.0909,-267.7071,32.292899999999975,False
eval,aaaaarpv,aaaaarpv_s002_t002,1021.0,3,892.101,1019.5213,292.101,592.101,False
eval,aaaaarpv,aaaaarpv_s002_t003,300.0,1,72.1203,299.0,-527.8797,-227.8797,False
eval,aaaaarpv,aaaaarpv_s002_t004,691.0,1,1.0,331.2626,-599.0,-299.0,False
eval,aaaaarpv,aaaaarpv_s002_t004,691.0,2,611.7655,689.9798,11.765499999999975,311.7655,False
eval,aaaaarpv,aaaaarpv_s002_t005,1014.0,1,287.0727,750.4949,-312.9273,-12.927300000000002,False
eval,aaaaarpv,aaaaarpv_s002_t006,1418.0,1,311.0666,427.9601,-288.9334,11.066599999999994,False
eval,aaaaarpv,aaaaarpv_s002_t006,1418.0,2,1006.9404,1132.4173,406.94039999999995,706.9404,False
eval,aaaaarpv,aaaaarpv_s002_t007,300.0,1,183.5875,259.0519,-416.4125,-116.4125,False
eval,aaaaarpv,aaaaarpv_s002_t008,601.0,1,522.9097,600.0,-77.09029999999996,222.90970000000004,False
eval,aaaaasfw,aaaaasfw_s005_t007,722.0,1,325.3445,384.0123,-274.6555,25.344499999999982,False
eval,aaaaasfw,aaaaasfw_s005_t011,667.0,1,301.3052,365.9723,-298.6948,1.3052000000000135,False
eval,aaaaasip,aaaaasip_s001_t000,1618.0,1,587.6053,685.4747,-12.394699999999943,287.60530000000006,False
eval,aaaaasip,aaaaasip_s001_t000,1618.0,2,802.1978,930.1311,202.19780000000003,502.19780000000003,False
eval,aaaaasip,aaaaasip_s002_t004,742.0,1,305.0781,419.619,-294.9219,5.078100000000006,False
eval,aaaaasip,aaaaasip_s002_t006,601.0,1,247.8309,374.3023,-352.16909999999996,-52.169099999999986,False
eval,aaaaasip,aaaaasip_s003_t004,811.0,1,302.16,477.6387,-297.84,2.160000000000025,False
eval,aaaaasip,aaaaasip_s004_t000,1327.0,1,1.0,84.0582,-599.0,-299.0,False
eval,aaaaasip,aaaaasip_s004_t000,1327.0,2,998.0717,1124.5027,398.07169999999996,698.0717,True
eval,aaaaasjz,aaaaasjz_s001_t000,1321.0,1,136.5772,171.4698,-463.4228,-163.4228,False
eval,aaaaasjz,aaaaasjz_s001_t000,1321.0,2,243.6644,275.3758,-356.3356,-56.3356,False
eval,aaaaasjz,aaaaasjz_s001_t000,1321.0,3,902.0067,930.1342,302.0067,602.0067,True
eval,aaaaasoc,aaaaasoc_s001_t000,1800.0,1,144.0041,192.3135,-455.9959,-155.9959,False
eval,aaaaasoc,aaaaasoc_s001_t000,1800.0,2,515.9775,579.3381,-84.02250000000004,215.97749999999996,False
eval,aaaaasoc,aaaaasoc_s001_t000,1800.0,3,701.9877,762.1414,101.98770000000002,401.9877,False
eval,aaaaasoc,aaaaasoc_s001_t000,1800.0,4,879.9344,936.0615,279.9344,579.9344,False
eval,aaaaasoc,aaaaasoc_s001_t000,1800.0,5,1200.1148,1260.6148,600.1148000000001,900.1148000000001,False
eval,aaaaasoc,aaaaasoc_s001_t000,1800.0,6,1395.4918,1459.2418,795.4918,1095.4918,False
eval,aaaaasoc,aaaaasoc_s001_t000,1800.0,7,1592.4385,1656.9262,992.4385,1292.4385,False
eval,aaaaasoc,aaaaasoc_s004_t000,300.0,1,79.7858,168.3762,-520.2142,-220.2142,False
eval,aaaaasoc,aaaaasoc_s004_t001,747.0,1,24.9578,98.2619,-575.0422,-275.0422,False
eval,aaaaasoc,aaaaasoc_s004_t001,747.0,2,369.8171,446.4113,-230.18290000000002,69.81709999999998,False
eval,aaaaaswc,aaaaaswc_s001_t001,1309.0,1,455.2148,714.6577,-144.78519999999997,155.21480000000003,False
eval,aaaaaswc,aaaaaswc_s001_t001,1309.0,2,720.0191,887.7898,120.01909999999998,420.0191,False
eval,aaaaaswc,aaaaaswc_s001_t001,1309.0,3,998.8631,1181.2197,398.86310000000003,698.8631,False
eval,aaaaaswc,aaaaaswc_s001_t001,1309.0,4,1188.6879,1308.0,588.6878999999999,888.6878999999999,False
eval,aaaaaswc,aaaaaswc_s002_t001,285.0,1,1.0,93.2643,-599.0,-299.0,False
eval,aaaaaswc,aaaaaswc_s002_t001,285.0,2,103.2771,121.6051,-496.7229,-196.72289999999998,False
eval,aaaaaswc,aaaaaswc_s002_t001,285.0,3,155.2038,251.9663,-444.7962,-144.7962,False
eval,aaaaaswc,aaaaaswc_s002_t002,746.0,1,98.9924,224.6178,-501.0076,-201.0076,False
eval,aaaaaswc,aaaaaswc_s002_t002,746.0,2,268.0414,278.9013,-331.9586,-31.95859999999999,False
eval,aaaaaswc,aaaaaswc_s002_t002,746.0,3,298.8822,409.6146,-301.1178,-1.1177999999999884,False
eval,aaaaaswc,aaaaaswc_s002_t002,746.0,4,503.1911,622.9045,-96.8089,203.1911,False
eval,aaaaaswc,aaaaaswc_s002_t002,746.0,5,637.7516,744.8217,37.75160000000005,337.75160000000005,False
eval,aaaaaswc,aaaaaswc_s002_t003,745.0,1,1.0,57.4682,-599.0,-299.0,False
eval,aaaaaswc,aaaaaswc_s002_t003,745.0,2,110.5628,210.3248,-489.4372,-189.43720000000002,False
eval,aaaaaswc,aaaaaswc_s002_t003,745.0,3,299.8726,444.9045,-300.1274,-0.12740000000002283,False
eval,aaaaatao,aaaaatao_s002_t005,703.0,1,331.0115,355.9567,-268.9885,31.011500000000012,False
eval,aaaaatao,aaaaatao_s003_t001,57.0,1,3.0355,24.7114,-596.9645,-296.9645,False
eval,aaaaatba,aaaaatba_s002_t001,232.0,1,19.6,175.3089,-580.4,-280.4,False
eval,aaaaatba,aaaaatba_s002_t002,892.0,1,354.1371,499.301,-245.86290000000002,54.137099999999975,False
eval,aaaaatba,aaaaatba_s002_t003,647.0,1,340.1171,487.0892,-259.8829,40.11709999999999,False
eval,aaaaatba,aaaaatba_s003_t005,790.0,1,425.1818,480.1515,-174.8182,125.18180000000001,False
eval,aaaaatba,aaaaatba_s003_t015,300.0,1,81.906,182.2051,-518.094,-218.094,False
eval,aaaaatba,aaaaatba_s003_t015,300.0,2,233.1026,259.1538,-366.8974,-66.8974,False
eval,aaaaatba,aaaaatba_s003_t015,300.0,3,278.0256,295.8718,-321.9744,-21.974400000000003,False
eval,aaaaatdt,aaaaatdt_s001_t000,114.0,1,41.1309,113.0,-558.8691,-258.8691,False
eval,aaaaatdt,aaaaatdt_s001_t001,1166.0,1,1.0,1162.9329,-599.0,-299.0,False
eval,aaaaatdt,aaaaatdt_s003_t003,1069.0,1,301.0403,774.9329,-298.9597,1.040300000000002,False
eval,aaaaatdt,aaaaatdt_s003_t003,1069.0,2,812.8523,862.3591,212.8523,512.8523,False
eval,aaaaatdt,aaaaatdt_s003_t003,1069.0,3,886.9128,906.2416,286.91279999999995,586.9128,False
eval,aaaaatdt,aaaaatdt_s003_t003,1069.0,4,1031.0403,1045.9799,431.0402999999999,731.0402999999999,False
eval,aaaaatdt,aaaaatdt_s003_t007,1103.0,1,300.9732,891.2752,-299.0268,0.9732000000000198,False
train,aaaaaaac,aaaaaaac_s001_t000,301.0,1,36.8868,237.2101,-563.1132,-263.1132,False
train,aaaaaaac,aaaaaaac_s001_t001,236.0,1,12.0764,200.3233,-587.9236,-287.9236,False
train,aaaaaaac,aaaaaaac_s002_t000,262.0,1,16.0173,218.0379,-583.9827,-283.9827,False
train,aaaaaaag,aaaaaaag_s005_t000,753.0,1,57.9625,72.5225,-542.0375,-242.0375,False
train,aaaaaacz,aaaaaacz_s006_t000,1391.0,1,86.0306,109.6364,-513.9694,-213.9694,False
train,aaaaaacz,aaaaaacz_s006_t000,1391.0,2,1140.0394,1185.0722,540.0393999999999,840.0393999999999,True
train,aaaaaakv,aaaaaakv_s001_t000,1209.0,1,9.048,1206.908,-590.952,-290.952,False
train,aaaaaasf,aaaaaasf_s001_t000,1289.0,1,42.2786,81.776,-557.7214,-257.7214,False
train,aaaaaasf,aaaaaasf_s001_t000,1289.0,2,133.804,162.1105,-466.196,-166.196,False
train,aaaaaasf,aaaaaasf_s001_t000,1289.0,3,222.636,246.14,-377.36400000000003,-77.364,False
train,aaaaaasf,aaaaaasf_s001_t000,1289.0,4,291.424,316.456,-308.576,-8.576000000000022,False
train,aaaaaasf,aaaaaasf_s001_t000,1289.0,5,451.688,479.392,-148.312,151.688,False
train,aaaaaasf,aaaaaasf_s001_t000,1289.0,6,540.656,565.772,-59.34400000000005,240.65599999999995,False
train,aaaaaasf,aaaaaasf_s001_t000,1289.0,7,602.38,630.508,2.3799999999999955,302.38,False
train,aaaaaasf,aaaaaasf_s001_t000,1289.0,8,766.856,785.576,166.856,466.856,False
train,aaaaaasf,aaaaaasf_s001_t000,1289.0,9,831.736,850.976,231.736,531.736,False
train,aaaaaasf,aaaaaasf_s001_t000,1289.0,10,864.232,894.636,264.23199999999997,564.232,False
train,aaaaaasf,aaaaaasf_s001_t000,1289.0,11,917.2,926.2746,317.20000000000005,617.2,False
train,aaaaaasf,aaaaaasf_s001_t000,1289.0,12,943.852,961.56,343.852,643.852,False
train,aaaaaasf,aaaaaasf_s001_t000,1289.0,13,972.676,997.036,372.67600000000004,672.676,False
train,aaaaaasf,aaaaaasf_s001_t000,1289.0,14,1039.012,1057.72,439.01199999999994,739.012,False
train,aaaaaasf,aaaaaasf_s001_t000,1289.0,15,1078.76,1105.608,478.76,778.76,False
train,aaaaaasf,aaaaaasf_s001_t000,1289.0,16,1163.272,1186.848,563.2719999999999,863.2719999999999,False
train,aaaaaasf,aaaaaasf_s001_t000,1289.0,17,1274.236,1285.572,674.2360000000001,974.2360000000001,False
train,aaaaaasy,aaaaaasy_s001_t001,1363.0,1,121.4946,138.3357,-478.5054,-178.5054,False
train,aaaaaasy,aaaaaasy_s002_t000,1199.0,1,234.7796,279.012,-365.22040000000004,-65.22040000000001,False
train,aaaaaasy,aaaaaasy_s002_t000,1199.0,2,316.6263,326.876,-283.3737,16.626300000000015,False
train,aaaaaasy,aaaaaasy_s002_t000,1199.0,3,350.312,381.9981,-249.688,50.31200000000001,False
train,aaaaaasy,aaaaaasy_s002_t000,1199.0,4,418.192,431.7364,-181.808,118.19200000000001,False
train,aaaaaasy,aaaaaasy_s003_t000,165.0,1,6.2825,35.8875,-593.7175,-293.7175,False
train,aaaaaasy,aaaaaasy_s003_t001,184.0,1,33.1425,53.0008,-566.8575,-266.8575,False
train,aaaaaasy,aaaaaasy_s003_t002,129.0,1,9.7925,29.1241,-590.2075,-290.2075,False
train,aaaaaasy,aaaaaasy_s003_t004,339.0,1,10.2775,35.7775,-589.7225,-289.7225,False
train,aaaaaasy,aaaaaasy_s003_t004,339.0,2,102.2525,142.9802,-497.7475,-197.7475,False
train,aaaaaasy,aaaaaasy_s003_t005,74.0,1,9.555,30.485,-590.445,-290.445,False
train,aaaaaasy,aaaaaasy_s003_t006,75.0,1,25.3025,44.9575,-574.6975,-274.6975,False
train,aaaaaasy,aaaaaasy_s003_t007,165.0,1,8.5325,34.9854,-591.4675,-291.4675,False
train,aaaaaasy,aaaaaasy_s003_t007,165.0,2,87.145,111.1675,-512.855,-212.85500000000002,False
train,aaaaaasy,aaaaaasy_s003_t008,71.0,1,2.9212,32.3607,-597.0788,-297.0788,False
train,aaaaaasy,aaaaaasy_s003_t010,265.0,1,34.8275,63.0425,-565.1725,-265.1725,False
train,aaaaaasy,aaaaaasy_s003_t011,63.0,1,9.1971,23.5505,-590.8029,-290.8029,False
train,aaaaaasy,aaaaaasy_s003_t012,84.0,1,5.285,26.4575,-594.715,-294.715,False
train,aaaaaasy,aaaaaasy_s003_t013,65.0,1,19.7015,28.5202,-580.2985,-280.2985,False
train,aaaaaauj,aaaaaauj_s002_t001,1312.0,1,130.8746,192.1065,-469.1254,-169.1254,False
train,aaaaaauj,aaaaaauj_s003_t001,1383.0,1,196.0722,219.4351,-403.9278,-103.92779999999999,False
train,aaaaaauj,aaaaaauj_s003_t001,1383.0,2,464.9245,490.3185,-135.07549999999998,164.92450000000002,False
train,aaaaaauj,aaaaaauj_s003_t001,1383.0,3,1317.0,1375.485,717.0,1017.0,True
train,aaaaaawc,aaaaaawc_s001_t001,1204.0,1,318.1371,361.2754,-281.8629,18.137099999999975,False
train,aaaaaawc,aaaaaawc_s001_t001,1204.0,2,666.476,714.971,66.476,366.476,False
train,aaaaaawc,aaaaaawc_s001_t001,1204.0,3,1136.9643,1187.1873,536.9643000000001,836.9643000000001,False
train,aaaaaaxl,aaaaaaxl_s001_t000,514.0,1,169.228,203.328,-430.772,-130.772,False
train,aaaaaayg,aaaaaayg_s002_t001,550.0,1,10.0981,111.854,-589.9019,-289.9019,False
train,aaaaabdv,aaaaabdv_s001_t001,1240.0,1,820.984,866.016,220.98400000000004,520.984,True
train,aaaaabfo,aaaaabfo_s003_t001,1326.0,1,258.092,279.44,-341.908,-41.908000000000015,False
train,aaaaabhz,aaaaabhz_s002_t000,1601.0,1,20.636,115.516,-579.364,-279.364,False
train,aaaaabhz,aaaaabhz_s002_t000,1601.0,2,181.14,277.1,-418.86,-118.86000000000001,False
train,aaaaabhz,aaaaabhz_s002_t000,1601.0,3,337.1,423.828,-262.9,37.10000000000002,False
train,aaaaabhz,aaaaabhz_s002_t000,1601.0,4,489.884,576.86,-110.11599999999999,189.88400000000001,False
train,aaaaabhz,aaaaabhz_s002_t000,1601.0,5,643.744,733.358,43.74400000000003,343.744,False
train,aaaaabhz,aaaaabhz_s002_t000,1601.0,6,801.684,876.0815,201.68399999999997,501.68399999999997,False
train,aaaaabhz,aaaaabhz_s002_t000,1601.0,7,944.012,1026.2029,344.01199999999994,644.012,False
train,aaaaabhz,aaaaabhz_s002_t000,1601.0,8,1118.98,1212.088,518.98,818.98,False
train,aaaaabhz,aaaaabhz_s002_t000,1601.0,9,1273.7128,1396.068,673.7128,973.7128,False
train,aaaaabhz,aaaaabhz_s002_t000,1601.0,10,1420.072,1521.948,820.0719999999999,1120.072,False
train,aaaaabhz,aaaaabhz_s003_t000,800.0,1,31.05,117.0375,-568.95,-268.95,False
train,aaaaabhz,aaaaabhz_s003_t000,800.0,2,164.0275,295.58,-435.97249999999997,-135.9725,False
train,aaaaabhz,aaaaabhz_s003_t000,800.0,3,329.0825,411.1825,-270.9175,29.082499999999982,False
train,aaaaabhz,aaaaabhz_s003_t000,800.0,4,474.7525,577.1825,-125.2475,174.7525,False
train,aaaaabhz,aaaaabhz_s003_t000,800.0,5,662.5575,755.045,62.557500000000005,362.5575,False
train,aaaaabhz,aaaaabhz_s003_t001,655.0,1,39.9283,157.0375,-560.0717,-260.0717,False
train,aaaaabhz,aaaaabhz_s003_t001,655.0,2,211.57,318.185,-388.43,-88.43,False
train,aaaaabhz,aaaaabhz_s003_t001,655.0,3,362.06,468.1375,-237.94,62.06,False
train,aaaaabhz,aaaaabhz_s003_t001,655.0,4,515.1334,622.3045,-84.86659999999995,215.13340000000005,False
train,aaaaabhz,aaaaabhz_s003_t002,355.0,1,16.205,126.2978,-583.795,-283.795,False
train,aaaaabhz,aaaaabhz_s003_t002,355.0,2,196.2911,300.1706,-403.70889999999997,-103.7089,False
train,aaaaabhz,aaaaabhz_s003_t003,378.0,1,45.2153,145.0933,-554.7847,-254.7847,False
train,aaaaabhz,aaaaabhz_s003_t003,378.0,2,179.9725,230.095,-420.02750000000003,-120.0275,False
train,aaaaabhz,aaaaabhz_s003_t003,378.0,3,325.0366,370.11,-274.9634,25.03660000000002,False
train,aaaaabhz,aaaaabhz_s008_t000,775.0,1,30.1167,86.105,-569.8833,-269.8833,False
train,aaaaabhz,aaaaabhz_s008_t000,775.0,2,206.7436,290.1325,-393.2564,-93.25640000000001,False
train,aaaaabhz,aaaaabhz_s008_t000,775.0,3,416.104,497.0725,-183.89600000000002,116.10399999999998,False
train,aaaaabhz,aaaaabhz_s008_t000,775.0,4,621.0395,704.99,21.039499999999975,321.0395,False
train,aaaaabhz,aaaaabhz_s009_t000,255.0,1,36.962,136.2425,-563.038,-263.038,False
train,aaaaabhz,aaaaabhz_s009_t001,425.0,1,29.005,119.0875,-570.995,-270.995,False
train,aaaaabhz,aaaaabhz_s009_t001,425.0,2,324.1425,411.2425,-275.8575,24.142499999999984,False
train,aaaaabhz,aaaaabhz_s009_t002,275.0,1,34.9725,123.8463,-565.0275,-265.02750000000003,False
train,aaaaabhz,aaaaabhz_s009_t003,465.0,1,10.94,106.143,-589.06,-289.06,False
train,aaaaabhz,aaaaabhz_s009_t003,465.0,2,311.16,414.2219,-288.84,11.160000000000025,False
train,aaaaabhz,aaaaabhz_s009_t004,175.0,1,17.8175,105.165,-582.1825,-282.1825,False
train,aaaaabhz,aaaaabhz_s009_t005,505.0,1,59.06,151.2975,-540.94,-240.94,False
train,aaaaabhz,aaaaabhz_s009_t005,505.0,2,328.1226,422.9775,-271.8774,28.122599999999977,False
train,aaaaabhz,aaaaabhz_s009_t006,309.0,1,70.3264,161.9035,-529.6736,-229.6736,False
train,aaaaabhz,aaaaabhz_s009_t007,174.0,1,24.115,120.3485,-575.885,-275.885,False
train,aaaaabhz,aaaaabhz_s009_t008,495.0,1,54.0325,145.0285,-545.9675,-245.9675,False
train,aaaaabhz,aaaaabhz_s009_t008,495.0,2,285.0775,381.955,-314.9225,-14.922500000000014,False
train,aaaaabhz,aaaaabhz_s009_t009,264.0,1,28.9726,128.4525,-571.0274,-271.0274,False
train,aaaaabhz,aaaaabhz_s010_t000,315.0,1,151.0273,197.1875,-448.97270000000003,-148.9727,False
train,aaaaabhz,aaaaabhz_s010_t003,240.0,1,69.205,148.0175,-530.795,-230.79500000000002,False
train,aaaaabhz,aaaaabhz_s010_t004,324.0,1,51.05,145.4425,-548.95,-248.95,False
train,aaaaabhz,aaaaabhz_s011_t000,214.0,1,47.0872,149.2551,-552.9128,-252.9128,False
train,aaaaabhz,aaaaabhz_s011_t001,205.0,1,19.06,134.1384,-580.94,-280.94,False
train,aaaaabhz,aaaaabhz_s011_t002,205.0,1,1.0,43.01,-599.0,-299.0,False
train,aaaaabhz,aaaaabhz_s011_t003,205.0,1,28.0603,131.3694,-571.9397,-271.9397,False
train,aaaaabhz,aaaaabhz_s011_t004,225.0,1,31.0775,140.1216,-568.9225,-268.9225,False
train,aaaaabhz,aaaaabhz_s011_t005,184.0,1,20.1375,117.2976,-579.8625,-279.8625,False
train,aaaaabhz,aaaaabhz_s011_t006,175.0,1,25.0275,98.2383,-574.9725,-274.9725,False
train,aaaaabhz,aaaaabhz_s011_t007,765.0,1,17.12,98.439,-582.88,-282.88,False
train,aaaaabhz,aaaaabhz_s011_t007,765.0,2,253.7575,318.2062,-346.2425,-46.24250000000001,False
train,aaaaabhz,aaaaabhz_s011_t007,765.0,3,434.485,484.3325,-165.515,134.485,False
train,aaaaabhz,aaaaabhz_s011_t007,765.0,4,622.12,723.485,22.120000000000005,322.12,False
train,aaaaabhz,aaaaabhz_s011_t008,194.0,1,35.1724,72.68,-564.8276,-264.8276,False
train,aaaaabhz,aaaaabhz_s012_t000,340.0,1,73.0773,147.3315,-526.9227,-226.92270000000002,False
train,aaaaabhz,aaaaabhz_s012_t001,305.0,1,69.0718,94.0331,-530.9282000000001,-230.9282,False
train,aaaaabhz,aaaaabhz_s012_t003,185.0,1,34.015,110.0175,-565.985,-265.985,False
train,aaaaabiw,aaaaabiw_s005_t000,600.0,1,21.0553,53.3444,-578.9447,-278.9447,False
train,aaaaabln,aaaaabln_s003_t006,684.0,1,54.02,80.4575,-545.98,-245.98,False
train,aaaaabms,aaaaabms_s002_t002,133.0,1,12.696,56.384,-587.304,-287.304,False
train,aaaaabms,aaaaabms_s002_t003,143.0,1,7.588,50.276,-592.412,-292.412,False
train,aaaaabnn,aaaaabnn_s002_t001,354.0,1,42.5455,149.697,-557.4545,-257.4545,False
train,aaaaabnn,aaaaabnn_s002_t002,277.0,1,83.0606,204.2727,-516.9394,-216.9394,False
train,aaaaabnn,aaaaabnn_s002_t004,304.0,1,44.1818,181.2727,-555.8182,-255.8182,False
train,aaaaabqv,aaaaabqv_s001_t000,1437.0,1,179.884,187.016,-420.116,-120.11600000000001,False
train,aaaaabqv,aaaaabqv_s001_t000,1437.0,2,242.668,249.928,-357.332,-57.331999999999994,False
train,aaaaabqv,aaaaabqv_s001_t000,1437.0,3,286.016,293.584,-313.984,-13.98399999999998,False
train,aaaaabqv,aaaaabqv_s002_t001,1373.0,1,26.868,31.84,-573.132,-273.132,False
train,aaaaabqv,aaaaabqv_s002_t001,1373.0,2,182.972,189.192,-417.028,-117.02799999999999,False
train,aaaaabqv,aaaaabqv_s002_t001,1373.0,3,294.444,301.624,-305.556,-5.555999999999983,False
train,aaaaabqv,aaaaabqv_s002_t001,1373.0,4,346.352,353.968,-253.64800000000002,46.351999999999975,False
train,aaaaabqv,aaaaabqv_s002_t001,1373.0,5,399.276,404.824,-200.724,99.27600000000001,False
train,aaaaabqv,aaaaabqv_s002_t001,1373.0,6,617.388,622.992,17.388000000000034,317.38800000000003,False
train,aaaaabqv,aaaaabqv_s002_t001,1373.0,7,807.256,812.7,207.25599999999997,507.256,False
train,aaaaabqv,aaaaabqv_s002_t001,1373.0,8,1036.976,1042.608,436.9760000000001,736.9760000000001,False
train,aaaaabqv,aaaaabqv_s002_t001,1373.0,9,1067.208,1071.876,467.2080000000001,767.2080000000001,False
train,aaaaabqv,aaaaabqv_s002_t001,1373.0,10,1118.124,1123.552,518.124,818.124,False
train,aaaaabqv,aaaaabqv_s002_t001,1373.0,11,1237.208,1240.308,637.2080000000001,937.2080000000001,False
train,aaaaabyy,aaaaabyy_s001_t001,1288.0,1,872.984,1092.968,272.98400000000004,572.984,True
train,aaaaacaf,aaaaacaf_s001_t000,1207.0,1,12.01,262.6371,-587.99,-287.99,False
train,aaaaacaf,aaaaacaf_s001_t000,1207.0,2,281.0022,414.0044,-318.9978,-18.997799999999984,False
train,aaaaacaf,aaaaacaf_s001_t000,1207.0,3,499.4129,566.1387,-100.58710000000002,199.41289999999998,False
train,aaaaacaf,aaaaacaf_s001_t000,1207.0,4,731.0799,1202.0,131.07989999999995,431.07989999999995,False
train,aaaaaccj,aaaaaccj_s001_t000,1206.0,1,315.34,319.024,-284.66,15.339999999999975,False
train,aaaaaccj,aaaaaccj_s001_t000,1206.0,2,327.668,330.032,-272.332,27.668000000000006,False
train,aaaaaccj,aaaaaccj_s001_t000,1206.0,3,642.016,645.396,42.01599999999996,342.01599999999996,False
train,aaaaaccj,aaaaaccj_s002_t001,1217.0,1,234.932,242.932,-365.068,-65.06800000000001,False
train,aaaaaccj,aaaaaccj_s002_t001,1217.0,2,249.932,254.932,-350.068,-50.06800000000001,False
train,aaaaaccj,aaaaaccj_s002_t001,1217.0,3,310.344,317.576,-289.656,10.343999999999994,False
train,aaaaaccj,aaaaaccj_s002_t001,1217.0,4,886.712,893.004,286.712,586.712,False
train,aaaaaccj,aaaaaccj_s002_t001,1217.0,5,1115.472,1126.972,515.472,815.472,False
train,aaaaaccj,aaaaaccj_s003_t001,1418.0,1,422.04,430.3,-177.95999999999998,122.04000000000002,False
train,aaaaaccj,aaaaaccj_s003_t001,1418.0,2,529.312,538.912,-70.68799999999999,229.312,False
train,aaaaaccj,aaaaaccj_s003_t001,1418.0,3,604.384,619.236,4.3840000000000146,304.384,False
train,aaaaacpl,aaaaacpl_s004_t004,555.0,1,39.5975,82.045,-560.4025,-260.40250000000003,False
train,aaaaacpl,aaaaacpl_s004_t004,555.0,2,303.95,339.4325,-296.05,3.9499999999999886,False
train,aaaaacpl,aaaaacpl_s004_t004,555.0,3,453.01,491.9675,-146.99,153.01,False
train,aaaaacrb,aaaaacrb_s001_t001,1241.0,1,97.3975,110.6762,-502.6025,-202.60250000000002,False
train,aaaaacrb,aaaaacrb_s001_t001,1241.0,2,786.548,806.372,186.548,486.548,True
train,aaaaacsx,aaaaacsx_s001_t000,1346.0,1,1142.072,1172.0666,542.0719999999999,842.0719999999999,True
train,aaaaacyf,aaaaacyf_s009_t001,846.0,1,371.0,410.0,-229.0,71.0,False
train,aaaaacyf,aaaaacyf_s011_t001,928.0,1,412.9866,442.9532,-187.0134,112.98660000000001,False
train,aaaaadao,aaaaadao_s003_t001,185.0,1,60.0,81.0312,-540.0,-240.0,False
train,aaaaadno,aaaaadno_s005_t004,1061.0,1,168.2892,315.5241,-431.7108,-131.7108,False
train,aaaaadqb,aaaaadqb_s002_t000,670.0,1,412.0145,481.9,-187.9855,112.0145,False
train,aaaaadqe,aaaaadqe_s001_t001,543.0,1,12.512,22.228,-587.488,-287.488,False
train,aaaaadqe,aaaaadqe_s001_t001,543.0,2,111.2969,123.976,-488.7031,-188.7031,False
train,aaaaadqe,aaaaadqe_s001_t001,543.0,3,205.524,228.488,-394.476,-94.476,False
train,aaaaadqe,aaaaadqe_s001_t001,543.0,4,489.62,505.1053,-110.38,189.62,False
train,aaaaadqe,aaaaadqe_s001_t002,482.0,1,6.1,19.376,-593.9,-293.9,False
train,aaaaadqe,aaaaadqe_s001_t002,482.0,2,157.7869,173.128,-442.2131,-142.2131,False
train,aaaaadqe,aaaaadqe_s001_t002,482.0,3,406.032,415.732,-193.96800000000002,106.03199999999998,False
train,aaaaadqe,aaaaadqe_s001_t003,256.0,1,8.916,15.8102,-591.084,-291.084,False
train,aaaaadqe,aaaaadqe_s001_t003,256.0,2,205.524,211.9563,-394.476,-94.476,False
train,aaaaadqe,aaaaadqe_s001_t004,940.0,1,281.528,289.004,-318.472,-18.47199999999998,False
train,aaaaadyf,aaaaadyf_s001_t000,670.0,1,314.992,328.992,-285.008,14.992000000000019,False
train,aaaaadyf,aaaaadyf_s001_t000,670.0,2,351.032,366.516,-248.96800000000002,51.03199999999998,False
train,aaaaadyf,aaaaadyf_s001_t000,670.0,3,387.704,402.004,-212.296,87.70400000000001,False
train,aaaaadyf,aaaaadyf_s001_t000,670.0,4,470.476,484.488,-129.524,170.476,False
train,aaaaadyf,aaaaadyf_s001_t000,670.0,5,546.032,559.056,-53.96799999999996,246.03200000000004,False
train,aaaaadyf,aaaaadyf_s001_t000,670.0,6,579.056,589.976,-20.94399999999996,279.05600000000004,False
train,aaaaaead,aaaaaead_s001_t001,271.0,1,1.0,21.0606,-599.0,-299.0,False
train,aaaaaece,aaaaaece_s001_t000,1206.0,1,328.0055,483.3108,-271.9945,28.005499999999984,False
train,aaaaaece,aaaaaece_s001_t000,1206.0,2,635.2431,679.3607,35.24310000000003,335.2431,False
train,aaaaaedy,aaaaaedy_s001_t001,198.0,1,5.15,37.2086,-594.85,-294.85,False
train,aaaaaedy,aaaaaedy_s001_t001,198.0,2,84.9275,148.8275,-515.0725,-215.0725,False
train,aaaaaedy,aaaaaedy_s001_t002,245.0,1,10.0725,58.7725,-589.9275,-289.9275,False
train,aaaaaedy,aaaaaedy_s001_t002,245.0,2,98.75,140.25,-501.25,-201.25,False
train,aaaaaedy,aaaaaedy_s001_t002,245.0,3,177.9175,217.9175,-422.0825,-122.08250000000001,False
train,aaaaaedy,aaaaaedy_s001_t003,165.0,1,1.0,17.35,-599.0,-299.0,False
train,aaaaaedy,aaaaaedy_s001_t003,165.0,2,52.3775,111.2374,-547.6225,-247.6225,False
train,aaaaaedy,aaaaaedy_s001_t003,165.0,3,149.715,163.715,-450.28499999999997,-150.285,False
train,aaaaaedy,aaaaaedy_s001_t004,195.0,1,1.0,36.81,-599.0,-299.0,False
train,aaaaaedy,aaaaaedy_s001_t006,215.0,1,135.3275,194.5275,-464.6725,-164.6725,False
train,aaaaaedy,aaaaaedy_s001_t007,264.0,1,64.81,161.81,-535.19,-235.19,False
train,aaaaaedy,aaaaaedy_s002_t001,1462.0,1,30.888,102.888,-569.112,-269.112,False
train,aaaaaedy,aaaaaedy_s002_t001,1462.0,2,140.124,175.124,-459.876,-159.876,False
train,aaaaaedy,aaaaaedy_s002_t001,1462.0,3,232.268,254.668,-367.73199999999997,-67.732,False
train,aaaaaedy,aaaaaedy_s002_t001,1462.0,4,301.368,330.168,-298.632,1.367999999999995,False
train,aaaaaedy,aaaaaedy_s002_t001,1462.0,5,421.144,469.244,-178.856,121.144,False
train,aaaaaedy,aaaaaedy_s002_t001,1462.0,6,527.564,568.916,-72.43600000000004,227.56399999999996,False
train,aaaaaedy,aaaaaedy_s002_t001,1462.0,7,620.948,649.348,20.94799999999998,320.948,False
train,aaaaaedy,aaaaaedy_s002_t001,1462.0,8,660.844,688.544,60.84400000000005,360.84400000000005,False
train,aaaaaedy,aaaaaedy_s002_t001,1462.0,9,712.384,734.476,112.38400000000001,412.384,False
train,aaaaaedy,aaaaaedy_s002_t001,1462.0,10,760.704,802.404,160.70399999999995,460.70399999999995,False
train,aaaaaedy,aaaaaedy_s002_t001,1462.0,11,844.528,877.3977,244.52800000000002,544.528,False
train,aaaaaedy,aaaaaedy_s002_t001,1462.0,12,973.448,989.544,373.448,673.448,False
train,aaaaaedy,aaaaaedy_s002_t001,1462.0,13,1058.564,1070.064,458.5640000000001,758.5640000000001,False
train,aaaaaedy,aaaaaedy_s002_t001,1462.0,14,1100.32,1130.4101,500.31999999999994,800.3199999999999,False
train,aaaaaedy,aaaaaedy_s002_t001,1462.0,15,1172.34,1205.44,572.3399999999999,872.3399999999999,False
train,aaaaaedy,aaaaaedy_s002_t001,1462.0,16,1270.62,1301.1465,670.6199999999999,970.6199999999999,False
train,aaaaaedy,aaaaaedy_s002_t001,1462.0,17,1359.604,1392.204,759.604,1059.604,False
train,aaaaaedy,aaaaaedy_s002_t001,1462.0,18,1451.54,1460.984,851.54,1151.54,False
train,aaaaaegi,aaaaaegi_s003_t000,1428.0,1,83.944,176.108,-516.056,-216.05599999999998,False
train,aaaaaegi,aaaaaegi_s003_t000,1428.0,2,254.164,313.86,-345.836,-45.83600000000001,False
train,aaaaaegi,aaaaaegi_s003_t000,1428.0,3,982.576,1057.132,382.576,682.576,True
train,aaaaaegi,aaaaaegi_s003_t000,1428.0,4,1084.0166,1104.2376,484.0165999999999,784.0165999999999,False
train,aaaaaegi,aaaaaegi_s003_t000,1428.0,5,1140.079,1271.232,540.079,840.079,False
train,aaaaaelb,aaaaaelb_s003_t000,799.0,1,162.109,190.4233,-437.89099999999996,-137.891,False
train,aaaaaelb,aaaaaelb_s003_t000,799.0,2,298.7309,328.1576,-301.2691,-1.2690999999999804,False
train,aaaaaelb,aaaaaelb_s003_t000,799.0,3,455.0016,491.5223,-144.9984,155.0016,False
train,aaaaaelb,aaaaaelb_s003_t000,799.0,4,565.7834,580.9029,-34.21659999999997,265.78340000000003,False
train,aaaaaelb,aaaaaelb_s003_t001,436.0,1,48.824,78.608,-551.176,-251.176,False
train,aaaaaelb,aaaaaelb_s003_t001,436.0,2,198.2694,217.0282,-401.7306,-101.73060000000001,False
train,aaaaaelb,aaaaaelb_s003_t001,436.0,3,341.1258,373.1322,-258.8742,41.12580000000003,False
train,aaaaaelb,aaaaaelb_s004_t000,391.0,1,86.9922,115.206,-513.0078,-213.0078,False
train,aaaaaelb,aaaaaelb_s004_t000,391.0,2,189.9711,209.1094,-410.0289,-110.0289,False
train,aaaaaelb,aaaaaelb_s004_t000,391.0,3,338.9489,358.0039,-261.0511,38.94889999999998,False
train,aaaaaelb,aaaaaelb_s004_t001,603.0,1,20.9375,47.2656,-579.0625,-279.0625,False
train,aaaaaelb,aaaaaelb_s004_t001,603.0,2,109.0273,136.7891,-490.97270000000003,-190.9727,False
train,aaaaaelb,aaaaaelb_s004_t001,603.0,3,184.0117,211.9063,-415.9883,-115.98830000000001,False
train,aaaaaelb,aaaaaelb_s004_t001,603.0,4,290.0117,322.6758,-309.9883,-9.988299999999981,False
train,aaaaaelb,aaaaaelb_s004_t001,603.0,5,388.0117,414.1797,-211.98829999999998,88.01170000000002,False
train,aaaaaelb,aaaaaelb_s004_t001,603.0,6,432.0117,446.0625,-167.98829999999998,132.01170000000002,False
train,aaaaaelb,aaaaaelb_s004_t001,603.0,7,547.0117,560.0117,-52.98829999999998,247.01170000000002,False
train,aaaaaelb,aaaaaelb_s004_t002,601.0,1,76.6523,101.0664,-523.3477,-223.3477,False
train,aaaaaelb,aaaaaelb_s004_t002,601.0,2,214.9805,242.9648,-385.0195,-85.0195,False
train,aaaaaelb,aaaaaelb_s004_t002,601.0,3,369.0273,385.418,-230.97269999999997,69.02730000000003,False
train,aaaaaelb,aaaaaelb_s004_t002,601.0,4,531.9961,547.2344,-68.00390000000004,231.99609999999996,False
train,aaaaaelb,aaaaaelb_s004_t003,892.0,1,131.0391,161.9805,-468.96090000000004,-168.9609,False
train,aaaaaelb,aaaaaelb_s004_t003,892.0,2,274.9805,310.0078,-325.0195,-25.019499999999994,False
train,aaaaaelb,aaaaaelb_s004_t003,892.0,3,747.9883,773.0039,147.98829999999998,447.9883,False
train,aaaaaelb,aaaaaelb_s004_t004,601.0,1,242.9688,277.1257,-357.0312,-57.03120000000001,False
train,aaaaaelb,aaaaaelb_s004_t005,601.0,1,246.0156,273.9922,-353.9844,-53.984399999999994,False
train,aaaaaelb,aaaaaelb_s004_t005,601.0,2,424.9883,441.0586,-175.01170000000002,124.98829999999998,False
train,aaaaaenl,aaaaaenl_s001_t001,1471.0,1,112.012,128.46,-487.988,-187.988,False
train,aaaaaetk,aaaaaetk_s001_t001,310.0,1,231.3641,308.992,-368.6359,-68.63589999999999,False
train,aaaaaetk,aaaaaetk_s001_t002,1234.0,1,1.0,54.048,-599.0,-299.0,False
train,aaaaaetk,aaaaaetk_s001_t002,1234.0,2,744.8675,865.8439,144.86749999999995,444.86749999999995,True
train,aaaaaetk,aaaaaetk_s001_t002,1234.0,3,1133.9697,1215.9751,533.9697000000001,833.9697000000001,False
train,aaaaaetm,aaaaaetm_s002_t001,360.0,1,3.0675,47.2393,-596.9325,-296.9325,False
train,aaaaaexr,aaaaaexr_s002_t001,401.0,1,74.9057,134.1454,-525.0943,-225.0943,False
train,aaaaafav,aaaaafav_s001_t000,844.0,1,35.812,843.0,-564.188,-264.188,False
train,aaaaafav,aaaaafav_s001_t002,209.0,1,1.0,155.688,-599.0,-299.0,False
train,aaaaafav,aaaaafav_s001_t002,209.0,2,165.0303,208.0,-434.9697,-134.9697,False
train,aaaaafav,aaaaafav_s001_t003,886.0,1,1.0,285.76,-599.0,-299.0,False
train,aaaaafgk,aaaaafgk_s002_t001,1210.0,1,274.1265,315.5139,-325.8735,-25.87349999999998,False
train,aaaaafjw,aaaaafjw_s001_t001,111.0,1,7.6812,108.5953,-592.3188,-292.3188,False
train,aaaaafjw,aaaaafjw_s001_t002,151.0,1,1.0,69.4983,-599.0,-299.0,False
train,aaaaafjw,aaaaafjw_s001_t005,201.0,1,9.3311,95.9699,-590.6689,-290.6689,False
train,aaaaafjw,aaaaafjw_s001_t006,151.0,1,1.0,62.1906,-599.0,-299.0,False
train,aaaaafjw,aaaaafjw_s001_t007,201.0,1,11.0033,92.5418,-588.9967,-288.9967,False
train,aaaaafjw,aaaaafjw_s001_t008,150.0,1,1.0,71.7559,-599.0,-299.0,False
train,aaaaafjw,aaaaafjw_s002_t000,481.0,1,25.981,109.2475,-574.019,-274.019,False
train,aaaaafjw,aaaaafjw_s002_t000,481.0,2,205.8919,297.0401,-394.10810000000004,-94.10810000000001,False
train,aaaaafjw,aaaaafjw_s002_t000,481.0,3,446.8584,480.0,-153.14159999999998,146.85840000000002,False
train,aaaaafjw,aaaaafjw_s002_t001,151.0,1,1.0,40.2341,-599.0,-299.0,False
train,aaaaafjw,aaaaafjw_s002_t002,251.0,1,1.0,62.0624,-599.0,-299.0,False
train,aaaaafjw,aaaaafjw_s002_t002,251.0,2,174.9454,250.0,-425.0546,-125.0546,False
train,aaaaafjw,aaaaafjw_s002_t003,301.0,1,33.2929,109.4646,-566.7071,-266.70709999999997,False
train,aaaaafjw,aaaaafjw_s002_t003,301.0,2,255.2424,299.7273,-344.7576,-44.7576,False
train,aaaaafjw,aaaaafjw_s002_t004,201.0,1,1.0,28.0,-599.0,-299.0,False
train,aaaaafjw,aaaaafjw_s002_t005,76.0,1,1.0,42.0,-599.0,-299.0,False
train,aaaaafjw,aaaaafjw_s002_t006,176.0,1,1.0,26.0606,-599.0,-299.0,False
train,aaaaafjw,aaaaafjw_s002_t006,176.0,2,110.0606,174.7879,-489.9394,-189.9394,False
train,aaaaafjw,aaaaafjw_s002_t007,101.0,1,47.1212,99.9697,-552.8788,-252.8788,False
train,aaaaafjw,aaaaafjw_s002_t008,101.0,1,1.0,14.1818,-599.0,-299.0,False
train,aaaaafjw,aaaaafjw_s002_t009,151.0,1,10.0606,89.2121,-589.9394,-289.9394,False
train,aaaaafjw,aaaaafjw_s002_t010,35.0,1,1.0,16.6061,-599.0,-299.0,False
train,aaaaaflc,aaaaaflc_s001_t001,1260.0,1,351.9844,407.0658,-248.0156,51.984399999999994,False
train,aaaaaflc,aaaaaflc_s001_t001,1260.0,2,603.9398,633.5942,3.939799999999991,303.9398,False
train,aaaaaflc,aaaaaflc_s001_t001,1260.0,3,642.6455,662.9855,42.64549999999997,342.64549999999997,False
train,aaaaaflc,aaaaaflc_s001_t001,1260.0,4,802.3211,818.1405,202.3211,502.3211,False
train,aaaaaflc,aaaaaflc_s001_t001,1260.0,5,872.5295,884.369,272.5295,572.5295,False
train,aaaaaflc,aaaaaflc_s001_t001,1260.0,6,893.9365,932.1862,293.9365,593.9365,False
train,aaaaaflc,aaaaaflc_s001_t001,1260.0,7,1089.5518,1120.0145,489.55179999999996,789.5518,False
train,aaaaafoq,aaaaafoq_s001_t000,1205.0,1,476.384,523.016,-123.61599999999999,176.38400000000001,False
train,aaaaaftk,aaaaaftk_s002_t001,1158.0,1,67.004,113.9036,-532.996,-232.99599999999998,False
train,aaaaaftk,aaaaaftk_s002_t001,1158.0,2,1136.0,1156.992,536.0,836.0,True
train,aaaaafwz,aaaaafwz_s001_t000,833.0,1,78.86,198.088,-521.14,-221.14,False
train,aaaaafwz,aaaaafwz_s001_t000,833.0,2,290.628,350.828,-309.372,-9.372000000000014,False
train,aaaaafwz,aaaaafwz_s001_t000,833.0,3,461.388,699.788,-138.61200000000002,161.38799999999998,False
train,aaaaafwz,aaaaafwz_s001_t000,833.0,4,769.204,832.0,169.20399999999995,469.20399999999995,False
train,aaaaafwz,aaaaafwz_s001_t001,555.0,1,1.0,27.4972,-599.0,-299.0,False
train,aaaaafwz,aaaaafwz_s001_t001,555.0,2,32.624,173.616,-567.376,-267.376,False
train,aaaaafwz,aaaaafwz_s001_t001,555.0,3,275.196,337.38,-324.804,-24.803999999999974,False
train,aaaaafwz,aaaaafwz_s001_t001,555.0,4,415.696,553.0075,-184.30399999999997,115.69600000000003,False
train,aaaaafzt,aaaaafzt_s003_t000,1338.0,1,749.0451,808.1053,149.04510000000005,449.04510000000005,True
train,aaaaafzt,aaaaafzt_s003_t000,1338.0,2,982.0691,1003.9119,382.06910000000005,682.0691,False
train,aaaaagcs,aaaaagcs_s002_t000,1304.0,1,938.132,987.48,338.13199999999995,638.132,True
train,aaaaagoo,aaaaagoo_s003_t000,1303.0,1,290.152,326.7298,-309.848,-9.848000000000013,False
train,aaaaagoo,aaaaagoo_s003_t000,1303.0,2,337.684,368.0315,-262.316,37.684000000000026,False
train,aaaaagpk,aaaaagpk_s009_t002,155.0,1,1.0,154.0,-599.0,-299.0,False
train,aaaaagpk,aaaaagpk_s012_t000,116.0,1,69.2893,81.0205,-530.7107,-230.7107,False
train,aaaaagpk,aaaaagpk_s012_t002,100.0,1,27.2264,99.0,-572.7736,-272.7736,False
train,aaaaagpk,aaaaagpk_s012_t003,1305.0,1,1.0,1304.0,-599.0,-299.0,False
train,aaaaagpk,aaaaagpk_s015_t002,1113.0,1,325.0221,353.9669,-274.9779,25.022100000000023,False
train,aaaaagpk,aaaaagpk_s015_t002,1113.0,2,454.1271,470.1215,-145.87290000000002,154.12709999999998,False
train,aaaaagpk,aaaaagpk_s015_t002,1113.0,3,523.1547,550.105,-76.84529999999995,223.15470000000005,False
train,aaaaagpk,aaaaagpk_s015_t002,1113.0,4,694.221,710.0829,94.221,394.221,False
train,aaaaagrz,aaaaagrz_s001_t000,1470.0,1,512.784,526.76,-87.21600000000001,212.784,False
train,aaaaagtt,aaaaagtt_s005_t000,305.0,1,1.0,304.0,-599.0,-299.0,False
train,aaaaagtt,aaaaagtt_s005_t001,505.0,1,40.0175,103.98,-559.9825,-259.9825,False
train,aaaaagtt,aaaaagtt_s005_t001,505.0,2,338.9525,436.2067,-261.0475,38.952499999999986,False
train,aaaaagtt,aaaaagtt_s005_t003,144.0,1,8.9975,63.095,-591.0025,-291.0025,False
train,aaaaagtt,aaaaagtt_s005_t003,144.0,2,76.9725,127.0275,-523.0275,-223.0275,False
train,aaaaagtt,aaaaagtt_s007_t004,145.0,1,39.0225,75.0525,-560.9775,-260.9775,False
train,aaaaahge,aaaaahge_s001_t001,1560.0,1,1.0,63.988,-599.0,-299.0,False
train,aaaaahge,aaaaahge_s001_t001,1560.0,2,69.028,285.192,-530.972,-230.97199999999998,False
train,aaaaahge,aaaaahge_s001_t001,1560.0,3,289.204,640.7,-310.796,-10.795999999999992,False
train,aaaaahge,aaaaahge_s001_t001,1560.0,4,644.54,676.004,44.539999999999964,344.53999999999996,False
train,aaaaahge,aaaaahge_s001_t001,1560.0,5,680.456,804.052,80.45600000000002,380.456,False
train,aaaaahge,aaaaahge_s001_t001,1560.0,6,808.46,929.46,208.46000000000004,508.46000000000004,False
train,aaaaahge,aaaaahge_s001_t001,1560.0,7,933.96,1147.996,333.96000000000004,633.96,False
train,aaaaahge,aaaaahge_s001_t001,1560.0,8,1151.928,1204.328,551.9280000000001,851.9280000000001,False
train,aaaaahge,aaaaahge_s001_t001,1560.0,9,1207.932,1275.3,607.932,907.932,False
train,aaaaahge,aaaaahge_s001_t001,1560.0,10,1278.924,1325.984,678.924,978.924,False
train,aaaaahge,aaaaahge_s001_t001,1560.0,11,1335.172,1391.756,735.172,1035.172,False
train,aaaaahge,aaaaahge_s001_t001,1560.0,12,1397.884,1425.988,797.884,1097.884,False
train,aaaaahge,aaaaahge_s001_t001,1560.0,13,1433.112,1454.9,833.1120000000001,1133.112,False
train,aaaaahge,aaaaahge_s001_t001,1560.0,14,1463.112,1501.276,863.1120000000001,1163.112,False
train,aaaaahge,aaaaahge_s001_t001,1560.0,15,1505.68,1554.76,905.6800000000001,1205.68,False
train,aaaaahun,aaaaahun_s015_t000,575.0,1,1.0,570.0,-599.0,-299.0,False
train,aaaaahxr,aaaaahxr_s001_t001,936.0,1,381.548,499.628,-218.452,81.548,False
train,aaaaahyp,aaaaahyp_s001_t000,1741.0,1,19.236,1740.0,-580.764,-280.764,False
train,aaaaahyp,aaaaahyp_s002_t000,165.0,1,1.0,164.0,-599.0,-299.0,False
train,aaaaahyp,aaaaahyp_s002_t001,95.0,1,1.0,67.9099,-599.0,-299.0,False
train,aaaaahyp,aaaaahyp_s002_t001,95.0,2,72.13,91.9425,-527.87,-227.87,False
train,aaaaahyp,aaaaahyp_s002_t002,175.0,1,1.0,91.0325,-599.0,-299.0,False
train,aaaaahyp,aaaaahyp_s002_t002,175.0,2,97.3275,174.0,-502.6725,-202.6725,False
train,aaaaahyp,aaaaahyp_s002_t003,214.0,1,21.935,40.0475,-578.065,-278.065,False
train,aaaaahyp,aaaaahyp_s002_t003,214.0,2,115.8523,126.0537,-484.1477,-184.1477,False
train,aaaaahyp,aaaaahyp_s002_t003,214.0,3,136.445,148.0275,-463.555,-163.555,False
train,aaaaahyp,aaaaahyp_s002_t004,295.0,1,10.19,20.3425,-589.81,-289.81,False
train,aaaaahyp,aaaaahyp_s002_t004,295.0,2,28.47,65.6525,-571.53,-271.53,False
train,aaaaahyp,aaaaahyp_s002_t004,295.0,3,109.9225,122.5825,-490.0775,-190.0775,False
train,aaaaahyp,aaaaahyp_s002_t004,295.0,4,141.38,150.9725,-458.62,-158.62,False
train,aaaaahyp,aaaaahyp_s002_t004,295.0,5,163.0225,175.165,-436.97749999999996,-136.9775,False
train,aaaaahyp,aaaaahyp_s002_t004,295.0,6,182.9675,214.7875,-417.0325,-117.0325,False
train,aaaaahyp,aaaaahyp_s002_t004,295.0,7,237.1801,244.69,-362.81989999999996,-62.81989999999999,False
train,aaaaahyp,aaaaahyp_s002_t005,135.0,1,106.2475,116.8775,-493.7525,-193.7525,False
train,aaaaahyp,aaaaahyp_s002_t006,65.0,1,3.9283,12.4827,-596.0717,-296.0717,False
train,aaaaahyp,aaaaahyp_s002_t006,65.0,2,16.7748,30.2419,-583.2252,-283.2252,False
train,aaaaahyp,aaaaahyp_s002_t006,65.0,3,51.265,64.0,-548.735,-248.735,False
train,aaaaahyp,aaaaahyp_s002_t007,125.0,1,12.4065,25.995,-587.5935,-287.5935,False
train,aaaaahyp,aaaaahyp_s002_t007,125.0,2,30.5313,42.1984,-569.4687,-269.4687,False
train,aaaaahyp,aaaaahyp_s002_t008,324.0,1,1.0,323.0,-599.0,-299.0,False
train,aaaaahyp,aaaaahyp_s003_t000,345.0,1,7.1237,33.5162,-592.8763,-292.8763,False
train,aaaaahyp,aaaaahyp_s003_t000,345.0,2,48.3958,56.9911,-551.6042,-251.6042,False
train,aaaaahyp,aaaaahyp_s003_t000,345.0,3,76.31,88.395,-523.69,-223.69,False
train,aaaaahyp,aaaaahyp_s003_t000,345.0,4,92.2125,102.915,-507.7875,-207.7875,False
train,aaaaahyp,aaaaahyp_s003_t000,345.0,5,129.5697,137.4738,-470.4303,-170.4303,False
train,aaaaahyp,aaaaahyp_s003_t000,345.0,6,151.7202,159.9699,-448.2798,-148.2798,False
train,aaaaahyp,aaaaahyp_s003_t000,345.0,7,168.4972,179.2107,-431.5028,-131.5028,False
train,aaaaahyp,aaaaahyp_s003_t000,345.0,8,219.465,226.6475,-380.53499999999997,-80.535,False
train,aaaaahyp,aaaaahyp_s003_t000,345.0,9,257.7075,266.23,-342.2925,-42.29250000000002,False
train,aaaaahyp,aaaaahyp_s003_t000,345.0,10,267.8919,274.7926,-332.1081,-32.10809999999998,False
train,aaaaahyp,aaaaahyp_s003_t000,345.0,11,279.3333,286.0669,-320.6667,-20.66669999999999,False
train,aaaaahyp,aaaaahyp_s003_t000,345.0,12,287.3293,344.0,-312.6707,-12.67070000000001,False
train,aaaaahyp,aaaaahyp_s003_t001,346.0,1,52.3175,146.3542,-547.6825,-247.6825,False
train,aaaaahyp,aaaaahyp_s003_t001,346.0,2,173.305,209.94,-426.695,-126.695,False
train,aaaaahyp,aaaaahyp_s003_t001,346.0,3,219.2675,233.385,-380.73249999999996,-80.73249999999999,False
train,aaaaahyp,aaaaahyp_s003_t001,346.0,4,261.8975,274.4925,-338.1025,-38.10250000000002,False
train,aaaaahyp,aaaaahyp_s003_t001,346.0,5,300.2411,308.5975,-299.7589,0.2411000000000172,False
train,aaaaahyp,aaaaahyp_s003_t001,346.0,6,337.37,345.0,-262.63,37.370000000000005,False
train,aaaaahyp,aaaaahyp_s003_t002,344.0,1,75.1125,94.395,-524.8875,-224.8875,False
train,aaaaahyp,aaaaahyp_s003_t002,344.0,2,137.4375,188.5925,-462.5625,-162.5625,False
train,aaaaahyp,aaaaahyp_s003_t002,344.0,3,200.98,208.9025,-399.02,-99.02000000000001,False
train,aaaaahyp,aaaaahyp_s003_t002,344.0,4,227.71,235.3925,-372.28999999999996,-72.28999999999999,False
train,aaaaahyp,aaaaahyp_s003_t002,344.0,5,257.955,276.59,-342.045,-42.045000000000016,False
train,aaaaahyp,aaaaahyp_s003_t002,344.0,6,316.2125,343.0,-283.7875,16.212499999999977,False
train,aaaaahyp,aaaaahyp_s003_t003,375.0,1,18.0925,28.2825,-581.9075,-281.9075,False
train,aaaaahyp,aaaaahyp_s003_t003,375.0,2,55.6925,80.255,-544.3075,-244.3075,False
train,aaaaahyp,aaaaahyp_s003_t003,375.0,3,193.82,202.6975,-406.18,-106.18,False
train,aaaaahyp,aaaaahyp_s003_t003,375.0,4,286.0325,292.84,-313.9675,-13.967499999999973,False
train,aaaaahyp,aaaaahyp_s003_t003,375.0,5,367.1175,374.0,-232.8825,67.1175,False
train,aaaaaias,aaaaaias_s009_t001,1048.0,1,310.9575,522.5775,-289.0425,10.957499999999982,False
train,aaaaaiat,aaaaaiat_s008_t000,601.0,1,520.3324,599.99,-79.6676,220.3324,False
train,aaaaaibs,aaaaaibs_s001_t000,1449.0,1,206.128,306.524,-393.872,-93.87200000000001,False
train,aaaaaibs,aaaaaibs_s002_t000,545.0,1,9.716,122.1477,-590.284,-290.284,False
train,aaaaaibs,aaaaaibs_s002_t001,1275.0,1,36.64,89.12,-563.36,-263.36,False
train,aaaaaibs,aaaaaibs_s002_t001,1275.0,2,263.844,379.884,-336.156,-36.156000000000006,False
train,aaaaaibs,aaaaaibs_s002_t001,1275.0,3,629.336,707.708,29.336000000000013,329.336,False
train,aaaaaibs,aaaaaibs_s002_t003,505.0,1,8.432,142.9944,-591.568,-291.568,False
train,aaaaaibs,aaaaaibs_s002_t003,505.0,2,251.584,291.52,-348.416,-48.416,False
train,aaaaaibs,aaaaaibs_s002_t004,334.0,1,145.692,221.5282,-454.308,-154.308,False
train,aaaaaibs,aaaaaibs_s002_t007,584.0,1,365.98,418.2894,-234.01999999999998,65.98000000000002,False
train,aaaaaicq,aaaaaicq_s001_t001,1788.0,1,265.9957,334.1781,-334.0043,-34.0043,False
train,aaaaaicq,aaaaaicq_s001_t001,1788.0,2,645.992,704.0224,45.99199999999996,345.99199999999996,False
train,aaaaaicq,aaaaaicq_s001_t001,1788.0,3,1165.391,1235.1593,565.3910000000001,865.3910000000001,False
train,aaaaaicq,aaaaaicq_s001_t001,1788.0,4,1637.9978,1705.1448,1037.9978,1337.9978,False
train,aaaaaiea,aaaaaiea_s004_t004,281.0,1,93.925,130.53,-506.075,-206.075,False
train,aaaaaiir,aaaaaiir_s002_t000,601.0,1,1.0,120.3154,-599.0,-299.0,False
train,aaaaaiir,aaaaaiir_s002_t000,601.0,2,309.3125,437.543,-290.6875,9.3125,False
train,aaaaaiir,aaaaaiir_s002_t001,601.0,1,1.0,24.0195,-599.0,-299.0,False
train,aaaaaiir,aaaaaiir_s002_t001,601.0,2,196.2381,309.3526,-403.76189999999997,-103.7619,False
train,aaaaaiir,aaaaaiir_s002_t001,601.0,3,390.0391,506.2642,-209.96089999999998,90.03910000000002,False
train,aaaaaiir,aaaaaiir_s002_t002,601.0,1,261.6758,336.3502,-338.3242,-38.32420000000002,False
train,aaaaaiir,aaaaaiir_s002_t003,1014.0,1,1.0,63.9258,-599.0,-299.0,False
train,aaaaaiir,aaaaaiir_s002_t003,1014.0,2,233.8906,325.1008,-366.1094,-66.1094,False
train,aaaaaiir,aaaaaiir_s002_t003,1014.0,3,501.3828,579.0703,-98.61720000000003,201.38279999999997,False
train,aaaaaiir,aaaaaiir_s002_t003,1014.0,4,721.0117,784.1542,121.01170000000002,421.0117,False
train,aaaaaiir,aaaaaiir_s002_t003,1014.0,5,980.0078,1013.0,380.0078,680.0078,False
train,aaaaaiir,aaaaaiir_s002_t004,601.0,1,165.9922,245.9288,-434.0078,-134.0078,False
train,aaaaaiir,aaaaaiir_s002_t004,601.0,2,360.9961,410.0352,-239.0039,60.99610000000001,False
train,aaaaaiir,aaaaaiir_s002_t004,601.0,3,560.0313,600.0,-39.96870000000001,260.0313,False
train,aaaaaike,aaaaaike_s001_t001,1265.0,1,183.932,278.9416,-416.068,-116.06800000000001,False
train,aaaaaike,aaaaaike_s001_t001,1265.0,2,716.256,802.156,116.25599999999997,416.256,False
train,aaaaaike,aaaaaike_s002_t000,173.0,1,1.0,122.2309,-599.0,-299.0,False
train,aaaaaike,aaaaaike_s003_t000,11.0,1,0.0,10.9152,-600.0,-300.0,False
train,aaaaaike,aaaaaike_s003_t002,91.0,1,1.0,61.9025,-599.0,-299.0,False
train,aaaaaike,aaaaaike_s003_t003,391.0,1,1.0,108.2475,-599.0,-299.0,False
train,aaaaaike,aaaaaike_s003_t003,391.0,2,324.135,374.3025,-275.865,24.13499999999999,False
train,aaaaaike,aaaaaike_s003_t004,60.0,1,30.7023,59.0,-569.2977,-269.2977,False
train,aaaaaipg,aaaaaipg_s001_t000,1274.0,1,46.776,133.12,-553.224,-253.224,False
train,aaaaaipg,aaaaaipg_s001_t000,1274.0,2,219.676,282.476,-380.324,-80.32400000000001,False
train,aaaaaipg,aaaaaipg_s001_t000,1274.0,3,365.068,421.412,-234.93200000000002,65.06799999999998,False
train,aaaaaipg,aaaaaipg_s001_t000,1274.0,4,509.868,580.068,-90.132,209.868,False
train,aaaaaipg,aaaaaipg_s001_t000,1274.0,5,751.856,822.356,151.856,451.856,False
train,aaaaaipg,aaaaaipg_s001_t000,1274.0,6,852.412,946.112,252.41200000000003,552.412,False
train,aaaaaipg,aaaaaipg_s001_t000,1274.0,7,1008.88,1061.18,408.88,708.88,False
train,aaaaaipg,aaaaaipg_s001_t000,1274.0,8,1196.168,1249.968,596.1679999999999,896.1679999999999,False
train,aaaaaipg,aaaaaipg_s002_t000,385.0,1,52.544,112.932,-547.456,-247.45600000000002,False
train,aaaaaipg,aaaaaipg_s002_t000,385.0,2,173.188,227.388,-426.812,-126.81200000000001,False
train,aaaaaipg,aaaaaipg_s002_t000,385.0,3,250.48,283.836,-349.52,-49.52000000000001,False
train,aaaaaipg,aaaaaipg_s002_t000,385.0,4,317.656,374.488,-282.344,17.656000000000006,False
train,aaaaaipg,aaaaaipg_s002_t001,231.0,1,8.8906,101.108,-591.1094,-291.1094,False
train,aaaaaipg,aaaaaipg_s002_t001,231.0,2,116.424,180.46,-483.576,-183.576,False
train,aaaaaiwu,aaaaaiwu_s001_t000,234.0,1,1.0,26.095,-599.0,-299.0,False
train,aaaaaizz,aaaaaizz_s003_t001,1494.0,1,57.868,167.6856,-542.132,-242.132,False
train,aaaaaizz,aaaaaizz_s003_t001,1494.0,2,416.8,467.9,-183.2,116.80000000000001,False
train,aaaaaizz,aaaaaizz_s003_t001,1494.0,3,723.556,742.156,123.55600000000004,423.55600000000004,False
train,aaaaaizz,aaaaaizz_s003_t001,1494.0,4,776.656,788.156,176.65599999999995,476.65599999999995,False
train,aaaaaizz,aaaaaizz_s003_t001,1494.0,5,947.112,967.8244,347.11199999999997,647.112,False
train,aaaaaizz,aaaaaizz_s003_t001,1494.0,6,996.112,1014.112,396.11199999999997,696.112,False
train,aaaaaizz,aaaaaizz_s003_t001,1494.0,7,1021.112,1051.112,421.11199999999997,721.112,False
train,aaaaaizz,aaaaaizz_s003_t001,1494.0,8,1071.0303,1083.9899,471.0302999999999,771.0302999999999,False
train,aaaaaizz,aaaaaizz_s003_t001,1494.0,9,1099.132,1118.132,499.13200000000006,799.1320000000001,False
train,aaaaaizz,aaaaaizz_s003_t001,1494.0,10,1128.132,1144.132,528.1320000000001,828.1320000000001,False
train,aaaaaizz,aaaaaizz_s003_t001,1494.0,11,1156.088,1176.088,556.088,856.088,False
train,aaaaaizz,aaaaaizz_s003_t001,1494.0,12,1187.088,1208.188,587.088,887.088,False
train,aaaaaizz,aaaaaizz_s003_t001,1494.0,13,1247.112,1278.0306,647.1120000000001,947.1120000000001,False
train,aaaaaizz,aaaaaizz_s003_t001,1494.0,14,1372.088,1388.088,772.088,1072.088,False
train,aaaaaizz,aaaaaizz_s003_t001,1494.0,15,1403.088,1424.088,803.088,1103.088,False
train,aaaaaizz,aaaaaizz_s003_t001,1494.0,16,1431.912,1465.5341,831.912,1131.912,False
train,aaaaaizz,aaaaaizz_s003_t001,1494.0,17,1471.712,1493.0,871.712,1171.712,False
train,aaaaaizz,aaaaaizz_s005_t000,793.0,1,34.1563,110.9688,-565.8437,-265.8437,False
train,aaaaaizz,aaaaaizz_s005_t000,793.0,2,185.0508,242.5871,-414.9492,-114.94919999999999,False
train,aaaaaizz,aaaaaizz_s005_t000,793.0,3,311.9656,392.1321,-288.0344,11.965599999999995,False
train,aaaaaizz,aaaaaizz_s005_t000,793.0,4,443.0977,505.1563,-156.90230000000003,143.09769999999997,False
train,aaaaaizz,aaaaaizz_s005_t000,793.0,5,540.8945,636.1172,-59.105500000000006,240.8945,False
train,aaaaajat,aaaaajat_s005_t001,1240.0,1,600.2622,695.592,0.2622000000000071,300.2622,True
train,aaaaajax,aaaaajax_s001_t001,656.0,1,300.7539,349.7555,-299.2461,0.7538999999999874,False
train,aaaaajax,aaaaajax_s001_t001,656.0,2,496.5664,547.5938,-103.43360000000001,196.5664,False
train,aaaaajax,aaaaajax_s001_t002,659.0,1,1.0,30.1831,-599.0,-299.0,False
train,aaaaajax,aaaaajax_s001_t002,659.0,2,315.0859,358.6172,-284.9141,15.085899999999981,False
train,aaaaajax,aaaaajax_s001_t003,637.0,1,300.3047,336.2539,-299.6953,0.3047000000000253,False
train,aaaaajax,aaaaajax_s001_t004,631.0,1,300.2227,331.0586,-299.7773,0.2226999999999748,False
train,aaaaajax,aaaaajax_s001_t005,951.0,1,150.8633,160.0313,-449.1367,-149.1367,False
train,aaaaajax,aaaaajax_s001_t005,951.0,2,242.5898,251.2231,-357.41020000000003,-57.4102,False
train,aaaaajax,aaaaajax_s001_t005,951.0,3,373.7109,386.2461,-226.28910000000002,73.71089999999998,False
train,aaaaajax,aaaaajax_s001_t005,951.0,4,641.918,702.1016,41.918000000000006,341.918,False
train,aaaaajcd,aaaaajcd_s001_t000,1315.0,1,696.056,776.948,96.05600000000004,396.05600000000004,True
train,aaaaajdn,aaaaajdn_s002_t000,1208.0,1,25.048,116.14,-574.952,-274.952,False
train,aaaaajdn,aaaaajdn_s002_t000,1208.0,2,269.872,357.0,-330.128,-30.127999999999986,False
train,aaaaajdn,aaaaajdn_s002_t000,1208.0,3,401.9697,428.3939,-198.0303,101.96969999999999,False
train,aaaaajdn,aaaaajdn_s002_t000,1208.0,4,455.852,502.984,-144.14800000000002,155.85199999999998,False
train,aaaaajdn,aaaaajdn_s002_t000,1208.0,5,526.992,603.604,-73.00800000000004,226.99199999999996,False
train,aaaaajdn,aaaaajdn_s002_t000,1208.0,6,847.996,869.004,247.99599999999998,547.996,False
train,aaaaajdn,aaaaajdn_s002_t000,1208.0,7,942.284,1006.096,342.284,642.284,False
train,aaaaajdn,aaaaajdn_s002_t000,1208.0,8,1056.0939,1112.1823,456.0939000000001,756.0939000000001,False
train,aaaaajdn,aaaaajdn_s002_t000,1208.0,9,1147.0732,1200.98,547.0732,847.0732,False
train,aaaaajdn,aaaaajdn_s003_t000,307.0,1,1.0,130.9607,-599.0,-299.0,False
train,aaaaajdn,aaaaajdn_s003_t000,307.0,2,212.0,224.0968,-388.0,-88.0,False
train,aaaaajdn,aaaaajdn_s003_t000,307.0,3,246.7504,300.9018,-353.2496,-53.24959999999999,False
train,aaaaajdn,aaaaajdn_s003_t001,601.0,1,6.9495,359.0603,-593.0505,-293.0505,False
train,aaaaajdn,aaaaajdn_s003_t001,601.0,2,469.0042,600.0,-130.99579999999997,169.00420000000003,False
train,aaaaajdn,aaaaajdn_s003_t002,601.0,1,58.892,137.8331,-541.108,-241.108,False
train,aaaaajdn,aaaaajdn_s003_t002,601.0,2,367.2707,535.5877,-232.72930000000002,67.27069999999998,False
train,aaaaajdn,aaaaajdn_s003_t003,601.0,1,81.0498,105.3971,-518.9502,-218.9502,False
train,aaaaajdn,aaaaajdn_s003_t003,601.0,2,189.3142,206.9912,-410.6858,-110.6858,False
train,aaaaajdn,aaaaajdn_s003_t003,601.0,3,293.0077,319.0531,-306.9923,-6.9923,False
train,aaaaajdn,aaaaajdn_s003_t003,601.0,4,390.3462,428.0398,-209.6538,90.34620000000001,False
train,aaaaajdn,aaaaajdn_s003_t003,601.0,5,441.5199,469.9934,-158.4801,141.5199,False
train,aaaaajdn,aaaaajdn_s003_t003,601.0,6,474.9181,489.979,-125.08190000000002,174.91809999999998,False
train,aaaaajdn,aaaaajdn_s003_t003,601.0,7,533.052,583.0962,-66.94799999999998,233.05200000000002,False
train,aaaaajdn,aaaaajdn_s003_t004,601.0,1,1.0,76.4867,-599.0,-299.0,False
train,aaaaajdn,aaaaajdn_s003_t004,601.0,2,79.8387,94.7756,-520.1613,-220.16129999999998,False
train,aaaaajdn,aaaaajdn_s003_t004,601.0,3,102.5245,183.4151,-497.4755,-197.4755,False
train,aaaaajdn,aaaaajdn_s003_t004,601.0,4,193.7588,217.5316,-406.2412,-106.24119999999999,False
train,aaaaajdn,aaaaajdn_s003_t004,601.0,5,225.0701,291.655,-374.9299,-74.9299,False
train,aaaaajdn,aaaaajdn_s003_t004,601.0,6,297.4404,354.9088,-302.5596,-2.559599999999989,False
train,aaaaajdn,aaaaajdn_s003_t004,601.0,7,365.4278,394.46,-234.5722,65.42779999999999,False
train,aaaaajdn,aaaaajdn_s003_t004,601.0,8,407.6438,456.7672,-192.3562,107.6438,False
train,aaaaajdn,aaaaajdn_s003_t004,601.0,9,462.9734,486.3254,-137.02659999999997,162.97340000000003,False
train,aaaaajdn,aaaaajdn_s003_t004,601.0,10,490.9537,504.6283,-109.04629999999997,190.95370000000003,False
train,aaaaajdn,aaaaajdn_s003_t004,601.0,11,518.5835,545.1613,-81.41650000000004,218.58349999999996,False
train,aaaaajdn,aaaaajdn_s003_t004,601.0,12,553.1907,587.5877,-46.80930000000001,253.1907,False
train,aaaaajdn,aaaaajdn_s003_t005,601.0,1,1.0,15.9888,-599.0,-299.0,False
train,aaaaajdn,aaaaajdn_s003_t005,601.0,2,20.4769,48.7027,-579.5231,-279.5231,False
train,aaaaajdn,aaaaajdn_s003_t005,601.0,3,61.115,81.2763,-538.885,-238.885,False
train,aaaaajdn,aaaaajdn_s003_t005,601.0,4,91.7602,104.5582,-508.2398,-208.2398,False
train,aaaaajdn,aaaaajdn_s003_t005,601.0,5,121.2482,139.9018,-478.7518,-178.7518,False
train,aaaaajdn,aaaaajdn_s003_t005,601.0,6,145.1613,162.8331,-454.8387,-154.8387,False
train,aaaaajdn,aaaaajdn_s003_t005,601.0,7,173.9481,213.9902,-426.0519,-126.05189999999999,False
train,aaaaajdn,aaaaajdn_s003_t005,601.0,8,235.8345,321.5989,-364.1655,-64.16550000000001,False
train,aaaaajdn,aaaaajdn_s003_t005,601.0,9,327.5596,339.6564,-272.4404,27.55959999999999,False
train,aaaaajdn,aaaaajdn_s003_t005,601.0,10,346.1781,366.3043,-253.82190000000003,46.17809999999997,False
train,aaaaajdn,aaaaajdn_s003_t005,601.0,11,383.9411,403.5063,-216.0589,83.9411,False
train,aaaaajdn,aaaaajdn_s003_t005,601.0,12,407.223,417.7069,-192.777,107.22300000000001,False
train,aaaaajdn,aaaaajdn_s003_t005,601.0,13,428.892,478.1907,-171.108,128.892,False
train,aaaaajdn,aaaaajdn_s003_t005,601.0,14,490.1122,504.6283,-109.88780000000003,190.11219999999997,False
train,aaaaajdn,aaaaajdn_s003_t005,601.0,15,513.885,551.1571,-86.11500000000001,213.885,False
train,aaaaajdn,aaaaajdn_s003_t005,601.0,16,560.4839,592.9523,-39.51610000000005,260.48389999999995,False
train,aaaaajdn,aaaaajdn_s003_t006,300.0,1,14.0252,38.6396,-585.9748,-285.9748,False
train,aaaaajdn,aaaaajdn_s003_t006,300.0,2,45.1262,63.0435,-554.8738,-254.87380000000002,False
train,aaaaajdn,aaaaajdn_s003_t006,300.0,3,69.6353,86.8864,-530.3647,-230.3647,False
train,aaaaajdn,aaaaajdn_s003_t006,300.0,4,90.0771,100.2454,-509.9229,-209.9229,False
train,aaaaajdn,aaaaajdn_s003_t006,300.0,5,107.9944,126.1921,-492.0056,-192.00560000000002,False
train,aaaaajdn,aaaaajdn_s003_t006,300.0,6,131.4165,172.5806,-468.58349999999996,-168.5835,False
train,aaaaajdn,aaaaajdn_s003_t006,300.0,7,182.9944,207.1178,-417.00559999999996,-117.00559999999999,False
train,aaaaajdn,aaaaajdn_s003_t006,300.0,8,216.69,254.8738,-383.31,-83.31,False
train,aaaaajdn,aaaaajdn_s003_t006,300.0,9,258.5905,270.1964,-341.4095,-41.40949999999998,False
train,aaaaajdn,aaaaajdn_s003_t006,300.0,10,275.0,299.0,-325.0,-25.0,False
train,aaaaajdn,aaaaajdn_s003_t007,601.0,1,1.0,14.7966,-599.0,-299.0,False
train,aaaaajdn,aaaaajdn_s003_t007,601.0,2,19.0393,48.9481,-580.9607,-280.9607,False
train,aaaaajdn,aaaaajdn_s003_t007,601.0,3,59.2567,84.9229,-540.7433,-240.7433,False
train,aaaaajdn,aaaaajdn_s003_t007,601.0,4,91.69,109.5372,-508.31,-208.31,False
train,aaaaajdn,aaaaajdn_s003_t007,601.0,5,116.136,136.2272,-483.86400000000003,-183.864,False
train,aaaaajdn,aaaaajdn_s003_t007,601.0,6,150.3226,193.6255,-449.67740000000003,-149.6774,False
train,aaaaajdn,aaaaajdn_s003_t007,601.0,7,197.0126,230.9888,-402.9874,-102.98740000000001,False
train,aaaaajdn,aaaaajdn_s003_t007,601.0,8,241.9285,265.1052,-358.0715,-58.071499999999986,False
train,aaaaajdn,aaaaajdn_s003_t007,601.0,9,272.2581,288.1767,-327.7419,-27.741899999999987,False
train,aaaaajdn,aaaaajdn_s003_t007,601.0,10,295.7504,323.8008,-304.2496,-4.249599999999987,False
train,aaaaajdn,aaaaajdn_s003_t007,601.0,11,332.5316,365.1753,-267.4684,32.531600000000026,False
train,aaaaajdn,aaaaajdn_s003_t007,601.0,12,374.5372,410.7924,-225.46280000000002,74.53719999999998,False
train,aaaaajdn,aaaaajdn_s003_t007,601.0,13,423.31,437.1248,-176.69,123.31,False
train,aaaaajdn,aaaaajdn_s003_t007,601.0,14,457.2511,485.6872,-142.7489,157.2511,False
train,aaaaajdn,aaaaajdn_s003_t007,601.0,15,493.2258,526.7111,-106.77420000000001,193.2258,False
train,aaaaajdn,aaaaajdn_s003_t007,601.0,16,535.1262,567.805,-64.87379999999996,235.12620000000004,False
train,aaaaajdn,aaaaajdn_s003_t007,601.0,17,583.9341,600.0,-16.065900000000056,283.93409999999994,False
train,aaaaajfq,aaaaajfq_s006_t005,884.0,1,168.5418,248.6254,-431.45820000000003,-131.4582,False
train,aaaaajfq,aaaaajfq_s010_t001,711.0,1,305.4994,339.6689,-294.5006,5.49939999999998,False
train,aaaaajfq,aaaaajfq_s010_t003,676.0,1,344.1817,360.5987,-255.81830000000002,44.18169999999998,False
train,aaaaajfq,aaaaajfq_s010_t004,613.0,1,233.0145,252.0502,-366.9855,-66.9855,False
train,aaaaajfq,aaaaajfq_s011_t001,483.0,1,119.03,187.3625,-480.97,-180.97,False
train,aaaaajfq,aaaaajfq_s011_t002,824.0,1,306.7575,382.97,-293.2425,6.757499999999993,False
train,aaaaajfq,aaaaajfq_s011_t004,395.0,1,120.02,166.06,-479.98,-179.98000000000002,False
train,aaaaajfq,aaaaajfq_s011_t005,564.0,1,256.1225,290.8018,-343.8775,-43.8775,False
train,aaaaajfq,aaaaajfq_s014_t001,972.0,1,16.103,39.008,-583.897,-283.897,False
train,aaaaajfq,aaaaajfq_s014_t001,972.0,2,372.0275,389.9275,-227.97250000000003,72.02749999999997,False
train,aaaaajfq,aaaaajfq_s014_t001,972.0,3,577.11,601.0408,-22.889999999999986,277.11,False
train,aaaaajfq,aaaaajfq_s014_t002,753.0,1,578.06,607.8078,-21.940000000000055,278.05999999999995,False
train,aaaaajmr,aaaaajmr_s004_t000,1263.0,1,17.768,60.2346,-582.232,-282.23199999999997,False
train,aaaaajmr,aaaaajmr_s004_t000,1263.0,2,234.3033,311.2452,-365.69669999999996,-65.69669999999999,False
train,aaaaajmr,aaaaajmr_s004_t000,1263.0,3,449.8708,528.2927,-150.12920000000003,149.87079999999997,False
train,aaaaajmr,aaaaajmr_s004_t000,1263.0,4,655.9462,753.2397,55.946199999999976,355.9462,False
train,aaaaajmr,aaaaajmr_s004_t000,1263.0,5,875.228,957.88,275.22799999999995,575.228,False
train,aaaaajmr,aaaaajmr_s004_t000,1263.0,6,1120.0,1170.552,520.0,820.0,False
train,aaaaajmr,aaaaajmr_s006_t000,612.0,1,1.0,124.1055,-599.0,-299.0,False
train,aaaaajmr,aaaaajmr_s006_t000,612.0,2,197.5742,363.6484,-402.4258,-102.42580000000001,False
train,aaaaajmr,aaaaajmr_s006_t000,612.0,3,391.9453,592.2578,-208.05470000000003,91.94529999999997,False
train,aaaaajmr,aaaaajmr_s006_t001,601.0,1,215.9063,321.9648,-384.0937,-84.09370000000001,False
train,aaaaajns,aaaaajns_s002_t000,601.0,1,218.24,303.64,-381.76,-81.75999999999999,False
train,aaaaajns,aaaaajns_s002_t000,601.0,2,440.66,580.0577,-159.33999999999997,140.66000000000003,False
train,aaaaajns,aaaaajns_s002_t001,601.0,1,150.5472,251.5738,-449.4528,-149.4528,False
train,aaaaajns,aaaaajns_s002_t001,601.0,2,410.8146,511.0522,-189.18540000000002,110.81459999999998,False
train,aaaaajns,aaaaajns_s002_t003,183.0,1,139.968,182.0,-460.03200000000004,-160.032,False
train,aaaaajns,aaaaajns_s003_t001,601.0,1,166.732,229.632,-433.26800000000003,-133.268,False
train,aaaaajns,aaaaajns_s005_t000,601.0,1,575.36,600.0,-24.639999999999986,275.36,False
train,aaaaajnw,aaaaajnw_s002_t000,241.0,1,1.028,239.824,-598.972,-298.972,False
train,aaaaajoe,aaaaajoe_s001_t001,1165.0,1,304.0936,342.0033,-295.9064,4.093599999999981,False
train,aaaaajoh,aaaaajoh_s008_t002,218.0,1,93.3991,124.0346,-506.6009,-206.6009,False
train,aaaaajoh,aaaaajoh_s008_t003,220.0,1,96.0312,116.9008,-503.9688,-203.9688,False
train,aaaaajoh,aaaaajoh_s008_t004,217.0,1,93.2219,116.0758,-506.7781,-206.7781,False
train,aaaaajoh,aaaaajoh_s008_t005,243.0,1,96.0312,131.0591,-503.9688,-203.9688,False
train,aaaaajoh,aaaaajoh_s008_t006,225.0,1,98.5385,134.0123,-501.4615,-201.4615,False
train,aaaaajqh,aaaaajqh_s001_t000,1211.0,1,1.0,3.728,-599.0,-299.0,False
train,aaaaajqh,aaaaajqh_s001_t000,1211.0,2,13.552,62.852,-586.448,-286.448,False
train,aaaaajqh,aaaaajqh_s001_t000,1211.0,3,333.8065,423.7951,-266.1935,33.80650000000003,False
train,aaaaajqh,aaaaajqh_s001_t000,1211.0,4,582.38,691.4208,-17.620000000000005,282.38,False
train,aaaaajqh,aaaaajqh_s001_t000,1211.0,5,710.8935,834.7725,110.89350000000002,410.8935,False
train,aaaaajqh,aaaaajqh_s001_t000,1211.0,6,986.62,993.42,386.62,686.62,False
train,aaaaajqh,aaaaajqh_s001_t000,1211.0,7,1008.152,1112.2768,408.15200000000004,708.152,False
train,aaaaajqo,aaaaajqo_s007_t001,755.0,1,1.0,11.044,-599.0,-299.0,False
train,aaaaajqo,aaaaajqo_s007_t001,755.0,2,14.172,41.9959,-585.828,-285.828,False
train,aaaaajqo,aaaaajqo_s007_t001,755.0,3,48.3,96.932,-551.7,-251.7,False
train,aaaaajqo,aaaaajqo_s007_t001,755.0,4,118.204,260.04,-481.796,-181.796,False
train,aaaaajqo,aaaaajqo_s007_t001,755.0,5,267.684,285.932,-332.316,-32.315999999999974,False
train,aaaaajqo,aaaaajqo_s007_t001,755.0,6,296.952,323.172,-303.048,-3.048000000000002,False
train,aaaaajqo,aaaaajqo_s007_t001,755.0,7,400.8246,539.912,-199.17540000000002,100.82459999999998,False
train,aaaaajqo,aaaaajqo_s007_t001,755.0,8,545.148,558.048,-54.851999999999975,245.14800000000002,False
train,aaaaajqo,aaaaajqo_s007_t001,755.0,9,561.668,576.084,-38.331999999999994,261.668,False
train,aaaaajqo,aaaaajqo_s007_t001,755.0,10,617.24,633.772,17.24000000000001,317.24,False
train,aaaaajqo,aaaaajqo_s007_t001,755.0,11,640.016,655.568,40.01599999999996,340.01599999999996,False
train,aaaaajqo,aaaaajqo_s007_t001,755.0,12,744.9918,754.0,144.9918,444.9918,False
train,aaaaajqo,aaaaajqo_s008_t000,154.0,1,1.0,23.4739,-599.0,-299.0,False
train,aaaaajqo,aaaaajqo_s008_t000,154.0,2,28.076,72.184,-571.924,-271.924,False
train,aaaaajqo,aaaaajqo_s008_t000,154.0,3,78.312,100.944,-521.688,-221.688,False
train,aaaaajqo,aaaaajqo_s008_t000,154.0,4,105.172,118.056,-494.828,-194.828,False
train,aaaaajqo,aaaaajqo_s008_t000,154.0,5,129.584,151.972,-470.416,-170.416,False
train,aaaaajqo,aaaaajqo_s008_t001,1077.0,1,1.0,41.0157,-599.0,-299.0,False
train,aaaaajqo,aaaaajqo_s008_t001,1077.0,2,53.536,61.072,-546.4639999999999,-246.464,False
train,aaaaajqo,aaaaajqo_s008_t001,1077.0,3,69.812,90.156,-530.188,-230.188,False
train,aaaaajqo,aaaaajqo_s008_t001,1077.0,4,98.04,105.456,-501.96,-201.95999999999998,False
train,aaaaajqo,aaaaajqo_s008_t001,1077.0,5,110.188,122.876,-489.812,-189.812,False
train,aaaaajqo,aaaaajqo_s008_t001,1077.0,6,126.452,175.44,-473.548,-173.548,False
train,aaaaajqo,aaaaajqo_s008_t001,1077.0,7,186.096,202.588,-413.904,-113.904,False
train,aaaaajqo,aaaaajqo_s008_t001,1077.0,8,234.188,247.924,-365.812,-65.81200000000001,False
train,aaaaajqo,aaaaajqo_s008_t001,1077.0,9,252.084,263.884,-347.916,-47.916,False
train,aaaaajqo,aaaaajqo_s008_t001,1077.0,10,268.516,327.628,-331.484,-31.48399999999998,False
train,aaaaajqo,aaaaajqo_s008_t001,1077.0,11,352.94,398.056,-247.06,52.94,False
train,aaaaajqo,aaaaajqo_s008_t001,1077.0,12,411.028,443.116,-188.97199999999998,111.02800000000002,False
train,aaaaajqo,aaaaajqo_s008_t001,1077.0,13,455.34,514.256,-144.66000000000003,155.33999999999997,False
train,aaaaajqo,aaaaajqo_s008_t001,1077.0,14,519.696,557.1,-80.30399999999997,219.69600000000003,False
train,aaaaajqo,aaaaajqo_s008_t001,1077.0,15,581.932,678.932,-18.067999999999984,281.932,False
train,aaaaajqo,aaaaajqo_s010_t000,648.0,1,285.0859,375.1875,-314.9141,-14.914100000000019,False
train,aaaaajqo,aaaaajqo_s010_t001,601.0,1,291.668,367.3516,-308.332,-8.331999999999994,False
train,aaaaajqo,aaaaajqo_s010_t006,733.0,1,248.4766,333.4883,-351.52340000000004,-51.52340000000001,False
train,aaaaajqo,aaaaajqo_s010_t011,365.0,1,56.0535,318.1925,-543.9465,-243.94650000000001,False
train,aaaaajqo,aaaaajqo_s011_t000,621.0,1,300.0469,370.8438,-299.9531,0.046899999999993724,False
train,aaaaajqo,aaaaajqo_s011_t001,890.0,1,573.0547,638.0742,-26.945299999999975,273.0547,False
train,aaaaajqo,aaaaajqo_s011_t001,890.0,2,695.9297,788.75,95.92970000000003,395.9297,False
train,aaaaajqo,aaaaajqo_s011_t017,601.0,1,276.8945,359.5859,-323.1055,-23.105500000000006,False
train,aaaaajqo,aaaaajqo_s012_t000,486.0,1,180.0938,255.2383,-419.9062,-119.90620000000001,False
train,aaaaajqo,aaaaajqo_s012_t001,601.0,1,325.6445,418.5586,-274.3555,25.644499999999994,False
train,aaaaajqo,aaaaajqo_s012_t002,601.0,1,256.8164,340.0339,-343.1836,-43.18360000000001,False
train,aaaaajqo,aaaaajqo_s012_t003,601.0,1,382.793,482.1573,-217.207,82.793,False
train,aaaaajqo,aaaaajqo_s012_t005,862.0,1,285.3633,380.0742,-314.6367,-14.636700000000019,False
train,aaaaajqo,aaaaajqo_s019_t001,1211.0,1,1.0,7.6804,-599.0,-299.0,False
train,aaaaajqo,aaaaajqo_s019_t001,1211.0,2,11.1543,31.8102,-588.8457,-288.8457,False
train,aaaaajqo,aaaaajqo_s019_t001,1211.0,3,41.9756,55.2286,-558.0244,-258.0244,False
train,aaaaajqo,aaaaajqo_s019_t001,1211.0,4,61.3862,88.4173,-538.6138,-238.6138,False
train,aaaaajqo,aaaaajqo_s019_t001,1211.0,5,101.0055,122.6759,-498.9945,-198.99450000000002,False
train,aaaaajqo,aaaaajqo_s019_t001,1211.0,6,130.0622,184.7625,-469.93780000000004,-169.9378,False
train,aaaaajqo,aaaaajqo_s019_t001,1211.0,7,203.2919,217.97,-396.7081,-96.7081,False
train,aaaaajqo,aaaaajqo_s019_t001,1211.0,8,221.3385,236.6437,-378.6615,-78.66149999999999,False
train,aaaaajqo,aaaaajqo_s019_t001,1211.0,9,245.2564,263.1865,-354.7436,-54.74359999999999,False
train,aaaaajqo,aaaaajqo_s019_t001,1211.0,10,269.4739,286.8213,-330.5261,-30.526099999999985,False
train,aaaaajqo,aaaaajqo_s019_t001,1211.0,11,301.0,316.5882,-299.0,1.0,False
train,aaaaajqo,aaaaajqo_s019_t001,1211.0,12,332.1265,373.0644,-267.8735,32.12650000000002,False
train,aaaaajqo,aaaaajqo_s019_t001,1211.0,13,388.6859,402.7481,-211.3141,88.6859,False
train,aaaaajqo,aaaaajqo_s019_t001,1211.0,14,413.9356,439.3407,-186.06439999999998,113.93560000000002,False
train,aaaaajqo,aaaaajqo_s019_t001,1211.0,15,451.7381,465.2786,-148.26190000000003,151.73809999999997,False
train,aaaaajqo,aaaaajqo_s019_t001,1211.0,16,477.9145,496.2553,-122.08550000000002,177.91449999999998,False
train,aaaaajqo,aaaaajqo_s019_t001,1211.0,17,506.455,525.7225,-93.54500000000002,206.45499999999998,False
train,aaaaajqo,aaaaajqo_s019_t001,1211.0,18,544.6127,565.7392,-55.38729999999998,244.61270000000002,False
train,aaaaajqo,aaaaajqo_s019_t001,1211.0,19,581.0166,634.9734,-18.98339999999996,281.01660000000004,False
train,aaaaajqo,aaaaajqo_s019_t001,1211.0,20,662.9978,679.8513,62.997799999999984,362.9978,False
train,aaaaajqo,aaaaajqo_s019_t001,1211.0,21,696.4717,710.5838,96.47170000000006,396.47170000000006,False
train,aaaaajqo,aaaaajqo_s019_t001,1211.0,22,721.5938,757.6482,121.59379999999999,421.5938,False
train,aaaaajqo,aaaaajqo_s019_t001,1211.0,23,766.5494,786.0166,166.5494,466.5494,False
train,aaaaajqo,aaaaajqo_s019_t001,1211.0,24,792.5427,813.1698,192.54269999999997,492.54269999999997,False
train,aaaaajqo,aaaaajqo_s019_t001,1211.0,25,823.2974,845.5061,223.29740000000004,523.2974,False
train,aaaaajqo,aaaaajqo_s019_t001,1211.0,26,854.6737,877.8313,254.67370000000005,554.6737,False
train,aaaaajqo,aaaaajqo_s019_t001,1211.0,27,883.3696,902.6426,283.3696,583.3696,False
train,aaaaajqo,aaaaajqo_s019_t001,1211.0,28,917.4428,971.5494,317.44280000000003,617.4428,False
train,aaaaajqo,aaaaajqo_s019_t001,1211.0,29,984.3241,1013.8524,384.32410000000004,684.3241,False
train,aaaaajqo,aaaaajqo_s019_t001,1211.0,30,1023.6526,1042.0988,423.6526,723.6526,False
train,aaaaajqo,aaaaajqo_s019_t001,1211.0,31,1049.3851,1067.2597,449.38509999999997,749.3851,False
train,aaaaajqo,aaaaajqo_s019_t001,1211.0,32,1080.5616,1146.3163,480.5616,780.5616,False
train,aaaaajqo,aaaaajqo_s019_t001,1211.0,33,1156.6326,1182.5538,556.6325999999999,856.6325999999999,False
train,aaaaajqo,aaaaajqo_s019_t001,1211.0,34,1191.3274,1208.4029,591.3273999999999,891.3273999999999,False
train,aaaaajqo,aaaaajqo_s020_t000,321.0,1,1.0,3.1021,-599.0,-299.0,False
train,aaaaajqo,aaaaajqo_s020_t000,321.0,2,19.968,36.304,-580.032,-280.032,False
train,aaaaajqo,aaaaajqo_s020_t000,321.0,3,47.22,65.205,-552.78,-252.78,False
train,aaaaajqo,aaaaajqo_s020_t000,321.0,4,95.0,142.1028,-505.0,-205.0,False
train,aaaaajqo,aaaaajqo_s020_t000,321.0,5,153.26,170.8468,-446.74,-146.74,False
train,aaaaajqo,aaaaajqo_s020_t000,321.0,6,180.0327,196.7357,-419.9673,-119.9673,False
train,aaaaajqo,aaaaajqo_s020_t000,321.0,7,204.1935,250.992,-395.8065,-95.8065,False
train,aaaaajqo,aaaaajqo_s020_t000,321.0,8,267.048,294.376,-332.952,-32.952,False
train,aaaaajqo,aaaaajqo_s020_t000,321.0,9,299.152,313.316,-300.848,-0.8480000000000132,False
train,aaaaajqo,aaaaajqo_s020_t001,141.0,1,24.54,68.8842,-575.46,-275.46,False
train,aaaaajqu,aaaaajqu_s003_t002,985.0,1,55.06,153.15,-544.94,-244.94,False
train,aaaaajqu,aaaaajqu_s003_t003,1025.0,1,117.0225,213.42,-482.9775,-182.97750000000002,False
train,aaaaajrj,aaaaajrj_s005_t007,1203.0,1,523.4258,566.701,-76.57420000000002,223.42579999999998,False
train,aaaaajsl,aaaaajsl_s001_t000,896.0,1,1.068,42.4083,-598.932,-298.932,False
train,aaaaajsl,aaaaajsl_s001_t000,896.0,2,52.328,139.344,-547.672,-247.672,False
train,aaaaajsl,aaaaajsl_s001_t000,896.0,3,339.176,389.96,-260.824,39.17599999999999,False
train,aaaaajsl,aaaaajsl_s001_t000,896.0,4,508.04,568.344,-91.95999999999998,208.04000000000002,False
train,aaaaajsl,aaaaajsl_s001_t000,896.0,5,583.256,638.344,-16.744000000000028,283.256,False
train,aaaaajsl,aaaaajsl_s001_t000,896.0,6,655.928,751.792,55.928,355.928,False
train,aaaaajsl,aaaaajsl_s001_t001,601.0,1,17.972,93.276,-582.028,-282.028,False
train,aaaaajsl,aaaaajsl_s001_t001,601.0,2,140.76,212.288,-459.24,-159.24,False
train,aaaaajsl,aaaaajsl_s001_t001,601.0,3,291.068,328.788,-308.932,-8.932000000000016,False
train,aaaaajsl,aaaaajsl_s001_t001,601.0,4,395.132,430.192,-204.868,95.132,False
train,aaaaajsl,aaaaajsl_s001_t001,601.0,5,507.416,544.22,-92.584,207.416,False
train,aaaaajsl,aaaaajsl_s001_t002,601.0,1,46.948,88.316,-553.052,-253.052,False
train,aaaaajsl,aaaaajsl_s001_t002,601.0,2,162.322,208.408,-437.678,-137.678,False
train,aaaaajsl,aaaaajsl_s001_t002,601.0,3,289.24,327.116,-310.76,-10.759999999999991,False
train,aaaaajsl,aaaaajsl_s001_t002,601.0,4,418.284,456.504,-181.716,118.28399999999999,False
train,aaaaajsl,aaaaajsl_s001_t002,601.0,5,588.156,599.872,-11.844000000000051,288.15599999999995,False
train,aaaaajsl,aaaaajsl_s002_t000,333.0,1,28.0256,64.1014,-571.9744,-271.9744,False
train,aaaaajsl,aaaaajsl_s002_t000,333.0,2,126.0223,171.5964,-473.9777,-173.9777,False
train,aaaaajsl,aaaaajsl_s002_t000,333.0,3,267.2887,288.7603,-332.7113,-32.711299999999994,False
train,aaaaakbz,aaaaakbz_s001_t000,1442.0,1,439.12,505.12,-160.88,139.12,False
train,aaaaakbz,aaaaakbz_s001_t000,1442.0,2,940.02,1058.0458,340.02,640.02,False
train,aaaaakbz,aaaaakbz_s003_t003,301.0,1,1.0,31.0033,-599.0,-299.0,False
train,aaaaakbz,aaaaakbz_s003_t004,331.0,1,1.0,23.2163,-599.0,-299.0,False
train,aaaaakfo,aaaaakfo_s001_t000,1598.0,1,76.044,198.0922,-523.956,-223.95600000000002,False
train,aaaaakfo,aaaaakfo_s001_t000,1598.0,2,311.156,398.0422,-288.844,11.156000000000006,False
train,aaaaakfo,aaaaakfo_s001_t000,1598.0,3,504.8824,545.0554,-95.11759999999998,204.88240000000002,False
train,aaaaakfo,aaaaakfo_s001_t000,1598.0,4,576.8011,618.1887,-23.19889999999998,276.8011,False
train,aaaaakfo,aaaaakfo_s001_t000,1598.0,5,761.188,1358.788,161.188,461.188,False
train,aaaaakfo,aaaaakfo_s001_t000,1598.0,6,1408.516,1575.816,808.5160000000001,1108.516,False
train,aaaaakfo,aaaaakfo_s001_t001,557.0,1,1.0,43.9827,-599.0,-299.0,False
train,aaaaakfo,aaaaakfo_s001_t001,557.0,2,47.04,358.84,-552.96,-252.96,False
train,aaaaakfo,aaaaakfo_s001_t001,557.0,3,410.216,549.116,-189.784,110.21600000000001,False
train,aaaaakfo,aaaaakfo_s004_t000,1200.0,1,1.0,53.8984,-599.0,-299.0,False
train,aaaaakfo,aaaaakfo_s004_t000,1200.0,2,83.2891,789.8792,-516.7109,-216.71089999999998,False
train,aaaaakfo,aaaaakfo_s004_t000,1200.0,3,832.4023,985.3901,232.40229999999997,532.4023,False
train,aaaaakfo,aaaaakfo_s004_t000,1200.0,4,1083.2266,1189.0498,483.22659999999996,783.2266,False
train,aaaaakfo,aaaaakfo_s004_t001,601.0,1,1.0,391.1133,-599.0,-299.0,False
train,aaaaakfo,aaaaakfo_s004_t001,601.0,2,477.0352,596.1617,-122.96480000000003,177.03519999999997,False
train,aaaaakfo,aaaaakfo_s004_t002,601.0,1,1.0,534.0503,-599.0,-299.0,False
train,aaaaakfo,aaaaakfo_s004_t002,601.0,2,549.9492,600.0,-50.05079999999998,249.94920000000002,False
train,aaaaakfo,aaaaakfo_s004_t003,601.0,1,1.0,373.4502,-599.0,-299.0,False
train,aaaaakfo,aaaaakfo_s004_t003,601.0,2,421.7725,533.576,-178.22750000000002,121.77249999999998,False
train,aaaaakfo,aaaaakfo_s004_t004,514.0,1,1.0,265.3945,-599.0,-299.0,False
train,aaaaakfo,aaaaakfo_s004_t004,514.0,2,304.9336,513.0,-295.0664,4.933600000000013,False
train,aaaaakfo,aaaaakfo_s005_t000,1200.0,1,1.0,1189.0273,-599.0,-299.0,False
train,aaaaakfo,aaaaakfo_s005_t001,601.0,1,1.0,243.0664,-599.0,-299.0,False
train,aaaaakfo,aaaaakfo_s005_t001,601.0,2,259.0664,599.9727,-340.9336,-40.93360000000001,False
train,aaaaakfo,aaaaakfo_s005_t002,601.0,1,1.0,100.0764,-599.0,-299.0,False
train,aaaaakfo,aaaaakfo_s005_t002,601.0,2,150.9805,255.9805,-449.0195,-149.0195,False
train,aaaaakfo,aaaaakfo_s005_t002,601.0,3,405.9531,498.1107,-194.0469,105.9531,False
train,aaaaakfo,aaaaakfo_s007_t000,451.0,1,49.9767,210.984,-550.0233,-250.0233,False
train,aaaaakfo,aaaaakfo_s007_t000,451.0,2,325.976,450.0,-274.024,25.976,False
train,aaaaakfo,aaaaakfo_s007_t001,241.0,1,90.996,178.0204,-509.004,-209.00400000000002,False
train,aaaaakfo,aaaaakfo_s007_t002,300.0,1,1.0,65.956,-599.0,-299.0,False
train,aaaaakfo,aaaaakfo_s007_t002,300.0,2,190.996,299.0,-409.004,-109.00399999999999,False
train,aaaaakfo,aaaaakfo_s007_t003,601.0,1,75.968,198.968,-524.032,-224.03199999999998,False
train,aaaaakfo,aaaaakfo_s007_t003,601.0,2,208.04,360.9889,-391.96000000000004,-91.96000000000001,False
train,aaaaakfo,aaaaakfo_s007_t003,601.0,3,544.94,600.0,-55.059999999999945,244.94000000000005,False
train,aaaaakfo,aaaaakfo_s007_t004,300.0,1,1.0,32.94,-599.0,-299.0,False
train,aaaaakfo,aaaaakfo_s007_t004,300.0,2,145.0222,260.032,-454.9778,-154.9778,False
train,aaaaakfo,aaaaakfo_s007_t005,601.0,1,3.944,268.944,-596.056,-296.056,False
train,aaaaakfo,aaaaakfo_s007_t005,601.0,2,294.968,394.968,-305.032,-5.031999999999982,False
train,aaaaakfo,aaaaakfo_s007_t005,601.0,3,435.956,600.0,-164.04399999999998,135.95600000000002,False
train,aaaaakfo,aaaaakfo_s007_t006,164.0,1,1.0,163.0,-599.0,-299.0,False
train,aaaaakfo,aaaaakfo_s008_t001,830.0,1,242.7962,339.2611,-357.2038,-57.2038,False
train,aaaaakfo,aaaaakfo_s008_t001,830.0,2,378.6242,494.2054,-221.37580000000003,78.62419999999997,False
train,aaaaakfo,aaaaakfo_s008_t002,601.0,1,13.1051,71.035,-586.8949,-286.8949,False
train,aaaaakfo,aaaaakfo_s008_t002,601.0,2,205.0,330.9634,-395.0,-95.0,False
train,aaaaakfo,aaaaakfo_s008_t002,601.0,3,404.258,412.3312,-195.74200000000002,104.25799999999998,False
train,aaaaakfo,aaaaakfo_s008_t002,601.0,4,417.7787,442.4602,-182.22129999999999,117.77870000000001,False
train,aaaaakfo,aaaaakfo_s008_t002,601.0,5,453.3057,476.379,-146.6943,153.3057,False
train,aaaaakfo,aaaaakfo_s008_t002,601.0,6,487.0987,502.9984,-112.90129999999999,187.0987,False
train,aaaaakfo,aaaaakfo_s008_t002,601.0,7,561.2468,599.8296,-38.75319999999999,261.2468,False
train,aaaaakkm,aaaaakkm_s003_t000,345.0,1,74.0075,115.99,-525.9925000000001,-225.9925,False
train,aaaaakkm,aaaaakkm_s003_t003,374.0,1,66.1718,134.9475,-533.8282,-233.82819999999998,False
train,aaaaakkm,aaaaakkm_s003_t005,425.0,1,68.0475,160.12,-531.9525,-231.9525,False
train,aaaaakkm,aaaaakkm_s007_t002,601.0,1,335.9922,571.3125,-264.0078,35.992200000000025,False
train,aaaaakkm,aaaaakkm_s007_t003,601.0,1,139.0313,356.9844,-460.9687,-160.9687,False
train,aaaaakkm,aaaaakkm_s007_t005,601.0,1,67.9492,146.9141,-532.0508,-232.05079999999998,False
train,aaaaakkm,aaaaakkm_s007_t005,601.0,2,348.0625,473.9492,-251.9375,48.0625,False
train,aaaaakkm,aaaaakkm_s007_t005,601.0,3,536.1055,600.0,-63.894499999999994,236.1055,False
train,aaaaakkm,aaaaakkm_s009_t000,1313.0,1,71.98,88.08,-528.02,-228.01999999999998,False
train,aaaaakkm,aaaaakkm_s009_t000,1313.0,2,127.12,140.02,-472.88,-172.88,False
train,aaaaakkm,aaaaakkm_s009_t000,1313.0,3,178.88,194.98,-421.12,-121.12,False
train,aaaaakkm,aaaaakkm_s009_t000,1313.0,4,486.872,523.972,-113.12799999999999,186.872,False
train,aaaaakkm,aaaaakkm_s009_t000,1313.0,5,594.772,627.172,-5.227999999999952,294.77200000000005,False
train,aaaaakkm,aaaaakkm_s009_t000,1313.0,6,645.12,668.02,45.120000000000005,345.12,False
train,aaaaakkm,aaaaakkm_s009_t000,1313.0,7,705.992,715.992,105.99199999999996,405.99199999999996,False
train,aaaaakkm,aaaaakkm_s009_t000,1313.0,8,893.12,903.12,293.12,593.12,False
train,aaaaakkm,aaaaakkm_s009_t000,1313.0,9,1008.648,1030.048,408.648,708.648,False
train,aaaaakkm,aaaaakkm_s009_t000,1313.0,10,1136.04,1166.04,536.04,836.04,False
train,aaaaakkm,aaaaakkm_s009_t000,1313.0,11,1246.952,1285.952,646.952,946.952,False
train,aaaaakmu,aaaaakmu_s001_t000,1337.0,1,33.9282,86.043,-566.0718,-266.0718,False
train,aaaaakmx,aaaaakmx_s003_t000,1268.0,1,193.9956,205.1973,-406.00440000000003,-106.0044,False
train,aaaaakmx,aaaaakmx_s003_t000,1268.0,2,220.0357,230.0022,-379.9643,-79.96430000000001,False
train,aaaaakoe,aaaaakoe_s001_t001,1201.0,1,1.0,32.1156,-599.0,-299.0,False
train,aaaaakoe,aaaaakoe_s001_t001,1201.0,2,150.016,229.2979,-449.98400000000004,-149.984,False
train,aaaaakoe,aaaaakoe_s001_t001,1201.0,3,339.78,419.9534,-260.22,39.77999999999997,False
train,aaaaakoe,aaaaakoe_s001_t001,1201.0,4,499.592,565.104,-100.40800000000002,199.59199999999998,False
train,aaaaakoe,aaaaakoe_s001_t001,1201.0,5,668.024,754.256,68.024,368.024,False
train,aaaaakoe,aaaaakoe_s001_t001,1201.0,6,995.952,1058.076,395.952,695.952,False
train,aaaaakoe,aaaaakoe_s001_t001,1201.0,7,1180.452,1199.94,580.452,880.452,False
train,aaaaakoe,aaaaakoe_s002_t000,300.0,1,145.2422,218.1211,-454.7578,-154.7578,False
train,aaaaakoe,aaaaakoe_s002_t001,300.0,1,92.0313,160.8828,-507.9687,-207.9687,False
train,aaaaakoe,aaaaakoe_s002_t002,918.0,1,1.0,80.1758,-599.0,-299.0,False
train,aaaaakoe,aaaaakoe_s002_t002,918.0,2,110.2422,207.8164,-489.7578,-189.7578,False
train,aaaaakoe,aaaaakoe_s002_t002,918.0,3,235.834,329.8242,-364.166,-64.166,False
train,aaaaakoe,aaaaakoe_s002_t002,918.0,4,406.9023,476.1484,-193.09769999999997,106.90230000000003,False
train,aaaaakoe,aaaaakoe_s002_t002,918.0,5,884.1563,917.0,284.1563,584.1563,False
train,aaaaakoe,aaaaakoe_s002_t003,300.0,1,104.0703,171.6953,-495.9297,-195.9297,False
train,aaaaakoe,aaaaakoe_s002_t003,300.0,2,253.0117,298.6758,-346.9883,-46.98830000000001,False
train,aaaaakoe,aaaaakoe_s002_t006,300.0,1,122.0273,187.0,-477.97270000000003,-177.9727,False
train,aaaaakoe,aaaaakoe_s004_t001,680.0,1,301.9023,367.8916,-298.0977,1.9023000000000252,False
train,aaaaakpu,aaaaakpu_s002_t001,293.0,1,53.4225,120.525,-546.5775,-246.5775,False
train,aaaaakpu,aaaaakpu_s002_t002,355.0,1,110.645,181.0825,-489.355,-189.35500000000002,False
train,aaaaakqu,aaaaakqu_s002_t001,1025.0,1,141.0475,200.045,-458.9525,-158.9525,False
train,aaaaakqu,aaaaakqu_s002_t001,1025.0,2,208.8575,246.31,-391.14250000000004,-91.14250000000001,False
train,aaaaaksg,aaaaaksg_s001_t001,742.0,1,24.252,114.852,-575.748,-275.748,False
train,aaaaaksg,aaaaaksg_s001_t001,742.0,2,119.028,175.0535,-480.972,-180.97199999999998,False
train,aaaaaksg,aaaaaksg_s001_t001,742.0,3,293.764,407.9059,-306.236,-6.23599999999999,False
train,aaaaaksg,aaaaaksg_s001_t001,742.0,4,411.624,459.824,-188.37599999999998,111.62400000000002,False
train,aaaaaksg,aaaaaksg_s001_t001,742.0,5,464.616,488.8413,-135.38400000000001,164.61599999999999,False
train,aaaaaksg,aaaaaksg_s001_t001,742.0,6,493.04,532.2258,-106.95999999999998,193.04000000000002,False
train,aaaaaksg,aaaaaksg_s001_t001,742.0,7,537.432,578.076,-62.567999999999984,237.43200000000002,False
train,aaaaaksg,aaaaaksg_s001_t001,742.0,8,611.304,641.9048,11.303999999999974,311.304,False
train,aaaaaksg,aaaaaksg_s001_t001,742.0,9,646.912,699.7451,46.912000000000035,346.91200000000003,False
train,aaaaaksg,aaaaaksg_s001_t002,839.0,1,348.06,376.9662,-251.94,48.06,False
train,aaaaaksg,aaaaaksg_s001_t002,839.0,2,482.132,500.532,-117.868,182.132,False
train,aaaaaksg,aaaaaksg_s001_t002,839.0,3,733.18,753.1,133.17999999999995,433.17999999999995,False
train,aaaaaksg,aaaaaksg_s002_t000,601.0,1,1.0,25.625,-599.0,-299.0,False
train,aaaaaksg,aaaaaksg_s002_t000,601.0,2,105.9688,204.5313,-494.0312,-194.0312,False
train,aaaaaksg,aaaaaksg_s002_t000,601.0,3,292.7852,415.1602,-307.2148,-7.214800000000025,False
train,aaaaaksg,aaaaaksg_s002_t000,601.0,4,475.2344,562.0586,-124.7656,175.2344,False
train,aaaaaksg,aaaaaksg_s002_t001,601.0,1,1.0,12.0078,-599.0,-299.0,False
train,aaaaaksg,aaaaaksg_s002_t001,601.0,2,56.0078,108.0117,-543.9922,-243.9922,False
train,aaaaaksg,aaaaaksg_s002_t001,601.0,3,214.0547,226.0273,-385.9453,-85.9453,False
train,aaaaaksg,aaaaaksg_s002_t001,601.0,4,265.6914,322.7148,-334.3086,-34.30860000000001,False
train,aaaaaksg,aaaaaksg_s002_t001,601.0,5,403.2383,463.0039,-196.76170000000002,103.23829999999998,False
train,aaaaaksg,aaaaaksg_s002_t001,601.0,6,536.3203,552.4414,-63.679700000000025,236.32029999999997,False
train,aaaaaksg,aaaaaksg_s002_t002,601.0,1,173.543,236.082,-426.457,-126.457,False
train,aaaaaksg,aaaaaksg_s002_t002,601.0,2,339.5977,359.5664,-260.4023,39.597699999999975,False
train,aaaaaksg,aaaaaksg_s002_t002,601.0,3,483.0547,560.043,-116.94529999999997,183.05470000000003,False
train,aaaaaksh,aaaaaksh_s003_t000,601.0,1,1.0,599.8487,-599.0,-299.0,False
train,aaaaaksh,aaaaaksh_s003_t002,601.0,1,31.535,102.2596,-568.465,-268.465,False
train,aaaaaksh,aaaaaksh_s003_t002,601.0,2,265.5414,309.9204,-334.4586,-34.45859999999999,False
train,aaaaaksh,aaaaaksh_s003_t002,601.0,3,536.699,581.0303,-63.301000000000045,236.69899999999996,False
train,aaaaaksh,aaaaaksh_s003_t003,601.0,1,160.8599,223.6704,-439.14009999999996,-139.1401,False
train,aaaaaksh,aaaaaksh_s004_t000,601.0,1,310.9579,370.1725,-289.0421,10.957899999999995,False
train,aaaaaksh,aaaaaksh_s004_t000,601.0,2,568.0842,600.0,-31.91579999999999,268.0842,False
train,aaaaaksh,aaaaaksh_s004_t001,601.0,1,149.2735,205.2342,-450.7265,-150.7265,False
train,aaaaaksh,aaaaaksh_s004_t002,601.0,1,294.4656,335.6508,-305.5344,-5.534400000000005,False
train,aaaaaksh,aaaaaksh_s005_t002,601.0,1,571.4278,600.0,-28.572199999999953,271.42780000000005,False
train,aaaaaksh,aaaaaksh_s005_t003,601.0,1,354.5526,396.4951,-245.44740000000002,54.552599999999984,False
train,aaaaalak,aaaaalak_s002_t000,1485.0,1,401.8926,429.2215,-198.10739999999998,101.89260000000002,False
train,aaaaalak,aaaaalak_s002_t000,1485.0,2,883.0,929.2483,283.0,583.0,False
train,aaaaalak,aaaaalak_s002_t000,1485.0,3,1382.0537,1439.396,782.0536999999999,1082.0537,False
train,aaaaalaw,aaaaalaw_s003_t000,1558.0,1,650.3862,709.9867,50.38620000000003,350.38620000000003,True
train,aaaaalfs,aaaaalfs_s001_t000,1207.0,1,865.0078,959.5156,265.0078,565.0078,True
train,aaaaalfs,aaaaalfs_s002_t000,1739.0,1,994.1348,1070.1678,394.13480000000004,694.1348,True
train,aaaaalfs,aaaaalfs_s002_t001,601.0,1,441.2422,564.9973,-158.75779999999997,141.24220000000003,False
train,aaaaalfs,aaaaalfs_s002_t002,601.0,1,72.0354,109.8164,-527.9646,-227.96460000000002,False
train,aaaaalfs,aaaaalfs_s002_t002,601.0,2,252.2773,298.6953,-347.72270000000003,-47.7227,False
train,aaaaalfs,aaaaalfs_s002_t002,601.0,3,394.1337,427.8281,-205.86630000000002,94.13369999999998,False
train,aaaaalfs,aaaaalfs_s002_t002,601.0,4,498.6968,509.2765,-101.3032,198.6968,False
train,aaaaalfs,aaaaalfs_s002_t003,601.0,1,120.1953,132.1797,-479.8047,-179.8047,False
train,aaaaalfs,aaaaalfs_s002_t003,601.0,2,300.7782,354.3789,-299.2218,0.7782000000000266,False
train,aaaaalfs,aaaaalfs_s002_t004,601.0,1,325.75,342.1238,-274.25,25.75,False
train,aaaaalfs,aaaaalfs_s002_t004,601.0,2,406.9766,418.0113,-193.02339999999998,106.97660000000002,False
train,aaaaalfs,aaaaalfs_s002_t004,601.0,3,465.7148,506.0039,-134.28519999999997,165.71480000000003,False
train,aaaaalfs,aaaaalfs_s002_t005,601.0,1,90.9453,132.7461,-509.0547,-209.0547,False
train,aaaaalfs,aaaaalfs_s004_t000,1448.0,1,57.508,129.428,-542.492,-242.492,False
train,aaaaalfs,aaaaalfs_s004_t000,1448.0,2,757.912,881.604,157.91200000000003,457.91200000000003,True
train,aaaaalhf,aaaaalhf_s001_t000,1376.0,1,433.172,553.172,-166.82799999999997,133.17200000000003,False
train,aaaaalhf,aaaaalhf_s001_t000,1376.0,2,1195.444,1291.972,595.444,895.444,True
train,aaaaalmx,aaaaalmx_s002_t002,1800.0,1,51.0752,114.7201,-548.9248,-248.9248,False
train,aaaaalnt,aaaaalnt_s001_t000,1082.0,1,267.0533,364.0566,-332.9467,-32.94670000000002,False
train,aaaaalnt,aaaaalnt_s001_t000,1082.0,2,459.273,526.9756,-140.72699999999998,159.27300000000002,False
train,aaaaalnt,aaaaalnt_s001_t000,1082.0,3,592.0477,749.2619,-7.952300000000037,292.04769999999996,False
train,aaaaalnt,aaaaalnt_s001_t000,1082.0,4,887.9845,982.1021,287.9845,587.9845,False
train,aaaaalnt,aaaaalnt_s001_t000,1082.0,5,1059.0821,1080.7248,459.0821000000001,759.0821000000001,False
train,aaaaalnt,aaaaalnt_s001_t001,1371.0,1,19.8391,97.2531,-580.1609,-280.1609,False
train,aaaaalnt,aaaaalnt_s001_t001,1371.0,2,413.0444,475.3363,-186.9556,113.0444,False
train,aaaaalnt,aaaaalnt_s001_t001,1371.0,3,511.9023,631.8524,-88.09769999999997,211.90230000000003,False
train,aaaaalnt,aaaaalnt_s001_t001,1371.0,4,700.9501,760.1343,100.95010000000002,400.9501,False
train,aaaaalnt,aaaaalnt_s001_t001,1371.0,5,851.9911,909.0111,251.99109999999996,551.9911,False
train,aaaaalnt,aaaaalnt_s002_t001,360.0,1,51.57,94.0125,-548.43,-248.43,False
train,aaaaalnt,aaaaalnt_s002_t001,360.0,2,164.6175,212.1606,-435.3825,-135.3825,False
train,aaaaalnt,aaaaalnt_s002_t001,360.0,3,295.919,359.0,-304.081,-4.081000000000017,False
train,aaaaalnt,aaaaalnt_s002_t002,435.0,1,106.12,160.35,-493.88,-193.88,False
train,aaaaalnt,aaaaalnt_s002_t002,435.0,2,250.1,311.88,-349.9,-49.900000000000006,False
train,aaaaalnt,aaaaalnt_s002_t002,435.0,3,330.3612,384.0457,-269.6388,30.361199999999997,False
train,aaaaalnt,aaaaalnt_s002_t003,400.0,1,50.0325,106.925,-549.9675,-249.9675,False
train,aaaaalnt,aaaaalnt_s002_t003,400.0,2,160.06,342.0613,-439.94,-139.94,False
train,aaaaalnx,aaaaalnx_s003_t000,300.0,1,1.0,299.0,-599.0,-299.0,False
train,aaaaalnx,aaaaalnx_s003_t006,300.0,1,157.0234,299.0,-442.97659999999996,-142.9766,False
train,aaaaalpj,aaaaalpj_s002_t001,1503.0,1,601.72,757.9662,1.7200000000000273,301.72,True
train,aaaaalpn,aaaaalpn_s002_t001,300.0,1,118.9578,162.0544,-481.0422,-181.04219999999998,False
train,aaaaalpn,aaaaalpn_s002_t003,1269.0,1,379.7137,421.6282,-220.28629999999998,79.71370000000002,False
train,aaaaalpn,aaaaalpn_s002_t003,1269.0,2,928.909,960.1853,328.909,628.909,False
train,aaaaalpn,aaaaalpn_s002_t004,632.0,1,299.5194,331.495,-300.4806,-0.48059999999998126,False
train,aaaaalpn,aaaaalpn_s002_t004,632.0,2,536.9356,563.7614,-63.06439999999998,236.93560000000002,False
train,aaaaalpn,aaaaalpn_s002_t006,642.0,1,299.9234,341.3607,-300.0766,-0.0765999999999849,False
train,aaaaaltg,aaaaaltg_s007_t000,305.0,1,89.9445,190.4661,-510.0555,-210.0555,False
train,aaaaaltg,aaaaaltg_s007_t001,270.0,1,97.9412,178.485,-502.0588,-202.05880000000002,False
train,aaaaaltw,aaaaaltw_s001_t001,1274.0,1,1.0,14.9473,-599.0,-299.0,False
train,aaaaaltw,aaaaaltw_s001_t001,1274.0,2,202.168,220.288,-397.832,-97.832,False
train,aaaaaltw,aaaaaltw_s001_t001,1274.0,3,465.468,496.436,-134.53199999999998,165.46800000000002,False
train,aaaaaltw,aaaaaltw_s001_t001,1274.0,4,690.744,724.296,90.74400000000003,390.744,False
train,aaaaalwv,aaaaalwv_s002_t000,101.0,1,36.45,45.02,-563.55,-263.55,False
train,aaaaalwv,aaaaalwv_s002_t000,101.0,2,65.0325,69.9875,-534.9675,-234.9675,False
train,aaaaalwv,aaaaalwv_s002_t000,101.0,3,86.0,96.0325,-514.0,-214.0,False
train,aaaaalwv,aaaaalwv_s003_t001,227.0,1,89.9963,95.92,-510.0037,-210.00369999999998,False
train,aaaaalzg,aaaaalzg_s005_t000,1241.0,1,325.9094,409.072,-274.0906,25.909400000000005,False
train,aaaaamdo,aaaaamdo_s001_t000,1401.0,1,31.9922,50.9656,-568.0078,-268.0078,False
train,aaaaamdo,aaaaamdo_s001_t000,1401.0,2,367.0044,385.1787,-232.99560000000002,67.00439999999998,False
train,aaaaamdo,aaaaamdo_s001_t000,1401.0,3,858.7381,874.6204,258.73810000000003,558.7381,False
train,aaaaamhb,aaaaamhb_s001_t002,1671.0,1,312.9589,464.2297,-287.0411,12.958900000000028,False
train,aaaaamhb,aaaaamhb_s001_t002,1671.0,2,882.9811,941.061,282.98109999999997,582.9811,False
train,aaaaamhb,aaaaamhb_s003_t000,1281.0,1,365.432,399.9778,-234.56799999999998,65.43200000000002,False
train,aaaaamhj,aaaaamhj_s001_t000,1622.0,1,115.2453,129.3442,-484.7547,-184.7547,False
train,aaaaamhj,aaaaamhj_s001_t000,1622.0,2,221.3164,238.22,-378.6836,-78.68360000000001,False
train,aaaaamhj,aaaaamhj_s001_t000,1622.0,3,355.4013,369.3141,-244.5987,55.40129999999999,False
train,aaaaamhj,aaaaamhj_s001_t000,1622.0,4,529.758,545.3517,-70.24199999999996,229.75800000000004,False
train,aaaaamhj,aaaaamhj_s001_t000,1622.0,5,643.8661,660.6235,43.86609999999996,343.86609999999996,False
train,aaaaamhj,aaaaamhj_s001_t000,1622.0,6,777.1941,789.6488,177.19410000000005,477.19410000000005,False
train,aaaaamhj,aaaaamhj_s001_t000,1622.0,7,930.9971,943.9877,330.99710000000005,630.9971,False
train,aaaaamhj,aaaaamhj_s001_t000,1622.0,8,1104.7813,1119.3287,504.7813000000001,804.7813000000001,False
train,aaaaamhj,aaaaamhj_s001_t000,1622.0,9,1268.7951,1281.105,668.7951,968.7951,False
train,aaaaamhj,aaaaamhj_s001_t000,1622.0,10,1442.0043,1454.6329,842.0043000000001,1142.0043,False
train,aaaaamhj,aaaaamhj_s001_t000,1622.0,11,1539.1289,1553.0463,939.1288999999999,1239.1289,False
train,aaaaamhj,aaaaamhj_s002_t000,169.0,1,0.0072,16.0608,-599.9928,-299.9928,False
train,aaaaamhj,aaaaamhj_s002_t001,131.0,1,0.0297,10.0746,-599.9703,-299.9703,False
train,aaaaamhj,aaaaamhj_s002_t001,131.0,2,91.5938,125.0406,-508.4062,-208.4062,False
train,aaaaamhj,aaaaamhj_s002_t002,241.0,1,86.1738,97.5641,-513.8262,-213.8262,False
train,aaaaamhj,aaaaamhj_s002_t006,601.0,1,81.1521,259.0655,-518.8479,-218.84789999999998,False
train,aaaaamiz,aaaaamiz_s001_t000,1444.0,1,1077.9545,1159.3418,477.95450000000005,777.9545,True
train,aaaaammu,aaaaammu_s003_t001,696.0,1,304.6875,324.918,-295.3125,4.6875,False
train,aaaaammu,aaaaammu_s003_t002,1741.0,1,334.7773,361.6797,-265.2227,34.777300000000025,False
train,aaaaammu,aaaaammu_s003_t002,1741.0,2,537.2461,561.7461,-62.753900000000044,237.24609999999996,False
train,aaaaammu,aaaaammu_s003_t002,1741.0,3,760.4883,781.5898,160.48829999999998,460.4883,False
train,aaaaammu,aaaaammu_s003_t002,1741.0,4,1216.1277,1242.2773,616.1277,916.1277,False
train,aaaaammu,aaaaammu_s003_t003,881.0,1,372.6289,394.7773,-227.3711,72.62889999999999,False
train,aaaaammu,aaaaammu_s003_t004,365.0,1,340.2344,357.2344,-259.7656,40.234399999999994,False
train,aaaaammu,aaaaammu_s003_t005,300.0,1,54.0423,71.5781,-545.9577,-245.9577,False
train,aaaaammu,aaaaammu_s003_t005,300.0,2,199.6328,217.6328,-400.3672,-100.3672,False
train,aaaaammu,aaaaammu_s003_t012,959.0,1,108.1277,125.5234,-491.8723,-191.8723,False
train,aaaaammu,aaaaammu_s003_t012,959.0,2,389.0478,406.5234,-210.9522,89.0478,False
train,aaaaammu,aaaaammu_s003_t012,959.0,3,801.9833,831.7891,201.98329999999999,501.9833,False
train,aaaaammu,aaaaammu_s004_t004,601.0,1,313.0,336.5,-287.0,13.0,False
train,aaaaammu,aaaaammu_s004_t004,601.0,2,515.5,541.8984,-84.5,215.5,False
train,aaaaamoa,aaaaamoa_s001_t000,1262.0,1,45.5117,60.0233,-554.4883,-254.4883,False
train,aaaaamoa,aaaaamoa_s001_t000,1262.0,2,72.9967,90.9767,-527.0033,-227.0033,False
train,aaaaamoa,aaaaamoa_s001_t000,1262.0,3,102.0211,109.0966,-497.9789,-197.9789,False
train,aaaaamoa,aaaaamoa_s001_t000,1262.0,4,119.8979,134.1,-480.1021,-180.1021,False
train,aaaaamoa,aaaaamoa_s001_t000,1262.0,5,154.0015,263.2516,-445.99850000000004,-145.9985,False
train,aaaaamoa,aaaaamoa_s001_t000,1262.0,6,358.0277,449.0655,-241.97230000000002,58.02769999999998,False
train,aaaaamoa,aaaaamoa_s001_t000,1262.0,7,537.333,640.0755,-62.66700000000003,237.33299999999997,False
train,aaaaamoa,aaaaamoa_s001_t000,1262.0,8,701.8476,803.1643,101.84760000000006,401.84760000000006,False
train,aaaaamoa,aaaaamoa_s001_t000,1262.0,9,889.1421,1005.0133,289.1421,589.1421,False
train,aaaaamoa,aaaaamoa_s001_t000,1262.0,10,1076.3307,1180.0488,476.3307,776.3307,False
train,aaaaamoa,aaaaamoa_s003_t010,300.0,1,82.4375,246.3047,-517.5625,-217.5625,False
train,aaaaamoa,aaaaamoa_s006_t003,854.0,1,465.7617,488.2734,-134.23829999999998,165.76170000000002,False
train,aaaaamoa,aaaaamoa_s006_t003,854.0,2,495.4375,551.1328,-104.5625,195.4375,False
train,aaaaamoa,aaaaamoa_s006_t003,854.0,3,559.9726,582.2617,-40.02739999999994,259.97260000000006,False
train,aaaaamoa,aaaaamoa_s006_t004,767.0,1,279.75,300.8594,-320.25,-20.25,False
train,aaaaamoa,aaaaamoa_s006_t004,767.0,2,311.4375,356.0698,-288.5625,11.4375,False
train,aaaaamoa,aaaaamoa_s006_t008,1149.0,1,434.1836,634.8828,-165.8164,134.1836,False
train,aaaaamoe,aaaaamoe_s002_t002,732.0,1,272.9648,294.9648,-327.0352,-27.035199999999975,False
train,aaaaampz,aaaaampz_s003_t003,726.0,1,1.0608,64.1436,-598.9392,-298.9392,False
train,aaaaampz,aaaaampz_s003_t003,726.0,2,116.1547,209.9006,-483.8453,-183.8453,False
train,aaaaampz,aaaaampz_s003_t003,726.0,3,310.326,402.9448,-289.674,10.326000000000022,False
train,aaaaampz,aaaaampz_s004_t000,959.0,1,63.1878,115.4309,-536.8122,-236.8122,False
train,aaaaampz,aaaaampz_s004_t000,959.0,2,222.0552,267.8674,-377.9448,-77.94479999999999,False
train,aaaaampz,aaaaampz_s004_t002,901.0,1,377.3204,460.326,-222.6796,77.3204,False
train,aaaaampz,aaaaampz_s004_t002,901.0,2,564.1326,648.3978,-35.867399999999975,264.1326,False
train,aaaaampz,aaaaampz_s004_t003,794.0,1,306.0331,403.0939,-293.9669,6.03309999999999,False
train,aaaaamqy,aaaaamqy_s002_t000,1386.0,1,219.0497,267.0497,-380.95029999999997,-80.9503,False
train,aaaaamtc,aaaaamtc_s001_t000,1531.0,1,292.9567,298.028,-307.0433,-7.043299999999988,False
train,aaaaamtc,aaaaamtc_s001_t000,1531.0,2,328.468,338.068,-271.532,28.468000000000018,False
train,aaaaamtj,aaaaamtj_s001_t000,1248.0,1,1192.9014,1206.2671,592.9014,892.9014,True
train,aaaaamww,aaaaamww_s005_t000,601.0,1,93.9767,109.0655,-506.0233,-206.0233,False
train,aaaaamww,aaaaamww_s005_t001,601.0,1,149.9177,200.2153,-450.08230000000003,-150.0823,False
train,aaaaamyy,aaaaamyy_s001_t001,1258.0,1,870.7479,889.9748,270.74789999999996,570.7479,True
train,aaaaanjw,aaaaanjw_s001_t000,1115.0,1,714.9256,755.5472,114.92560000000003,414.92560000000003,True
train,aaaaankc,aaaaankc_s004_t005,1483.0,1,698.4669,855.7376,98.46690000000001,398.4669,True
train,aaaaanme,aaaaanme_s006_t001,1094.0,1,516.2153,634.1865,-83.78470000000004,216.21529999999996,False
train,aaaaanme,aaaaanme_s006_t002,1136.0,1,544.9767,664.1165,-55.02329999999995,244.97670000000005,False
train,aaaaanme,aaaaanme_s006_t003,997.0,1,467.0266,603.8979,-132.97340000000003,167.02659999999997,False
train,aaaaanme,aaaaanme_s006_t004,1089.0,1,430.0666,523.2741,-169.9334,130.0666,False
train,aaaaanme,aaaaanme_s006_t007,964.0,1,496.7314,618.1299,-103.26859999999999,196.7314,False
train,aaaaanme,aaaaanme_s006_t021,1768.0,1,444.0111,462.0078,-155.9889,144.0111,False
train,aaaaanme,aaaaanme_s007_t001,1097.0,1,306.9634,320.4206,-293.0366,6.963399999999979,False
train,aaaaanme,aaaaanme_s007_t002,964.0,1,320.0522,342.111,-279.9478,20.052200000000028,False
train,aaaaanme,aaaaanme_s007_t002,964.0,2,429.9878,445.7758,-170.0122,129.9878,False
train,aaaaanme,aaaaanme_s007_t002,964.0,3,565.9046,586.9922,-34.09540000000004,265.90459999999996,False
train,aaaaanme,aaaaanme_s007_t015,723.0,1,225.0166,292.7558,-374.98339999999996,-74.98339999999999,False
train,aaaaanme,aaaaanme_s009_t001,609.0,1,152.0111,181.0344,-447.9889,-147.9889,False
train,aaaaanme,aaaaanme_s009_t002,501.0,1,90.0111,160.924,-509.9889,-209.9889,False
train,aaaaanme,aaaaanme_s009_t003,354.0,1,91.0322,159.7836,-508.9678,-208.9678,False
train,aaaaanme,aaaaanme_s010_t002,721.0,1,299.1243,375.879,-300.8757,-0.8756999999999948,False
train,aaaaanme,aaaaanme_s010_t003,931.0,1,465.1132,587.1698,-134.8868,165.1132,False
train,aaaaanme,aaaaanme_s010_t004,752.0,1,305.899,415.5549,-294.101,5.899000000000001,False
train,aaaaanme,aaaaanme_s010_t006,687.0,1,301.3774,387.1432,-298.6226,1.3774000000000228,False
train,aaaaanme,aaaaanme_s010_t007,702.0,1,302.0488,401.4828,-297.9512,2.0488000000000284,False
train,aaaaanme,aaaaanme_s010_t009,683.0,1,293.4018,382.1976,-306.5982,-6.59820000000002,False
train,aaaaanme,aaaaanme_s010_t010,697.0,1,298.0721,396.3296,-301.9279,-1.9279000000000224,False
train,aaaaanme,aaaaanme_s010_t012,693.0,1,295.1387,395.5039,-304.8613,-4.861300000000028,False
train,aaaaanme,aaaaanme_s010_t013,693.0,1,299.1032,392.9656,-300.8968,-0.8967999999999847,False
train,aaaaanme,aaaaanme_s010_t014,703.0,1,303.9989,403.0166,-296.0011,3.998899999999992,False
train,aaaaanme,aaaaanme_s010_t015,471.0,1,297.0122,399.4562,-302.9878,-2.987799999999993,False
train,aaaaanme,aaaaanme_s012_t000,1283.0,1,411.0067,486.7669,-188.99329999999998,111.00670000000002,False
train,aaaaanmh,aaaaanmh_s001_t001,412.0,1,105.44,410.968,-494.56,-194.56,False
train,aaaaanmh,aaaaanmh_s001_t002,715.0,1,1.072,326.8769,-598.928,-298.928,False
train,aaaaanog,aaaaanog_s002_t000,1203.0,1,260.504,298.024,-339.496,-39.49599999999998,False
train,aaaaanog,aaaaanog_s002_t000,1203.0,2,742.276,776.9983,142.27599999999995,442.27599999999995,False
train,aaaaanog,aaaaanog_s004_t002,659.0,1,451.2656,536.0903,-148.7344,151.2656,False
train,aaaaanok,aaaaanok_s002_t000,1075.0,1,43.2819,60.0093,-556.7181,-256.7181,False
train,aaaaanrc,aaaaanrc_s004_t010,578.0,1,190.2422,307.4727,-409.7578,-109.7578,False
train,aaaaanwk,aaaaanwk_s004_t001,601.0,1,176.96,598.2752,-423.03999999999996,-123.03999999999999,False
train,aaaaanwk,aaaaanwk_s004_t002,601.0,1,447.0033,522.7858,-152.99669999999998,147.00330000000002,False
train,aaaaaocy,aaaaaocy_s001_t002,1167.0,1,1.0,1122.0,-599.0,-299.0,False
train,aaaaaogd,aaaaaogd_s005_t003,991.0,1,500.6515,573.706,-99.3485,200.6515,False
train,aaaaaogd,aaaaaogd_s005_t005,846.0,1,361.8008,454.5703,-238.19920000000002,61.80079999999998,False
train,aaaaaogd,aaaaaogd_s005_t008,791.0,1,345.332,409.0842,-254.668,45.331999999999994,False
train,aaaaaogd,aaaaaogd_s011_t001,920.0,1,272.9641,291.3164,-327.0359,-27.035900000000026,False
train,aaaaaogk,aaaaaogk_s001_t001,687.0,1,386.3,555.992,-213.7,86.30000000000001,False
train,aaaaaogk,aaaaaogk_s001_t001,687.0,2,642.0909,685.1818,42.09090000000003,342.09090000000003,False
train,aaaaaogk,aaaaaogk_s002_t006,1118.0,1,487.0642,527.0531,-112.93579999999997,187.06420000000003,False
train,aaaaaogk,aaaaaogk_s002_t006,1118.0,2,860.0752,881.0376,260.0752,560.0752,False
train,aaaaaogk,aaaaaogk_s002_t006,1118.0,3,905.0177,929.0221,305.0177,605.0177,False
train,aaaaaooo,aaaaaooo_s001_t000,1568.0,1,0.0,28.0752,-600.0,-300.0,False
train,aaaaaooo,aaaaaooo_s001_t000,1568.0,2,58.781,79.9535,-541.219,-241.219,False
train,aaaaaooo,aaaaaooo_s001_t000,1568.0,3,88.0133,102.9801,-511.9867,-211.98669999999998,False
train,aaaaaooo,aaaaaooo_s001_t000,1568.0,4,108.0575,125.9779,-491.9425,-191.9425,False
train,aaaaaooo,aaaaaooo_s001_t000,1568.0,5,139.0221,192.0531,-460.9779,-160.9779,False
train,aaaaaooo,aaaaaooo_s001_t000,1568.0,6,198.0752,214.0376,-401.9248,-101.9248,False
train,aaaaaooo,aaaaaooo_s001_t000,1568.0,7,221.0288,229.0597,-378.9712,-78.97120000000001,False
train,aaaaaooo,aaaaaooo_s001_t000,1568.0,8,259.0398,280.0465,-340.9602,-40.960199999999986,False
train,aaaaaooo,aaaaaooo_s001_t000,1568.0,9,348.0022,383.677,-251.99779999999998,48.002200000000016,False
train,aaaaaooo,aaaaaooo_s001_t000,1568.0,10,398.0487,410.9912,-201.9513,98.0487,False
train,aaaaaooo,aaaaaooo_s001_t000,1568.0,11,463.0111,471.042,-136.9889,163.0111,False
train,aaaaaooo,aaaaaooo_s001_t000,1568.0,12,487.0111,496.0708,-112.9889,187.0111,False
train,aaaaaooo,aaaaaooo_s001_t000,1568.0,13,544.0288,553.0553,-55.97119999999995,244.02880000000005,False
train,aaaaaooo,aaaaaooo_s001_t000,1568.0,14,696.9934,708.9735,96.99339999999995,396.99339999999995,False
train,aaaaaooo,aaaaaooo_s001_t000,1568.0,15,1379.0354,1392.0774,779.0354,1079.0354,True
train,aaaaaooo,aaaaaooo_s001_t000,1568.0,16,1396.0531,1415.0022,796.0531000000001,1096.0531,False
train,aaaaaooo,aaaaaooo_s001_t000,1568.0,17,1551.0465,1567.4071,951.0464999999999,1251.0465,False
train,aaaaaooo,aaaaaooo_s002_t000,300.0,1,166.4801,175.4735,-433.5199,-133.5199,False
train,aaaaaooo,aaaaaooo_s002_t005,601.0,1,292.0268,302.0714,-307.9732,-7.97320000000002,False
train,aaaaaooo,aaaaaooo_s002_t006,1099.0,1,521.019,550.0145,-78.981,221.019,False
train,aaaaaooo,aaaaaooo_s002_t006,1099.0,2,563.0558,575.0759,-36.94420000000002,263.0558,False
train,aaaaaooy,aaaaaooy_s003_t006,300.0,1,1.0,294.5504,-599.0,-299.0,False
train,aaaaaoqf,aaaaaoqf_s001_t000,946.0,1,168.54,190.14,-431.46000000000004,-131.46,False
train,aaaaaoqf,aaaaaoqf_s001_t000,946.0,2,248.044,272.344,-351.956,-51.95599999999999,False
train,aaaaaoqf,aaaaaoqf_s001_t000,946.0,3,416.8121,437.1625,-183.1879,116.81209999999999,False
train,aaaaaoqf,aaaaaoqf_s001_t000,946.0,4,477.4362,501.04,-122.56380000000001,177.43619999999999,False
train,aaaaaoqf,aaaaaoqf_s001_t000,946.0,5,581.2483,611.256,-18.751700000000028,281.2483,False
train,aaaaaoqf,aaaaaoqf_s001_t001,558.0,1,42.156,58.956,-557.844,-257.844,False
train,aaaaaoqf,aaaaaoqf_s001_t001,558.0,2,105.052,132.152,-494.948,-194.94799999999998,False
train,aaaaaoqf,aaaaaoqf_s001_t001,558.0,3,190.256,224.056,-409.744,-109.744,False
train,aaaaaoqf,aaaaaoqf_s001_t001,558.0,4,272.56,294.06,-327.44,-27.439999999999998,False
train,aaaaaoqf,aaaaaoqf_s001_t001,558.0,5,414.8523,443.26,-185.1477,114.85230000000001,False
train,aaaaaoqf,aaaaaoqf_s001_t001,558.0,6,506.4362,525.244,-93.56380000000001,206.43619999999999,False
train,aaaaaouk,aaaaaouk_s003_t001,1296.0,1,37.0128,58.1837,-562.9872,-262.98720000000003,False
train,aaaaaouk,aaaaaouk_s003_t001,1296.0,2,889.1376,910.0033,289.1376,589.1376,True
train,aaaaaouk,aaaaaouk_s007_t001,1384.0,1,653.9711,677.015,53.97109999999998,353.9711,True
train,aaaaaovk,aaaaaovk_s001_t000,894.0,1,11.9034,32.131,-588.0966,-288.0966,False
train,aaaaaovk,aaaaaovk_s001_t000,894.0,2,52.8502,69.1376,-547.1498,-247.1498,False
train,aaaaaovk,aaaaaovk_s001_t000,894.0,3,76.0122,92.1054,-523.9878,-223.9878,False
train,aaaaaovk,aaaaaovk_s001_t000,894.0,4,109.1221,125.9645,-490.8779,-190.8779,False
train,aaaaaovk,aaaaaovk_s001_t000,894.0,5,145.8935,157.7691,-454.1065,-154.1065,False
train,aaaaaovk,aaaaaovk_s001_t000,894.0,6,168.0155,180.1132,-431.9845,-131.9845,False
train,aaaaaovk,aaaaaovk_s001_t000,894.0,7,192.9145,206.7325,-407.0855,-107.0855,False
train,aaaaaovk,aaaaaovk_s001_t000,894.0,8,216.4162,229.8457,-383.5838,-83.5838,False
train,aaaaaovk,aaaaaovk_s001_t000,894.0,9,245.242,262.2786,-354.75800000000004,-54.75800000000001,False
train,aaaaaovk,aaaaaovk_s001_t000,894.0,10,270.8835,287.0877,-329.1165,-29.116499999999974,False
train,aaaaaovk,aaaaaovk_s001_t000,894.0,11,300.8657,315.0721,-299.1343,0.8657000000000039,False
train,aaaaaovk,aaaaaovk_s001_t000,894.0,12,339.8879,356.2586,-260.1121,39.8879,False
train,aaaaaovk,aaaaaovk_s001_t000,894.0,13,370.1687,386.8169,-229.8313,70.1687,False
train,aaaaaovk,aaaaaovk_s001_t000,894.0,14,409.8424,422.3008,-190.1576,109.8424,False
train,aaaaaovk,aaaaaovk_s001_t000,894.0,15,432.879,448.9723,-167.12099999999998,132.87900000000002,False
train,aaaaaovk,aaaaaovk_s001_t000,894.0,16,468.0755,482.0044,-131.92450000000002,168.07549999999998,False
train,aaaaaovk,aaaaaovk_s001_t000,894.0,17,492.909,508.2808,-107.09100000000001,192.909,False
train,aaaaaovk,aaaaaovk_s001_t000,894.0,18,534.9223,546.0488,-65.07770000000005,234.92229999999995,False
train,aaaaaovk,aaaaaovk_s001_t000,894.0,19,558.1931,572.0666,-41.80690000000004,258.19309999999996,False
train,aaaaaovk,aaaaaovk_s001_t000,894.0,20,596.9656,609.7569,-3.034400000000005,296.9656,False
train,aaaaaovk,aaaaaovk_s001_t000,894.0,21,621.2198,636.7858,21.219799999999964,321.21979999999996,False
train,aaaaaovk,aaaaaovk_s001_t000,894.0,22,662.9656,676.4229,62.965599999999995,362.9656,False
train,aaaaaovk,aaaaaovk_s001_t000,894.0,23,697.7159,716.0566,97.71590000000003,397.71590000000003,False
train,aaaaaovk,aaaaaovk_s001_t000,894.0,24,732.1487,749.0189,132.14869999999996,432.14869999999996,False
train,aaaaaovk,aaaaaovk_s001_t000,894.0,25,761.1687,778.566,161.16869999999994,461.16869999999994,False
train,aaaaaovk,aaaaaovk_s001_t000,894.0,26,792.0844,807.9279,192.08439999999996,492.08439999999996,False
train,aaaaaovk,aaaaaovk_s001_t000,894.0,27,822.6171,839.071,222.61710000000005,522.6171,False
train,aaaaaovk,aaaaaovk_s001_t000,894.0,28,853.081,869.6182,253.08100000000002,553.081,False
train,aaaaaovk,aaaaaovk_s001_t001,1274.0,1,1.0,9.4988,-599.0,-299.0,False
train,aaaaaovk,aaaaaovk_s001_t001,1274.0,2,35.9623,52.0555,-564.0377,-264.0377,False
train,aaaaaovk,aaaaaovk_s001_t001,1274.0,3,69.9556,90.0166,-530.0444,-230.0444,False
train,aaaaaovk,aaaaaovk_s001_t001,1274.0,4,98.1089,119.717,-501.8911,-201.8911,False
train,aaaaaovk,aaaaaovk_s001_t001,1274.0,5,132.8291,147.091,-467.17089999999996,-167.1709,False
train,aaaaaovk,aaaaaovk_s001_t001,1274.0,6,162.9645,178.1143,-437.0355,-137.0355,False
train,aaaaaovk,aaaaaovk_s001_t001,1274.0,7,184.0719,206.7513,-415.9281,-115.9281,False
train,aaaaaovk,aaaaaovk_s001_t001,1274.0,8,215.5273,232.1785,-384.47270000000003,-84.4727,False
train,aaaaaovk,aaaaaovk_s001_t001,1274.0,9,246.0296,261.4783,-353.97040000000004,-53.97040000000001,False
train,aaaaaovk,aaaaaovk_s001_t001,1274.0,10,277.3293,294.4894,-322.6707,-22.67070000000001,False
train,aaaaaovk,aaaaaovk_s001_t001,1274.0,11,299.7123,315.716,-300.2877,-0.28769999999997253,False
train,aaaaaovk,aaaaaovk_s001_t001,1274.0,12,329.7216,347.2979,-270.2784,29.721600000000024,False
train,aaaaaovk,aaaaaovk_s001_t001,1274.0,13,372.0981,386.4366,-227.9019,72.09809999999999,False
train,aaaaaovk,aaaaaovk_s001_t001,1274.0,14,398.2729,412.334,-201.7271,98.27289999999999,False
train,aaaaaovk,aaaaaovk_s001_t001,1274.0,15,428.9352,446.1415,-171.0648,128.9352,False
train,aaaaaovk,aaaaaovk_s001_t001,1274.0,16,452.3996,472.0111,-147.60039999999998,152.39960000000002,False
train,aaaaaovk,aaaaaovk_s001_t001,1274.0,17,484.9574,499.2035,-115.0426,184.9574,False
train,aaaaaovk,aaaaaovk_s001_t001,1274.0,18,516.7882,533.8557,-83.21180000000004,216.78819999999996,False
train,aaaaaovk,aaaaaovk_s001_t001,1274.0,19,548.1027,562.1175,-51.89729999999997,248.10270000000003,False
train,aaaaaovk,aaaaaovk_s001_t001,1274.0,20,574.0962,589.6374,-25.903800000000047,274.09619999999995,False
train,aaaaaovk,aaaaaovk_s001_t001,1274.0,21,606.9611,620.1434,6.961099999999988,306.9611,False
train,aaaaaovk,aaaaaovk_s001_t001,1274.0,22,633.6753,652.4542,33.67529999999999,333.6753,False
train,aaaaaovk,aaaaaovk_s001_t001,1274.0,23,665.9769,679.2054,65.9769,365.9769,False
train,aaaaaovk,aaaaaovk_s001_t001,1274.0,24,692.6688,709.1351,92.66880000000003,392.66880000000003,False
train,aaaaaovk,aaaaaovk_s001_t001,1274.0,25,746.2841,759.6027,146.28409999999997,446.28409999999997,False
train,aaaaaovk,aaaaaovk_s001_t001,1274.0,26,775.7791,796.9778,175.77909999999997,475.77909999999997,False
train,aaaaaovk,aaaaaovk_s001_t001,1274.0,27,805.7869,826.9578,205.78689999999995,505.78689999999995,False
train,aaaaaovk,aaaaaovk_s001_t001,1274.0,28,854.9256,866.1632,254.92560000000003,554.9256,False
train,aaaaaovk,aaaaaovk_s001_t001,1274.0,29,881.8635,897.374,281.86350000000004,581.8635,False
train,aaaaaovk,aaaaaovk_s001_t001,1274.0,30,909.8879,925.4262,309.88789999999995,609.8879,False
train,aaaaaovk,aaaaaovk_s001_t001,1274.0,31,937.0577,957.0633,337.05769999999995,637.0577,False
train,aaaaaovk,aaaaaovk_s001_t001,1274.0,32,969.9789,985.6282,369.97889999999995,669.9789,False
train,aaaaaovk,aaaaaovk_s001_t001,1274.0,33,1003.2164,1020.4195,403.2164,703.2164,False
train,aaaaaovk,aaaaaovk_s001_t001,1274.0,34,1030.9867,1053.4062,430.9866999999999,730.9866999999999,False
train,aaaaaovk,aaaaaovk_s001_t001,1274.0,35,1068.9545,1083.7159,468.95450000000005,768.9545,False
train,aaaaaovk,aaaaaovk_s001_t001,1274.0,36,1093.2508,1110.7869,493.2508,793.2508,False
train,aaaaaovk,aaaaaovk_s001_t001,1274.0,37,1122.04,1138.4384,522.04,822.04,False
train,aaaaaovk,aaaaaovk_s001_t001,1274.0,38,1149.0877,1164.9589,549.0877,849.0877,False
train,aaaaaovk,aaaaaovk_s001_t001,1274.0,39,1182.1509,1195.4695,582.1509000000001,882.1509000000001,False
train,aaaaaovk,aaaaaovk_s001_t001,1274.0,40,1202.7392,1223.3552,602.7392,902.7392,False
train,aaaaaovk,aaaaaovk_s001_t001,1274.0,41,1232.2819,1250.6781,632.2819,932.2819,False
train,aaaaaoya,aaaaaoya_s010_t001,1390.0,1,334.0606,402.0,-265.9394,34.06060000000002,False
train,aaaaapas,aaaaapas_s001_t001,1521.0,1,27.7953,77.1234,-572.2047,-272.2047,False
train,aaaaapas,aaaaapas_s001_t001,1521.0,2,129.5239,176.7492,-470.4761,-170.4761,False
train,aaaaapas,aaaaapas_s001_t001,1521.0,3,432.0845,485.021,-167.9155,132.0845,False
train,aaaaapas,aaaaapas_s001_t001,1521.0,4,546.9978,588.5849,-53.002200000000016,246.99779999999998,False
train,aaaaapas,aaaaapas_s001_t001,1521.0,5,670.9861,717.9831,70.98609999999996,370.98609999999996,False
train,aaaaapas,aaaaapas_s001_t001,1521.0,6,930.0107,975.0216,330.01070000000004,630.0107,False
train,aaaaapas,aaaaapas_s001_t001,1521.0,7,1048.0222,1092.1398,448.0222000000001,748.0222000000001,False
train,aaaaapas,aaaaapas_s001_t001,1521.0,8,1333.2863,1379.9882,733.2863,1033.2863,False
train,aaaaapas,aaaaapas_s001_t001,1521.0,9,1437.0422,1487.6249,837.0422000000001,1137.0422,False
train,aaaaapas,aaaaapas_s003_t000,1033.0,1,346.5508,389.9864,-253.44920000000002,46.55079999999998,False
train,aaaaapas,aaaaapas_s003_t000,1033.0,2,492.9872,527.8906,-107.01280000000003,192.98719999999997,False
train,aaaaapas,aaaaapas_s003_t001,601.0,1,510.9648,570.9434,-89.03519999999997,210.96480000000003,False
train,aaaaapas,aaaaapas_s003_t002,929.0,1,196.684,243.0453,-403.31600000000003,-103.316,False
train,aaaaapas,aaaaapas_s003_t002,929.0,2,612.0225,669.0841,12.022500000000036,312.02250000000004,False
train,aaaaapks,aaaaapks_s002_t007,601.0,1,272.0821,347.1765,-327.9179,-27.917899999999975,False
train,aaaaapks,aaaaapks_s002_t008,300.0,1,179.9856,236.4784,-420.0144,-120.0144,False
train,aaaaapks,aaaaapks_s002_t009,601.0,1,380.717,432.798,-219.28300000000002,80.71699999999998,False
train,aaaaapks,aaaaapks_s002_t010,300.0,1,1.0,74.778,-599.0,-299.0,False
train,aaaaapks,aaaaapks_s002_t010,300.0,2,260.7314,272.0078,-339.2686,-39.26859999999999,False
train,aaaaapks,aaaaapks_s002_t011,601.0,1,563.2675,590.0377,-36.73249999999996,263.26750000000004,False
train,aaaaapks,aaaaapks_s003_t000,300.0,1,21.0781,41.6104,-578.9219,-278.9219,False
train,aaaaapks,aaaaapks_s003_t000,300.0,2,208.7203,261.5949,-391.2797,-91.27969999999999,False
train,aaaaapks,aaaaapks_s003_t003,601.0,1,4.0496,34.2773,-595.9504,-295.9504,False
train,aaaaapks,aaaaapks_s003_t003,601.0,2,180.8633,198.6094,-419.1367,-119.13669999999999,False
train,aaaaapks,aaaaapks_s003_t003,601.0,3,363.8362,376.0117,-236.16379999999998,63.83620000000002,False
train,aaaaapks,aaaaapks_s003_t004,601.0,1,261.9101,288.0712,-338.0899,-38.0899,False
train,aaaaapks,aaaaapks_s003_t004,601.0,2,318.957,334.8984,-281.043,18.956999999999994,False
train,aaaaapks,aaaaapks_s003_t004,601.0,3,410.2539,446.8923,-189.7461,110.25389999999999,False
train,aaaaapks,aaaaapks_s003_t007,601.0,1,152.6149,182.0508,-447.38509999999997,-147.3851,False
train,aaaaapks,aaaaapks_s012_t000,1602.0,1,31.0497,1599.9227,-568.9503,-268.95029999999997,False
train,aaaaapks,aaaaapks_s012_t003,349.0,1,26.0303,43.0,-573.9697,-273.9697,False
train,aaaaapks,aaaaapks_s012_t003,349.0,2,68.0,82.9697,-532.0,-232.0,False
train,aaaaapks,aaaaapks_s012_t003,349.0,3,125.0,145.0,-475.0,-175.0,False
train,aaaaapks,aaaaapks_s012_t003,349.0,4,195.9394,220.0909,-404.0606,-104.0606,False
train,aaaaapks,aaaaapks_s012_t003,349.0,5,261.0,282.0,-339.0,-39.0,False
train,aaaaapks,aaaaapks_s012_t003,349.0,6,316.0,338.9394,-284.0,16.0,False
train,aaaaapks,aaaaapks_s013_t000,105.0,1,69.0303,87.3939,-530.9697,-230.9697,False
train,aaaaapks,aaaaapks_s013_t001,47.0,1,1.0,6.0,-599.0,-299.0,False
train,aaaaapks,aaaaapks_s014_t000,85.0,1,2.0387,18.0,-597.9613,-297.9613,False
train,aaaaapks,aaaaapks_s014_t000,85.0,2,30.9834,43.0331,-569.0166,-269.0166,False
train,aaaaapks,aaaaapks_s014_t000,85.0,3,60.011,75.0608,-539.989,-239.989,False
train,aaaaapks,aaaaapks_s014_t001,164.0,1,1.4088,67.9559,-598.5912,-298.5912,False
train,aaaaapks,aaaaapks_s014_t001,164.0,2,73.5525,90.011,-526.4475,-226.4475,False
train,aaaaapks,aaaaapks_s014_t001,164.0,3,97.6243,116.3038,-502.3757,-202.3757,False
train,aaaaapks,aaaaapks_s014_t001,164.0,4,125.6741,142.5635,-474.3259,-174.3259,False
train,aaaaapks,aaaaapks_s014_t001,164.0,5,146.6464,161.9448,-453.35360000000003,-153.3536,False
train,aaaaapks,aaaaapks_s016_t000,300.0,1,0.0,0.0,-600.0,-300.0,False
train,aaaaapks,aaaaapks_s016_t000,300.0,2,16.7348,66.0663,-583.2652,-283.2652,False
train,aaaaapks,aaaaapks_s016_t000,300.0,3,74.9779,96.0442,-525.0221,-225.0221,False
train,aaaaapks,aaaaapks_s016_t000,300.0,4,101.2652,131.1658,-498.7348,-198.7348,False
train,aaaaapks,aaaaapks_s016_t000,300.0,5,136.0277,149.0387,-463.9723,-163.9723,False
train,aaaaapks,aaaaapks_s016_t000,300.0,6,172.1049,204.0442,-427.8951,-127.89510000000001,False
train,aaaaapks,aaaaapks_s016_t000,300.0,7,221.0497,248.6132,-378.95029999999997,-78.9503,False
train,aaaaapks,aaaaapks_s016_t000,300.0,8,252.326,284.0829,-347.674,-47.67400000000001,False
train,aaaaapks,aaaaapks_s016_t001,829.0,1,1.0,7.0,-599.0,-299.0,False
train,aaaaapks,aaaaapks_s016_t001,829.0,2,21.1212,37.0,-578.8788,-278.8788,False
train,aaaaapks,aaaaapks_s016_t001,829.0,3,42.9394,54.9394,-557.0606,-257.0606,False
train,aaaaapks,aaaaapks_s016_t001,829.0,4,71.0303,82.303,-528.9697,-228.9697,False
train,aaaaapks,aaaaapks_s016_t001,829.0,5,85.4242,110.3939,-514.5758,-214.57580000000002,False
train,aaaaapks,aaaaapks_s016_t001,829.0,6,123.8788,143.4545,-476.1212,-176.1212,False
train,aaaaapks,aaaaapks_s016_t001,829.0,7,146.9091,163.0303,-453.09090000000003,-153.0909,False
train,aaaaapks,aaaaapks_s016_t001,829.0,8,174.0606,189.0303,-425.9394,-125.9394,False
train,aaaaapks,aaaaapks_s016_t001,829.0,9,204.4848,221.0303,-395.5152,-95.5152,False
train,aaaaapks,aaaaapks_s016_t001,829.0,10,230.0303,241.1818,-369.9697,-69.96969999999999,False
train,aaaaapks,aaaaapks_s016_t001,829.0,11,248.0303,265.1212,-351.9697,-51.96969999999999,False
train,aaaaapks,aaaaapks_s016_t001,829.0,12,281.3333,294.8485,-318.6667,-18.66669999999999,False
train,aaaaapks,aaaaapks_s016_t001,829.0,13,312.9697,328.5455,-287.0303,12.969699999999989,False
train,aaaaapks,aaaaapks_s016_t001,829.0,14,337.0,355.0,-263.0,37.0,False
train,aaaaapks,aaaaapks_s016_t001,829.0,15,368.0303,383.6061,-231.9697,68.03030000000001,False
train,aaaaapks,aaaaapks_s016_t001,829.0,16,387.9697,406.0303,-212.0303,87.96969999999999,False
train,aaaaapks,aaaaapks_s016_t001,829.0,17,413.0331,427.884,-186.9669,113.03309999999999,False
train,aaaaapks,aaaaapks_s016_t001,829.0,18,433.9503,446.779,-166.04969999999997,133.95030000000003,False
train,aaaaapks,aaaaapks_s016_t001,829.0,19,450.0276,467.9282,-149.9724,150.0276,False
train,aaaaapks,aaaaapks_s016_t001,829.0,20,483.0663,501.0,-116.93369999999999,183.0663,False
train,aaaaapks,aaaaapks_s016_t001,829.0,21,511.0221,532.0055,-88.97789999999998,211.02210000000002,False
train,aaaaapks,aaaaapks_s016_t001,829.0,22,542.0,558.011,-58.0,242.0,False
train,aaaaapks,aaaaapks_s016_t001,829.0,23,570.0497,588.0166,-29.95029999999997,270.04970000000003,False
train,aaaaapks,aaaaapks_s016_t001,829.0,24,596.0387,611.0221,-3.961300000000051,296.03869999999995,False
train,aaaaapks,aaaaapks_s016_t001,829.0,25,625.0,642.0718,25.0,325.0,False
train,aaaaapks,aaaaapks_s016_t001,829.0,26,650.0442,665.7569,50.044200000000046,350.04420000000005,False
train,aaaaapks,aaaaapks_s016_t001,829.0,27,670.9613,682.0,70.96130000000005,370.96130000000005,False
train,aaaaapks,aaaaapks_s016_t001,829.0,28,693.0331,704.0387,93.03309999999999,393.0331,False
train,aaaaapks,aaaaapks_s016_t001,829.0,29,714.9724,725.0829,114.9724,414.9724,False
train,aaaaapks,aaaaapks_s016_t001,829.0,30,743.5967,759.9724,143.59670000000006,443.59670000000006,False
train,aaaaapks,aaaaapks_s016_t001,829.0,31,768.9724,778.0552,168.9724,468.9724,False
train,aaaaapks,aaaaapks_s016_t001,829.0,32,791.0497,809.9779,191.04970000000003,491.04970000000003,False
train,aaaaapks,aaaaapks_s016_t001,829.0,33,822.0387,826.9448,222.03869999999995,522.0387,False
train,aaaaapks,aaaaapks_s016_t002,601.0,1,1.0,5.0101,-599.0,-299.0,False
train,aaaaapks,aaaaapks_s016_t002,601.0,2,20.0,38.9697,-580.0,-280.0,False
train,aaaaapks,aaaaapks_s016_t002,601.0,3,54.0303,66.9394,-545.9697,-245.9697,False
train,aaaaapks,aaaaapks_s016_t002,601.0,4,74.5758,95.0,-525.4242,-225.42419999999998,False
train,aaaaapks,aaaaapks_s016_t002,601.0,5,110.0,128.0,-490.0,-190.0,False
train,aaaaapks,aaaaapks_s016_t002,601.0,6,143.0606,152.0909,-456.9394,-156.9394,False
train,aaaaapks,aaaaapks_s016_t002,601.0,7,160.0606,179.0909,-439.9394,-139.9394,False
train,aaaaapks,aaaaapks_s016_t002,601.0,8,189.0,207.0,-411.0,-111.0,False
train,aaaaapks,aaaaapks_s016_t002,601.0,9,220.0909,237.0,-379.90909999999997,-79.9091,False
train,aaaaapks,aaaaapks_s016_t002,601.0,10,252.9697,271.0909,-347.0303,-47.03030000000001,False
train,aaaaapks,aaaaapks_s016_t002,601.0,11,287.0909,303.1515,-312.9091,-12.909100000000024,False
train,aaaaapks,aaaaapks_s016_t002,601.0,12,308.9697,327.1515,-291.0303,8.969699999999989,False
train,aaaaapks,aaaaapks_s016_t002,601.0,13,340.9697,366.0,-259.0303,40.96969999999999,False
train,aaaaapks,aaaaapks_s016_t002,601.0,14,378.0303,392.0303,-221.9697,78.03030000000001,False
train,aaaaapks,aaaaapks_s016_t002,601.0,15,401.0303,416.0,-198.9697,101.03030000000001,False
train,aaaaapks,aaaaapks_s016_t002,601.0,16,426.8485,453.1515,-173.1515,126.8485,False
train,aaaaapks,aaaaapks_s016_t002,601.0,17,471.0606,488.0303,-128.93939999999998,171.06060000000002,False
train,aaaaapks,aaaaapks_s016_t002,601.0,18,502.9697,521.0909,-97.03030000000001,202.9697,False
train,aaaaapks,aaaaapks_s016_t002,601.0,19,534.0606,551.0303,-65.93939999999998,234.06060000000002,False
train,aaaaapks,aaaaapks_s016_t002,601.0,20,566.0303,584.0303,-33.96969999999999,266.0303,False
train,aaaaapks,aaaaapks_s016_t003,300.0,1,16.5746,34.0442,-583.4254,-283.4254,False
train,aaaaapks,aaaaapks_s016_t003,300.0,2,51.0331,65.1547,-548.9669,-248.9669,False
train,aaaaapks,aaaaapks_s016_t003,300.0,3,80.0221,98.6851,-519.9779,-219.9779,False
train,aaaaapks,aaaaapks_s016_t003,300.0,4,118.0,135.0718,-482.0,-182.0,False
train,aaaaapks,aaaaapks_s016_t003,300.0,5,149.6851,165.0663,-450.31489999999997,-150.3149,False
train,aaaaapks,aaaaapks_s016_t003,300.0,6,177.9116,195.9116,-422.0884,-122.08840000000001,False
train,aaaaapks,aaaaapks_s016_t003,300.0,7,210.0276,227.0331,-389.9724,-89.9724,False
train,aaaaapks,aaaaapks_s016_t003,300.0,8,247.9613,259.9945,-352.0387,-52.038700000000006,False
train,aaaaapks,aaaaapks_s016_t003,300.0,9,282.9613,296.0552,-317.0387,-17.038700000000006,False
train,aaaaapks,aaaaapks_s016_t005,953.0,1,168.0,234.7845,-432.0,-132.0,False
train,aaaaapks,aaaaapks_s016_t005,953.0,2,400.0909,414.0909,-199.90910000000002,100.09089999999998,False
train,aaaaapks,aaaaapks_s016_t005,953.0,3,544.0909,568.0909,-55.90909999999997,244.09090000000003,False
train,aaaaapks,aaaaapks_s016_t005,953.0,4,639.1515,653.1515,39.151500000000055,339.15150000000006,False
train,aaaaapks,aaaaapks_s016_t006,773.0,1,5.0303,24.0,-594.9697,-294.9697,False
train,aaaaapks,aaaaapks_s016_t006,773.0,2,152.1515,157.0,-447.8485,-147.8485,False
train,aaaaapks,aaaaapks_s016_t006,773.0,3,337.0,361.9697,-263.0,37.0,False
train,aaaaapks,aaaaapks_s016_t006,773.0,4,395.0909,411.0909,-204.90910000000002,95.09089999999998,False
train,aaaaapks,aaaaapks_s016_t006,773.0,5,429.7879,441.9697,-170.21210000000002,129.78789999999998,False
train,aaaaapks,aaaaapks_s016_t006,773.0,6,496.0909,509.0606,-103.90910000000002,196.09089999999998,False
train,aaaaapks,aaaaapks_s016_t006,773.0,7,546.8788,559.7879,-53.121200000000044,246.87879999999996,False
train,aaaaapks,aaaaapks_s016_t006,773.0,8,596.0303,611.4848,-3.969699999999989,296.0303,False
train,aaaaapks,aaaaapks_s016_t006,773.0,9,641.5455,655.303,41.54549999999995,341.54549999999995,False
train,aaaaapks,aaaaapks_s016_t006,773.0,10,682.1515,703.0,82.15150000000006,382.15150000000006,False
train,aaaaapks,aaaaapks_s016_t006,773.0,11,756.0303,770.8788,156.0303,456.0303,False
train,aaaaapks,aaaaapks_s017_t000,300.0,1,20.0606,28.5455,-579.9394,-279.9394,False
train,aaaaapks,aaaaapks_s017_t000,300.0,2,53.3939,69.3333,-546.6061,-246.6061,False
train,aaaaapks,aaaaapks_s017_t000,300.0,3,89.0303,101.9394,-510.9697,-210.9697,False
train,aaaaapks,aaaaapks_s017_t000,300.0,4,133.0,144.0909,-467.0,-167.0,False
train,aaaaapks,aaaaapks_s017_t000,300.0,5,169.0303,179.2121,-430.9697,-130.9697,False
train,aaaaapks,aaaaapks_s017_t000,300.0,6,226.9697,243.0909,-373.0303,-73.03030000000001,False
train,aaaaapks,aaaaapks_s017_t000,300.0,7,275.6667,282.1515,-324.3333,-24.33330000000001,False
train,aaaaapks,aaaaapks_s017_t001,601.0,1,35.0606,46.0909,-564.9394,-264.9394,False
train,aaaaapks,aaaaapks_s017_t001,601.0,2,155.0909,165.0909,-444.90909999999997,-144.9091,False
train,aaaaapks,aaaaapks_s017_t001,601.0,3,229.1212,243.0,-370.8788,-70.87880000000001,False
train,aaaaapks,aaaaapks_s017_t001,601.0,4,285.0,301.2424,-315.0,-15.0,False
train,aaaaapks,aaaaapks_s017_t001,601.0,5,333.9394,345.5758,-266.0606,33.93939999999998,False
train,aaaaapks,aaaaapks_s017_t001,601.0,6,500.0,520.303,-100.0,200.0,False
train,aaaaapks,aaaaapks_s017_t002,771.0,1,1.0,13.1515,-599.0,-299.0,False
train,aaaaapks,aaaaapks_s017_t002,771.0,2,57.0909,80.0,-542.9091,-242.9091,False
train,aaaaapks,aaaaapks_s017_t002,771.0,3,171.0,193.0,-429.0,-129.0,False
train,aaaaapks,aaaaapks_s017_t002,771.0,4,335.0606,350.8788,-264.9394,35.06060000000002,False
train,aaaaapks,aaaaapks_s017_t002,771.0,5,407.0303,429.8788,-192.9697,107.03030000000001,False
train,aaaaapks,aaaaapks_s017_t002,771.0,6,506.9091,530.0606,-93.09089999999998,206.90910000000002,False
train,aaaaapks,aaaaapks_s017_t002,771.0,7,639.0303,659.0909,39.03030000000001,339.0303,False
train,aaaaapks,aaaaapks_s017_t003,601.0,1,45.9697,70.5152,-554.0303,-254.0303,False
train,aaaaapks,aaaaapks_s017_t003,601.0,2,194.0606,218.9697,-405.9394,-105.9394,False
train,aaaaapks,aaaaapks_s017_t003,601.0,3,302.0909,324.0909,-297.9091,2.0908999999999764,False
train,aaaaapks,aaaaapks_s017_t003,601.0,4,422.0909,446.5758,-177.90910000000002,122.09089999999998,False
train,aaaaapks,aaaaapks_s017_t003,601.0,5,525.0,551.2424,-75.0,225.0,False
train,aaaaapks,aaaaapks_s017_t004,635.0,1,38.4696,64.0608,-561.5304,-261.5304,False
train,aaaaapks,aaaaapks_s017_t004,635.0,2,161.6133,182.0331,-438.3867,-138.3867,False
train,aaaaapks,aaaaapks_s017_t004,635.0,3,292.989,319.2431,-307.011,-7.011000000000024,False
train,aaaaapks,aaaaapks_s017_t004,635.0,4,435.3591,463.2044,-164.6409,135.3591,False
train,aaaaapks,aaaaapks_s017_t004,635.0,5,575.1713,605.9669,-24.828700000000026,275.1713,False
train,aaaaapks,aaaaapks_s017_t005,940.0,1,78.5027,115.1326,-521.4973,-221.4973,False
train,aaaaapks,aaaaapks_s017_t005,940.0,2,334.0387,359.5247,-265.9613,34.038700000000006,False
train,aaaaapmd,aaaaapmd_s003_t000,73.0,1,1.0,72.0,-599.0,-299.0,False
train,aaaaapmd,aaaaapmd_s003_t001,1496.0,1,1.0,934.1081,-599.0,-299.0,False
train,aaaaapnl,aaaaapnl_s002_t000,83.0,1,52.332,82.0,-547.668,-247.668,False
train,aaaaappt,aaaaappt_s004_t002,5.0,1,0.0,4.1024,-600.0,-300.0,False
train,aaaaappv,aaaaappv_s002_t008,9.0,1,0.0,8.8464,-600.0,-300.0,False
train,aaaaaprf,aaaaaprf_s001_t000,1272.0,1,96.0,117.116,-504.0,-204.0,False
train,aaaaaprf,aaaaaprf_s001_t000,1272.0,2,226.004,290.0549,-373.996,-73.99600000000001,False
train,aaaaaprf,aaaaaprf_s001_t000,1272.0,3,431.612,502.008,-168.38799999999998,131.61200000000002,False
train,aaaaaprf,aaaaaprf_s001_t000,1272.0,4,549.996,604.0,-50.00400000000002,249.99599999999998,False
train,aaaaaprf,aaaaaprf_s001_t000,1272.0,5,692.996,751.0042,92.99599999999998,392.996,False
train,aaaaaprf,aaaaaprf_s001_t000,1272.0,6,814.996,842.492,214.99599999999998,514.996,False
train,aaaaaprf,aaaaaprf_s001_t000,1272.0,7,857.008,912.0071,257.00800000000004,557.008,False
train,aaaaaprf,aaaaaprf_s001_t000,1272.0,8,985.004,1006.228,385.004,685.004,False
train,aaaaaprf,aaaaaprf_s001_t000,1272.0,9,1047.668,1080.724,447.6679999999999,747.6679999999999,False
train,aaaaaprj,aaaaaprj_s001_t000,1211.0,1,22.5547,40.1563,-577.4453,-277.4453,False
train,aaaaaprj,aaaaaprj_s001_t000,1211.0,2,71.2773,98.0866,-528.7227,-228.7227,False
train,aaaaaprj,aaaaaprj_s001_t000,1211.0,3,122.5566,148.3574,-477.4434,-177.4434,False
train,aaaaaprj,aaaaaprj_s001_t000,1211.0,4,179.7109,198.9057,-420.28909999999996,-120.28909999999999,False
train,aaaaaprj,aaaaaprj_s001_t000,1211.0,5,224.668,252.8672,-375.332,-75.332,False
train,aaaaaprj,aaaaaprj_s001_t000,1211.0,6,282.0044,297.1094,-317.9956,-17.995600000000024,False
train,aaaaaprj,aaaaaprj_s001_t000,1211.0,7,306.8048,320.7182,-293.1952,6.8048,False
train,aaaaaprj,aaaaaprj_s001_t000,1211.0,8,364.7422,407.8438,-235.25779999999997,64.74220000000003,False
train,aaaaaprj,aaaaaprj_s001_t000,1211.0,9,431.3101,461.677,-168.68990000000002,131.31009999999998,False
train,aaaaaprj,aaaaaprj_s001_t000,1211.0,10,483.8672,537.3678,-116.13279999999997,183.86720000000003,False
train,aaaaaprj,aaaaaprj_s001_t000,1211.0,11,560.1328,582.2943,-39.867200000000025,260.1328,False
train,aaaaaprj,aaaaaprj_s001_t000,1211.0,12,599.9648,643.5065,-0.03520000000003165,299.96479999999997,False
train,aaaaaprj,aaaaaprj_s001_t000,1211.0,13,682.5594,715.9883,82.55939999999998,382.5594,False
train,aaaaaprj,aaaaaprj_s001_t000,1211.0,14,765.4648,791.5342,165.46479999999997,465.46479999999997,False
train,aaaaaprj,aaaaaprj_s001_t000,1211.0,15,815.0898,846.5438,215.08979999999997,515.0898,False
train,aaaaaprj,aaaaaprj_s001_t000,1211.0,16,860.7891,895.4611,260.78909999999996,560.7891,False
train,aaaaaprj,aaaaaprj_s001_t000,1211.0,17,936.2422,975.7167,336.2422,636.2422,False
train,aaaaaprj,aaaaaprj_s001_t000,1211.0,18,1020.3385,1045.5438,420.33849999999995,720.3385,False
train,aaaaaprj,aaaaaprj_s001_t000,1211.0,19,1067.6758,1111.688,467.6758,767.6758,False
train,aaaaaprj,aaaaaprj_s001_t000,1211.0,20,1196.9453,1209.6848,596.9453000000001,896.9453000000001,False
train,aaaaaprj,aaaaaprj_s002_t000,300.0,1,1.1133,19.6638,-598.8867,-298.8867,False
train,aaaaaprj,aaaaaprj_s002_t000,300.0,2,45.1521,99.6028,-554.8479,-254.8479,False
train,aaaaaprj,aaaaaprj_s002_t000,300.0,3,126.7891,160.0898,-473.2109,-173.21089999999998,False
train,aaaaaprj,aaaaaprj_s002_t000,300.0,4,182.3555,222.4631,-417.6445,-117.6445,False
train,aaaaaprj,aaaaaprj_s002_t000,300.0,5,243.3284,263.1031,-356.6716,-56.67160000000001,False
train,aaaaaprj,aaaaaprj_s002_t001,601.0,1,1.0273,31.3281,-598.9727,-298.9727,False
train,aaaaaprj,aaaaaprj_s002_t001,601.0,2,48.6484,77.3119,-551.3516,-251.3516,False
train,aaaaaprj,aaaaaprj_s002_t001,601.0,3,90.3205,116.3438,-509.6795,-209.67950000000002,False
train,aaaaaprj,aaaaaprj_s002_t001,601.0,4,138.4336,166.9336,-461.5664,-161.5664,False
train,aaaaaprj,aaaaaprj_s002_t001,601.0,5,203.2266,234.7266,-396.77340000000004,-96.77340000000001,False
train,aaaaaprj,aaaaaprj_s002_t001,601.0,6,254.6406,281.4508,-345.3594,-45.359399999999994,False
train,aaaaaprj,aaaaaprj_s002_t001,601.0,7,300.7539,347.5997,-299.2461,0.7538999999999874,False
train,aaaaaprj,aaaaaprj_s002_t001,601.0,8,378.0391,403.0391,-221.96089999999998,78.03910000000002,False
train,aaaaaprj,aaaaaprj_s002_t001,601.0,9,444.5508,459.3516,-155.44920000000002,144.55079999999998,False
train,aaaaaprj,aaaaaprj_s002_t001,601.0,10,493.8438,524.043,-106.15620000000001,193.8438,False
train,aaaaaprj,aaaaaprj_s002_t001,601.0,11,541.957,563.4476,-58.043000000000006,241.957,False
train,aaaaaprj,aaaaaprj_s002_t001,601.0,12,579.957,599.6696,-20.043000000000006,279.957,False
train,aaaaaprj,aaaaaprj_s002_t002,601.0,1,24.082,38.8512,-575.918,-275.918,False
train,aaaaaprj,aaaaaprj_s002_t002,601.0,2,148.957,163.3472,-451.043,-151.043,False
train,aaaaaprj,aaaaaprj_s002_t002,601.0,3,210.8498,248.2927,-389.15020000000004,-89.15020000000001,False
train,aaaaaprj,aaaaaprj_s002_t002,601.0,4,340.0547,350.0547,-259.9453,40.054700000000025,False
train,aaaaaprj,aaaaaprj_s002_t002,601.0,5,408.9453,425.2461,-191.05470000000003,108.94529999999997,False
train,aaaaaprj,aaaaaprj_s002_t002,601.0,6,434.7461,447.7899,-165.2539,134.7461,False
train,aaaaaprj,aaaaaprj_s002_t002,601.0,7,538.8555,575.5531,-61.144499999999994,238.8555,False
train,aaaaaprj,aaaaaprj_s002_t003,300.0,1,66.7891,88.9883,-533.2109,-233.21089999999998,False
train,aaaaaprj,aaaaaprj_s002_t003,300.0,2,102.8179,129.677,-497.1821,-197.1821,False
train,aaaaaprj,aaaaaprj_s002_t003,300.0,3,175.1165,186.9102,-424.8835,-124.8835,False
train,aaaaaprj,aaaaaprj_s002_t003,300.0,4,276.7658,295.9001,-323.2342,-23.234199999999987,False
train,aaaaaprj,aaaaaprj_s002_t004,601.0,1,158.1744,172.6559,-441.8256,-141.8256,False
train,aaaaaprj,aaaaaprj_s002_t005,422.0,1,2.1406,18.6406,-597.8594,-297.8594,False
train,aaaaaprj,aaaaaprj_s002_t005,422.0,2,189.6406,206.8065,-410.3594,-110.3594,False
train,aaaaaprj,aaaaaprj_s002_t005,422.0,3,234.1406,255.2804,-365.8594,-65.8594,False
train,aaaaapxw,aaaaapxw_s002_t002,1037.0,1,79.8768,124.6104,-520.1232,-220.1232,False
train,aaaaapxw,aaaaapxw_s002_t002,1037.0,2,232.5438,266.1065,-367.45619999999997,-67.4562,False
train,aaaaapxw,aaaaapxw_s002_t002,1037.0,3,502.1165,536.9806,-97.88350000000003,202.11649999999997,False
train,aaaaapxw,aaaaapxw_s002_t002,1037.0,4,551.9617,613.1826,-48.03830000000005,251.96169999999995,False
train,aaaaaqbb,aaaaaqbb_s001_t001,1297.0,1,42.1326,106.9724,-557.8674,-257.8674,False
train,aaaaaqbb,aaaaaqbb_s001_t001,1297.0,2,627.0663,695.0552,27.066299999999956,327.06629999999996,False
train,aaaaaqbb,aaaaaqbb_s001_t001,1297.0,3,1047.337,1114.4972,447.337,747.337,False
train,aaaaaqbb,aaaaaqbb_s008_t001,904.0,1,32.0492,85.0303,-567.9508,-267.9508,False
train,aaaaaqbb,aaaaaqbb_s008_t001,904.0,2,325.303,507.1212,-274.697,25.302999999999997,False
train,aaaaaqbb,aaaaaqbb_s009_t000,401.0,1,98.8483,150.0303,-501.1517,-201.1517,False
train,aaaaaqbb,aaaaaqbb_s009_t000,401.0,2,160.9724,280.3536,-439.0276,-139.0276,False
train,aaaaaqbb,aaaaaqbb_s009_t000,401.0,3,284.1271,298.116,-315.8729,-15.872900000000016,False
train,aaaaaqbb,aaaaaqbb_s009_t001,184.0,1,79.1823,182.011,-520.8177000000001,-220.8177,False
train,aaaaaqbb,aaaaaqbb_s009_t002,287.0,1,144.9779,196.5083,-455.0221,-155.0221,False
train,aaaaaqbb,aaaaaqbb_s009_t003,263.0,1,130.9613,176.7403,-469.0387,-169.0387,False
train,aaaaaqbb,aaaaaqbb_s010_t000,183.0,1,87.9558,143.1934,-512.0442,-212.0442,False
train,aaaaaqbb,aaaaaqbb_s010_t001,183.0,1,53.4199,120.0497,-546.5801,-246.58010000000002,False
train,aaaaaqbb,aaaaaqbb_s010_t002,184.0,1,47.3315,114.0939,-552.6685,-252.6685,False
train,aaaaaqbb,aaaaaqbb_s010_t003,183.0,1,95.0,137.0994,-505.0,-205.0,False
train,aaaaaqkb,aaaaaqkb_s001_t000,1472.0,1,1.0,26.7938,-599.0,-299.0,False
train,aaaaaqkb,aaaaaqkb_s001_t000,1472.0,2,168.7212,287.0681,-431.2788,-131.2788,False
train,aaaaaqkb,aaaaaqkb_s001_t000,1472.0,3,478.0309,569.8565,-121.96910000000003,178.03089999999997,False
train,aaaaaqkb,aaaaaqkb_s001_t000,1472.0,4,817.1362,917.9537,217.13620000000003,517.1362,False
train,aaaaaqkb,aaaaaqkb_s001_t000,1472.0,5,1061.0445,1106.3215,461.04449999999997,761.0445,False
train,aaaaaqkb,aaaaaqkb_s001_t000,1472.0,6,1298.9046,1389.1862,698.9046000000001,998.9046000000001,False
train,aaaaaqkb,aaaaaqkb_s001_t000,1472.0,7,1393.1272,1423.8265,793.1271999999999,1093.1272,False
train,aaaaaqkb,aaaaaqkb_s001_t001,742.0,1,601.861,639.1907,1.86099999999999,301.861,True
train,aaaaaqkb,aaaaaqkb_s001_t002,652.0,1,321.0908,412.1898,-278.9092,21.0908,False
train,aaaaaqkb,aaaaaqkb_s001_t002,652.0,2,611.0836,651.0,11.083600000000047,311.08360000000005,False
train,aaaaaqkb,aaaaaqkb_s001_t003,214.0,1,42.0563,142.8283,-557.9437,-257.9437,False
train,aaaaaqkb,aaaaaqkb_s001_t004,478.0,1,16.9846,120.2089,-583.0154,-283.0154,False
train,aaaaaqkb,aaaaaqkb_s001_t004,478.0,2,378.1335,477.0,-221.86649999999997,78.13350000000003,False
train,aaaaaqkb,aaaaaqkb_s001_t005,1219.0,1,130.1281,303.8792,-469.8719,-169.8719,False
train,aaaaaqkb,aaaaaqkb_s001_t005,1219.0,2,454.0336,580.9637,-145.96640000000002,154.03359999999998,False
train,aaaaaqkb,aaaaaqkb_s001_t005,1219.0,3,707.0336,837.0518,107.03359999999998,407.0336,False
train,aaaaaqkb,aaaaaqkb_s001_t006,601.0,1,500.9083,600.0,-99.0917,200.9083,False
train,aaaaaqkb,aaaaaqkb_s001_t007,300.0,1,141.1744,249.1217,-458.8256,-158.8256,False
train,aaaaaqkb,aaaaaqkb_s001_t008,603.0,1,28.8974,80.1235,-571.1026,-271.1026,False
train,aaaaaqkb,aaaaaqkb_s001_t008,603.0,2,250.1798,378.1998,-349.8202,-49.8202,False
train,aaaaaqkb,aaaaaqkb_s001_t009,725.0,1,306.0718,425.7811,-293.9282,6.071799999999996,False
train,aaaaaqkb,aaaaaqkb_s001_t011,300.0,1,136.9891,280.9946,-463.0109,-163.0109,False
train,aaaaaqkb,aaaaaqkb_s002_t002,955.0,1,353.9437,475.7875,-246.05630000000002,53.94369999999998,False
train,aaaaaqkb,aaaaaqkb_s002_t003,1098.0,1,354.0372,466.8892,-245.96280000000002,54.037199999999984,False
train,aaaaaqkb,aaaaaqkb_s002_t003,1098.0,2,744.9936,830.0527,144.99360000000001,444.9936,False
train,aaaaaqkb,aaaaaqkb_s002_t005,930.0,1,391.9519,481.7339,-208.04809999999998,91.95190000000002,False
train,aaaaaqkb,aaaaaqkb_s002_t006,601.0,1,275.9973,375.2252,-324.0027,-24.002700000000004,False
train,aaaaaqkb,aaaaaqkb_s002_t007,547.0,1,55.9891,162.0291,-544.0109,-244.0109,False
train,aaaaaqkb,aaaaaqkb_s002_t007,547.0,2,337.8592,448.1226,-262.1408,37.85919999999999,False
train,aaaaaqkb,aaaaaqkb_s003_t001,910.0,1,334.1272,464.1907,-265.8728,34.127200000000016,False
train,aaaaaqkb,aaaaaqkb_s003_t002,827.0,1,87.8556,189.1272,-512.1444,-212.14440000000002,False
train,aaaaaqkb,aaaaaqkb_s003_t002,827.0,2,332.0899,435.4505,-267.9101,32.0899,False
train,aaaaaqkb,aaaaaqkb_s003_t002,827.0,3,647.2688,783.4632,47.268800000000056,347.26880000000006,False
train,aaaaaqkb,aaaaaqkb_s003_t003,764.0,1,1.0,36.0127,-599.0,-299.0,False
train,aaaaaqkb,aaaaaqkb_s003_t003,764.0,2,71.9037,115.2734,-528.0963,-228.09629999999999,False
train,aaaaaqkb,aaaaaqkb_s003_t003,764.0,3,320.1335,436.8002,-279.8665,20.133500000000026,False
train,aaaaaqkb,aaaaaqkb_s003_t004,1170.0,1,251.04,337.2343,-348.96000000000004,-48.96000000000001,False
train,aaaaaqkb,aaaaaqkb_s003_t004,1170.0,2,718.1753,841.9718,118.1753,418.1753,False
train,aaaaaqkb,aaaaaqkb_s003_t005,300.0,1,1.0,75.7947,-599.0,-299.0,False
train,aaaaaqkb,aaaaaqkb_s003_t006,697.0,1,321.2243,403.1953,-278.7757,21.224300000000028,False
train,aaaaaqkb,aaaaaqkb_s003_t009,891.0,1,508.1817,554.9119,-91.81830000000002,208.18169999999998,False
train,aaaaaqkh,aaaaaqkh_s002_t002,787.0,1,433.8668,486.697,-166.1332,133.8668,False
train,aaaaaqkh,aaaaaqkh_s002_t003,768.0,1,339.1543,468.2886,-260.8457,39.15429999999998,False
train,aaaaaqkh,aaaaaqkh_s003_t000,719.0,1,183.1831,419.121,-416.81690000000003,-116.8169,False
train,aaaaaqkh,aaaaaqkh_s003_t003,789.0,1,312.929,493.0622,-287.071,12.928999999999974,False
train,aaaaaqkh,aaaaaqkh_s003_t004,731.0,1,230.9312,413.0899,-369.0688,-69.06880000000001,False
train,aaaaaqkh,aaaaaqkh_s003_t006,729.0,1,252.5549,452.333,-347.4451,-47.4451,False
train,aaaaaqkh,aaaaaqkh_s003_t007,885.0,1,311.9878,564.5405,-288.0122,11.987799999999993,False
train,aaaaaqro,aaaaaqro_s003_t006,601.0,1,145.0055,196.1043,-454.9945,-154.9945,False
train,aaaaaqtl,aaaaaqtl_s007_t007,601.0,1,21.0078,108.8506,-578.9922,-278.9922,False
train,aaaaaqtx,aaaaaqtx_s009_t000,300.0,1,1.0,299.0,-599.0,-299.0,False
train,aaaaaqtx,aaaaaqtx_s009_t001,601.0,1,1.0,600.0,-599.0,-299.0,False
train,aaaaaqtx,aaaaaqtx_s009_t002,601.0,1,1.0,600.0,-599.0,-299.0,False
train,aaaaaqtx,aaaaaqtx_s009_t003,601.0,1,1.0,600.0,-599.0,-299.0,False
train,aaaaaqtx,aaaaaqtx_s009_t004,300.0,1,1.0,299.0,-599.0,-299.0,False
train,aaaaaqtx,aaaaaqtx_s009_t005,601.0,1,1.0,600.0,-599.0,-299.0,False
train,aaaaaqtx,aaaaaqtx_s009_t006,601.0,1,1.0,600.0,-599.0,-299.0,False
train,aaaaaqtx,aaaaaqtx_s012_t000,300.0,1,1.0,299.0,-599.0,-299.0,False
train,aaaaaqtx,aaaaaqtx_s012_t001,601.0,1,1.0,600.0,-599.0,-299.0,False
train,aaaaaqtx,aaaaaqtx_s012_t002,300.0,1,1.0,299.0,-599.0,-299.0,False
train,aaaaaqtx,aaaaaqtx_s012_t003,601.0,1,1.0,600.0,-599.0,-299.0,False
train,aaaaaqtx,aaaaaqtx_s012_t004,300.0,1,1.0,204.3322,-599.0,-299.0,False
train,aaaaaqtx,aaaaaqtx_s012_t004,300.0,2,207.3423,224.9844,-392.6577,-92.6577,False
train,aaaaaqtx,aaaaaqtx_s012_t004,300.0,3,229.2809,299.0,-370.7191,-70.7191,False
train,aaaaaqtx,aaaaaqtx_s012_t005,601.0,1,1.0,14.7993,-599.0,-299.0,False
train,aaaaaqtx,aaaaaqtx_s012_t005,601.0,2,18.2832,30.4348,-581.7168,-281.7168,False
train,aaaaaqtx,aaaaaqtx_s012_t005,601.0,3,33.8952,86.1527,-566.1048,-266.1048,False
train,aaaaaqtx,aaaaaqtx_s012_t005,601.0,4,89.6187,117.1271,-510.3813,-210.3813,False
train,aaaaaqtx,aaaaaqtx_s012_t005,601.0,5,120.4593,171.0167,-479.5407,-179.54070000000002,False
train,aaaaaqtx,aaaaaqtx_s012_t005,601.0,6,174.4314,188.6455,-425.5686,-125.5686,False
train,aaaaaqtx,aaaaaqtx_s012_t005,601.0,7,192.0736,222.0658,-407.9264,-107.9264,False
train,aaaaaqtx,aaaaaqtx_s012_t005,601.0,8,228.0301,236.7258,-371.9699,-71.9699,False
train,aaaaaqtx,aaaaaqtx_s012_t005,601.0,9,244.0011,254.4805,-355.9989,-55.99889999999999,False
train,aaaaaqtx,aaaaaqtx_s012_t005,601.0,10,258.8395,294.1795,-341.1605,-41.16050000000001,False
train,aaaaaqtx,aaaaaqtx_s012_t005,601.0,11,301.1906,322.233,-298.8094,1.1906000000000176,False
train,aaaaaqtx,aaaaaqtx_s012_t005,601.0,12,327.5652,347.4649,-272.4348,27.565200000000004,False
train,aaaaaqtx,aaaaaqtx_s012_t005,601.0,13,350.5797,361.1984,-249.4203,50.5797,False
train,aaaaaqtx,aaaaaqtx_s012_t005,601.0,14,370.835,401.9666,-229.16500000000002,70.83499999999998,False
train,aaaaaqtx,aaaaaqtx_s012_t005,601.0,15,406.0892,411.3567,-193.9108,106.0892,False
train,aaaaaqtx,aaaaaqtx_s012_t005,601.0,16,414.5061,422.087,-185.4939,114.5061,False
train,aaaaaqtx,aaaaaqtx_s012_t005,601.0,17,429.2219,438.3356,-170.7781,129.2219,False
train,aaaaaqtx,aaaaaqtx_s012_t005,601.0,18,442.2787,445.9298,-157.72129999999999,142.27870000000001,False
train,aaaaaqtx,aaaaaqtx_s012_t005,601.0,19,454.029,476.7157,-145.971,154.029,False
train,aaaaaqtx,aaaaaqtx_s012_t005,601.0,20,488.3099,512.1918,-111.69009999999997,188.30990000000003,False
train,aaaaaqtx,aaaaaqtx_s012_t005,601.0,21,516.7659,527.9699,-83.23410000000001,216.7659,False
train,aaaaaqtx,aaaaaqtx_s012_t005,601.0,22,536.0033,545.8974,-63.99670000000003,236.00329999999997,False
train,aaaaaqtx,aaaaaqtx_s012_t005,601.0,23,552.6845,556.1405,-47.31550000000004,252.68449999999996,False
train,aaaaaqtx,aaaaaqtx_s012_t005,601.0,24,565.8952,569.1282,-34.104799999999955,265.89520000000005,False
train,aaaaaqtx,aaaaaqtx_s012_t005,601.0,25,573.1014,585.0301,-26.898599999999988,273.1014,False
train,aaaaaqtx,aaaaaqtx_s012_t005,601.0,26,592.0535,599.5786,-7.9465000000000146,292.0535,False
train,aaaaaqtx,aaaaaqtx_s012_t006,300.0,1,5.039,9.9443,-594.961,-294.961,False
train,aaaaaqtx,aaaaaqtx_s012_t006,300.0,2,16.2542,21.4939,-583.7458,-283.7458,False
train,aaaaaqtx,aaaaaqtx_s012_t006,300.0,3,27.243,30.8328,-572.757,-272.757,False
train,aaaaaqtx,aaaaaqtx_s012_t006,300.0,4,37.9476,41.136,-562.0524,-262.0524,False
train,aaaaaqtx,aaaaaqtx_s012_t006,300.0,5,63.7402,69.0914,-536.2598,-236.25979999999998,False
train,aaaaaqtx,aaaaaqtx_s012_t006,300.0,6,86.495,90.5307,-513.505,-213.505,False
train,aaaaaqtx,aaaaaqtx_s012_t006,300.0,7,103.0792,108.0212,-496.9208,-196.92079999999999,False
train,aaaaaqtx,aaaaaqtx_s012_t006,300.0,8,112.1996,122.9911,-487.80039999999997,-187.8004,False
train,aaaaaqtx,aaaaaqtx_s012_t006,300.0,9,136.5463,151.8194,-463.4537,-163.4537,False
train,aaaaaqtx,aaaaaqtx_s012_t006,300.0,10,156.5708,173.9175,-443.42920000000004,-143.4292,False
train,aaaaaqtx,aaaaaqtx_s012_t006,300.0,11,182.5686,185.4225,-417.4314,-117.4314,False
train,aaaaaqtx,aaaaaqtx_s012_t006,300.0,12,200.9487,203.9365,-399.05129999999997,-99.0513,False
train,aaaaaqtx,aaaaaqtx_s012_t006,300.0,13,212.4091,217.8718,-387.59090000000003,-87.5909,False
train,aaaaaqtx,aaaaaqtx_s012_t006,300.0,14,224.3579,232.7637,-375.6421,-75.6421,False
train,aaaaaqtx,aaaaaqtx_s012_t006,300.0,15,241.9944,252.2731,-358.00559999999996,-58.00559999999999,False
train,aaaaaqtx,aaaaaqtx_s012_t006,300.0,16,256.3166,261.6009,-343.6834,-43.683400000000006,False
train,aaaaaqtx,aaaaaqtx_s012_t006,300.0,17,266.4169,269.3824,-333.5831,-33.5831,False
train,aaaaaqtx,aaaaaqtx_s012_t006,300.0,18,274.2475,286.7336,-325.7525,-25.752499999999998,False
train,aaaaaqtx,aaaaaqtx_s012_t007,601.0,1,3.5897,5.864,-596.4103,-296.4103,False
train,aaaaaqtx,aaaaaqtx_s012_t007,601.0,2,8.9186,13.2441,-591.0814,-291.0814,False
train,aaaaaqtx,aaaaaqtx_s012_t007,601.0,3,21.0256,25.7079,-578.9744,-278.9744,False
train,aaaaaqtx,aaaaaqtx_s012_t007,601.0,4,30.0334,34.359,-569.9666,-269.96659999999997,False
train,aaaaaqtx,aaaaaqtx_s012_t007,601.0,5,37.9799,44.2453,-562.0201,-262.0201,False
train,aaaaaqtx,aaaaaqtx_s012_t007,601.0,6,48.5518,50.5362,-551.4482,-251.44819999999999,False
train,aaaaaqtx,aaaaaqtx_s012_t007,601.0,7,56.4225,59.7001,-543.5775,-243.5775,False
train,aaaaaqtx,aaaaaqtx_s012_t007,601.0,8,63.5741,65.8261,-536.4259,-236.4259,False
train,aaaaaqtx,aaaaaqtx_s012_t007,601.0,9,72.1806,78.6466,-527.8194,-227.8194,False
train,aaaaaqtx,aaaaaqtx_s012_t007,601.0,10,82.7938,91.1795,-517.2062,-217.2062,False
train,aaaaaqtx,aaaaaqtx_s012_t007,601.0,11,96.8428,109.5518,-503.1572,-203.1572,False
train,aaaaaqtx,aaaaaqtx_s012_t007,601.0,12,121.9799,124.9509,-478.0201,-178.0201,False
train,aaaaaqtx,aaaaaqtx_s012_t007,601.0,13,135.6934,152.7503,-464.3066,-164.3066,False
train,aaaaaqtx,aaaaaqtx_s012_t007,601.0,14,158.1884,166.9677,-441.8116,-141.8116,False
train,aaaaaqtx,aaaaaqtx_s012_t007,601.0,15,170.0056,174.9387,-429.99440000000004,-129.9944,False
train,aaaaaqtx,aaaaaqtx_s012_t007,601.0,16,179.4794,186.2241,-420.5206,-120.5206,False
train,aaaaaqtx,aaaaaqtx_s012_t007,601.0,17,190.767,209.7681,-409.233,-109.233,False
train,aaaaaqtx,aaaaaqtx_s012_t007,601.0,18,222.087,234.8517,-377.913,-77.91300000000001,False
train,aaaaaqtx,aaaaaqtx_s012_t007,601.0,19,239.1717,243.854,-360.8283,-60.82830000000001,False
train,aaaaaqtx,aaaaaqtx_s012_t007,601.0,20,247.4214,250.738,-352.5786,-52.578599999999994,False
train,aaaaaqtx,aaaaaqtx_s012_t007,601.0,21,256.3356,260.99,-343.6644,-43.6644,False
train,aaaaaqtx,aaaaaqtx_s012_t007,601.0,22,266.7035,272.835,-333.2965,-33.29649999999998,False
train,aaaaaqtx,aaaaaqtx_s012_t007,601.0,23,281.8651,285.3489,-318.1349,-18.134900000000016,False
train,aaaaaqtx,aaaaaqtx_s012_t007,601.0,24,290.1962,309.9565,-309.8038,-9.803800000000024,False
train,aaaaaqtx,aaaaaqtx_s012_t007,601.0,25,322.806,328.1572,-277.194,22.805999999999983,False
train,aaaaaqtx,aaaaaqtx_s012_t007,601.0,26,332.7336,338.6143,-267.2664,32.733600000000024,False
train,aaaaaqtx,aaaaaqtx_s012_t007,601.0,27,342.767,359.2943,-257.233,42.766999999999996,False
train,aaaaaqtx,aaaaaqtx_s012_t007,601.0,28,364.4169,372.3601,-235.5831,64.4169,False
train,aaaaaqtx,aaaaaqtx_s012_t007,601.0,29,376.4013,379.8294,-223.5987,76.40129999999999,False
train,aaaaaqtx,aaaaaqtx_s012_t007,601.0,30,385.5708,397.6667,-214.42919999999998,85.57080000000002,False
train,aaaaaqtx,aaaaaqtx_s012_t007,601.0,31,402.9208,415.9086,-197.07920000000001,102.92079999999999,False
train,aaaaaqtx,aaaaaqtx_s012_t007,601.0,32,425.0914,429.3278,-174.90859999999998,125.09140000000002,False
train,aaaaaqtx,aaaaaqtx_s012_t007,601.0,33,432.3657,436.0446,-167.6343,132.3657,False
train,aaaaaqtx,aaaaaqtx_s012_t007,601.0,34,440.1695,445.7715,-159.83049999999997,140.16950000000003,False
train,aaaaaqtx,aaaaaqtx_s012_t007,601.0,35,450.8874,458.6076,-149.1126,150.8874,False
train,aaaaaqtx,aaaaaqtx_s012_t007,601.0,36,462.0357,468.1394,-137.96429999999998,162.03570000000002,False
train,aaaaaqtx,aaaaaqtx_s012_t007,601.0,37,472.8038,486.4326,-127.19619999999998,172.80380000000002,False
train,aaaaaqtx,aaaaaqtx_s012_t007,601.0,38,489.7748,502.4838,-110.22519999999997,189.77480000000003,False
train,aaaaaqtx,aaaaaqtx_s012_t007,601.0,39,513.9666,520.2653,-86.03340000000003,213.96659999999997,False
train,aaaaaqtx,aaaaaqtx_s012_t007,601.0,40,532.6109,541.1115,-67.38909999999998,232.61090000000002,False
train,aaaaaqtx,aaaaaqtx_s012_t007,601.0,41,547.8004,559.3389,-52.19960000000003,247.80039999999997,False
train,aaaaaqtx,aaaaaqtx_s012_t007,601.0,42,569.8963,583.4693,-30.103700000000003,269.8963,False
train,aaaaaqtx,aaaaaqtx_s012_t007,601.0,43,588.0123,600.0,-11.987700000000018,288.0123,False
train,aaaaaqtx,aaaaaqtx_s012_t008,300.0,1,1.0,15.942,-599.0,-299.0,False
train,aaaaaqtx,aaaaaqtx_s012_t008,300.0,2,22.0736,31.9955,-577.9264000000001,-277.9264,False
train,aaaaaqtx,aaaaaqtx_s012_t008,300.0,3,44.8573,54.0825,-555.1427,-255.1427,False
train,aaaaaqtx,aaaaaqtx_s012_t008,300.0,4,70.7815,98.7637,-529.2185,-229.2185,False
train,aaaaaqtx,aaaaaqtx_s012_t008,300.0,5,107.3456,114.3969,-492.6544,-192.6544,False
train,aaaaaqtx,aaaaaqtx_s012_t008,300.0,6,128.2207,136.6098,-471.77930000000003,-171.7793,False
train,aaaaaqtx,aaaaaqtx_s012_t008,300.0,7,143.3356,157.9955,-456.6644,-156.6644,False
train,aaaaaqtx,aaaaaqtx_s012_t008,300.0,8,161.8138,165.6042,-438.1862,-138.1862,False
train,aaaaaqtx,aaaaaqtx_s012_t008,300.0,9,179.3244,199.0011,-420.67560000000003,-120.6756,False
train,aaaaaqtx,aaaaaqtx_s012_t008,300.0,10,216.5273,222.9376,-383.47270000000003,-83.4727,False
train,aaaaaqtx,aaaaaqtx_s012_t008,300.0,11,236.6734,244.2821,-363.3266,-63.32660000000001,False
train,aaaaaqtx,aaaaaqtx_s012_t008,300.0,12,249.058,259.3701,-350.942,-50.94200000000001,False
train,aaaaaqtx,aaaaaqtx_s012_t008,300.0,13,266.6667,271.767,-333.3333,-33.33330000000001,False
train,aaaaaqtx,aaaaaqtx_s012_t008,300.0,14,278.9855,287.5418,-321.0145,-21.014499999999998,False
train,aaaaaqtx,aaaaaqtx_s012_t008,300.0,15,290.9142,297.0457,-309.0858,-9.085800000000006,False
train,aaaaaqtx,aaaaaqtx_s012_t009,601.0,1,1.0,51.1472,-599.0,-299.0,False
train,aaaaaqtx,aaaaaqtx_s012_t009,601.0,2,56.9855,100.1014,-543.0145,-243.0145,False
train,aaaaaqtx,aaaaaqtx_s012_t009,601.0,3,103.3924,135.3322,-496.6076,-196.6076,False
train,aaaaaqtx,aaaaaqtx_s012_t009,601.0,4,140.1148,186.0736,-459.8852,-159.8852,False
train,aaaaaqtx,aaaaaqtx_s012_t009,601.0,5,191.5596,224.3913,-408.4404,-108.44040000000001,False
train,aaaaaqtx,aaaaaqtx_s012_t009,601.0,6,230.0033,278.4147,-369.99670000000003,-69.9967,False
train,aaaaaqtx,aaaaaqtx_s012_t009,601.0,7,284.5452,313.3356,-315.4548,-15.454799999999977,False
train,aaaaaqtx,aaaaaqtx_s012_t009,601.0,8,317.7269,356.0212,-282.2731,17.7269,False
train,aaaaaqtx,aaaaaqtx_s012_t009,601.0,9,360.553,407.8963,-239.447,60.553,False
train,aaaaaqtx,aaaaaqtx_s012_t009,601.0,10,415.699,474.6455,-184.301,115.69900000000001,False
train,aaaaaqtx,aaaaaqtx_s012_t009,601.0,11,479.66,497.3021,-120.33999999999997,179.66000000000003,False
train,aaaaaqtx,aaaaaqtx_s012_t009,601.0,12,501.5217,506.3991,-98.47829999999999,201.5217,False
train,aaaaaqtx,aaaaaqtx_s012_t009,601.0,13,510.9242,599.9431,-89.07580000000002,210.92419999999998,False
train,aaaaarcs,aaaaarcs_s003_t001,1083.0,1,725.9859,753.7614,125.98590000000002,425.9859,True
train,aaaaarcs,aaaaarcs_s003_t001,1083.0,2,974.0,1016.3529,374.0,674.0,False
train,aaaaarcs,aaaaarcs_s003_t002,601.0,1,299.0075,353.9753,-300.9925,-0.9925000000000068,False
train,aaaaarcs,aaaaarcs_s003_t002,601.0,2,586.0067,599.7525,-13.993299999999977,286.0067,False
train,aaaaarcs,aaaaarcs_s003_t003,705.0,1,9.9922,50.0063,-590.0078,-290.0078,False
train,aaaaarcs,aaaaarcs_s003_t004,727.0,1,341.4262,394.0289,-258.5738,41.426199999999994,False
train,aaaaarcs,aaaaarcs_s003_t005,689.0,1,319.985,371.0184,-280.015,19.985000000000014,False
train,aaaaarcs,aaaaarcs_s003_t006,781.0,1,393.0921,440.556,-206.90789999999998,93.09210000000002,False
train,aaaaardk,aaaaardk_s001_t001,894.0,1,501.9138,545.9903,-98.08620000000002,201.91379999999998,False
train,aaaaardk,aaaaardk_s001_t002,701.0,1,350.071,393.9667,-249.92899999999997,50.071000000000026,False
train,aaaaardk,aaaaardk_s001_t003,710.0,1,298.0366,369.9567,-301.9634,-1.9633999999999787,False
train,aaaaardk,aaaaardk_s001_t004,661.0,1,299.9767,361.02,-300.0233,-0.023300000000006094,False
train,aaaaardk,aaaaardk_s001_t005,1251.0,1,306.9356,359.2109,-293.0644,6.935600000000022,False
train,aaaaardk,aaaaardk_s001_t006,731.0,1,302.9037,364.03,-297.0963,2.903700000000015,False
train,aaaaardk,aaaaardk_s001_t007,657.0,1,300.9791,356.2925,-299.0209,0.9791000000000167,False
train,aaaaardk,aaaaardk_s001_t008,602.0,1,244.1517,303.0073,-355.8483,-55.848299999999995,False
train,aaaaardk,aaaaardk_s001_t009,603.0,1,255.9037,319.9364,-344.09630000000004,-44.096300000000014,False
train,aaaaardk,aaaaardk_s001_t010,603.0,1,242.0663,309.0963,-357.9337,-57.93369999999999,False
train,aaaaardk,aaaaardk_s001_t011,603.0,1,289.7593,317.0073,-310.2407,-10.240700000000004,False
train,aaaaardk,aaaaardk_s001_t012,602.0,1,276.1544,340.8229,-323.8456,-23.84559999999999,False
train,aaaaardk,aaaaardk_s001_t013,603.0,1,244.8129,311.2071,-355.1871,-55.18709999999999,False
train,aaaaardk,aaaaardk_s001_t014,603.0,1,286.8084,360.1962,-313.1916,-13.191599999999994,False
train,aaaaardk,aaaaardk_s001_t015,604.0,1,260.0899,337.02,-339.9101,-39.9101,False
train,aaaaardk,aaaaardk_s001_t016,602.0,1,274.8946,327.0291,-325.1054,-25.105399999999975,False
train,aaaaardk,aaaaardk_s001_t017,603.0,1,276.9827,333.7493,-323.0173,-23.017299999999977,False
train,aaaaardk,aaaaardk_s001_t018,1083.0,1,258.6294,316.9401,-341.3706,-41.370600000000024,False
train,aaaaardk,aaaaardk_s001_t018,1083.0,2,741.9927,788.7684,141.9927,441.9927,False
train,aaaaardk,aaaaardk_s001_t019,1057.0,1,263.1762,324.03,-336.8238,-36.823800000000006,False
train,aaaaardk,aaaaardk_s001_t019,1057.0,2,735.9782,799.1026,135.97820000000002,435.9782,False
train,aaaaardk,aaaaardk_s001_t020,1527.0,1,234.9918,314.0109,-365.0082,-65.00819999999999,False
train,aaaaardk,aaaaardk_s001_t020,1527.0,2,776.1617,807.406,176.1617,476.1617,False
train,aaaaardk,aaaaardk_s001_t020,1527.0,3,1170.1789,1265.0926,570.1789000000001,870.1789000000001,False
train,aaaaardk,aaaaardk_s001_t021,603.0,1,238.0854,322.0091,-361.9146,-61.91460000000001,False
train,aaaaardk,aaaaardk_s001_t022,1193.0,1,273.8974,361.8174,-326.1026,-26.102599999999995,False
train,aaaaardk,aaaaardk_s001_t022,1193.0,2,865.9037,946.921,265.90369999999996,565.9037,False
train,aaaaardk,aaaaardk_s001_t023,1191.0,1,263.9064,355.1871,-336.0936,-36.09359999999998,False
train,aaaaardk,aaaaardk_s001_t023,1191.0,2,855.4496,934.1962,255.44960000000003,555.4496,False
train,aaaaardk,aaaaardk_s001_t024,300.0,1,1.1807,17.8928,-598.8193,-298.8193,False
train,aaaaardk,aaaaardk_s002_t000,282.0,1,0.0,197.2345,-600.0,-300.0,False
train,aaaaardk,aaaaardk_s002_t000,282.0,2,202.7861,282.0,-397.21389999999997,-97.2139,False
train,aaaaardk,aaaaardk_s002_t002,1800.0,1,274.6172,304.1228,-325.3828,-25.382799999999975,False
train,aaaaardk,aaaaardk_s002_t002,1800.0,2,1520.1643,1547.1579,920.1642999999999,1220.1643,True
train,aaaaardk,aaaaardk_s002_t007,628.0,1,258.061,324.6537,-341.939,-41.93900000000002,False
train,aaaaardk,aaaaardk_s002_t008,603.0,1,273.7825,333.5882,-326.2175,-26.217499999999973,False
train,aaaaardk,aaaaardk_s002_t009,1299.0,1,258.5605,312.4451,-341.4395,-41.43950000000001,False
train,aaaaardk,aaaaardk_s002_t009,1299.0,2,912.9101,972.5327,312.91010000000006,612.9101,True
train,aaaaardk,aaaaardk_s002_t010,639.0,1,262.3984,295.9834,-337.6016,-37.60160000000002,False
train,aaaaardk,aaaaardk_s002_t011,852.0,1,516.2031,554.3773,-83.79690000000005,216.20309999999995,False
train,aaaaardk,aaaaardk_s002_t012,627.0,1,258.586,280.9889,-341.414,-41.41399999999999,False
train,aaaaardk,aaaaardk_s002_t013,1095.0,1,259.667,285.0721,-340.333,-40.33300000000003,False
train,aaaaardk,aaaaardk_s002_t013,1095.0,2,759.3707,780.636,159.37070000000006,459.37070000000006,False
train,aaaaardk,aaaaardk_s002_t014,1113.0,1,258.4095,299.7026,-341.5905,-41.59050000000002,False
train,aaaaardk,aaaaardk_s002_t014,1113.0,2,737.9922,779.0244,137.99220000000003,437.9922,False
train,aaaaardk,aaaaardk_s002_t015,603.0,1,259.9723,316.8979,-340.0277,-40.02769999999998,False
train,aaaaardk,aaaaardk_s002_t016,603.0,1,258.9079,294.2519,-341.0921,-41.092100000000016,False
train,aaaaardk,aaaaardk_s002_t017,1158.0,1,250.9689,291.2686,-349.03110000000004,-49.03110000000001,False
train,aaaaardk,aaaaardk_s002_t017,1158.0,2,818.2908,840.4384,218.2908,518.2908,False
train,aaaaardk,aaaaardk_s002_t018,603.0,1,277.5094,324.2408,-322.4906,-22.490599999999972,False
train,aaaaardk,aaaaardk_s002_t019,603.0,1,265.5205,303.3951,-334.4795,-34.47949999999997,False
train,aaaaardk,aaaaardk_s002_t020,603.0,1,270.2897,320.2397,-329.7103,-29.710300000000018,False
train,aaaaardk,aaaaardk_s002_t021,614.0,1,242.3041,268.9023,-357.6959,-57.695899999999995,False
train,aaaaardk,aaaaardk_s002_t022,639.0,1,260.1232,313.7303,-339.8768,-39.8768,False
train,aaaaardk,aaaaardk_s005_t004,451.0,1,8.0666,17.0122,-591.9334,-291.9334,False
train,aaaaardk,aaaaardk_s005_t005,696.0,1,302.8788,387.0,-297.1212,2.8788000000000125,False
train,aaaaardk,aaaaardk_s005_t008,702.0,1,310.0499,370.0663,-289.9501,10.04989999999998,False
train,aaaaardk,aaaaardk_s006_t002,843.0,1,340.0111,414.0963,-259.9889,40.0111,False
train,aaaaardk,aaaaardk_s006_t004,760.0,1,332.1054,394.1971,-267.8946,32.105399999999975,False
train,aaaaardk,aaaaardk_s006_t005,702.0,1,281.0055,341.2507,-318.9945,-18.994500000000016,False
train,aaaaaron,aaaaaron_s001_t000,100.0,1,46.4133,98.911,-553.5867,-253.5867,False
train,aaaaaron,aaaaaron_s001_t001,148.0,1,1.0,113.8965,-599.0,-299.0,False
train,aaaaaron,aaaaaron_s005_t001,611.0,1,264.0781,317.9927,-335.9219,-35.921899999999994,False
train,aaaaaron,aaaaaron_s005_t002,617.0,1,265.2561,315.6649,-334.7439,-34.7439,False
train,aaaaaron,aaaaaron_s005_t003,751.0,1,294.9964,425.3324,-305.0036,-5.003600000000006,False
train,aaaaaron,aaaaaron_s005_t004,933.0,1,305.3306,632.4878,-294.6694,5.330600000000004,False
train,aaaaaron,aaaaaron_s005_t005,995.0,1,317.4796,474.6094,-282.5204,17.479600000000005,False
train,aaaaaron,aaaaaron_s005_t006,1069.0,1,311.8102,569.5304,-288.1898,11.810200000000009,False
train,aaaaaron,aaaaaron_s005_t007,989.0,1,310.1726,445.277,-289.8274,10.172599999999989,False
train,aaaaaron,aaaaaron_s005_t008,979.0,1,301.0899,479.1553,-298.9101,1.0899,False
train,aaaaaroo,aaaaaroo_s001_t003,1557.0,1,22.4972,663.8224,-577.5028,-277.5028,False
train,aaaaaroo,aaaaaroo_s001_t003,1557.0,2,670.192,796.6071,70.19200000000001,370.192,False
train,aaaaaroo,aaaaaroo_s001_t003,1557.0,3,828.0211,874.0422,228.02110000000005,528.0211,False
train,aaaaaroo,aaaaaroo_s001_t003,1557.0,4,909.1099,1036.8457,309.10990000000004,609.1099,False
train,aaaaaroo,aaaaaroo_s003_t002,919.0,1,406.9756,913.9789,-193.0244,106.97559999999999,False
train,aaaaaroo,aaaaaroo_s003_t003,1174.0,1,1.0,465.3274,-599.0,-299.0,False
train,aaaaaroo,aaaaaroo_s003_t004,315.0,1,303.0572,313.8974,-296.9428,3.057200000000023,False
train,aaaaaroo,aaaaaroo_s004_t003,601.0,1,191.0427,220.9246,-408.95730000000003,-108.9573,False
train,aaaaaroo,aaaaaroo_s004_t003,601.0,2,512.9964,545.9664,-87.0036,212.9964,False
train,aaaaaroo,aaaaaroo_s004_t005,601.0,1,129.0345,171.1462,-470.9655,-170.9655,False
train,aaaaaroo,aaaaaroo_s004_t005,601.0,2,254.0817,405.9846,-345.9183,-45.91829999999999,False
train,aaaaaroo,aaaaaroo_s005_t000,300.0,1,82.7639,94.0263,-517.2361,-217.2361,False
train,aaaaaroo,aaaaaroo_s005_t000,300.0,2,213.6467,228.1063,-386.3533,-86.35329999999999,False
train,aaaaaroo,aaaaaroo_s005_t000,300.0,3,233.0863,256.9646,-366.9137,-66.9137,False
train,aaaaaroo,aaaaaroo_s005_t001,1800.0,1,304.0223,330.6411,-295.9777,4.022299999999973,False
train,aaaaaroo,aaaaaroo_s005_t007,1643.0,1,300.0477,314.9201,-299.9523,0.04770000000002028,False
train,aaaaaroo,aaaaaroo_s005_t007,1643.0,2,854.939,864.1232,254.93899999999996,554.939,False
train,aaaaaroo,aaaaaroo_s005_t007,1643.0,3,897.9012,922.0411,297.9012,597.9012,False
train,aaaaaroo,aaaaaroo_s005_t007,1643.0,4,1015.0222,1031.8368,415.0222,715.0222,False
train,aaaaaroo,aaaaaroo_s005_t007,1643.0,5,1332.0466,1349.0277,732.0465999999999,1032.0466,False
train,aaaaaroo,aaaaaroo_s005_t007,1643.0,6,1565.9745,1571.0522,965.9745,1265.9745,False
train,aaaaarqh,aaaaarqh_s001_t001,347.0,1,38.8129,76.0154,-561.1871,-261.1871,False
train,aaaaarqh,aaaaarqh_s001_t002,434.0,1,134.0845,263.0581,-465.9155,-165.9155,False
train,aaaaarqt,aaaaarqt_s003_t000,300.0,1,78.5422,281.4487,-521.4578,-221.45780000000002,False
train,aaaaarqt,aaaaarqt_s003_t001,601.0,1,1.0899,110.6421,-598.9101,-298.9101,False
train,aaaaarqt,aaaaarqt_s003_t001,601.0,2,136.2234,423.6258,-463.77660000000003,-163.7766,False
train,aaaaarqt,aaaaarqt_s003_t001,601.0,3,485.7548,502.1035,-114.24520000000001,185.7548,False
train,aaaaarqt,aaaaarqt_s003_t001,601.0,4,550.5014,599.6385,-49.49860000000001,250.5014,False
train,aaaaarsm,aaaaarsm_s001_t000,1264.0,1,40.3533,173.3233,-559.6467,-259.6467,False
train,aaaaarsm,aaaaarsm_s001_t000,1264.0,2,807.9909,953.6767,207.9909,507.9909,True
train,aaaaarsm,aaaaarsm_s002_t000,304.0,1,85.7965,206.7775,-514.2035,-214.20350000000002,False
train,aaaaarsm,aaaaarsm_s002_t001,280.0,1,85.6812,173.7829,-514.3188,-214.3188,False
train,aaaaarsm,aaaaarsm_s002_t002,280.0,1,91.0082,176.2035,-508.9918,-208.9918,False
train,aaaaarsm,aaaaarsm_s002_t003,291.0,1,92.1935,195.0091,-507.8065,-207.8065,False
train,aaaaarsm,aaaaarsm_s002_t004,268.0,1,90.3842,171.6694,-509.6158,-209.61579999999998,False
train,aaaaarsm,aaaaarsm_s002_t005,291.0,1,95.0045,194.0054,-504.9955,-204.9955,False
train,aaaaarsm,aaaaarsm_s002_t006,293.0,1,102.8138,193.1862,-497.1862,-197.18619999999999,False
train,aaaaarsm,aaaaarsm_s002_t007,276.0,1,91.2652,180.0936,-508.7348,-208.7348,False
train,aaaaarsm,aaaaarsm_s002_t008,267.0,1,94.6231,170.554,-505.3769,-205.3769,False
train,aaaaarsm,aaaaarsm_s002_t009,181.0,1,42.0745,120.0036,-557.9255,-257.9255,False
train,aaaaarsm,aaaaarsm_s002_t010,316.0,1,153.069,215.2852,-446.93100000000004,-146.931,False
train,aaaaarsm,aaaaarsm_s002_t011,291.0,1,106.9019,198.455,-493.0981,-193.0981,False
train,aaaaarsm,aaaaarsm_s002_t012,280.0,1,100.99,186.0036,-499.01,-199.01,False
train,aaaaarsm,aaaaarsm_s002_t013,316.0,1,96.079,218.0136,-503.921,-203.921,False
train,aaaaarsm,aaaaarsm_s002_t014,207.0,1,20.1735,110.0917,-579.8265,-279.8265,False
train,aaaaarsm,aaaaarsm_s003_t000,287.0,1,240.0436,285.8202,-359.95640000000003,-59.9564,False
train,aaaaarsm,aaaaarsm_s004_t000,809.0,1,106.079,250.6748,-493.921,-193.921,False
train,aaaaarsm,aaaaarsm_s004_t000,809.0,2,308.9428,426.654,-291.0572,8.942799999999977,False
train,aaaaarsm,aaaaarsm_s004_t000,809.0,3,472.0666,584.7747,-127.9334,172.0666,False
train,aaaaarsm,aaaaarsm_s004_t000,809.0,4,659.0566,776.343,59.0566,359.0566,False
train,aaaaarsm,aaaaarsm_s004_t001,643.0,1,60.9945,177.3651,-539.0055,-239.00549999999998,False
train,aaaaarsm,aaaaarsm_s004_t001,643.0,2,231.2397,336.5394,-368.76030000000003,-68.7603,False
train,aaaaarsm,aaaaarsm_s004_t001,643.0,3,390.9889,506.5272,-209.0111,90.9889,False
train,aaaaarsm,aaaaarsm_s004_t003,1127.0,1,291.9889,400.535,-308.0111,-8.011099999999999,False
train,aaaaarsm,aaaaarsm_s004_t003,1127.0,2,785.0577,891.4395,185.05769999999995,485.05769999999995,False
train,aaaaarsm,aaaaarsm_s006_t001,914.0,1,102.8224,189.0599,-497.1776,-197.17759999999998,False
train,aaaaarsm,aaaaarsm_s006_t001,914.0,2,886.9478,913.0,286.94780000000003,586.9478,True
train,aaaaarsm,aaaaarsm_s006_t002,870.0,1,1.8392,57.9019,-598.1608,-298.1608,False
train,aaaaarsm,aaaaarsm_s007_t000,255.0,1,78.8974,162.4578,-521.1025999999999,-221.1026,False
train,aaaaarsm,aaaaarsm_s007_t001,261.0,1,90.8011,167.4587,-509.1989,-209.19889999999998,False
train,aaaaarsm,aaaaarsm_s007_t002,261.0,1,94.8946,167.465,-505.10540000000003,-205.1054,False
train,aaaaarsm,aaaaarsm_s007_t003,258.0,1,91.7175,166.0136,-508.2825,-208.2825,False
train,aaaaarsm,aaaaarsm_s007_t004,260.0,1,94.9818,167.0073,-505.0182,-205.01819999999998,False
train,aaaaarsm,aaaaarsm_s007_t005,279.0,1,95.9918,175.0109,-504.0082,-204.0082,False
train,aaaaarsm,aaaaarsm_s007_t006,307.0,1,90.9927,183.3633,-509.0073,-209.0073,False
train,aaaaarsm,aaaaarsm_s007_t007,181.0,1,12.9028,104.0018,-587.0972,-287.0972,False
train,aaaaartn,aaaaartn_s007_t002,1676.0,1,466.2707,541.2025,-133.72930000000002,166.27069999999998,False
train,aaaaartn,aaaaartn_s007_t003,1014.0,1,424.713,604.3915,-175.28699999999998,124.71300000000002,False
train,aaaaartn,aaaaartn_s007_t004,1212.0,1,496.1662,567.9192,-103.8338,196.1662,False
train,aaaaasdq,aaaaasdq_s004_t001,682.0,1,302.252,348.9186,-297.748,2.2520000000000095,False
train,aaaaasjh,aaaaasjh_s001_t001,1119.0,1,717.9315,744.8503,117.93150000000003,417.9315,True
train,aaaaasme,aaaaasme_s001_t000,918.0,1,347.9952,365.1927,-252.0048,47.99520000000001,False
train,aaaaasme,aaaaasme_s001_t000,918.0,2,904.1465,916.9252,304.14649999999995,604.1465,False
train,aaaaasme,aaaaasme_s003_t002,1236.0,1,313.0403,331.2282,-286.9597,13.040300000000002,False
train,aaaaasme,aaaaasme_s003_t006,645.0,1,314.9732,335.1879,-285.0268,14.97320000000002,False
train,aaaaasme,aaaaasme_s004_t003,660.0,1,304.0,335.1477,-296.0,4.0,False
train,aaaaasme,aaaaasme_s004_t005,300.0,1,1.0,15.0201,-599.0,-299.0,False
train,aaaaastr,aaaaastr_s001_t000,1697.0,1,690.4295,724.6644,90.42949999999996,390.42949999999996,True
train,aaaaastr,aaaaastr_s001_t000,1697.0,2,1164.7584,1216.3289,564.7583999999999,864.7583999999999,False
train,aaaaasut,aaaaasut_s001_t001,843.0,1,438.9856,527.3707,-161.01440000000002,138.98559999999998,False
train,aaaaasut,aaaaasut_s003_t002,630.0,1,134.9955,165.1851,-465.0045,-165.0045,False
train,aaaaasut,aaaaasut_s003_t006,341.0,1,131.0535,147.0691,-468.9465,-168.9465,False
train,aaaaasut,aaaaasut_s003_t007,477.0,1,129.0814,142.0468,-470.91859999999997,-170.9186,False
train,aaaaasut,aaaaasut_s003_t009,601.0,1,222.9588,239.9989,-377.0412,-77.0412,False
train,aaaaaswt,aaaaaswt_s001_t000,917.0,1,188.5971,219.5287,-411.4029,-111.40289999999999,False
train,aaaaaswt,aaaaaswt_s001_t000,917.0,2,245.2006,290.5032,-354.7994,-54.79939999999999,False
train,aaaaaswt,aaaaaswt_s001_t000,917.0,3,839.3885,891.0605,239.38850000000002,539.3885,False
train,aaaaaswt,aaaaaswt_s001_t001,884.0,1,315.0955,365.5255,-284.9045,15.095500000000015,False
train,aaaaaswt,aaaaaswt_s001_t001,884.0,2,390.0669,420.3535,-209.93310000000002,90.06689999999998,False
train,aaaaaswt,aaaaaswt_s001_t001,884.0,3,437.0892,455.6242,-162.9108,137.0892,False
train,aaaaaswt,aaaaaswt_s001_t001,884.0,4,465.7516,473.7293,-134.2484,165.7516,False
train,aaaaatds,aaaaatds_s002_t002,601.0,1,1.0,600.0,-599.0,-299.0,False
train,aaaaatds,aaaaatds_s002_t005,300.0,1,1.0,299.0,-599.0,-299.0,False
train,aaaaatds,aaaaatds_s002_t006,601.0,1,1.0,600.0,-599.0,-299.0,False
train,aaaaatds,aaaaatds_s002_t007,601.0,1,1.0,600.0,-599.0,-299.0,False
train,aaaaatds,aaaaatds_s002_t008,300.0,1,1.0,299.0,-599.0,-299.0,False
train,aaaaatds,aaaaatds_s002_t009,601.0,1,1.0,600.0,-599.0,-299.0,False
train,aaaaatds,aaaaatds_s003_t000,300.0,1,1.0,299.0,-599.0,-299.0,False
train,aaaaatds,aaaaatds_s003_t001,601.0,1,1.0,600.0,-599.0,-299.0,False
train,aaaaatds,aaaaatds_s003_t002,300.0,1,1.0,299.0,-599.0,-299.0,False
train,aaaaatds,aaaaatds_s003_t004,300.0,1,1.0,299.0,-599.0,-299.0,False
train,aaaaatds,aaaaatds_s003_t005,638.0,1,1.0,637.0,-599.0,-299.0,False
train,aaaaatds,aaaaatds_s003_t006,8.0,1,0.0091,7.9891,-599.9909,-299.9909,False
train,aaaaates,aaaaates_s001_t000,1263.0,1,282.5719,299.3612,-317.4281,-17.428099999999972,False
train,aaaaates,aaaaates_s001_t000,1263.0,2,354.4214,520.6466,-245.5786,54.421400000000006,False
train,aaaaates,aaaaates_s001_t000,1263.0,3,876.5953,892.2475,276.59529999999995,576.5953,False
train,aaaaates,aaaaates_s001_t000,1263.0,4,944.7715,1189.5351,344.77149999999995,644.7715,False
train,aaaaates,aaaaates_s002_t005,689.0,1,1.0,57.3826,-599.0,-299.0,False
train,aaaaates,aaaaates_s002_t005,689.0,2,64.1141,391.7785,-535.8859,-235.8859,False
train,aaaaates,aaaaates_s002_t005,689.0,3,399.4228,432.9463,-200.5772,99.4228,False
train,aaaaates,aaaaates_s002_t005,689.0,4,436.5436,475.9564,-163.45639999999997,136.54360000000003,False
train,aaaaates,aaaaates_s002_t005,689.0,5,479.3154,506.1644,-120.68459999999999,179.3154,False
train,aaaaates,aaaaates_s002_t005,689.0,6,511.8121,531.7752,-88.18790000000001,211.8121,False
train,aaaaates,aaaaates_s002_t005,689.0,7,541.7383,566.9866,-58.26170000000002,241.73829999999998,False
train,aaaaates,aaaaates_s002_t005,689.0,8,580.4866,601.3859,-19.513400000000047,280.48659999999995,False
train,aaaaates,aaaaates_s002_t005,689.0,9,604.7047,625.5134,4.7047000000000025,304.7047,False
train,aaaaates,aaaaates_s002_t005,689.0,10,628.7315,688.0,28.731499999999983,328.7315,False
train,aaaaates,aaaaates_s002_t006,601.0,1,198.0268,363.6309,-401.9732,-101.97319999999999,False
train,aaaaates,aaaaates_s002_t006,601.0,2,562.5839,599.6309,-37.41610000000003,262.58389999999997,False
train,aaaaates,aaaaates_s003_t002,682.0,1,300.2819,327.0604,-299.7181,0.28190000000000737,False
train,aaaaates,aaaaates_s003_t002,682.0,2,346.094,404.0403,-253.906,46.093999999999994,False
train,aaaaates,aaaaates_s003_t004,685.0,1,299.7248,384.2886,-300.2752,-0.2751999999999839,False
train,aaaaates,aaaaates_s009_t003,779.0,1,311.8926,475.1812,-288.1074,11.892600000000016,False
train,aaaaates,aaaaates_s009_t006,829.0,1,306.0134,520.0,-293.9866,6.01339999999999,False
train,aaaaates,aaaaates_s009_t008,849.0,1,302.0268,489.9396,-297.9732,2.02679999999998,False
train,aaaaates,aaaaates_s009_t010,863.0,1,300.0537,476.5772,-299.9463,0.05369999999999209,False
train,aaaaatez,aaaaatez_s001_t000,1534.0,1,85.8629,195.6957,-514.1371,-214.1371,False
train,aaaaatez,aaaaatez_s001_t000,1534.0,2,479.0769,598.0736,-120.92309999999998,179.07690000000002,False
train,aaaaatez,aaaaatez_s001_t000,1534.0,3,904.8027,1001.7258,304.80269999999996,604.8027,False
train,aaaaatez,aaaaatez_s001_t000,1534.0,4,1318.1472,1435.5385,718.1472000000001,1018.1472000000001,False
train,aaaaatez,aaaaatez_s002_t000,810.0,1,376.3333,491.0,-223.6667,76.33330000000001,False
train,aaaaatez,aaaaatez_s002_t001,431.0,1,335.1515,428.3636,-264.8485,35.1515,False
train,aaaaatez,aaaaatez_s006_t002,601.0,1,34.1515,122.2121,-565.8485000000001,-265.8485,False
train,aaaaatez,aaaaatez_s006_t002,601.0,2,467.1515,524.303,-132.8485,167.1515,False
train,aaaaatez,aaaaatez_s006_t003,408.0,1,319.1212,375.9697,-280.8788,19.121199999999988,False
train,aaaaatez,aaaaatez_s006_t004,740.0,1,1.0,92.2424,-599.0,-299.0,False
train,aaaaatez,aaaaatez_s006_t004,740.0,2,270.2121,366.8182,-329.7879,-29.78789999999998,False
train,aaaaatez,aaaaatez_s006_t004,740.0,3,668.1515,738.2121,68.15150000000006,368.15150000000006,False
train,aaaaatez,aaaaatez_s006_t006,601.0,1,210.1818,285.3333,-389.8182,-89.81819999999999,False
train,aaaaatez,aaaaatez_s006_t007,848.0,1,355.0,456.0303,-245.0,55.0,False
train,aaaaatez,aaaaatez_s006_t007,848.0,2,829.5758,845.8788,229.57579999999996,529.5758,False
train,aaaaatez,aaaaatez_s006_t009,1288.0,1,275.2727,422.1818,-324.7273,-24.727300000000014,False
train,aaaaatez,aaaaatez_s006_t009,1288.0,2,586.1212,692.1212,-13.878799999999956,286.12120000000004,False
train,aaaaatez,aaaaatez_s006_t009,1288.0,3,977.1818,1116.3333,377.18179999999995,677.1818,False
train,aaaaatez,aaaaatez_s006_t013,601.0,1,333.2727,476.2424,-266.7273,33.272699999999986,False
train,aaaaatez,aaaaatez_s007_t000,300.0,1,1.0,136.2424,-599.0,-299.0,False
train,aaaaatez,aaaaatez_s007_t001,936.0,1,1.0,22.3636,-599.0,-299.0,False
train,aaaaatez,aaaaatez_s007_t001,936.0,2,379.0909,500.1818,-220.90910000000002,79.09089999999998,False
train,aaaaatez,aaaaatez_s007_t005,674.0,1,1.0,225.3939,-599.0,-299.0,False
train,aaaaatez,aaaaatez_s007_t005,674.0,2,544.0,657.4545,-56.0,244.0,False
train,aaaaatez,aaaaatez_s007_t006,300.0,1,1.0,48.9091,-599.0,-299.0,False
train,aaaaatez,aaaaatez_s007_t011,601.0,1,97.0909,177.8182,-502.90909999999997,-202.9091,False
train,aaaaatjh,aaaaatjh_s002_t001,760.0,1,345.047,435.8926,-254.95299999999997,45.047000000000025,False
train,aaaaatjh,aaaaatjh_s002_t002,728.0,1,300.047,451.1879,-299.953,0.047000000000025466,False
train,aaaaatjh,aaaaatjh_s002_t004,69.0,1,1.0,21.0201,-599.0,-299.0,False
train,aaaaatjh,aaaaatjh_s002_t004,69.0,2,58.7517,67.9933,-541.2483,-241.2483,False
train,aaaaatjh,aaaaatjh_s002_t005,601.0,1,1.0,65.9664,-599.0,-299.0,False
train,aaaaatjh,aaaaatjh_s002_t005,601.0,2,69.1745,340.7846,-530.8255,-230.8255,False
train,aaaaatjh,aaaaatjh_s002_t005,601.0,3,344.5235,599.8389,-255.4765,44.52350000000001,False
train,aaaaatjh,aaaaatjh_s002_t007,668.0,1,1.0,134.8322,-599.0,-299.0,False
train,aaaaatjh,aaaaatjh_s002_t007,668.0,2,137.9866,408.2148,-462.0134,-162.0134,False
train,aaaaatjh,aaaaatjh_s002_t007,668.0,3,414.1678,554.8658,-185.8322,114.1678,False
train,aaaaatjh,aaaaatjh_s002_t007,668.0,4,559.3087,626.9463,-40.691299999999956,259.30870000000004,False
train,aaaaatjh,aaaaatjh_s002_t007,668.0,5,630.4295,666.8054,30.429499999999962,330.42949999999996,False
train,aaaaatjh,aaaaatjh_s002_t008,300.0,1,1.0,299.0,-599.0,-299.0,False
train,aaaaatjh,aaaaatjh_s002_t009,601.0,1,1.0,180.8188,-599.0,-299.0,False
train,aaaaatjh,aaaaatjh_s002_t009,601.0,2,184.2013,574.5638,-415.7987,-115.7987,False
train,aaaaatjh,aaaaatjh_s002_t010,714.0,1,1.0,23.1409,-599.0,-299.0,False
train,aaaaatjh,aaaaatjh_s002_t010,714.0,2,101.1745,132.3691,-498.82550000000003,-198.8255,False
train,aaaaatjh,aaaaatjh_s002_t010,714.0,3,241.5705,250.1342,-358.42949999999996,-58.42949999999999,False
train,aaaaatjh,aaaaatjh_s002_t010,714.0,4,283.1409,414.0671,-316.8591,-16.859100000000012,False
train,aaaaatjh,aaaaatjh_s002_t010,714.0,5,485.8591,501.5369,-114.14089999999999,185.8591,False
train,aaaaatjh,aaaaatjh_s002_t010,714.0,6,542.8054,571.9329,-57.19460000000004,242.80539999999996,False
train,aaaaatjh,aaaaatjh_s002_t016,300.0,1,30.5034,41.9664,-569.4966,-269.4966,False
train,aaaaatjh,aaaaatjh_s002_t016,300.0,2,106.3087,114.1208,-493.6913,-193.6913,False
train,aaaaatjr,aaaaatjr_s001_t001,1332.0,1,502.0201,550.0134,-97.97989999999999,202.0201,False
train,aaaaatlp,aaaaatlp_s003_t001,765.0,1,316.2617,399.7181,-283.7383,16.26170000000002,False
train,aaaaatlp,aaaaatlp_s003_t004,691.0,1,300.557,385.0604,-299.443,0.5570000000000164,False
train,aaaaatlp,aaaaatlp_s003_t005,693.0,1,302.4094,393.4899,-297.5906,2.409400000000005,False
train,aaaaatlp,aaaaatlp_s004_t003,849.0,1,366.2349,446.8926,-233.76510000000002,66.23489999999998,False
train,aaaaatlp,aaaaatlp_s004_t004,744.0,1,315.7114,396.3758,-284.2886,15.711400000000026,False
train,aaaaatlp,aaaaatlp_s004_t006,601.0,1,62.6846,100.4497,-537.3154,-237.3154,False
train,aaaaatlp,aaaaatlp_s006_t007,659.0,1,285.6722,359.8528,-314.3278,-14.327800000000025,False
train,aaaaatvr,aaaaatvr_s001_t000,519.0,1,1.9565,65.3946,-598.0435,-298.0435,False
train,aaaaatvr,aaaaatvr_s001_t004,89.0,1,3.9688,82.1282,-596.0312,-296.0312,False
train,aaaaatvr,aaaaatvr_s001_t013,165.0,1,19.9532,133.9164,-580.0468,-280.0468,False
