split,patient,recording,duration_sec,num_seizures,seizure_index,seizure_start_sec,seizure_end_sec,seizure_duration_sec,seizure_labels
dev,aaaaaajy,aaaaaajy_s001_t000,1750.0,6,1.0,14.2442,196.0107,181.7665,fnsz|gnsz
dev,aaaaaajy,aaaaaajy_s001_t000,1750.0,6,2.0,254.013,362.9638,108.95079999999999,fnsz
dev,aaaaaajy,aaaaaajy_s001_t000,1750.0,6,3.0,477.0717,651.9384,174.86669999999998,fnsz
dev,aaaaaajy,aaaaaajy_s001_t000,1750.0,6,4.0,712.0451,908.0735,196.02839999999992,fnsz
dev,aaaaaajy,aaaaaajy_s001_t000,1750.0,6,5.0,1076.0047,1344.0545,268.0498,fnsz
dev,aaaaaajy,aaaaaajy_s001_t000,1750.0,6,6.0,1387.9667,1687.9502,299.98350000000005,fnsz
dev,aaaaaajy,aaaaaajy_s002_t000,20.0,0,,,,,
dev,aaaaaajy,aaaaaajy_s002_t001,7.0,0,,,,,
dev,aaaaaajy,aaaaaajy_s002_t002,272.0,1,1.0,0.0,153.0557,153.0557,fnsz|gnsz
dev,aaaaaajy,aaaaaajy_s003_t000,234.0,1,1.0,25.9741,215.9846,190.0105,fnsz|gnsz
dev,aaaaaajy,aaaaaajy_s003_t001,224.0,1,1.0,7.0302,174.013,166.9828,fnsz|gnsz
dev,aaaaaajy,aaaaaajy_s003_t002,203.0,1,1.0,14.9793,165.0314,150.0521,fnsz|gnsz
dev,aaaaaajy,aaaaaajy_s003_t003,205.0,1,1.0,7.989,170.8548,162.8658,fnsz|gnsz
dev,aaaaaajy,aaaaaajy_s003_t004,175.0,0,,,,,
dev,aaaaaajy,aaaaaajy_s003_t005,309.0,1,1.0,208.9508,308.8915,99.94070000000002,fnsz
dev,aaaaaajy,aaaaaajy_s004_t000,1297.0,4,1.0,6.7576,160.0296,153.272,fnsz
dev,aaaaaajy,aaaaaajy_s004_t000,1297.0,4,2.0,440.0533,589.0243,148.97100000000006,fnsz
dev,aaaaaajy,aaaaaajy_s004_t000,1297.0,4,3.0,794.0628,992.9959,198.93309999999997,fnsz
dev,aaaaaajy,aaaaaajy_s004_t000,1297.0,4,4.0,1163.9502,1256.0664,92.11619999999994,fnsz
dev,aaaaaayf,aaaaaayf_s001_t000,145.0,0,,,,,
dev,aaaaaayf,aaaaaayf_s001_t001,1354.0,0,,,,,
dev,aaaaaayf,aaaaaayf_s002_t000,1800.0,0,,,,,
dev,aaaaaayf,aaaaaayf_s002_t001,1800.0,0,,,,,
dev,aaaaaayf,aaaaaayf_s002_t002,1018.0,10,1.0,0.0,28.9864,28.9864,gnsz
dev,aaaaaayf,aaaaaayf_s002_t002,1018.0,10,2.0,34.0249,76.882,42.8571,gnsz
dev,aaaaaayf,aaaaaayf_s002_t002,1018.0,10,3.0,92.9461,166.9235,73.97739999999999,gnsz
dev,aaaaaayf,aaaaaayf_s002_t002,1018.0,10,4.0,182.0391,377.0006,194.96150000000003,gnsz
dev,aaaaaayf,aaaaaayf_s002_t002,1018.0,10,5.0,398.0,434.0996,36.09960000000001,gnsz
dev,aaaaaayf,aaaaaayf_s002_t002,1018.0,10,6.0,440.0273,454.0759,14.048599999999965,gnsz
dev,aaaaaayf,aaaaaayf_s002_t002,1018.0,10,7.0,475.965,512.0646,36.099600000000066,gnsz
dev,aaaaaayf,aaaaaayf_s002_t002,1018.0,10,8.0,761.0113,771.029,10.01769999999999,gnsz
dev,aaaaaayf,aaaaaayf_s002_t002,1018.0,10,9.0,865.9597,884.0391,18.079399999999964,gnsz
dev,aaaaaayf,aaaaaayf_s002_t002,1018.0,10,10.0,895.029,1010.0261,114.99710000000005,gnsz
dev,aaaaaayf,aaaaaayf_s003_t000,185.0,0,,,,,
dev,aaaaaayf,aaaaaayf_s004_t000,295.0,0,,,,,
dev,aaaaaayf,aaaaaayf_s004_t001,369.0,0,,,,,
dev,aaaaaayf,aaaaaayf_s004_t002,305.0,0,,,,,
dev,aaaaaayf,aaaaaayf_s004_t003,314.0,0,,,,,
dev,aaaaaazz,aaaaaazz_s001_t001,1237.0,9,1.0,116.9532,140.1304,23.177200000000013,absz
dev,aaaaaazz,aaaaaazz_s001_t001,1237.0,9,2.0,265.9751,283.936,17.96089999999998,absz
dev,aaaaaazz,aaaaaazz_s001_t001,1237.0,9,3.0,378.0083,399.8814,21.873099999999965,absz
dev,aaaaaazz,aaaaaazz_s001_t001,1237.0,9,4.0,498.0439,519.9763,21.93240000000003,absz
dev,aaaaaazz,aaaaaazz_s001_t001,1237.0,9,5.0,589.0338,611.0255,21.991699999999923,absz
dev,aaaaaazz,aaaaaazz_s001_t001,1237.0,9,6.0,739.0634,758.032,18.968600000000038,absz
dev,aaaaaazz,aaaaaazz_s001_t001,1237.0,9,7.0,834.0249,850.9781,16.953200000000038,absz
dev,aaaaaazz,aaaaaazz_s001_t001,1237.0,9,8.0,938.9449,951.0966,12.151700000000005,absz
dev,aaaaaazz,aaaaaazz_s001_t001,1237.0,9,9.0,1118.0202,1142.9164,24.896200000000135,absz
dev,aaaaaazz,aaaaaazz_s002_t001,1245.0,0,,,,,
dev,aaaaabep,aaaaabep_s001_t001,89.0,0,,,,,
dev,aaaaabep,aaaaabep_s001_t002,1188.0,0,,,,,
dev,aaaaabxe,aaaaabxe_s001_t001,1258.0,0,,,,,
dev,aaaaabxe,aaaaabxe_s002_t000,291.0,0,,,,,
dev,aaaaabxe,aaaaabxe_s002_t001,1800.0,1,1.0,502.0463,530.2759,28.229600000000005,fnsz
dev,aaaaabxe,aaaaabxe_s002_t002,852.0,0,,,,,
dev,aaaaabxe,aaaaabxe_s002_t003,541.0,0,,,,,
dev,aaaaabxe,aaaaabxe_s002_t004,500.0,0,,,,,
dev,aaaaaclc,aaaaaclc_s001_t001,1224.0,0,,,,,
dev,aaaaacqc,aaaaacqc_s001_t000,807.0,0,,,,,
dev,aaaaacqc,aaaaacqc_s001_t001,593.0,0,,,,,
dev,aaaaacqc,aaaaacqc_s002_t000,1330.0,0,,,,,
dev,aaaaacqc,aaaaacqc_s003_t000,1800.0,23,1.0,76.0287,90.6539,14.625199999999992,gnsz
dev,aaaaacqc,aaaaacqc_s003_t000,1800.0,23,2.0,149.9825,163.8022,13.819700000000012,gnsz
dev,aaaaacqc,aaaaacqc_s003_t000,1800.0,23,3.0,222.0016,239.1547,17.153099999999995,gnsz
dev,aaaaacqc,aaaaacqc_s003_t000,1800.0,23,4.0,305.2073,324.1547,18.947400000000016,gnsz
dev,aaaaacqc,aaaaacqc_s003_t000,1800.0,23,5.0,400.0367,417.2775,17.24079999999998,gnsz
dev,aaaaacqc,aaaaacqc_s003_t000,1800.0,23,6.0,477.9968,490.3573,12.360500000000002,gnsz
dev,aaaaacqc,aaaaacqc_s003_t000,1800.0,23,7.0,544.1914,558.681,14.489599999999996,gnsz
dev,aaaaacqc,aaaaacqc_s003_t000,1800.0,23,8.0,612.0223,627.2695,15.24720000000002,gnsz
dev,aaaaacqc,aaaaacqc_s003_t000,1800.0,23,9.0,687.9968,706.1707,18.173900000000003,gnsz
dev,aaaaacqc,aaaaacqc_s003_t000,1800.0,23,10.0,772.0207,787.4195,15.398799999999937,gnsz
dev,aaaaacqc,aaaaacqc_s003_t000,1800.0,23,11.0,842.0,855.5167,13.516700000000014,gnsz
dev,aaaaacqc,aaaaacqc_s003_t000,1800.0,23,12.0,904.0287,918.7018,14.67310000000009,gnsz
dev,aaaaacqc,aaaaacqc_s003_t000,1800.0,23,13.0,976.0526,989.689,13.63639999999998,gnsz
dev,aaaaacqc,aaaaacqc_s003_t000,1800.0,23,14.0,1039.9936,1051.8676,11.874000000000024,gnsz
dev,aaaaacqc,aaaaacqc_s003_t000,1800.0,23,15.0,1120.0064,1132.5502,12.54379999999992,gnsz
dev,aaaaacqc,aaaaacqc_s003_t000,1800.0,23,16.0,1182.6061,1198.0686,15.462500000000091,gnsz
dev,aaaaacqc,aaaaacqc_s003_t000,1800.0,23,17.0,1250.0096,1262.7847,12.775099999999838,gnsz
dev,aaaaacqc,aaaaacqc_s003_t000,1800.0,23,18.0,1319.9952,1331.7576,11.762399999999843,gnsz
dev,aaaaacqc,aaaaacqc_s003_t000,1800.0,23,19.0,1396.0175,1409.6699,13.65240000000017,gnsz
dev,aaaaacqc,aaaaacqc_s003_t000,1800.0,23,20.0,1467.9777,1487.2281,19.250400000000127,gnsz
dev,aaaaacqc,aaaaacqc_s003_t000,1800.0,23,21.0,1556.0048,1571.0207,15.015900000000101,gnsz
dev,aaaaacqc,aaaaacqc_s003_t000,1800.0,23,22.0,1626.0096,1637.9633,11.953699999999799,gnsz
dev,aaaaacqc,aaaaacqc_s003_t000,1800.0,23,23.0,1717.0144,1727.9713,10.956899999999905,gnsz
dev,aaaaacqc,aaaaacqc_s003_t001,570.0,4,1.0,13.9936,23.1882,9.194599999999998,gnsz
dev,aaaaacqc,aaaaacqc_s003_t001,570.0,4,2.0,183.1053,198.0734,14.968099999999993,gnsz
dev,aaaaacqc,aaaaacqc_s003_t001,570.0,4,3.0,380.0287,394.2951,14.266399999999976,gnsz
dev,aaaaacqc,aaaaacqc_s003_t001,570.0,4,4.0,476.0128,487.3365,11.323699999999974,gnsz
dev,aaaaacqc,aaaaacqc_s004_t000,314.0,0,,,,,
dev,aaaaacqc,aaaaacqc_s004_t001,604.0,0,,,,,
dev,aaaaacyi,aaaaacyi_s001_t001,1459.0,9,1.0,101.312,111.112,9.799999999999997,absz
dev,aaaaacyi,aaaaacyi_s001_t001,1459.0,9,2.0,121.212,130.212,8.999999999999986,absz
dev,aaaaacyi,aaaaacyi_s001_t001,1459.0,9,3.0,307.612,315.412,7.7999999999999545,absz
dev,aaaaacyi,aaaaacyi_s001_t001,1459.0,9,4.0,436.252,448.352,12.099999999999966,absz
dev,aaaaacyi,aaaaacyi_s001_t001,1459.0,9,5.0,557.196,565.296,8.100000000000023,absz
dev,aaaaacyi,aaaaacyi_s001_t001,1459.0,9,6.0,763.224,775.324,12.099999999999909,absz
dev,aaaaacyi,aaaaacyi_s001_t001,1459.0,9,7.0,802.124,810.324,8.199999999999932,absz
dev,aaaaacyi,aaaaacyi_s001_t001,1459.0,9,8.0,964.496,974.296,9.800000000000068,absz
dev,aaaaacyi,aaaaacyi_s001_t001,1459.0,9,9.0,1166.984,1173.9836,6.9996000000001,absz
dev,aaaaadkb,aaaaadkb_s001_t000,1397.0,0,,,,,
dev,aaaaadkb,aaaaadkb_s002_t000,1327.0,0,,,,,
dev,aaaaadkb,aaaaadkb_s003_t000,300.0,0,,,,,
dev,aaaaadkb,aaaaadkb_s003_t001,659.0,0,,,,,
dev,aaaaadkb,aaaaadkb_s003_t002,7.0,0,,,,,
dev,aaaaadkb,aaaaadkb_s003_t003,201.0,0,,,,,
dev,aaaaadkb,aaaaadkb_s003_t004,601.0,0,,,,,
dev,aaaaadkb,aaaaadkb_s003_t005,300.0,0,,,,,
dev,aaaaadkb,aaaaadkb_s003_t006,1241.0,0,,,,,
dev,aaaaadkb,aaaaadkb_s003_t007,999.0,0,,,,,
dev,aaaaadkb,aaaaadkb_s003_t008,300.0,0,,,,,
dev,aaaaadkb,aaaaadkb_s003_t009,601.0,0,,,,,
dev,aaaaadkb,aaaaadkb_s003_t010,300.0,0,,,,,
dev,aaaaadkb,aaaaadkb_s003_t011,601.0,0,,,,,
dev,aaaaadkb,aaaaadkb_s003_t012,300.0,0,,,,,
dev,aaaaadkb,aaaaadkb_s003_t013,601.0,0,,,,,
dev,aaaaadkb,aaaaadkb_s004_t000,300.0,0,,,,,
dev,aaaaadkb,aaaaadkb_s004_t005,300.0,0,,,,,
dev,aaaaadkb,aaaaadkb_s004_t006,300.0,0,,,,,
dev,aaaaadkb,aaaaadkb_s004_t010,300.0,0,,,,,
dev,aaaaadkb,aaaaadkb_s004_t011,300.0,0,,,,,
dev,aaaaadkb,aaaaadkb_s005_t000,300.0,0,,,,,
dev,aaaaadkb,aaaaadkb_s005_t001,672.0,0,,,,,
dev,aaaaadkb,aaaaadkb_s005_t002,300.0,0,,,,,
dev,aaaaadkb,aaaaadkb_s005_t003,300.0,0,,,,,
dev,aaaaadkb,aaaaadkb_s005_t004,300.0,0,,,,,
dev,aaaaadkb,aaaaadkb_s005_t005,300.0,0,,,,,
dev,aaaaadkb,aaaaadkb_s007_t000,701.0,0,,,,,
dev,aaaaadkb,aaaaadkb_s007_t001,300.0,0,,,,,
dev,aaaaadkb,aaaaadkb_s007_t002,300.0,0,,,,,
dev,aaaaadkb,aaaaadkb_s007_t003,300.0,0,,,,,
dev,aaaaadkb,aaaaadkb_s007_t004,300.0,0,,,,,
dev,aaaaadkb,aaaaadkb_s008_t000,34.0,0,,,,,
dev,aaaaadkb,aaaaadkb_s008_t001,115.0,0,,,,,
dev,aaaaadkb,aaaaadkb_s008_t002,539.0,0,,,,,
dev,aaaaadkb,aaaaadkb_s009_t000,653.0,0,,,,,
dev,aaaaadkb,aaaaadkb_s009_t002,235.0,0,,,,,
dev,aaaaadkb,aaaaadkb_s009_t003,595.0,0,,,,,
dev,aaaaadkb,aaaaadkb_s010_t001,1800.0,0,,,,,
dev,aaaaadkb,aaaaadkb_s010_t002,1800.0,0,,,,,
dev,aaaaadkb,aaaaadkb_s010_t003,29.0,0,,,,,
dev,aaaaadkj,aaaaadkj_s001_t000,1211.0,0,,,,,
dev,aaaaadkj,aaaaadkj_s002_t000,1236.0,5,1.0,106.236,146.1164,39.880399999999995,gnsz
dev,aaaaadkj,aaaaadkj_s002_t000,1236.0,5,2.0,294.0287,327.1467,33.117999999999995,gnsz
dev,aaaaadkj,aaaaadkj_s002_t000,1236.0,5,3.0,519.9793,625.9984,106.01909999999998,gnsz
dev,aaaaadkj,aaaaadkj_s002_t000,1236.0,5,4.0,983.9761,1018.1547,34.178600000000074,fnsz
dev,aaaaadkj,aaaaadkj_s002_t000,1236.0,5,5.0,1081.9936,1096.4912,14.49759999999992,gnsz
dev,aaaaadkj,aaaaadkj_s003_t000,435.0,3,1.0,63.9419,155.1097,91.1678,fnsz
dev,aaaaadkj,aaaaadkj_s003_t000,435.0,3,2.0,328.9093,370.8773,41.96800000000002,fnsz
dev,aaaaadkj,aaaaadkj_s003_t000,435.0,3,3.0,385.9336,419.0101,33.07650000000001,gnsz
dev,aaaaadkj,aaaaadkj_s003_t001,464.0,4,1.0,37.9964,94.0723,56.0759,gnsz
dev,aaaaadkj,aaaaadkj_s003_t001,464.0,4,2.0,113.0409,181.0907,68.0498,gnsz
dev,aaaaadkj,aaaaadkj_s003_t001,464.0,4,3.0,257.9135,316.9532,59.03969999999998,gnsz
dev,aaaaadkj,aaaaadkj_s003_t001,464.0,4,4.0,367.9905,412.9223,44.93180000000001,gnsz
dev,aaaaadkj,aaaaadkj_s003_t002,378.0,3,1.0,21.0433,76.0522,55.0089,gnsz
dev,aaaaadkj,aaaaadkj_s003_t002,378.0,3,2.0,148.0142,208.9508,60.9366,gnsz
dev,aaaaadkj,aaaaadkj_s003_t002,378.0,3,3.0,249.9704,313.9301,63.95969999999997,gnsz
dev,aaaaadkj,aaaaadkj_s003_t003,123.0,1,1.0,41.0196,102.9638,61.94420000000001,gnsz
dev,aaaaadkj,aaaaadkj_s004_t000,328.0,2,1.0,136.9887,235.9218,98.9331,gnsz
dev,aaaaadkj,aaaaadkj_s004_t000,328.0,2,2.0,239.9526,301.9561,62.0035,gnsz
dev,aaaaadkj,aaaaadkj_s004_t001,209.0,2,1.0,8.0024,87.0599,79.0575,fnsz|gnsz
dev,aaaaadkj,aaaaadkj_s004_t001,209.0,2,2.0,93.0705,181.8672,88.7967,gnsz
dev,aaaaaewf,aaaaaewf_s001_t001,1313.0,2,1.0,646.02,657.5333,11.513300000000072,absz
dev,aaaaaewf,aaaaaewf_s001_t001,1313.0,2,2.0,811.572,819.872,8.299999999999955,absz
dev,aaaaaewf,aaaaaewf_s002_t000,1457.0,0,,,,,
dev,aaaaaewf,aaaaaewf_s003_t000,1636.0,2,1.0,384.0,395.0,11.0,gnsz
dev,aaaaaewf,aaaaaewf_s003_t000,1636.0,2,2.0,1162.1111,1172.9444,10.833300000000008,gnsz
dev,aaaaaexe,aaaaaexe_s001_t001,1426.0,4,1.0,193.844,200.044,6.200000000000017,absz
dev,aaaaaexe,aaaaaexe_s001_t001,1426.0,4,2.0,287.832,296.532,8.699999999999989,absz
dev,aaaaaexe,aaaaaexe_s001_t001,1426.0,4,3.0,564.304,573.2149,8.91089999999997,absz
dev,aaaaaexe,aaaaaexe_s001_t001,1426.0,4,4.0,1355.612,1363.312,7.699999999999818,absz
dev,aaaaafjv,aaaaafjv_s001_t001,1618.0,0,,,,,
dev,aaaaagbf,aaaaagbf_s001_t000,1359.0,1,1.0,1126.768,1143.068,16.299999999999955,fnsz
dev,aaaaagbf,aaaaagbf_s002_t000,1359.0,0,,,,,
dev,aaaaagbf,aaaaagbf_s003_t000,311.0,0,,,,,
dev,aaaaagbf,aaaaagbf_s003_t001,201.0,0,,,,,
dev,aaaaagbf,aaaaagbf_s003_t002,321.0,0,,,,,
dev,aaaaagbf,aaaaagbf_s003_t003,343.0,0,,,,,
dev,aaaaagbf,aaaaagbf_s003_t004,315.0,0,,,,,
dev,aaaaagbf,aaaaagbf_s004_t001,1271.0,0,,,,,
dev,aaaaagbf,aaaaagbf_s005_t000,5.0,0,,,,,
dev,aaaaagbf,aaaaagbf_s005_t001,33.0,0,,,,,
dev,aaaaagbf,aaaaagbf_s005_t002,73.0,0,,,,,
dev,aaaaagbf,aaaaagbf_s005_t003,1302.0,0,,,,,
dev,aaaaagbf,aaaaagbf_s005_t004,277.0,0,,,,,
dev,aaaaagbf,aaaaagbf_s006_t000,300.0,0,,,,,
dev,aaaaagbf,aaaaagbf_s006_t001,1.0,0,,,,,
dev,aaaaagbf,aaaaagbf_s006_t002,1.0,0,,,,,
dev,aaaaagbf,aaaaagbf_s006_t003,301.0,1,1.0,124.0144,138.9904,14.975999999999999,fnsz
dev,aaaaagbf,aaaaagbf_s006_t004,1.0,0,,,,,
dev,aaaaagbf,aaaaagbf_s006_t005,1.0,0,,,,,
dev,aaaaagbf,aaaaagbf_s006_t006,1.0,0,,,,,
dev,aaaaagbf,aaaaagbf_s006_t007,301.0,0,,,,,
dev,aaaaagbf,aaaaagbf_s006_t008,1.0,0,,,,,
dev,aaaaagbf,aaaaagbf_s006_t009,300.0,0,,,,,
dev,aaaaagbf,aaaaagbf_s006_t010,1.0,0,,,,,
dev,aaaaagbf,aaaaagbf_s006_t011,301.0,0,,,,,
dev,aaaaagbf,aaaaagbf_s006_t012,1.0,0,,,,,
dev,aaaaagbf,aaaaagbf_s006_t013,1.0,0,,,,,
dev,aaaaagbf,aaaaagbf_s006_t014,48.0,0,,,,,
dev,aaaaagbf,aaaaagbf_s006_t015,300.0,0,,,,,
dev,aaaaagbf,aaaaagbf_s006_t016,1.0,0,,,,,
dev,aaaaagbf,aaaaagbf_s006_t017,1.0,0,,,,,
dev,aaaaagbf,aaaaagbf_s006_t018,301.0,0,,,,,
dev,aaaaagbf,aaaaagbf_s006_t019,301.0,0,,,,,
dev,aaaaagbf,aaaaagbf_s006_t020,301.0,0,,,,,
dev,aaaaagbf,aaaaagbf_s006_t021,1.0,0,,,,,
dev,aaaaagbf,aaaaagbf_s006_t022,301.0,0,,,,,
dev,aaaaagbf,aaaaagbf_s006_t023,300.0,0,,,,,
dev,aaaaagbf,aaaaagbf_s006_t024,1.0,0,,,,,
dev,aaaaagbf,aaaaagbf_s006_t025,1.0,0,,,,,
dev,aaaaagbf,aaaaagbf_s006_t026,1.0,0,,,,,
dev,aaaaagbf,aaaaagbf_s007_t000,300.0,0,,,,,
dev,aaaaagbf,aaaaagbf_s007_t001,1.0,0,,,,,
dev,aaaaagbf,aaaaagbf_s007_t002,301.0,0,,,,,
dev,aaaaagbf,aaaaagbf_s007_t003,301.0,0,,,,,
dev,aaaaagbf,aaaaagbf_s007_t004,1.0,0,,,,,
dev,aaaaagbf,aaaaagbf_s007_t005,300.0,0,,,,,
dev,aaaaagbf,aaaaagbf_s007_t006,301.0,0,,,,,
dev,aaaaagbf,aaaaagbf_s007_t007,1046.0,2,1.0,302.1646,335.1444,32.97980000000001,fnsz
dev,aaaaagbf,aaaaagbf_s007_t007,1046.0,2,2.0,342.0326,456.3038,114.27120000000002,fnsz
dev,aaaaagbf,aaaaagbf_s007_t008,1.0,0,,,,,
dev,aaaaagbf,aaaaagbf_s007_t009,1.0,0,,,,,
dev,aaaaagbf,aaaaagbf_s007_t010,1.0,0,,,,,
dev,aaaaagbf,aaaaagbf_s007_t011,1.0,0,,,,,
dev,aaaaagbf,aaaaagbf_s007_t012,1.0,0,,,,,
dev,aaaaagbf,aaaaagbf_s007_t013,1.0,0,,,,,
dev,aaaaagbf,aaaaagbf_s007_t014,300.0,0,,,,,
dev,aaaaagbf,aaaaagbf_s007_t015,1.0,0,,,,,
dev,aaaaagbf,aaaaagbf_s007_t016,1.0,0,,,,,
dev,aaaaagbf,aaaaagbf_s007_t017,3.0,0,,,,,
dev,aaaaagbf,aaaaagbf_s007_t018,300.0,0,,,,,
dev,aaaaagbf,aaaaagbf_s007_t019,1.0,0,,,,,
dev,aaaaagbf,aaaaagbf_s007_t020,3.0,0,,,,,
dev,aaaaagbf,aaaaagbf_s007_t021,301.0,0,,,,,
dev,aaaaagbf,aaaaagbf_s007_t022,301.0,0,,,,,
dev,aaaaagbf,aaaaagbf_s007_t023,301.0,0,,,,,
dev,aaaaagbf,aaaaagbf_s007_t024,1.0,0,,,,,
dev,aaaaagbf,aaaaagbf_s007_t025,301.0,0,,,,,
dev,aaaaagbf,aaaaagbf_s007_t026,1.0,0,,,,,
dev,aaaaagbf,aaaaagbf_s007_t027,1.0,0,,,,,
dev,aaaaagbf,aaaaagbf_s007_t028,1.0,0,,,,,
dev,aaaaagbf,aaaaagbf_s007_t029,300.0,0,,,,,
dev,aaaaagbf,aaaaagbf_s007_t030,1.0,0,,,,,
dev,aaaaagbf,aaaaagbf_s007_t031,301.0,0,,,,,
dev,aaaaagbf,aaaaagbf_s008_t000,301.0,0,,,,,
dev,aaaaagbf,aaaaagbf_s008_t001,1.0,0,,,,,
dev,aaaaagbf,aaaaagbf_s008_t002,1.0,0,,,,,
dev,aaaaagbf,aaaaagbf_s008_t003,1040.0,1,1.0,300.0119,448.0024,147.9905,gnsz
dev,aaaaagbf,aaaaagbf_s008_t004,1.0,0,,,,,
dev,aaaaagbf,aaaaagbf_s008_t005,21.0,0,,,,,
dev,aaaaagbf,aaaaagbf_s008_t006,1.0,0,,,,,
dev,aaaaagbf,aaaaagbf_s008_t007,4.0,0,,,,,
dev,aaaaagbf,aaaaagbf_s008_t008,1.0,0,,,,,
dev,aaaaagbf,aaaaagbf_s008_t009,2.0,0,,,,,
dev,aaaaagbf,aaaaagbf_s008_t010,301.0,0,,,,,
dev,aaaaagbf,aaaaagbf_s008_t011,1.0,0,,,,,
dev,aaaaagbf,aaaaagbf_s008_t012,21.0,0,,,,,
dev,aaaaagbf,aaaaagbf_s008_t013,22.0,0,,,,,
dev,aaaaagbf,aaaaagbf_s008_t014,4.0,0,,,,,
dev,aaaaagbf,aaaaagbf_s008_t015,5.0,0,,,,,
dev,aaaaagbf,aaaaagbf_s008_t016,301.0,0,,,,,
dev,aaaaagbf,aaaaagbf_s008_t017,9.0,0,,,,,
dev,aaaaagbf,aaaaagbf_s008_t018,3.0,0,,,,,
dev,aaaaagbf,aaaaagbf_s008_t019,1.0,0,,,,,
dev,aaaaagbf,aaaaagbf_s008_t020,1.0,0,,,,,
dev,aaaaagbf,aaaaagbf_s008_t021,1.0,0,,,,,
dev,aaaaagbf,aaaaagbf_s008_t022,1.0,0,,,,,
dev,aaaaagbf,aaaaagbf_s008_t023,1.0,0,,,,,
dev,aaaaagbf,aaaaagbf_s008_t024,1.0,0,,,,,
dev,aaaaagbf,aaaaagbf_s008_t025,301.0,0,,,,,
dev,aaaaagbf,aaaaagbf_s008_t026,21.0,0,,,,,
dev,aaaaagbf,aaaaagbf_s009_t000,195.0,0,,,,,
dev,aaaaagbf,aaaaagbf_s009_t001,105.0,0,,,,,
dev,aaaaagbf,aaaaagbf_s009_t002,1.0,0,,,,,
dev,aaaaagbf,aaaaagbf_s009_t003,301.0,0,,,,,
dev,aaaaagbf,aaaaagbf_s009_t004,1.0,0,,,,,
dev,aaaaagbf,aaaaagbf_s009_t005,1.0,0,,,,,
dev,aaaaagbf,aaaaagbf_s009_t006,205.0,0,,,,,
dev,aaaaagbf,aaaaagbf_s009_t007,95.0,0,,,,,
dev,aaaaagbf,aaaaagbf_s009_t008,1.0,0,,,,,
dev,aaaaagbf,aaaaagbf_s009_t009,301.0,0,,,,,
dev,aaaaagbf,aaaaagbf_s009_t010,1.0,0,,,,,
dev,aaaaagbf,aaaaagbf_s009_t011,1.0,0,,,,,
dev,aaaaagbf,aaaaagbf_s009_t012,1.0,0,,,,,
dev,aaaaagbf,aaaaagbf_s009_t013,300.0,0,,,,,
dev,aaaaagbf,aaaaagbf_s009_t014,1.0,0,,,,,
dev,aaaaagbf,aaaaagbf_s009_t015,1.0,0,,,,,
dev,aaaaagbf,aaaaagbf_s009_t016,1.0,0,,,,,
dev,aaaaagbf,aaaaagbf_s009_t017,1.0,0,,,,,
dev,aaaaagbf,aaaaagbf_s009_t018,1.0,0,,,,,
dev,aaaaagbf,aaaaagbf_s009_t019,301.0,0,,,,,
dev,aaaaagbf,aaaaagbf_s009_t020,300.0,0,,,,,
dev,aaaaagbf,aaaaagbf_s009_t021,1.0,0,,,,,
dev,aaaaagbf,aaaaagbf_s009_t022,301.0,0,,,,,
dev,aaaaagbf,aaaaagbf_s009_t023,3.0,0,,,,,
dev,aaaaagbf,aaaaagbf_s009_t024,1.0,0,,,,,
dev,aaaaagbf,aaaaagbf_s009_t025,1.0,0,,,,,
dev,aaaaagbf,aaaaagbf_s009_t026,301.0,0,,,,,
dev,aaaaagbf,aaaaagbf_s009_t027,3.0,0,,,,,
dev,aaaaagbf,aaaaagbf_s009_t028,1.0,0,,,,,
dev,aaaaagbf,aaaaagbf_s009_t029,414.0,0,,,,,
dev,aaaaagbf,aaaaagbf_s009_t030,3.0,0,,,,,
dev,aaaaagbf,aaaaagbf_s010_t000,70.0,0,,,,,
dev,aaaaagbf,aaaaagbf_s010_t001,230.0,0,,,,,
dev,aaaaagbf,aaaaagbf_s010_t002,3.0,0,,,,,
dev,aaaaagbf,aaaaagbf_s010_t003,301.0,0,,,,,
dev,aaaaagbf,aaaaagbf_s010_t004,1.0,0,,,,,
dev,aaaaagbf,aaaaagbf_s010_t005,301.0,0,,,,,
dev,aaaaagbf,aaaaagbf_s010_t006,301.0,0,,,,,
dev,aaaaagbf,aaaaagbf_s010_t007,162.0,0,,,,,
dev,aaaaagdr,aaaaagdr_s001_t001,1423.0,3,1.0,57.288,162.744,105.456,fnsz
dev,aaaaagdr,aaaaagdr_s001_t001,1423.0,3,2.0,711.152,836.152,125.0,fnsz
dev,aaaaagdr,aaaaagdr_s001_t001,1423.0,3,3.0,1070.888,1157.0212,86.13319999999999,fnsz
dev,aaaaagdr,aaaaagdr_s002_t001,490.0,0,,,,,
dev,aaaaagdr,aaaaagdr_s002_t002,256.0,0,,,,,
dev,aaaaagdr,aaaaagdr_s002_t003,443.0,0,,,,,
dev,aaaaagus,aaaaagus_s001_t000,488.0,0,,,,,
dev,aaaaagus,aaaaagus_s002_t000,1306.0,0,,,,,
dev,aaaaagus,aaaaagus_s003_t000,1283.0,0,,,,,
dev,aaaaagus,aaaaagus_s004_t000,1504.0,0,,,,,
dev,aaaaahie,aaaaahie_s001_t000,1386.0,0,,,,,
dev,aaaaahie,aaaaahie_s002_t000,1261.0,0,,,,,
dev,aaaaahie,aaaaahie_s003_t000,1204.0,0,,,,,
dev,aaaaahie,aaaaahie_s004_t000,1242.0,0,,,,,
dev,aaaaahie,aaaaahie_s005_t001,1175.0,0,,,,,
dev,aaaaahie,aaaaahie_s006_t000,1030.0,1,1.0,315.1393,339.0279,23.888599999999997,fnsz
dev,aaaaahie,aaaaahie_s006_t001,352.0,2,1.0,26.0225,133.9063,107.88379999999998,fnsz
dev,aaaaahie,aaaaahie_s006_t001,352.0,2,2.0,147.0391,159.1316,12.092500000000001,fnsz
dev,aaaaahie,aaaaahie_s007_t000,1800.0,0,,,,,
dev,aaaaahie,aaaaahie_s007_t001,1800.0,1,1.0,294.0048,311.5486,17.543800000000033,fnsz
dev,aaaaahie,aaaaahie_s007_t002,1800.0,3,1.0,49.9825,74.0255,24.042999999999992,fnsz
dev,aaaaahie,aaaaahie_s007_t002,1800.0,3,2.0,882.0494,903.9075,21.858100000000036,fnsz
dev,aaaaahie,aaaaahie_s007_t002,1800.0,3,3.0,1366.8596,1390.2967,23.4371000000001,fnsz
dev,aaaaahie,aaaaahie_s007_t003,1800.0,0,,,,,
dev,aaaaahie,aaaaahie_s007_t004,1.0,0,,,,,
dev,aaaaahie,aaaaahie_s007_t005,1800.0,0,,,,,
dev,aaaaahie,aaaaahie_s007_t006,1800.0,0,,,,,
dev,aaaaahie,aaaaahie_s007_t007,1.0,0,,,,,
dev,aaaaahie,aaaaahie_s007_t008,1800.0,0,,,,,
dev,aaaaahie,aaaaahie_s007_t009,1800.0,0,,,,,
dev,aaaaahie,aaaaahie_s007_t010,1.0,0,,,,,
dev,aaaaahie,aaaaahie_s007_t011,1800.0,1,1.0,1606.7496,1632.0367,25.28710000000001,fnsz
dev,aaaaahie,aaaaahie_s007_t012,1800.0,0,,,,,
dev,aaaaahie,aaaaahie_s007_t013,1.0,0,,,,,
dev,aaaaahie,aaaaahie_s007_t014,1800.0,1,1.0,1318.0447,1341.8485,23.803800000000138,fnsz
dev,aaaaahie,aaaaahie_s007_t015,1800.0,0,,,,,
dev,aaaaahie,aaaaahie_s007_t016,1.0,0,,,,,
dev,aaaaahie,aaaaahie_s007_t017,1800.0,0,,,,,
dev,aaaaahie,aaaaahie_s007_t018,1800.0,2,1.0,361.2153,378.0734,16.85809999999998,fnsz
dev,aaaaahie,aaaaahie_s007_t018,1800.0,2,2.0,1073.9553,1086.6746,12.719299999999976,fnsz
dev,aaaaahie,aaaaahie_s007_t019,1.0,0,,,,,
dev,aaaaahie,aaaaahie_s007_t020,1800.0,2,1.0,68.0766,80.3333,12.256699999999995,fnsz
dev,aaaaahie,aaaaahie_s007_t020,1800.0,2,2.0,501.9346,514.008,12.07340000000005,fnsz
dev,aaaaahie,aaaaahie_s007_t021,1800.0,0,,,,,
dev,aaaaahie,aaaaahie_s007_t022,1.0,0,,,,,
dev,aaaaahie,aaaaahie_s007_t023,1800.0,0,,,,,
dev,aaaaahie,aaaaahie_s007_t024,1800.0,0,,,,,
dev,aaaaahie,aaaaahie_s007_t025,1.0,0,,,,,
dev,aaaaahie,aaaaahie_s007_t026,1800.0,2,1.0,117.9745,134.0016,16.02709999999999,fnsz
dev,aaaaahie,aaaaahie_s007_t026,1800.0,2,2.0,1744.4147,1766.5582,22.143499999999904,fnsz
dev,aaaaahie,aaaaahie_s007_t027,1800.0,3,1.0,453.9537,477.0957,23.141999999999996,fnsz
dev,aaaaahie,aaaaahie_s007_t027,1800.0,3,2.0,1083.1196,1108.5949,25.47530000000006,fnsz
dev,aaaaahie,aaaaahie_s007_t027,1800.0,3,3.0,1688.0016,1712.0431,24.041500000000042,fnsz
dev,aaaaahie,aaaaahie_s007_t028,1.0,0,,,,,
dev,aaaaahie,aaaaahie_s007_t029,1800.0,0,,,,,
dev,aaaaahie,aaaaahie_s007_t030,1800.0,2,1.0,1210.0303,1220.0064,9.976100000000088,fnsz
dev,aaaaahie,aaaaahie_s007_t030,1800.0,2,2.0,1496.0447,1521.9601,25.91540000000009,fnsz
dev,aaaaahie,aaaaahie_s007_t031,1.0,0,,,,,
dev,aaaaahie,aaaaahie_s007_t032,1800.0,1,1.0,1366.2472,1385.9841,19.736899999999878,fnsz
dev,aaaaahie,aaaaahie_s007_t033,1800.0,2,1.0,421.9936,435.4545,13.460899999999981,fnsz
dev,aaaaahie,aaaaahie_s007_t033,1800.0,2,2.0,1396.0686,1410.1595,14.09089999999992,fnsz
dev,aaaaahie,aaaaahie_s007_t034,1.0,0,,,,,
dev,aaaaahie,aaaaahie_s007_t035,1800.0,1,1.0,942.0766,954.0144,11.937800000000038,fnsz
dev,aaaaahie,aaaaahie_s007_t036,1800.0,1,1.0,600.0207,619.925,19.90429999999992,fnsz
dev,aaaaahie,aaaaahie_s007_t037,1.0,0,,,,,
dev,aaaaahie,aaaaahie_s007_t038,1800.0,1,1.0,981.9171,996.1914,14.27430000000004,fnsz
dev,aaaaahie,aaaaahie_s007_t039,1800.0,1,1.0,491.1356,510.1388,19.003199999999993,fnsz
dev,aaaaahie,aaaaahie_s007_t040,1.0,0,,,,,
dev,aaaaahie,aaaaahie_s007_t041,1800.0,1,1.0,1362.0494,1383.3174,21.2679999999998,fnsz
dev,aaaaahie,aaaaahie_s007_t042,16.0,0,,,,,
dev,aaaaahie,aaaaahie_s008_t000,1800.0,3,1.0,489.8533,507.5008,17.647500000000036,fnsz
dev,aaaaahie,aaaaahie_s008_t000,1800.0,3,2.0,835.9984,865.9346,29.9362000000001,fnsz
dev,aaaaahie,aaaaahie_s008_t000,1800.0,3,3.0,1254.5423,1265.9936,11.451299999999947,fnsz
dev,aaaaahie,aaaaahie_s008_t001,1800.0,4,1.0,317.1595,335.6523,18.492800000000045,fnsz
dev,aaaaahie,aaaaahie_s008_t001,1800.0,4,2.0,537.9968,551.9761,13.979299999999967,fnsz
dev,aaaaahie,aaaaahie_s008_t001,1800.0,4,3.0,937.9537,956.0399,18.086199999999963,fnsz
dev,aaaaahie,aaaaahie_s008_t001,1800.0,4,4.0,1251.5391,1267.1053,15.56619999999998,fnsz
dev,aaaaahie,aaaaahie_s008_t002,160.0,2,1.0,48.0335,59.0826,11.049100000000003,fnsz
dev,aaaaahie,aaaaahie_s008_t002,160.0,2,2.0,86.0603,98.5491,12.488799999999998,fnsz
dev,aaaaahie,aaaaahie_s008_t003,1634.0,2,1.0,800.0145,940.0813,140.06680000000006,fnsz
dev,aaaaahie,aaaaahie_s008_t003,1634.0,2,2.0,1303.7525,1394.0312,90.27869999999984,fnsz
dev,aaaaahie,aaaaahie_s008_t004,604.0,1,1.0,265.0267,320.0356,55.00889999999998,fnsz
dev,aaaaahie,aaaaahie_s008_t005,1800.0,2,1.0,304.244,321.4131,17.169099999999958,fnsz
dev,aaaaahie,aaaaahie_s008_t005,1800.0,2,2.0,710.0319,725.1595,15.12760000000003,fnsz
dev,aaaaahie,aaaaahie_s008_t006,431.0,0,,,,,
dev,aaaaahie,aaaaahie_s009_t000,300.0,3,1.0,0.0111,47.5556,47.5445,fnsz
dev,aaaaahie,aaaaahie_s009_t000,300.0,3,2.0,120.5556,174.3889,53.83330000000001,fnsz
dev,aaaaahie,aaaaahie_s009_t000,300.0,3,3.0,221.8333,284.8889,63.05559999999997,fnsz
dev,aaaaahie,aaaaahie_s009_t001,1800.0,3,1.0,307.9872,340.1483,32.16110000000003,fnsz
dev,aaaaahie,aaaaahie_s009_t001,1800.0,3,2.0,1040.0718,1074.1228,34.05100000000016,fnsz
dev,aaaaahie,aaaaahie_s009_t001,1800.0,3,3.0,1365.9745,1405.9266,39.95209999999997,fnsz
dev,aaaaahie,aaaaahie_s009_t002,1800.0,1,1.0,1549.9649,1596.1292,46.16430000000014,fnsz
dev,aaaaahie,aaaaahie_s009_t003,1800.0,1,1.0,575.9506,601.1659,25.215299999999957,fnsz
dev,aaaaahie,aaaaahie_s009_t004,346.0,0,,,,,
dev,aaaaahie,aaaaahie_s009_t005,774.0,4,1.0,300.9197,338.0602,37.14050000000003,fnsz
dev,aaaaahie,aaaaahie_s009_t005,774.0,4,2.0,345.8889,373.1667,27.277800000000013,fnsz
dev,aaaaahie,aaaaahie_s009_t005,774.0,4,3.0,402.2778,434.9444,32.66659999999996,fnsz
dev,aaaaahie,aaaaahie_s009_t005,774.0,4,4.0,606.9699,773.0,166.03009999999995,fnsz
dev,aaaaahie,aaaaahie_s009_t006,1085.0,2,1.0,254.99,355.0903,100.1003,fnsz
dev,aaaaahie,aaaaahie_s009_t006,1085.0,2,2.0,754.0606,858.1434,104.08280000000002,fnsz
dev,aaaaahie,aaaaahie_s010_t000,1800.0,0,,,,,
dev,aaaaahie,aaaaahie_s010_t001,1800.0,0,,,,,
dev,aaaaahie,aaaaahie_s010_t002,1800.0,0,,,,,
dev,aaaaahie,aaaaahie_s010_t003,1800.0,0,,,,,
dev,aaaaahie,aaaaahie_s010_t004,1.0,0,,,,,
dev,aaaaahie,aaaaahie_s010_t005,282.0,0,,,,,
dev,aaaaahie,aaaaahie_s011_t000,77.0,0,,,,,
dev,aaaaahie,aaaaahie_s011_t001,1800.0,2,1.0,837.9362,857.6093,19.673099999999977,fnsz
dev,aaaaahie,aaaaahie_s011_t001,1800.0,2,2.0,1267.9952,1282.5088,14.513599999999997,fnsz
dev,aaaaahie,aaaaahie_s011_t002,583.0,2,1.0,0.0478,35.9729,35.9251,fnsz
dev,aaaaahie,aaaaahie_s011_t002,583.0,2,2.0,294.0303,309.134,15.103700000000003,fnsz
dev,aaaaahie,aaaaahie_s011_t003,604.0,3,1.0,253.0528,292.9461,39.89330000000001,fnsz
dev,aaaaahie,aaaaahie_s011_t003,604.0,3,2.0,508.0024,515.0563,7.053899999999942,fnsz
dev,aaaaahie,aaaaahie_s011_t003,604.0,3,3.0,556.9858,604.0,47.01419999999996,fnsz
dev,aaaaahie,aaaaahie_s011_t004,300.0,1,1.0,0.0237,12.0213,11.9976,fnsz
dev,aaaaahie,aaaaahie_s011_t005,1054.0,3,1.0,321.0077,365.904,44.8963,fnsz
dev,aaaaahie,aaaaahie_s011_t005,1054.0,3,2.0,389.9443,401.1476,11.203300000000013,fnsz
dev,aaaaahie,aaaaahie_s011_t005,1054.0,3,3.0,663.0326,747.0279,83.99530000000004,fnsz
dev,aaaaahie,aaaaahie_s011_t006,605.0,1,1.0,310.1363,355.0089,44.87259999999998,fnsz
dev,aaaaahie,aaaaahie_s011_t007,300.0,1,1.0,50.1482,105.1571,55.0089,fnsz
dev,aaaaahie,aaaaahie_s012_t000,300.0,0,,,,,
dev,aaaaahie,aaaaahie_s012_t001,7.0,0,,,,,
dev,aaaaahie,aaaaahie_s012_t002,666.0,0,,,,,
dev,aaaaahie,aaaaahie_s012_t003,673.0,0,,,,,
dev,aaaaahie,aaaaahie_s012_t004,7.0,0,,,,,
dev,aaaaahie,aaaaahie_s012_t005,300.0,0,,,,,
dev,aaaaahie,aaaaahie_s012_t007,300.0,0,,,,,
dev,aaaaahie,aaaaahie_s012_t008,300.0,0,,,,,
dev,aaaaahie,aaaaahie_s012_t009,601.0,0,,,,,
dev,aaaaahie,aaaaahie_s012_t010,300.0,0,,,,,
dev,aaaaahie,aaaaahie_s012_t011,601.0,0,,,,,
dev,aaaaahie,aaaaahie_s013_t000,300.0,0,,,,,
dev,aaaaahie,aaaaahie_s013_t001,601.0,0,,,,,
dev,aaaaahie,aaaaahie_s013_t002,300.0,0,,,,,
dev,aaaaahie,aaaaahie_s013_t003,601.0,0,,,,,
dev,aaaaahie,aaaaahie_s013_t004,300.0,0,,,,,
dev,aaaaahie,aaaaahie_s013_t005,601.0,0,,,,,
dev,aaaaahie,aaaaahie_s013_t006,300.0,0,,,,,
dev,aaaaahie,aaaaahie_s013_t007,601.0,0,,,,,
dev,aaaaahie,aaaaahie_s013_t008,300.0,0,,,,,
dev,aaaaahie,aaaaahie_s013_t009,601.0,0,,,,,
dev,aaaaahie,aaaaahie_s014_t000,1800.0,0,,,,,
dev,aaaaahie,aaaaahie_s014_t001,652.0,0,,,,,
dev,aaaaahie,aaaaahie_s015_t000,1326.0,0,,,,,
dev,aaaaahie,aaaaahie_s016_t000,1270.0,0,,,,,
dev,aaaaahie,aaaaahie_s017_t001,1318.0,0,,,,,
dev,aaaaahie,aaaaahie_s018_t000,1800.0,2,1.0,958.8134,985.2169,26.403500000000008,fnsz
dev,aaaaahie,aaaaahie_s018_t000,1800.0,2,2.0,1631.0207,1656.571,25.55029999999988,fnsz
dev,aaaaahie,aaaaahie_s018_t001,1800.0,3,1.0,651.2041,686.4833,35.279199999999946,fnsz
dev,aaaaahie,aaaaahie_s018_t001,1800.0,3,2.0,1059.9139,1083.638,23.724099999999908,fnsz
dev,aaaaahie,aaaaahie_s018_t001,1800.0,3,3.0,1412.0654,1424.2265,12.161100000000033,fnsz
dev,aaaaahie,aaaaahie_s018_t002,1626.0,0,,,,,
dev,aaaaahie,aaaaahie_s019_t000,1.0,0,,,,,
dev,aaaaahie,aaaaahie_s019_t001,3.0,0,,,,,
dev,aaaaahie,aaaaahie_s019_t002,1.0,0,,,,,
dev,aaaaahie,aaaaahie_s019_t003,1.0,0,,,,,
dev,aaaaahie,aaaaahie_s019_t004,1.0,0,,,,,
dev,aaaaahie,aaaaahie_s019_t005,3.0,0,,,,,
dev,aaaaahie,aaaaahie_s019_t006,1.0,0,,,,,
dev,aaaaahie,aaaaahie_s019_t007,1.0,0,,,,,
dev,aaaaahie,aaaaahie_s019_t008,3.0,0,,,,,
dev,aaaaahie,aaaaahie_s019_t009,3.0,0,,,,,
dev,aaaaahie,aaaaahie_s019_t010,1.0,0,,,,,
dev,aaaaahie,aaaaahie_s019_t011,3.0,0,,,,,
dev,aaaaahie,aaaaahie_s019_t012,3.0,0,,,,,
dev,aaaaahie,aaaaahie_s019_t013,3.0,0,,,,,
dev,aaaaahie,aaaaahie_s019_t014,3.0,0,,,,,
dev,aaaaahie,aaaaahie_s019_t015,1.0,0,,,,,
dev,aaaaahie,aaaaahie_s019_t016,1.0,0,,,,,
dev,aaaaahie,aaaaahie_s019_t017,1.0,0,,,,,
dev,aaaaahie,aaaaahie_s019_t018,1.0,0,,,,,
dev,aaaaahie,aaaaahie_s019_t019,1.0,0,,,,,
dev,aaaaahie,aaaaahie_s020_t000,269.0,1,1.0,22.2778,76.0,53.7222,fnsz
dev,aaaaahie,aaaaahie_s020_t001,495.0,1,1.0,180.1667,238.3333,58.16660000000002,fnsz
dev,aaaaahie,aaaaahie_s020_t002,494.0,4,1.0,0.0,17.7778,17.7778,fnsz
dev,aaaaahie,aaaaahie_s020_t002,494.0,4,2.0,138.6111,162.5,23.888900000000007,fnsz
dev,aaaaahie,aaaaahie_s020_t002,494.0,4,3.0,180.0,230.6667,50.66669999999999,fnsz
dev,aaaaahie,aaaaahie_s020_t002,494.0,4,4.0,465.1111,494.0,28.88889999999998,fnsz
dev,aaaaahie,aaaaahie_s020_t003,1.0,0,,,,,
dev,aaaaahie,aaaaahie_s020_t004,301.0,0,,,,,
dev,aaaaahie,aaaaahie_s020_t005,671.0,3,1.0,191.0,232.6111,41.61109999999999,fnsz
dev,aaaaahie,aaaaahie_s020_t005,671.0,3,2.0,337.0,375.6111,38.61110000000002,fnsz
dev,aaaaahie,aaaaahie_s020_t005,671.0,3,3.0,385.7222,421.4444,35.72219999999999,fnsz
dev,aaaaahie,aaaaahie_s021_t000,300.0,0,,,,,
dev,aaaaahie,aaaaahie_s021_t001,680.0,0,,,,,
dev,aaaaahie,aaaaahie_s021_t002,700.0,0,,,,,
dev,aaaaahie,aaaaahie_s021_t003,752.0,2,1.0,300.0,354.0605,54.06049999999999,fnsz
dev,aaaaahie,aaaaahie_s021_t003,752.0,2,2.0,413.9301,441.968,28.037900000000036,fnsz
dev,aaaaahie,aaaaahie_s021_t004,901.0,1,1.0,612.9816,672.9698,59.988200000000006,fnsz
dev,aaaaahie,aaaaahie_s021_t005,300.0,0,,,,,
dev,aaaaahie,aaaaahie_s021_t006,702.0,3,1.0,171.0136,200.8299,29.816300000000012,fnsz
dev,aaaaahie,aaaaahie_s021_t006,702.0,3,2.0,293.083,391.0083,97.9253,fnsz
dev,aaaaahie,aaaaahie_s021_t006,702.0,3,3.0,550.9478,587.8773,36.92949999999996,fnsz
dev,aaaaahie,aaaaahie_s022_t000,1800.0,0,,,,,
dev,aaaaahie,aaaaahie_s022_t001,1800.0,0,,,,,
dev,aaaaahie,aaaaahie_s022_t002,1800.0,0,,,,,
dev,aaaaahie,aaaaahie_s022_t003,1800.0,0,,,,,
dev,aaaaahie,aaaaahie_s022_t004,1.0,0,,,,,
dev,aaaaahie,aaaaahie_s022_t005,1800.0,0,,,,,
dev,aaaaahie,aaaaahie_s022_t006,1800.0,0,,,,,
dev,aaaaahie,aaaaahie_s022_t007,1.0,0,,,,,
dev,aaaaahie,aaaaahie_s022_t008,1800.0,0,,,,,
dev,aaaaahie,aaaaahie_s022_t009,1800.0,0,,,,,
dev,aaaaahie,aaaaahie_s022_t010,1.0,0,,,,,
dev,aaaaahie,aaaaahie_s022_t011,1800.0,0,,,,,
dev,aaaaahie,aaaaahie_s022_t012,1800.0,0,,,,,
dev,aaaaahie,aaaaahie_s022_t013,1.0,0,,,,,
dev,aaaaahie,aaaaahie_s022_t014,1800.0,0,,,,,
dev,aaaaahie,aaaaahie_s022_t015,1800.0,0,,,,,
dev,aaaaahie,aaaaahie_s022_t016,1.0,0,,,,,
dev,aaaaahie,aaaaahie_s022_t017,1800.0,0,,,,,
dev,aaaaahie,aaaaahie_s022_t018,1800.0,0,,,,,
dev,aaaaahie,aaaaahie_s022_t019,1.0,0,,,,,
dev,aaaaahie,aaaaahie_s022_t020,1800.0,0,,,,,
dev,aaaaahie,aaaaahie_s022_t021,1800.0,0,,,,,
dev,aaaaahie,aaaaahie_s022_t022,1.0,0,,,,,
dev,aaaaahie,aaaaahie_s022_t023,1800.0,0,,,,,
dev,aaaaahie,aaaaahie_s022_t024,1800.0,0,,,,,
dev,aaaaahie,aaaaahie_s022_t025,1.0,0,,,,,
dev,aaaaahie,aaaaahie_s022_t026,1800.0,0,,,,,
dev,aaaaahie,aaaaahie_s022_t027,1775.0,0,,,,,
dev,aaaaahie,aaaaahie_s023_t000,1800.0,0,,,,,
dev,aaaaahie,aaaaahie_s023_t001,1800.0,0,,,,,
dev,aaaaahie,aaaaahie_s023_t002,1800.0,0,,,,,
dev,aaaaahie,aaaaahie_s023_t003,1800.0,0,,,,,
dev,aaaaahie,aaaaahie_s023_t004,1.0,0,,,,,
dev,aaaaahie,aaaaahie_s023_t005,1800.0,0,,,,,
dev,aaaaahie,aaaaahie_s023_t006,1800.0,0,,,,,
dev,aaaaahie,aaaaahie_s023_t007,1.0,0,,,,,
dev,aaaaahie,aaaaahie_s023_t008,1800.0,0,,,,,
dev,aaaaahie,aaaaahie_s023_t009,1800.0,0,,,,,
dev,aaaaahie,aaaaahie_s023_t010,1.0,0,,,,,
dev,aaaaahie,aaaaahie_s023_t011,1800.0,0,,,,,
dev,aaaaahie,aaaaahie_s023_t012,1742.0,0,,,,,
dev,aaaaahie,aaaaahie_s023_t013,1800.0,0,,,,,
dev,aaaaahie,aaaaahie_s023_t014,1800.0,0,,,,,
dev,aaaaahie,aaaaahie_s023_t015,1800.0,0,,,,,
dev,aaaaahie,aaaaahie_s023_t016,1800.0,0,,,,,
dev,aaaaahie,aaaaahie_s023_t017,1.0,0,,,,,
dev,aaaaahie,aaaaahie_s023_t018,1800.0,0,,,,,
dev,aaaaahie,aaaaahie_s023_t019,1800.0,0,,,,,
dev,aaaaahie,aaaaahie_s023_t020,1.0,0,,,,,
dev,aaaaahie,aaaaahie_s023_t021,1800.0,0,,,,,
dev,aaaaahie,aaaaahie_s023_t022,1800.0,0,,,,,
dev,aaaaahie,aaaaahie_s023_t023,1.0,0,,,,,
dev,aaaaahie,aaaaahie_s023_t024,1800.0,0,,,,,
dev,aaaaahie,aaaaahie_s023_t025,1800.0,0,,,,,
dev,aaaaahie,aaaaahie_s023_t026,1.0,0,,,,,
dev,aaaaahie,aaaaahie_s023_t027,1800.0,0,,,,,
dev,aaaaahie,aaaaahie_s023_t028,808.0,0,,,,,
dev,aaaaahie,aaaaahie_s024_t000,690.0,2,1.0,483.0237,569.971,86.94729999999998,fnsz
dev,aaaaahie,aaaaahie_s024_t000,690.0,2,2.0,644.9597,665.0237,20.063999999999965,fnsz
dev,aaaaahie,aaaaahie_s024_t001,901.0,2,1.0,264.0356,288.0782,24.042599999999993,fnsz
dev,aaaaahie,aaaaahie_s024_t001,901.0,2,2.0,570.0,594.0071,24.007100000000037,fnsz
dev,aaaaahie,aaaaahie_s024_t002,716.0,0,,,,,
dev,aaaaahie,aaaaahie_s024_t003,300.0,0,,,,,
dev,aaaaahie,aaaaahie_s024_t004,719.0,1,1.0,91.0077,130.9748,39.96709999999999,fnsz
dev,aaaaahie,aaaaahie_s024_t005,810.0,0,,,,,
dev,aaaaahie,aaaaahie_s024_t006,300.0,0,,,,,
dev,aaaaahie,aaaaahie_s024_t007,901.0,0,,,,,
dev,aaaaahie,aaaaahie_s024_t008,770.0,0,,,,,
dev,aaaaahie,aaaaahie_s025_t000,540.0,1,1.0,178.0,238.4979,60.49789999999999,fnsz
dev,aaaaahie,aaaaahie_s025_t001,1.0,0,,,,,
dev,aaaaahie,aaaaahie_s025_t002,301.0,0,,,,,
dev,aaaaahie,aaaaahie_s025_t003,1.0,0,,,,,
dev,aaaaahie,aaaaahie_s025_t004,1.0,0,,,,,
dev,aaaaahie,aaaaahie_s025_t005,18.0,0,,,,,
dev,aaaaahie,aaaaahie_s025_t006,499.0,0,,,,,
dev,aaaaahie,aaaaahie_s025_t007,301.0,0,,,,,
dev,aaaaahie,aaaaahie_s025_t008,1.0,0,,,,,
dev,aaaaahie,aaaaahie_s026_t000,301.0,0,,,,,
dev,aaaaahie,aaaaahie_s026_t001,612.0,0,,,,,
dev,aaaaahie,aaaaahie_s026_t002,301.0,0,,,,,
dev,aaaaahie,aaaaahie_s026_t003,301.0,0,,,,,
dev,aaaaahie,aaaaahie_s026_t004,1.0,0,,,,,
dev,aaaaahie,aaaaahie_s026_t005,1.0,0,,,,,
dev,aaaaahie,aaaaahie_s026_t006,492.0,0,,,,,
dev,aaaaahie,aaaaahie_s027_t000,1.0,0,,,,,
dev,aaaaahie,aaaaahie_s027_t001,1.0,0,,,,,
dev,aaaaahie,aaaaahie_s027_t002,1.0,0,,,,,
dev,aaaaahie,aaaaahie_s027_t003,1.0,0,,,,,
dev,aaaaahie,aaaaahie_s027_t004,1.0,0,,,,,
dev,aaaaahie,aaaaahie_s027_t005,1.0,0,,,,,
dev,aaaaahie,aaaaahie_s027_t006,1.0,0,,,,,
dev,aaaaahie,aaaaahie_s027_t007,413.0,0,,,,,
dev,aaaaahie,aaaaahie_s027_t008,1.0,0,,,,,
dev,aaaaahie,aaaaahie_s027_t009,301.0,0,,,,,
dev,aaaaahie,aaaaahie_s027_t010,1.0,0,,,,,
dev,aaaaahie,aaaaahie_s027_t011,1.0,0,,,,,
dev,aaaaahie,aaaaahie_s027_t012,2.0,0,,,,,
dev,aaaaahie,aaaaahie_s027_t013,301.0,0,,,,,
dev,aaaaahie,aaaaahie_s027_t014,1.0,0,,,,,
dev,aaaaahie,aaaaahie_s028_t000,295.0,1,1.0,4.0,96.5056,92.5056,fnsz
dev,aaaaahie,aaaaahie_s028_t001,301.0,0,,,,,
dev,aaaaahie,aaaaahie_s028_t002,1.0,0,,,,,
dev,aaaaahie,aaaaahie_s028_t003,21.0,0,,,,,
dev,aaaaahie,aaaaahie_s028_t004,1.0,0,,,,,
dev,aaaaahie,aaaaahie_s028_t005,5.0,0,,,,,
dev,aaaaahie,aaaaahie_s028_t006,301.0,0,,,,,
dev,aaaaahie,aaaaahie_s029_t000,301.0,0,,,,,
dev,aaaaahie,aaaaahie_s029_t001,417.0,0,,,,,
dev,aaaaahie,aaaaahie_s029_t002,1.0,0,,,,,
dev,aaaaahie,aaaaahie_s029_t003,1.0,0,,,,,
dev,aaaaahie,aaaaahie_s029_t004,425.0,0,,,,,
dev,aaaaahie,aaaaahie_s029_t005,301.0,0,,,,,
dev,aaaaahie,aaaaahie_s030_t000,1800.0,0,,,,,
dev,aaaaahie,aaaaahie_s030_t001,1800.0,0,,,,,
dev,aaaaahie,aaaaahie_s030_t002,1800.0,0,,,,,
dev,aaaaahie,aaaaahie_s030_t003,1800.0,0,,,,,
dev,aaaaahie,aaaaahie_s030_t004,1.0,0,,,,,
dev,aaaaahie,aaaaahie_s030_t005,1800.0,0,,,,,
dev,aaaaahie,aaaaahie_s030_t006,1799.0,0,,,,,
dev,aaaaahie,aaaaahie_s030_t007,1800.0,0,,,,,
dev,aaaaahie,aaaaahie_s030_t008,1800.0,0,,,,,
dev,aaaaahie,aaaaahie_s030_t009,1.0,0,,,,,
dev,aaaaahie,aaaaahie_s030_t010,1800.0,0,,,,,
dev,aaaaahie,aaaaahie_s030_t011,1800.0,0,,,,,
dev,aaaaahie,aaaaahie_s030_t012,1.0,0,,,,,
dev,aaaaahie,aaaaahie_s030_t013,1800.0,0,,,,,
dev,aaaaahie,aaaaahie_s030_t014,1800.0,0,,,,,
dev,aaaaahie,aaaaahie_s030_t015,1.0,0,,,,,
dev,aaaaahie,aaaaahie_s030_t016,1800.0,0,,,,,
dev,aaaaahie,aaaaahie_s030_t017,1800.0,0,,,,,
dev,aaaaahie,aaaaahie_s030_t018,1.0,0,,,,,
dev,aaaaahie,aaaaahie_s030_t019,1800.0,0,,,,,
dev,aaaaahie,aaaaahie_s030_t020,1800.0,0,,,,,
dev,aaaaahie,aaaaahie_s030_t021,1.0,0,,,,,
dev,aaaaahie,aaaaahie_s030_t022,1800.0,0,,,,,
dev,aaaaahie,aaaaahie_s030_t023,554.0,0,,,,,
dev,aaaaahie,aaaaahie_s031_t000,1800.0,0,,,,,
dev,aaaaahie,aaaaahie_s031_t001,1800.0,0,,,,,
dev,aaaaahie,aaaaahie_s031_t002,1800.0,0,,,,,
dev,aaaaahie,aaaaahie_s031_t003,1800.0,0,,,,,
dev,aaaaahie,aaaaahie_s031_t004,1.0,0,,,,,
dev,aaaaahie,aaaaahie_s031_t005,1800.0,0,,,,,
dev,aaaaahie,aaaaahie_s031_t006,1800.0,0,,,,,
dev,aaaaahie,aaaaahie_s031_t007,1.0,0,,,,,
dev,aaaaahie,aaaaahie_s031_t008,1800.0,0,,,,,
dev,aaaaahie,aaaaahie_s031_t009,1800.0,0,,,,,
dev,aaaaahie,aaaaahie_s031_t010,1.0,0,,,,,
dev,aaaaahie,aaaaahie_s031_t011,1800.0,0,,,,,
dev,aaaaahie,aaaaahie_s031_t012,1800.0,0,,,,,
dev,aaaaahie,aaaaahie_s031_t013,1.0,0,,,,,
dev,aaaaahie,aaaaahie_s031_t014,1800.0,0,,,,,
dev,aaaaahie,aaaaahie_s031_t015,1800.0,0,,,,,
dev,aaaaahie,aaaaahie_s031_t016,1.0,0,,,,,
dev,aaaaahie,aaaaahie_s031_t017,1800.0,0,,,,,
dev,aaaaahie,aaaaahie_s031_t018,1800.0,0,,,,,
dev,aaaaahie,aaaaahie_s031_t019,1.0,0,,,,,
dev,aaaaahie,aaaaahie_s031_t020,1800.0,0,,,,,
dev,aaaaahie,aaaaahie_s031_t021,1800.0,0,,,,,
dev,aaaaahie,aaaaahie_s031_t022,1.0,0,,,,,
dev,aaaaahie,aaaaahie_s031_t023,1800.0,0,,,,,
dev,aaaaahie,aaaaahie_s031_t024,1800.0,0,,,,,
dev,aaaaahie,aaaaahie_s031_t025,1.0,0,,,,,
dev,aaaaahie,aaaaahie_s031_t026,1800.0,0,,,,,
dev,aaaaahie,aaaaahie_s031_t027,1800.0,0,,,,,
dev,aaaaahie,aaaaahie_s031_t028,1.0,0,,,,,
dev,aaaaahie,aaaaahie_s031_t029,1800.0,0,,,,,
dev,aaaaahie,aaaaahie_s031_t030,1800.0,0,,,,,
dev,aaaaahie,aaaaahie_s031_t031,1.0,0,,,,,
dev,aaaaahie,aaaaahie_s031_t032,1800.0,0,,,,,
dev,aaaaahie,aaaaahie_s031_t033,1800.0,0,,,,,
dev,aaaaahie,aaaaahie_s031_t034,1.0,0,,,,,
dev,aaaaahie,aaaaahie_s031_t035,1800.0,0,,,,,
dev,aaaaahie,aaaaahie_s031_t036,1800.0,0,,,,,
dev,aaaaahie,aaaaahie_s031_t037,1.0,0,,,,,
dev,aaaaahie,aaaaahie_s031_t038,1800.0,0,,,,,
dev,aaaaahie,aaaaahie_s031_t039,1800.0,0,,,,,
dev,aaaaahie,aaaaahie_s031_t040,1.0,0,,,,,
dev,aaaaahie,aaaaahie_s031_t041,1800.0,0,,,,,
dev,aaaaahie,aaaaahie_s031_t042,1800.0,0,,,,,
dev,aaaaahie,aaaaahie_s031_t043,1.0,0,,,,,
dev,aaaaahie,aaaaahie_s031_t044,1800.0,0,,,,,
dev,aaaaahie,aaaaahie_s031_t045,1800.0,0,,,,,
dev,aaaaahie,aaaaahie_s031_t046,1.0,0,,,,,
dev,aaaaahie,aaaaahie_s031_t047,1800.0,0,,,,,
dev,aaaaahie,aaaaahie_s031_t048,1800.0,0,,,,,
dev,aaaaahie,aaaaahie_s031_t049,1.0,0,,,,,
dev,aaaaahie,aaaaahie_s031_t050,1800.0,0,,,,,
dev,aaaaahie,aaaaahie_s031_t051,1800.0,0,,,,,
dev,aaaaahie,aaaaahie_s031_t052,1.0,0,,,,,
dev,aaaaahie,aaaaahie_s031_t053,1800.0,0,,,,,
dev,aaaaahie,aaaaahie_s031_t054,1800.0,0,,,,,
dev,aaaaahie,aaaaahie_s031_t055,1.0,0,,,,,
dev,aaaaahie,aaaaahie_s031_t056,1800.0,0,,,,,
dev,aaaaahie,aaaaahie_s031_t057,1800.0,0,,,,,
dev,aaaaahie,aaaaahie_s031_t058,1.0,0,,,,,
dev,aaaaahie,aaaaahie_s031_t059,1800.0,0,,,,,
dev,aaaaahie,aaaaahie_s031_t060,1800.0,0,,,,,
dev,aaaaahie,aaaaahie_s031_t061,1.0,0,,,,,
dev,aaaaahie,aaaaahie_s031_t062,1800.0,0,,,,,
dev,aaaaahie,aaaaahie_s031_t063,1800.0,0,,,,,
dev,aaaaahie,aaaaahie_s031_t064,1.0,0,,,,,
dev,aaaaahie,aaaaahie_s031_t065,1800.0,0,,,,,
dev,aaaaahie,aaaaahie_s031_t066,1800.0,0,,,,,
dev,aaaaahie,aaaaahie_s031_t067,1.0,0,,,,,
dev,aaaaahie,aaaaahie_s031_t068,1800.0,0,,,,,
dev,aaaaahie,aaaaahie_s031_t069,1703.0,0,,,,,
dev,aaaaahie,aaaaahie_s032_t000,1800.0,0,,,,,
dev,aaaaahie,aaaaahie_s032_t001,1800.0,0,,,,,
dev,aaaaahie,aaaaahie_s032_t002,1800.0,0,,,,,
dev,aaaaahie,aaaaahie_s032_t003,1800.0,0,,,,,
dev,aaaaahie,aaaaahie_s032_t004,1.0,0,,,,,
dev,aaaaahie,aaaaahie_s032_t005,1800.0,0,,,,,
dev,aaaaahie,aaaaahie_s032_t006,1800.0,0,,,,,
dev,aaaaahie,aaaaahie_s032_t007,1.0,0,,,,,
dev,aaaaahie,aaaaahie_s032_t008,1800.0,0,,,,,
dev,aaaaahie,aaaaahie_s032_t009,1800.0,0,,,,,
dev,aaaaahie,aaaaahie_s032_t010,1.0,0,,,,,
dev,aaaaahie,aaaaahie_s032_t011,1800.0,0,,,,,
dev,aaaaahie,aaaaahie_s032_t012,1800.0,0,,,,,
dev,aaaaahie,aaaaahie_s032_t013,1.0,0,,,,,
dev,aaaaahie,aaaaahie_s032_t014,1800.0,0,,,,,
dev,aaaaahie,aaaaahie_s032_t015,1800.0,0,,,,,
dev,aaaaahie,aaaaahie_s032_t016,1.0,0,,,,,
dev,aaaaahie,aaaaahie_s032_t017,1800.0,0,,,,,
dev,aaaaahie,aaaaahie_s032_t018,1800.0,0,,,,,
dev,aaaaahie,aaaaahie_s032_t019,1.0,0,,,,,
dev,aaaaahie,aaaaahie_s032_t020,1800.0,0,,,,,
dev,aaaaahie,aaaaahie_s032_t021,1800.0,0,,,,,
dev,aaaaahie,aaaaahie_s032_t022,1.0,0,,,,,
dev,aaaaahie,aaaaahie_s032_t023,1800.0,0,,,,,
dev,aaaaahie,aaaaahie_s032_t024,1800.0,0,,,,,
dev,aaaaahie,aaaaahie_s032_t025,1.0,0,,,,,
dev,aaaaahie,aaaaahie_s032_t026,1800.0,0,,,,,
dev,aaaaahie,aaaaahie_s032_t027,1800.0,0,,,,,
dev,aaaaahie,aaaaahie_s032_t028,1.0,0,,,,,
dev,aaaaahie,aaaaahie_s032_t029,1800.0,0,,,,,
dev,aaaaahie,aaaaahie_s032_t030,1800.0,0,,,,,
dev,aaaaahie,aaaaahie_s032_t031,1.0,0,,,,,
dev,aaaaahie,aaaaahie_s032_t032,1800.0,0,,,,,
dev,aaaaahie,aaaaahie_s032_t033,1800.0,0,,,,,
dev,aaaaahie,aaaaahie_s032_t034,1.0,0,,,,,
dev,aaaaahie,aaaaahie_s032_t035,1800.0,0,,,,,
dev,aaaaahie,aaaaahie_s032_t036,1800.0,0,,,,,
dev,aaaaahie,aaaaahie_s032_t037,1.0,0,,,,,
dev,aaaaahie,aaaaahie_s032_t038,1800.0,0,,,,,
dev,aaaaahie,aaaaahie_s032_t039,1800.0,0,,,,,
dev,aaaaahie,aaaaahie_s032_t040,1.0,0,,,,,
dev,aaaaahie,aaaaahie_s032_t041,1800.0,0,,,,,
dev,aaaaahie,aaaaahie_s032_t042,1800.0,0,,,,,
dev,aaaaahie,aaaaahie_s032_t043,1.0,0,,,,,
dev,aaaaahie,aaaaahie_s032_t044,1800.0,0,,,,,
dev,aaaaahie,aaaaahie_s032_t045,1800.0,0,,,,,
dev,aaaaahie,aaaaahie_s032_t046,1.0,0,,,,,
dev,aaaaahie,aaaaahie_s032_t047,1800.0,0,,,,,
dev,aaaaahie,aaaaahie_s032_t048,1800.0,0,,,,,
dev,aaaaahie,aaaaahie_s032_t049,1.0,0,,,,,
dev,aaaaahie,aaaaahie_s032_t050,1800.0,0,,,,,
dev,aaaaahie,aaaaahie_s032_t051,1800.0,0,,,,,
dev,aaaaahie,aaaaahie_s032_t052,1.0,0,,,,,
dev,aaaaahie,aaaaahie_s032_t053,1800.0,0,,,,,
dev,aaaaahie,aaaaahie_s032_t054,1800.0,0,,,,,
dev,aaaaahie,aaaaahie_s032_t055,1.0,0,,,,,
dev,aaaaahie,aaaaahie_s032_t056,1800.0,0,,,,,
dev,aaaaahie,aaaaahie_s032_t057,1800.0,0,,,,,
dev,aaaaahie,aaaaahie_s032_t058,1.0,0,,,,,
dev,aaaaahie,aaaaahie_s032_t059,1800.0,0,,,,,
dev,aaaaahie,aaaaahie_s032_t060,1800.0,0,,,,,
dev,aaaaahie,aaaaahie_s032_t061,1.0,0,,,,,
dev,aaaaahie,aaaaahie_s032_t062,1800.0,0,,,,,
dev,aaaaahie,aaaaahie_s032_t063,341.0,0,,,,,
dev,aaaaahie,aaaaahie_s033_t000,1800.0,0,,,,,
dev,aaaaahie,aaaaahie_s033_t001,1800.0,0,,,,,
dev,aaaaahie,aaaaahie_s033_t002,1800.0,0,,,,,
dev,aaaaahie,aaaaahie_s033_t003,1800.0,0,,,,,
dev,aaaaahie,aaaaahie_s033_t004,1.0,0,,,,,
dev,aaaaahie,aaaaahie_s033_t005,1591.0,0,,,,,
dev,aaaaahln,aaaaahln_s001_t000,1275.0,0,,,,,
dev,aaaaahln,aaaaahln_s002_t000,305.0,0,,,,,
dev,aaaaahln,aaaaahln_s002_t001,315.0,0,,,,,
dev,aaaaahln,aaaaahln_s002_t002,75.0,0,,,,,
dev,aaaaahln,aaaaahln_s002_t003,185.0,0,,,,,
dev,aaaaahln,aaaaahln_s002_t004,175.0,0,,,,,
dev,aaaaahln,aaaaahln_s002_t005,324.0,0,,,,,
dev,aaaaahln,aaaaahln_s003_t001,1181.0,0,,,,,
dev,aaaaahsn,aaaaahsn_s001_t000,1209.0,0,,,,,
dev,aaaaaict,aaaaaict_s001_t000,43.0,0,,,,,
dev,aaaaaict,aaaaaict_s001_t001,40.0,0,,,,,
dev,aaaaaict,aaaaaict_s001_t002,72.0,0,,,,,
dev,aaaaaict,aaaaaict_s001_t003,926.0,0,,,,,
dev,aaaaaict,aaaaaict_s002_t000,326.0,0,,,,,
dev,aaaaaict,aaaaaict_s003_t000,1228.0,2,1.0,301.8333,323.8333,22.0,cpsz
dev,aaaaaict,aaaaaict_s003_t000,1228.0,2,2.0,1158.7778,1170.3889,11.611099999999851,cpsz
dev,aaaaaict,aaaaaict_s004_t000,1800.0,0,,,,,
dev,aaaaaict,aaaaaict_s004_t001,1444.0,0,,,,,
dev,aaaaaict,aaaaaict_s005_t000,395.0,0,,,,,
dev,aaaaaict,aaaaaict_s005_t001,455.0,0,,,,,
dev,aaaaaict,aaaaaict_s005_t002,425.0,0,,,,,
dev,aaaaaict,aaaaaict_s005_t003,425.0,0,,,,,
dev,aaaaaict,aaaaaict_s005_t004,364.0,0,,,,,
dev,aaaaaict,aaaaaict_s005_t005,325.0,0,,,,,
dev,aaaaaict,aaaaaict_s005_t006,255.0,0,,,,,
dev,aaaaaict,aaaaaict_s005_t007,625.0,0,,,,,
dev,aaaaaict,aaaaaict_s005_t008,255.0,0,,,,,
dev,aaaaaict,aaaaaict_s005_t009,464.0,0,,,,,
dev,aaaaaict,aaaaaict_s006_t000,355.0,0,,,,,
dev,aaaaaict,aaaaaict_s006_t001,344.0,0,,,,,
dev,aaaaaict,aaaaaict_s006_t002,475.0,0,,,,,
dev,aaaaaict,aaaaaict_s006_t003,215.0,0,,,,,
dev,aaaaaict,aaaaaict_s006_t004,194.0,0,,,,,
dev,aaaaaict,aaaaaict_s006_t005,225.0,0,,,,,
dev,aaaaaict,aaaaaict_s006_t006,435.0,0,,,,,
dev,aaaaaict,aaaaaict_s006_t007,400.0,0,,,,,
dev,aaaaaict,aaaaaict_s006_t008,75.0,0,,,,,
dev,aaaaaict,aaaaaict_s006_t009,325.0,0,,,,,
dev,aaaaaict,aaaaaict_s006_t010,384.0,0,,,,,
dev,aaaaaict,aaaaaict_s006_t011,418.0,0,,,,,
dev,aaaaaict,aaaaaict_s007_t000,1206.0,0,,,,,
dev,aaaaaiij,aaaaaiij_s001_t001,1280.0,0,,,,,
dev,aaaaaiij,aaaaaiij_s002_t001,1203.0,0,,,,,
dev,aaaaaiij,aaaaaiij_s003_t000,1671.0,0,,,,,
dev,aaaaaiij,aaaaaiij_s004_t000,103.0,0,,,,,
dev,aaaaaiij,aaaaaiij_s004_t001,487.0,0,,,,,
dev,aaaaaiij,aaaaaiij_s004_t002,168.0,0,,,,,
dev,aaaaaiij,aaaaaiij_s004_t003,83.0,0,,,,,
dev,aaaaaiij,aaaaaiij_s004_t004,15.0,0,,,,,
dev,aaaaaiij,aaaaaiij_s004_t005,11.0,0,,,,,
dev,aaaaaiij,aaaaaiij_s005_t000,1042.0,0,,,,,
dev,aaaaaiup,aaaaaiup_s001_t000,1800.0,7,1.0,0.0558,67.9936,67.9378,gnsz
dev,aaaaaiup,aaaaaiup_s001_t000,1800.0,7,2.0,168.0287,187.1356,19.106900000000024,gnsz
dev,aaaaaiup,aaaaaiup_s001_t000,1800.0,7,3.0,378.008,397.1786,19.170600000000036,gnsz
dev,aaaaaiup,aaaaaiup_s001_t000,1800.0,7,4.0,541.9825,566.1292,24.14670000000001,gnsz
dev,aaaaaiup,aaaaaiup_s001_t000,1800.0,7,5.0,752.0048,776.1435,24.13869999999997,gnsz
dev,aaaaaiup,aaaaaiup_s001_t000,1800.0,7,6.0,945.9872,978.547,32.559799999999996,gnsz
dev,aaaaaiup,aaaaaiup_s001_t000,1800.0,7,7.0,1590.6013,1626.4705,35.869199999999864,fnsz
dev,aaaaaiup,aaaaaiup_s001_t001,999.0,1,1.0,54.327,66.2169,11.889899999999997,fnsz
dev,aaaaaiup,aaaaaiup_s002_t000,345.0,0,,,,,
dev,aaaaaiup,aaaaaiup_s002_t001,425.0,0,,,,,
dev,aaaaaiup,aaaaaiup_s002_t002,405.0,1,1.0,108.9508,145.9575,37.00670000000001,fnsz
dev,aaaaaiup,aaaaaiup_s002_t003,434.0,0,,,,,
dev,aaaaaiup,aaaaaiup_s003_t000,415.0,0,,,,,
dev,aaaaaiup,aaaaaiup_s003_t001,394.0,0,,,,,
dev,aaaaaiup,aaaaaiup_s004_t000,395.0,0,,,,,
dev,aaaaaiup,aaaaaiup_s004_t001,365.0,0,,,,,
dev,aaaaaiup,aaaaaiup_s004_t002,425.0,0,,,,,
dev,aaaaaiup,aaaaaiup_s004_t003,424.0,0,,,,,
dev,aaaaaiup,aaaaaiup_s005_t000,1253.0,0,,,,,
dev,aaaaaizb,aaaaaizb_s001_t000,1200.0,0,,,,,
dev,aaaaaizb,aaaaaizb_s002_t000,784.0,0,,,,,
dev,aaaaaizb,aaaaaizb_s002_t001,255.0,0,,,,,
dev,aaaaaizb,aaaaaizb_s002_t002,388.0,0,,,,,
dev,aaaaaizb,aaaaaizb_s003_t000,1204.0,0,,,,,
dev,aaaaaizb,aaaaaizb_s004_t000,1299.0,1,1.0,258.9594,298.0633,39.10390000000001,gnsz
dev,aaaaaizb,aaaaaizb_s005_t000,1202.0,0,,,,,
dev,aaaaaizb,aaaaaizb_s005_t001,62.0,0,,,,,
dev,aaaaaizb,aaaaaizb_s005_t002,133.0,0,,,,,
dev,aaaaaizb,aaaaaizb_s006_t000,1163.0,0,,,,,
dev,aaaaaizb,aaaaaizb_s006_t001,52.0,0,,,,,
dev,aaaaaizb,aaaaaizb_s006_t002,198.0,0,,,,,
dev,aaaaaizb,aaaaaizb_s007_t000,1344.0,0,,,,,
dev,aaaaaizb,aaaaaizb_s008_t000,1241.0,0,,,,,
dev,aaaaakcy,aaaaakcy_s001_t000,1252.0,0,,,,,
dev,aaaaakcy,aaaaakcy_s002_t000,601.0,0,,,,,
dev,aaaaakcy,aaaaakcy_s002_t001,601.0,0,,,,,
dev,aaaaakcy,aaaaakcy_s002_t002,601.0,0,,,,,
dev,aaaaakcy,aaaaakcy_s002_t003,241.0,0,,,,,
dev,aaaaakcy,aaaaakcy_s002_t004,601.0,0,,,,,
dev,aaaaakcy,aaaaakcy_s003_t000,379.0,0,,,,,
dev,aaaaakcy,aaaaakcy_s003_t001,870.0,0,,,,,
dev,aaaaakcy,aaaaakcy_s004_t000,1268.0,0,,,,,
dev,aaaaakcy,aaaaakcy_s005_t000,106.0,0,,,,,
dev,aaaaakcy,aaaaakcy_s005_t001,1307.0,0,,,,,
dev,aaaaakcy,aaaaakcy_s006_t000,1510.0,0,,,,,
dev,aaaaakcy,aaaaakcy_s007_t000,39.0,0,,,,,
dev,aaaaakcy,aaaaakcy_s007_t001,766.0,0,,,,,
dev,aaaaakcy,aaaaakcy_s007_t002,658.0,0,,,,,
dev,aaaaakcy,aaaaakcy_s007_t003,901.0,0,,,,,
dev,aaaaakcy,aaaaakcy_s007_t004,300.0,0,,,,,
dev,aaaaakcy,aaaaakcy_s007_t005,901.0,0,,,,,
dev,aaaaakcy,aaaaakcy_s007_t006,901.0,0,,,,,
dev,aaaaakcy,aaaaakcy_s007_t007,300.0,0,,,,,
dev,aaaaakcy,aaaaakcy_s007_t008,390.0,0,,,,,
dev,aaaaakcy,aaaaakcy_s008_t000,319.0,0,,,,,
dev,aaaaakcy,aaaaakcy_s008_t001,901.0,0,,,,,
dev,aaaaakcy,aaaaakcy_s008_t002,677.0,0,,,,,
dev,aaaaakcy,aaaaakcy_s008_t003,901.0,0,,,,,
dev,aaaaakcy,aaaaakcy_s008_t004,700.0,0,,,,,
dev,aaaaakcy,aaaaakcy_s009_t000,54.0,0,,,,,
dev,aaaaakcy,aaaaakcy_s009_t001,15.0,0,,,,,
dev,aaaaakcy,aaaaakcy_s009_t002,231.0,0,,,,,
dev,aaaaakcy,aaaaakcy_s009_t003,901.0,0,,,,,
dev,aaaaakcy,aaaaakcy_s009_t004,646.0,0,,,,,
dev,aaaaakcy,aaaaakcy_s009_t005,300.0,0,,,,,
dev,aaaaakcy,aaaaakcy_s009_t006,901.0,0,,,,,
dev,aaaaakcy,aaaaakcy_s009_t007,300.0,0,,,,,
dev,aaaaakcy,aaaaakcy_s009_t008,300.0,0,,,,,
dev,aaaaakcy,aaaaakcy_s009_t009,901.0,0,,,,,
dev,aaaaakcy,aaaaakcy_s010_t000,300.0,0,,,,,
dev,aaaaakcy,aaaaakcy_s010_t001,901.0,0,,,,,
dev,aaaaakcy,aaaaakcy_s010_t002,901.0,0,,,,,
dev,aaaaakcy,aaaaakcy_s010_t003,427.0,0,,,,,
dev,aaaaakcy,aaaaakcy_s010_t004,462.0,0,,,,,
dev,aaaaakcy,aaaaakcy_s010_t005,901.0,0,,,,,
dev,aaaaakcy,aaaaakcy_s010_t006,901.0,0,,,,,
dev,aaaaakcy,aaaaakcy_s010_t007,300.0,0,,,,,
dev,aaaaakcy,aaaaakcy_s010_t008,777.0,0,,,,,
dev,aaaaakfk,aaaaakfk_s001_t001,1388.0,6,1.0,41.0196,68.9982,27.9786,gnsz
dev,aaaaakfk,aaaaakfk_s001_t001,1388.0,6,2.0,88.0854,104.0901,16.0047,gnsz
dev,aaaaakfk,aaaaakfk_s001_t001,1388.0,6,3.0,132.0688,231.0611,98.9923,gnsz
dev,aaaaakfk,aaaaakfk_s001_t001,1388.0,6,4.0,240.0119,724.9555,484.94360000000006,gnsz
dev,aaaaakfk,aaaaakfk_s001_t001,1388.0,6,5.0,864.4339,1240.9603,376.52639999999997,gnsz
dev,aaaaakfk,aaaaakfk_s001_t001,1388.0,6,6.0,1249.0219,1387.2555,138.23360000000002,gnsz
dev,aaaaakfk,aaaaakfk_s003_t000,1388.0,0,,,,,
dev,aaaaakis,aaaaakis_s001_t000,68.0,0,,,,,
dev,aaaaakis,aaaaakis_s001_t001,1196.0,0,,,,,
dev,aaaaakis,aaaaakis_s003_t001,8.0,0,,,,,
dev,aaaaakis,aaaaakis_s003_t002,1181.0,0,,,,,
dev,aaaaalhp,aaaaalhp_s001_t000,1255.0,0,,,,,
dev,aaaaalhp,aaaaalhp_s002_t001,1520.0,0,,,,,
dev,aaaaalhp,aaaaalhp_s003_t000,300.0,0,,,,,
dev,aaaaalhp,aaaaalhp_s003_t001,601.0,0,,,,,
dev,aaaaalhp,aaaaalhp_s003_t002,898.0,0,,,,,
dev,aaaaalhp,aaaaalhp_s003_t003,300.0,0,,,,,
dev,aaaaalhp,aaaaalhp_s003_t004,1011.0,0,,,,,
dev,aaaaalhp,aaaaalhp_s003_t005,300.0,0,,,,,
dev,aaaaalhp,aaaaalhp_s003_t006,601.0,0,,,,,
dev,aaaaalhp,aaaaalhp_s003_t007,938.0,0,,,,,
dev,aaaaalhp,aaaaalhp_s003_t008,300.0,0,,,,,
dev,aaaaalhp,aaaaalhp_s003_t009,1154.0,0,,,,,
dev,aaaaalhp,aaaaalhp_s003_t010,300.0,0,,,,,
dev,aaaaalhp,aaaaalhp_s003_t011,601.0,0,,,,,
dev,aaaaalhp,aaaaalhp_s004_t000,300.0,0,,,,,
dev,aaaaalhp,aaaaalhp_s004_t001,601.0,0,,,,,
dev,aaaaalhp,aaaaalhp_s004_t002,601.0,0,,,,,
dev,aaaaalhp,aaaaalhp_s004_t003,300.0,0,,,,,
dev,aaaaalhp,aaaaalhp_s004_t004,601.0,0,,,,,
dev,aaaaalhp,aaaaalhp_s004_t005,601.0,0,,,,,
dev,aaaaalhp,aaaaalhp_s004_t006,6.0,0,,,,,
dev,aaaaalhp,aaaaalhp_s004_t007,300.0,0,,,,,
dev,aaaaamck,aaaaamck_s001_t001,1280.0,2,1.0,668.0071,735.9573,67.9502,fnsz|gnsz
dev,aaaaamck,aaaaamck_s001_t001,1280.0,2,2.0,1030.5679,1054.5928,24.02489999999989,gnsz
dev,aaaaamck,aaaaamck_s002_t000,55.0,0,,,,,
dev,aaaaamck,aaaaamck_s002_t001,360.0,0,,,,,
dev,aaaaamck,aaaaamck_s002_t002,279.0,0,,,,,
dev,aaaaamck,aaaaamck_s002_t003,300.0,0,,,,,
dev,aaaaamck,aaaaamck_s002_t004,333.0,0,,,,,
dev,aaaaamck,aaaaamck_s002_t005,300.0,0,,,,,
dev,aaaaamck,aaaaamck_s002_t006,601.0,0,,,,,
dev,aaaaamck,aaaaamck_s002_t007,300.0,0,,,,,
dev,aaaaamck,aaaaamck_s002_t008,187.0,0,,,,,
dev,aaaaamnd,aaaaamnd_s001_t000,1224.0,0,,,,,
dev,aaaaamnd,aaaaamnd_s002_t000,1203.0,0,,,,,
dev,aaaaamnd,aaaaamnd_s003_t000,1218.0,0,,,,,
dev,aaaaamnd,aaaaamnd_s004_t000,300.0,0,,,,,
dev,aaaaamnd,aaaaamnd_s004_t001,601.0,0,,,,,
dev,aaaaamnd,aaaaamnd_s004_t002,601.0,0,,,,,
dev,aaaaamnd,aaaaamnd_s004_t003,300.0,0,,,,,
dev,aaaaamnd,aaaaamnd_s004_t007,601.0,0,,,,,
dev,aaaaamnd,aaaaamnd_s004_t008,300.0,0,,,,,
dev,aaaaamnd,aaaaamnd_s004_t009,601.0,0,,,,,
dev,aaaaamnd,aaaaamnd_s004_t010,300.0,0,,,,,
dev,aaaaamnd,aaaaamnd_s004_t011,601.0,0,,,,,
dev,aaaaamnd,aaaaamnd_s004_t012,601.0,0,,,,,
dev,aaaaamnd,aaaaamnd_s005_t000,545.0,1,1.0,58.0,142.0232,84.0232,gnsz
dev,aaaaamnd,aaaaamnd_s005_t001,693.0,0,,,,,
dev,aaaaamnd,aaaaamnd_s006_t000,1546.0,0,,,,,
dev,aaaaamnd,aaaaamnd_s007_t000,602.0,0,,,,,
dev,aaaaamnd,aaaaamnd_s007_t001,8.0,0,,,,,
dev,aaaaamnd,aaaaamnd_s007_t003,1085.0,1,1.0,331.0018,399.8222,68.8204,gnsz
dev,aaaaamnd,aaaaamnd_s007_t004,601.0,0,,,,,
dev,aaaaamnd,aaaaamnd_s007_t005,300.0,1,1.0,158.032,204.9793,46.947299999999984,gnsz
dev,aaaaamnd,aaaaamnd_s007_t006,8.0,0,,,,,
dev,aaaaamnd,aaaaamnd_s007_t007,601.0,0,,,,,
dev,aaaaamnd,aaaaamnd_s007_t008,300.0,0,,,,,
dev,aaaaamnd,aaaaamnd_s007_t010,300.0,0,,,,,
dev,aaaaamnd,aaaaamnd_s007_t011,601.0,0,,,,,
dev,aaaaamnd,aaaaamnd_s007_t012,300.0,0,,,,,
dev,aaaaamnd,aaaaamnd_s007_t013,601.0,0,,,,,
dev,aaaaamnd,aaaaamnd_s008_t000,300.0,0,,,,,
dev,aaaaamnd,aaaaamnd_s008_t001,601.0,0,,,,,
dev,aaaaamnd,aaaaamnd_s008_t002,6.0,0,,,,,
dev,aaaaamnd,aaaaamnd_s008_t004,300.0,0,,,,,
dev,aaaaamnd,aaaaamnd_s008_t005,601.0,0,,,,,
dev,aaaaamnd,aaaaamnd_s008_t006,601.0,0,,,,,
dev,aaaaamnd,aaaaamnd_s008_t007,300.0,0,,,,,
dev,aaaaamnd,aaaaamnd_s008_t008,601.0,0,,,,,
dev,aaaaamnd,aaaaamnd_s008_t009,300.0,0,,,,,
dev,aaaaamnd,aaaaamnd_s008_t010,601.0,0,,,,,
dev,aaaaamnd,aaaaamnd_s008_t011,300.0,0,,,,,
dev,aaaaamnd,aaaaamnd_s009_t000,1223.0,0,,,,,
dev,aaaaamnd,aaaaamnd_s010_t000,8.0,0,,,,,
dev,aaaaamnd,aaaaamnd_s010_t001,292.0,0,,,,,
dev,aaaaamnd,aaaaamnd_s010_t002,601.0,0,,,,,
dev,aaaaamnd,aaaaamnd_s010_t003,601.0,0,,,,,
dev,aaaaamnd,aaaaamnd_s010_t004,300.0,0,,,,,
dev,aaaaamnd,aaaaamnd_s010_t005,601.0,0,,,,,
dev,aaaaamnd,aaaaamnd_s010_t006,601.0,0,,,,,
dev,aaaaamnd,aaaaamnd_s010_t007,300.0,0,,,,,
dev,aaaaamnd,aaaaamnd_s010_t008,601.0,0,,,,,
dev,aaaaamnd,aaaaamnd_s011_t000,300.0,0,,,,,
dev,aaaaamnd,aaaaamnd_s011_t001,601.0,0,,,,,
dev,aaaaamnd,aaaaamnd_s011_t002,601.0,0,,,,,
dev,aaaaamnd,aaaaamnd_s011_t003,592.0,0,,,,,
dev,aaaaamnd,aaaaamnd_s011_t004,300.0,0,,,,,
dev,aaaaamnd,aaaaamnd_s011_t005,601.0,0,,,,,
dev,aaaaamnd,aaaaamnd_s011_t006,261.0,0,,,,,
dev,aaaaamnd,aaaaamnd_s012_t000,1473.0,0,,,,,
dev,aaaaamnd,aaaaamnd_s013_t000,300.0,0,,,,,
dev,aaaaamnd,aaaaamnd_s013_t001,601.0,0,,,,,
dev,aaaaamnd,aaaaamnd_s013_t002,601.0,0,,,,,
dev,aaaaamnd,aaaaamnd_s013_t003,300.0,0,,,,,
dev,aaaaamnd,aaaaamnd_s013_t004,601.0,0,,,,,
dev,aaaaamnd,aaaaamnd_s013_t005,601.0,0,,,,,
dev,aaaaamnd,aaaaamnd_s013_t006,6.0,0,,,,,
dev,aaaaamnd,aaaaamnd_s013_t007,300.0,0,,,,,
dev,aaaaamnd,aaaaamnd_s013_t008,601.0,0,,,,,
dev,aaaaamnd,aaaaamnd_s013_t009,601.0,0,,,,,
dev,aaaaamnd,aaaaamnd_s013_t010,7.0,0,,,,,
dev,aaaaamnd,aaaaamnd_s013_t015,5.0,0,,,,,
dev,aaaaamnd,aaaaamnd_s013_t016,7.0,0,,,,,
dev,aaaaamnd,aaaaamnd_s014_t000,300.0,0,,,,,
dev,aaaaamnd,aaaaamnd_s014_t002,6.0,0,,,,,
dev,aaaaamnd,aaaaamnd_s014_t003,8.0,0,,,,,
dev,aaaaamnd,aaaaamnd_s014_t004,7.0,0,,,,,
dev,aaaaamnd,aaaaamnd_s014_t005,601.0,0,,,,,
dev,aaaaamnd,aaaaamnd_s014_t006,300.0,0,,,,,
dev,aaaaamnd,aaaaamnd_s014_t007,601.0,0,,,,,
dev,aaaaamnd,aaaaamnd_s014_t008,300.0,0,,,,,
dev,aaaaamnd,aaaaamnd_s014_t009,601.0,0,,,,,
dev,aaaaamnd,aaaaamnd_s014_t010,300.0,0,,,,,
dev,aaaaamnd,aaaaamnd_s014_t011,601.0,0,,,,,
dev,aaaaamnd,aaaaamnd_s014_t012,300.0,0,,,,,
dev,aaaaamnd,aaaaamnd_s014_t013,6.0,0,,,,,
dev,aaaaamnd,aaaaamnd_s014_t019,5.0,0,,,,,
dev,aaaaamnd,aaaaamnd_s014_t021,8.0,0,,,,,
dev,aaaaamnd,aaaaamnd_s014_t022,601.0,0,,,,,
dev,aaaaamnd,aaaaamnd_s015_t000,300.0,0,,,,,
dev,aaaaamnd,aaaaamnd_s015_t001,601.0,0,,,,,
dev,aaaaamnd,aaaaamnd_s015_t002,300.0,0,,,,,
dev,aaaaamnd,aaaaamnd_s015_t003,601.0,0,,,,,
dev,aaaaamnd,aaaaamnd_s015_t004,300.0,0,,,,,
dev,aaaaamnd,aaaaamnd_s015_t005,601.0,0,,,,,
dev,aaaaamnd,aaaaamnd_s015_t006,300.0,0,,,,,
dev,aaaaamnd,aaaaamnd_s015_t007,602.0,0,,,,,
dev,aaaaamnd,aaaaamnd_s015_t010,6.0,0,,,,,
dev,aaaaamnd,aaaaamnd_s015_t012,300.0,0,,,,,
dev,aaaaamnd,aaaaamnd_s015_t014,1654.0,0,,,,,
dev,aaaaamnd,aaaaamnd_s015_t016,601.0,0,,,,,
dev,aaaaamnd,aaaaamnd_s016_t000,300.0,0,,,,,
dev,aaaaamnd,aaaaamnd_s016_t001,1800.0,0,,,,,
dev,aaaaamnd,aaaaamnd_s016_t002,243.0,0,,,,,
dev,aaaaamnd,aaaaamnd_s016_t003,5.0,0,,,,,
dev,aaaaamnd,aaaaamnd_s016_t004,300.0,0,,,,,
dev,aaaaamnd,aaaaamnd_s016_t005,601.0,0,,,,,
dev,aaaaamnd,aaaaamnd_s016_t006,300.0,0,,,,,
dev,aaaaamnd,aaaaamnd_s016_t007,601.0,0,,,,,
dev,aaaaamnd,aaaaamnd_s016_t008,9.0,0,,,,,
dev,aaaaamnd,aaaaamnd_s016_t009,601.0,0,,,,,
dev,aaaaamnd,aaaaamnd_s016_t010,300.0,0,,,,,
dev,aaaaamnd,aaaaamnd_s016_t011,10.0,0,,,,,
dev,aaaaamnd,aaaaamnd_s016_t012,8.0,0,,,,,
dev,aaaaamnd,aaaaamnd_s016_t013,1029.0,0,,,,,
dev,aaaaamnd,aaaaamnd_s016_t014,767.0,0,,,,,
dev,aaaaamnd,aaaaamnd_s016_t015,300.0,0,,,,,
dev,aaaaamnd,aaaaamnd_s016_t016,809.0,0,,,,,
dev,aaaaamnd,aaaaamnd_s016_t017,898.0,0,,,,,
dev,aaaaamnd,aaaaamnd_s017_t000,300.0,0,,,,,
dev,aaaaamnd,aaaaamnd_s017_t001,1622.0,0,,,,,
dev,aaaaamnd,aaaaamnd_s017_t002,601.0,0,,,,,
dev,aaaaamnd,aaaaamnd_s017_t003,300.0,0,,,,,
dev,aaaaamnd,aaaaamnd_s017_t004,601.0,0,,,,,
dev,aaaaamnd,aaaaamnd_s017_t005,300.0,0,,,,,
dev,aaaaamnd,aaaaamnd_s017_t006,601.0,0,,,,,
dev,aaaaamnd,aaaaamnd_s017_t007,300.0,0,,,,,
dev,aaaaamnd,aaaaamnd_s017_t010,6.0,0,,,,,
dev,aaaaamnd,aaaaamnd_s017_t011,8.0,0,,,,,
dev,aaaaamnd,aaaaamnd_s017_t012,6.0,0,,,,,
dev,aaaaamnd,aaaaamnd_s017_t013,601.0,0,,,,,
dev,aaaaamnd,aaaaamnd_s017_t014,300.0,0,,,,,
dev,aaaaamnd,aaaaamnd_s017_t015,9.0,0,,,,,
dev,aaaaamnd,aaaaamnd_s018_t000,300.0,0,,,,,
dev,aaaaamnd,aaaaamnd_s018_t001,601.0,0,,,,,
dev,aaaaamnd,aaaaamnd_s018_t002,300.0,0,,,,,
dev,aaaaamnd,aaaaamnd_s018_t003,601.0,0,,,,,
dev,aaaaamnd,aaaaamnd_s018_t004,300.0,0,,,,,
dev,aaaaamnd,aaaaamnd_s018_t005,601.0,0,,,,,
dev,aaaaamnd,aaaaamnd_s018_t006,300.0,0,,,,,
dev,aaaaamnd,aaaaamnd_s018_t007,601.0,0,,,,,
dev,aaaaamnd,aaaaamnd_s018_t008,712.0,0,,,,,
dev,aaaaamnd,aaaaamnd_s018_t009,61.0,0,,,,,
dev,aaaaamnd,aaaaamnd_s018_t010,22.0,0,,,,,
dev,aaaaamnd,aaaaamnd_s018_t012,601.0,0,,,,,
dev,aaaaamnd,aaaaamnd_s019_t000,300.0,0,,,,,
dev,aaaaamnd,aaaaamnd_s019_t001,601.0,0,,,,,
dev,aaaaamnd,aaaaamnd_s019_t002,601.0,0,,,,,
dev,aaaaamnd,aaaaamnd_s019_t003,601.0,0,,,,,
dev,aaaaamnd,aaaaamnd_s019_t004,300.0,0,,,,,
dev,aaaaamnd,aaaaamnd_s019_t005,601.0,0,,,,,
dev,aaaaamnd,aaaaamnd_s019_t006,601.0,0,,,,,
dev,aaaaamnd,aaaaamnd_s020_t000,791.0,0,,,,,
dev,aaaaamnd,aaaaamnd_s021_t000,1800.0,0,,,,,
dev,aaaaamnd,aaaaamnd_s021_t001,1800.0,0,,,,,
dev,aaaaamnd,aaaaamnd_s021_t002,1800.0,0,,,,,
dev,aaaaamnd,aaaaamnd_s021_t003,1375.0,0,,,,,
dev,aaaaamnd,aaaaamnd_s026_t000,1800.0,0,,,,,
dev,aaaaamnd,aaaaamnd_s026_t001,662.0,0,,,,,
dev,aaaaamnk,aaaaamnk_s001_t000,1607.0,1,1.0,124.9444,160.9444,36.0,cpsz
dev,aaaaamnk,aaaaamnk_s002_t000,1800.0,0,,,,,
dev,aaaaamnk,aaaaamnk_s002_t001,1800.0,0,,,,,
dev,aaaaamnk,aaaaamnk_s002_t002,1800.0,1,1.0,649.303,681.177,31.874000000000024,fnsz
dev,aaaaamnk,aaaaamnk_s002_t003,1800.0,0,,,,,
dev,aaaaamnk,aaaaamnk_s002_t004,1.0,0,,,,,
dev,aaaaamnk,aaaaamnk_s002_t005,1698.0,11,1.0,0.0553,36.0066,35.951299999999996,gnsz
dev,aaaaamnk,aaaaamnk_s002_t005,1698.0,11,2.0,120.396,297.9956,177.5996,gnsz
dev,aaaaamnk,aaaaamnk_s002_t005,1698.0,11,3.0,337.5642,390.219,52.654799999999966,gnsz
dev,aaaaamnk,aaaaamnk_s002_t005,1698.0,11,4.0,427.8208,463.1084,35.2876,gnsz
dev,aaaaamnk,aaaaamnk_s002_t005,1698.0,11,5.0,526.1858,616.6173,90.43150000000003,gnsz
dev,aaaaamnk,aaaaamnk_s002_t005,1698.0,11,6.0,718.7168,767.2788,48.56200000000001,gnsz
dev,aaaaamnk,aaaaamnk_s002_t005,1698.0,11,7.0,864.8606,943.6217,78.76110000000006,gnsz
dev,aaaaamnk,aaaaamnk_s002_t005,1698.0,11,8.0,1006.8319,1052.9049,46.07299999999998,gnsz
dev,aaaaamnk,aaaaamnk_s002_t005,1698.0,11,9.0,1113.4425,1183.5199,70.0773999999999,gnsz
dev,aaaaamnk,aaaaamnk_s002_t005,1698.0,11,10.0,1288.0066,1350.7279,62.721300000000156,gnsz
dev,aaaaamnk,aaaaamnk_s002_t005,1698.0,11,11.0,1460.2212,1495.6195,35.39830000000006,gnsz
dev,aaaaamnk,aaaaamnk_s003_t000,26.0,0,,,,,
dev,aaaaamnk,aaaaamnk_s003_t001,1800.0,0,,,,,
dev,aaaaamnk,aaaaamnk_s003_t002,1800.0,0,,,,,
dev,aaaaamnk,aaaaamnk_s003_t003,1800.0,0,,,,,
dev,aaaaamnk,aaaaamnk_s003_t004,1800.0,0,,,,,
dev,aaaaamnk,aaaaamnk_s003_t005,1.0,0,,,,,
dev,aaaaamnk,aaaaamnk_s003_t006,1800.0,0,,,,,
dev,aaaaamnk,aaaaamnk_s003_t007,1800.0,0,,,,,
dev,aaaaamnk,aaaaamnk_s003_t008,1.0,0,,,,,
dev,aaaaamnk,aaaaamnk_s003_t009,1800.0,0,,,,,
dev,aaaaamnk,aaaaamnk_s003_t010,1800.0,0,,,,,
dev,aaaaamnk,aaaaamnk_s003_t011,1.0,0,,,,,
dev,aaaaamnk,aaaaamnk_s003_t012,809.0,0,,,,,
dev,aaaaamnk,aaaaamnk_s004_t000,601.0,0,,,,,
dev,aaaaamnk,aaaaamnk_s004_t001,601.0,0,,,,,
dev,aaaaamnk,aaaaamnk_s004_t002,601.0,0,,,,,
dev,aaaaamnk,aaaaamnk_s004_t003,601.0,0,,,,,
dev,aaaaamnk,aaaaamnk_s004_t004,601.0,0,,,,,
dev,aaaaamnk,aaaaamnk_s004_t005,546.0,0,,,,,
dev,aaaaamnk,aaaaamnk_s005_t000,1800.0,0,,,,,
dev,aaaaamnk,aaaaamnk_s005_t001,1800.0,0,,,,,
dev,aaaaamnk,aaaaamnk_s005_t002,1800.0,0,,,,,
dev,aaaaamnk,aaaaamnk_s005_t003,1800.0,0,,,,,
dev,aaaaamnk,aaaaamnk_s005_t004,1.0,0,,,,,
dev,aaaaamnk,aaaaamnk_s005_t005,1800.0,0,,,,,
dev,aaaaamnk,aaaaamnk_s005_t006,1800.0,0,,,,,
dev,aaaaamnk,aaaaamnk_s005_t007,1.0,0,,,,,
dev,aaaaamnk,aaaaamnk_s005_t008,1607.0,0,,,,,
dev,aaaaamnk,aaaaamnk_s006_t000,601.0,0,,,,,
dev,aaaaamnk,aaaaamnk_s006_t001,601.0,0,,,,,
dev,aaaaamnk,aaaaamnk_s006_t002,601.0,0,,,,,
dev,aaaaamnk,aaaaamnk_s006_t003,601.0,0,,,,,
dev,aaaaamnk,aaaaamnk_s006_t004,601.0,0,,,,,
dev,aaaaamnk,aaaaamnk_s006_t005,601.0,0,,,,,
dev,aaaaamnk,aaaaamnk_s007_t000,872.0,0,,,,,
dev,aaaaamnk,aaaaamnk_s007_t001,601.0,0,,,,,
dev,aaaaamnk,aaaaamnk_s007_t002,601.0,0,,,,,
dev,aaaaamnk,aaaaamnk_s007_t003,601.0,0,,,,,
dev,aaaaamnk,aaaaamnk_s007_t004,601.0,0,,,,,
dev,aaaaamnk,aaaaamnk_s007_t005,95.0,0,,,,,
dev,aaaaamnk,aaaaamnk_s008_t000,843.0,0,,,,,
dev,aaaaamod,aaaaamod_s001_t000,1323.0,10,1.0,7.084,33.1464,26.0624,gnsz
dev,aaaaamod,aaaaamod_s001_t000,1323.0,10,2.0,226.3447,234.6536,8.308900000000023,gnsz
dev,aaaaamod,aaaaamod_s001_t000,1323.0,10,3.0,449.0223,456.8667,7.844400000000007,gnsz
dev,aaaaamod,aaaaamod_s001_t000,1323.0,10,4.0,468.3331,471.6381,3.305000000000007,gnsz
dev,aaaaamod,aaaaamod_s001_t000,1323.0,10,5.0,578.816,603.9766,25.16059999999993,gnsz
dev,aaaaamod,aaaaamod_s001_t000,1323.0,10,6.0,743.5613,752.13,8.568700000000035,gnsz
dev,aaaaamod,aaaaamod_s001_t000,1323.0,10,7.0,901.8378,928.8581,27.02030000000002,gnsz
dev,aaaaamod,aaaaamod_s001_t000,1323.0,10,8.0,1047.3653,1055.7311,8.365800000000036,gnsz
dev,aaaaamod,aaaaamod_s001_t000,1323.0,10,9.0,1138.6034,1146.4556,7.852200000000039,gnsz
dev,aaaaamod,aaaaamod_s001_t000,1323.0,10,10.0,1264.7791,1271.681,6.901900000000069,gnsz
dev,aaaaamod,aaaaamod_s002_t000,801.0,3,1.0,112.1614,139.8082,27.6468,gnsz
dev,aaaaamod,aaaaamod_s002_t000,801.0,3,2.0,361.9218,369.1238,7.201999999999998,gnsz
dev,aaaaamod,aaaaamod_s002_t000,801.0,3,3.0,761.5903,792.7901,31.199800000000096,gnsz
dev,aaaaamod,aaaaamod_s002_t001,611.0,0,,,,,
dev,aaaaamod,aaaaamod_s002_t002,1064.0,0,,,,,
dev,aaaaamod,aaaaamod_s002_t003,619.0,0,,,,,
dev,aaaaamod,aaaaamod_s002_t004,601.0,2,1.0,141.394,167.1289,25.734899999999982,gnsz
dev,aaaaamod,aaaaamod_s002_t004,601.0,2,2.0,560.683,589.5657,28.8827,gnsz
dev,aaaaamod,aaaaamod_s002_t005,601.0,2,1.0,5.4336,33.4575,28.023900000000005,gnsz
dev,aaaaamod,aaaaamod_s002_t005,601.0,2,2.0,312.0507,341.4212,29.370499999999993,gnsz
dev,aaaaamod,aaaaamod_s002_t006,601.0,0,,,,,
dev,aaaaamod,aaaaamod_s002_t007,601.0,0,,,,,
dev,aaaaamod,aaaaamod_s003_t000,601.0,0,,,,,
dev,aaaaamod,aaaaamod_s003_t001,744.0,0,,,,,
dev,aaaaamod,aaaaamod_s003_t002,802.0,0,,,,,
dev,aaaaamod,aaaaamod_s003_t003,601.0,0,,,,,
dev,aaaaamod,aaaaamod_s003_t004,601.0,0,,,,,
dev,aaaaamod,aaaaamod_s004_t000,1329.0,0,,,,,
dev,aaaaampk,aaaaampk_s001_t000,1800.0,0,,,,,
dev,aaaaampk,aaaaampk_s001_t001,942.0,0,,,,,
dev,aaaaampk,aaaaampk_s002_t000,39.0,0,,,,,
dev,aaaaampk,aaaaampk_s002_t001,699.0,0,,,,,
dev,aaaaampk,aaaaampk_s002_t002,300.0,0,,,,,
dev,aaaaampk,aaaaampk_s002_t003,300.0,0,,,,,
dev,aaaaampk,aaaaampk_s002_t004,300.0,0,,,,,
dev,aaaaampk,aaaaampk_s002_t005,300.0,0,,,,,
dev,aaaaampk,aaaaampk_s003_t000,300.0,0,,,,,
dev,aaaaampk,aaaaampk_s003_t001,319.0,0,,,,,
dev,aaaaampk,aaaaampk_s003_t002,300.0,0,,,,,
dev,aaaaampk,aaaaampk_s003_t003,294.0,0,,,,,
dev,aaaaampk,aaaaampk_s003_t004,300.0,0,,,,,
dev,aaaaampk,aaaaampk_s003_t005,300.0,0,,,,,
dev,aaaaampk,aaaaampk_s003_t006,300.0,0,,,,,
dev,aaaaampk,aaaaampk_s004_t000,300.0,0,,,,,
dev,aaaaampk,aaaaampk_s004_t001,346.0,0,,,,,
dev,aaaaampk,aaaaampk_s004_t002,315.0,0,,,,,
dev,aaaaampk,aaaaampk_s004_t003,300.0,0,,,,,
dev,aaaaampk,aaaaampk_s004_t004,300.0,0,,,,,
dev,aaaaampk,aaaaampk_s004_t006,300.0,0,,,,,
dev,aaaaampk,aaaaampk_s004_t008,300.0,0,,,,,
dev,aaaaampk,aaaaampk_s005_t000,1251.0,0,,,,,
dev,aaaaampk,aaaaampk_s006_t001,1258.0,0,,,,,
dev,aaaaampk,aaaaampk_s007_t000,297.0,3,1.0,96.4609,177.7256,81.26469999999999,gnsz
dev,aaaaampk,aaaaampk_s007_t000,297.0,3,2.0,220.8735,275.5343,54.660799999999966,gnsz
dev,aaaaampk,aaaaampk_s007_t000,297.0,3,3.0,285.1081,289.4169,4.308800000000019,gnsz
dev,aaaaampk,aaaaampk_s007_t001,1180.0,9,1.0,11.3271,101.4681,90.141,gnsz
dev,aaaaampk,aaaaampk_s007_t001,1180.0,9,2.0,130.5586,185.674,55.115399999999994,gnsz
dev,aaaaampk,aaaaampk_s007_t001,1180.0,9,3.0,235.1867,296.811,61.62429999999998,gnsz
dev,aaaaampk,aaaaampk_s007_t001,1180.0,9,4.0,351.7758,416.8356,65.0598,gnsz
dev,aaaaampk,aaaaampk_s007_t001,1180.0,9,5.0,467.5479,523.1211,55.57319999999993,gnsz
dev,aaaaampk,aaaaampk_s007_t001,1180.0,9,6.0,585.6406,665.1644,79.52380000000005,gnsz
dev,aaaaampk,aaaaampk_s007_t001,1180.0,9,7.0,714.6437,789.9514,75.30770000000007,gnsz
dev,aaaaampk,aaaaampk_s007_t001,1180.0,9,8.0,885.918,958.1911,72.2731,gnsz
dev,aaaaampk,aaaaampk_s007_t001,1180.0,9,9.0,1026.943,1082.6602,55.71720000000005,fnsz
dev,aaaaampk,aaaaampk_s008_t000,1435.0,0,,,,,
dev,aaaaampk,aaaaampk_s009_t000,1569.0,5,1.0,0.0,48.0142,48.0142,gnsz
dev,aaaaampk,aaaaampk_s009_t000,1569.0,5,2.0,370.9544,437.9372,66.9828,gnsz
dev,aaaaampk,aaaaampk_s009_t000,1569.0,5,3.0,766.9828,841.0196,74.03679999999997,gnsz
dev,aaaaampk,aaaaampk_s009_t000,1569.0,5,4.0,1120.0356,1181.9798,61.94420000000014,gnsz
dev,aaaaampk,aaaaampk_s009_t000,1569.0,5,5.0,1552.5133,1569.0,16.486699999999928,gnsz
dev,aaaaampk,aaaaampk_s009_t001,753.0,2,1.0,347.0065,403.9123,56.9058,gnsz
dev,aaaaampk,aaaaampk_s009_t001,753.0,2,2.0,737.936,753.0,15.063999999999965,gnsz
dev,aaaaampk,aaaaampk_s009_t002,300.0,0,,,,,
dev,aaaaampk,aaaaampk_s009_t003,873.0,1,1.0,333.5507,396.9769,63.426199999999994,gnsz
dev,aaaaampk,aaaaampk_s009_t004,300.0,1,1.0,47.9549,126.0225,78.0676,gnsz
dev,aaaaampk,aaaaampk_s009_t005,778.0,1,1.0,358.9212,434.9733,76.0521,gnsz
dev,aaaaampk,aaaaampk_s009_t006,300.0,0,,,,,
dev,aaaaampk,aaaaampk_s009_t007,601.0,1,1.0,20.5098,81.9798,61.47,gnsz
dev,aaaaampk,aaaaampk_s010_t000,1800.0,4,1.0,0.0478,25.1554,25.1076,fnsz
dev,aaaaampk,aaaaampk_s010_t000,1800.0,4,2.0,518.1515,543.1754,25.023899999999912,fnsz
dev,aaaaampk,aaaaampk_s010_t000,1800.0,4,3.0,1007.2233,1024.0096,16.786300000000097,fnsz
dev,aaaaampk,aaaaampk_s010_t000,1800.0,4,4.0,1515.5279,1531.445,15.917099999999891,fnsz
dev,aaaaampk,aaaaampk_s010_t001,1800.0,4,1.0,292.0199,317.1594,25.139499999999998,fnsz
dev,aaaaampk,aaaaampk_s010_t001,1800.0,4,2.0,813.9562,829.1434,15.187200000000075,fnsz
dev,aaaaampk,aaaaampk_s010_t001,1800.0,4,3.0,1287.1554,1306.1355,18.980099999999993,fnsz
dev,aaaaampk,aaaaampk_s010_t001,1800.0,4,4.0,1734.9442,1751.1275,16.183300000000145,fnsz
dev,aaaaampk,aaaaampk_s010_t002,1800.0,3,1.0,453.9936,480.1659,26.172300000000007,fnsz
dev,aaaaampk,aaaaampk_s010_t002,1800.0,3,2.0,1006.9888,1034.0702,27.081400000000144,fnsz
dev,aaaaampk,aaaaampk_s010_t002,1800.0,3,3.0,1479.5949,1506.1898,26.594900000000052,fnsz
dev,aaaaampk,aaaaampk_s010_t003,1800.0,4,1.0,162.7352,179.1707,16.43550000000002,fnsz
dev,aaaaampk,aaaaampk_s010_t003,1800.0,4,2.0,658.4561,681.9729,23.51679999999999,fnsz
dev,aaaaampk,aaaaampk_s010_t003,1800.0,4,3.0,1223.9697,1249.7193,25.749599999999873,fnsz
dev,aaaaampk,aaaaampk_s010_t003,1800.0,4,4.0,1679.9617,1697.1148,17.153099999999995,fnsz
dev,aaaaampk,aaaaampk_s010_t004,1.0,0,,,,,
dev,aaaaampk,aaaaampk_s010_t005,1800.0,3,1.0,503.7895,530.0494,26.259900000000016,fnsz
dev,aaaaampk,aaaaampk_s010_t005,1800.0,3,2.0,973.2552,1001.1499,27.894700000000057,fnsz
dev,aaaaampk,aaaaampk_s010_t005,1800.0,3,3.0,1452.9617,1479.1579,26.196199999999862,fnsz
dev,aaaaampk,aaaaampk_s010_t006,1800.0,4,1.0,208.6507,243.3796,34.72890000000001,fnsz
dev,aaaaampk,aaaaampk_s010_t006,1800.0,4,2.0,725.9968,744.1467,18.149900000000002,fnsz
dev,aaaaampk,aaaaampk_s010_t006,1800.0,4,3.0,1097.3907,1116.1946,18.803900000000112,fnsz
dev,aaaaampk,aaaaampk_s010_t006,1800.0,4,4.0,1475.6986,1493.1866,17.488000000000056,fnsz
dev,aaaaampk,aaaaampk_s010_t007,1.0,0,,,,,
dev,aaaaampk,aaaaampk_s010_t008,1800.0,4,1.0,267.6587,294.1419,26.48320000000001,fnsz
dev,aaaaampk,aaaaampk_s010_t008,1800.0,4,2.0,797.0877,819.0255,21.937799999999925,fnsz
dev,aaaaampk,aaaaampk_s010_t008,1800.0,4,3.0,1363.3987,1382.1547,18.756000000000085,fnsz
dev,aaaaampk,aaaaampk_s010_t008,1800.0,4,4.0,1742.0399,1767.1595,25.11959999999999,fnsz
dev,aaaaampk,aaaaampk_s010_t009,1800.0,4,1.0,184.0335,201.1467,17.113200000000006,fnsz
dev,aaaaampk,aaaaampk_s010_t009,1800.0,4,2.0,830.0159,849.2026,19.186699999999973,fnsz
dev,aaaaampk,aaaaampk_s010_t009,1800.0,4,3.0,1218.0207,1245.1659,27.14519999999993,fnsz
dev,aaaaampk,aaaaampk_s010_t009,1800.0,4,4.0,1685.4753,1706.2648,20.78949999999986,fnsz
dev,aaaaampk,aaaaampk_s010_t010,1.0,0,,,,,
dev,aaaaampk,aaaaampk_s010_t011,1800.0,4,1.0,362.8214,381.1786,18.357200000000034,fnsz
dev,aaaaampk,aaaaampk_s010_t011,1800.0,4,2.0,842.8214,861.1627,18.341299999999933,fnsz
dev,aaaaampk,aaaaampk_s010_t011,1800.0,4,3.0,1125.6396,1142.1707,16.531099999999924,fnsz
dev,aaaaampk,aaaaampk_s010_t011,1800.0,4,4.0,1639.0686,1657.2026,18.134000000000015,fnsz
dev,aaaaampk,aaaaampk_s010_t012,1194.0,2,1.0,200.0494,226.1579,26.10850000000002,fnsz
dev,aaaaampk,aaaaampk_s010_t012,1194.0,2,2.0,1141.2967,1156.5837,15.286999999999807,fnsz
dev,aaaaamqq,aaaaamqq_s001_t000,1279.0,2,1.0,587.9704,601.0113,13.040899999999965,fnsz
dev,aaaaamqq,aaaaamqq_s001_t000,1279.0,2,2.0,1036.5172,1059.0433,22.526100000000042,fnsz
dev,aaaaamqq,aaaaamqq_s002_t000,300.0,0,,,,,
dev,aaaaamqq,aaaaamqq_s002_t001,879.0,0,,,,,
dev,aaaaamqq,aaaaamqq_s002_t002,993.0,0,,,,,
dev,aaaaamqq,aaaaamqq_s002_t003,1800.0,0,,,,,
dev,aaaaamqq,aaaaamqq_s002_t004,1320.0,0,,,,,
dev,aaaaamqq,aaaaamqq_s002_t005,1800.0,0,,,,,
dev,aaaaamqq,aaaaamqq_s002_t006,1800.0,0,,,,,
dev,aaaaamqq,aaaaamqq_s002_t007,956.0,0,,,,,
dev,aaaaamqq,aaaaamqq_s002_t008,300.0,0,,,,,
dev,aaaaamqq,aaaaamqq_s002_t009,1800.0,0,,,,,
dev,aaaaamqq,aaaaamqq_s002_t010,300.0,0,,,,,
dev,aaaaamqq,aaaaamqq_s002_t011,601.0,0,,,,,
dev,aaaaamqq,aaaaamqq_s002_t012,601.0,0,,,,,
dev,aaaaamqq,aaaaamqq_s002_t013,601.0,0,,,,,
dev,aaaaamqq,aaaaamqq_s003_t000,1800.0,0,,,,,
dev,aaaaamqq,aaaaamqq_s003_t001,1800.0,0,,,,,
dev,aaaaamqq,aaaaamqq_s003_t002,1800.0,0,,,,,
dev,aaaaamqq,aaaaamqq_s003_t003,1800.0,0,,,,,
dev,aaaaamqq,aaaaamqq_s003_t004,1.0,0,,,,,
dev,aaaaamqq,aaaaamqq_s003_t005,402.0,0,,,,,
dev,aaaaamqq,aaaaamqq_s004_t000,300.0,0,,,,,
dev,aaaaamqq,aaaaamqq_s004_t001,187.0,0,,,,,
dev,aaaaamqq,aaaaamqq_s004_t002,601.0,0,,,,,
dev,aaaaamqq,aaaaamqq_s004_t003,300.0,0,,,,,
dev,aaaaamqq,aaaaamqq_s004_t004,280.0,0,,,,,
dev,aaaaamqq,aaaaamqq_s004_t005,300.0,0,,,,,
dev,aaaaamqq,aaaaamqq_s004_t006,888.0,2,1.0,0.0,25.9632,25.9632,fnsz
dev,aaaaamqq,aaaaamqq_s004_t006,888.0,2,2.0,667.9905,713.0409,45.05039999999997,fnsz
dev,aaaaamqq,aaaaamqq_s004_t007,745.0,1,1.0,411.9739,480.5572,68.58330000000001,fnsz
dev,aaaaamqq,aaaaamqq_s004_t008,601.0,0,,,,,
dev,aaaaamqq,aaaaamqq_s004_t009,300.0,0,,,,,
dev,aaaaamqq,aaaaamqq_s004_t010,601.0,0,,,,,
dev,aaaaamqq,aaaaamqq_s004_t011,700.0,0,,,,,
dev,aaaaamqq,aaaaamqq_s004_t012,601.0,1,1.0,212.0332,304.92,92.88680000000002,fnsz
dev,aaaaamqq,aaaaamqq_s005_t000,300.0,1,1.0,0.0,115.9455,115.9455,fnsz
dev,aaaaamqq,aaaaamqq_s005_t001,601.0,2,1.0,229.9348,300.1778,70.243,fnsz
dev,aaaaamqq,aaaaamqq_s005_t001,601.0,2,2.0,423.0587,554.9496,131.89090000000004,fnsz
dev,aaaaamqq,aaaaamqq_s005_t002,601.0,0,,,,,
dev,aaaaamqq,aaaaamqq_s005_t003,601.0,0,,,,,
dev,aaaaamqq,aaaaamqq_s005_t005,824.0,0,,,,,
dev,aaaaamqq,aaaaamqq_s005_t006,300.0,1,1.0,147.0065,254.0605,107.054,fnsz
dev,aaaaamqq,aaaaamqq_s005_t007,456.0,0,,,,,
dev,aaaaamqq,aaaaamqq_s006_t000,604.0,2,1.0,17.0124,150.0889,133.0765,fnsz
dev,aaaaamqq,aaaaamqq_s006_t000,604.0,2,2.0,400.0593,529.9941,129.9348,fnsz
dev,aaaaamqq,aaaaamqq_s006_t001,872.0,3,1.0,0.0,140.901,140.901,fnsz
dev,aaaaamqq,aaaaamqq_s006_t001,872.0,3,2.0,343.9834,503.0231,159.03969999999998,fnsz
dev,aaaaamqq,aaaaamqq_s006_t001,872.0,3,3.0,774.0368,872.0,97.96320000000003,fnsz
dev,aaaaamqq,aaaaamqq_s006_t002,893.0,0,,,,,
dev,aaaaamqq,aaaaamqq_s006_t003,599.0,1,1.0,229.0456,412.0925,183.04689999999997,fnsz
dev,aaaaamqq,aaaaamqq_s006_t004,300.0,1,1.0,0.0,101.067,101.067,fnsz
dev,aaaaamqq,aaaaamqq_s006_t005,601.0,0,,,,,
dev,aaaaamqq,aaaaamqq_s006_t006,601.0,1,1.0,134.9733,458.9212,323.9479,fnsz
dev,aaaaamqq,aaaaamqq_s007_t000,1131.0,2,1.0,309.9763,622.8986,312.9223,gnsz
dev,aaaaamqq,aaaaamqq_s007_t000,1131.0,2,2.0,759.0575,861.9621,102.90459999999996,gnsz
dev,aaaaamqq,aaaaamqq_s007_t001,1800.0,2,1.0,689.9394,759.1898,69.25040000000001,fnsz
dev,aaaaamqq,aaaaamqq_s007_t001,1800.0,2,2.0,876.0016,956.177,80.17539999999997,fnsz
dev,aaaaamqq,aaaaamqq_s007_t002,1800.0,1,1.0,258.2701,440.404,182.13389999999998,fnsz
dev,aaaaamqq,aaaaamqq_s007_t003,1800.0,2,1.0,131.8915,165.1069,33.21539999999999,fnsz
dev,aaaaamqq,aaaaamqq_s007_t003,1800.0,2,2.0,777.9553,906.0,128.04470000000003,fnsz
dev,aaaaamqq,aaaaamqq_s007_t004,348.0,0,,,,,
dev,aaaaamqq,aaaaamqq_s007_t005,300.0,0,,,,,
dev,aaaaamqq,aaaaamqq_s007_t006,601.0,0,,,,,
dev,aaaaamqq,aaaaamqq_s008_t000,1800.0,0,,,,,
dev,aaaaamqq,aaaaamqq_s008_t001,1800.0,0,,,,,
dev,aaaaamqq,aaaaamqq_s008_t002,1800.0,0,,,,,
dev,aaaaamqq,aaaaamqq_s008_t003,1800.0,0,,,,,
dev,aaaaamqq,aaaaamqq_s008_t004,1.0,0,,,,,
dev,aaaaamqq,aaaaamqq_s008_t005,1800.0,0,,,,,
dev,aaaaamqq,aaaaamqq_s008_t006,74.0,0,,,,,
dev,aaaaamqq,aaaaamqq_s009_t000,300.0,0,,,,,
dev,aaaaamqq,aaaaamqq_s009_t001,601.0,0,,,,,
dev,aaaaamqq,aaaaamqq_s009_t002,601.0,0,,,,,
dev,aaaaamqq,aaaaamqq_s009_t003,300.0,0,,,,,
dev,aaaaamqq,aaaaamqq_s009_t004,300.0,0,,,,,
dev,aaaaamqq,aaaaamqq_s009_t005,601.0,0,,,,,
dev,aaaaamqq,aaaaamqq_s009_t006,300.0,0,,,,,
dev,aaaaamqq,aaaaamqq_s009_t007,300.0,0,,,,,
dev,aaaaamqq,aaaaamqq_s009_t008,601.0,0,,,,,
dev,aaaaamqq,aaaaamqq_s010_t000,300.0,0,,,,,
dev,aaaaamqq,aaaaamqq_s010_t001,601.0,0,,,,,
dev,aaaaamqq,aaaaamqq_s010_t002,300.0,0,,,,,
dev,aaaaamqq,aaaaamqq_s010_t003,601.0,0,,,,,
dev,aaaaamqq,aaaaamqq_s010_t004,601.0,0,,,,,
dev,aaaaamqq,aaaaamqq_s010_t005,300.0,0,,,,,
dev,aaaaamqq,aaaaamqq_s010_t006,601.0,0,,,,,
dev,aaaaamqq,aaaaamqq_s010_t007,300.0,0,,,,,
dev,aaaaamqq,aaaaamqq_s010_t008,601.0,0,,,,,
dev,aaaaamqq,aaaaamqq_s010_t009,300.0,0,,,,,
dev,aaaaamqq,aaaaamqq_s010_t010,601.0,0,,,,,
dev,aaaaamqq,aaaaamqq_s011_t000,300.0,0,,,,,
dev,aaaaamqq,aaaaamqq_s011_t001,601.0,0,,,,,
dev,aaaaamqq,aaaaamqq_s011_t002,300.0,0,,,,,
dev,aaaaamqq,aaaaamqq_s011_t003,601.0,0,,,,,
dev,aaaaamqq,aaaaamqq_s011_t004,601.0,0,,,,,
dev,aaaaamqq,aaaaamqq_s011_t005,300.0,0,,,,,
dev,aaaaamqq,aaaaamqq_s011_t006,601.0,0,,,,,
dev,aaaaamqq,aaaaamqq_s011_t007,300.0,0,,,,,
dev,aaaaamqq,aaaaamqq_s011_t008,601.0,0,,,,,
dev,aaaaamqq,aaaaamqq_s011_t009,300.0,0,,,,,
dev,aaaaamqq,aaaaamqq_s011_t010,601.0,0,,,,,
dev,aaaaamqq,aaaaamqq_s011_t011,601.0,0,,,,,
dev,aaaaamqw,aaaaamqw_s001_t000,1218.0,0,,,,,
dev,aaaaamqw,aaaaamqw_s002_t000,1800.0,0,,,,,
dev,aaaaamqw,aaaaamqw_s002_t001,28.0,0,,,,,
dev,aaaaamta,aaaaamta_s001_t000,1466.0,1,1.0,1328.0379,1376.0522,48.01430000000005,gnsz
dev,aaaaamta,aaaaamta_s002_t000,1202.0,0,,,,,
dev,aaaaamta,aaaaamta_s003_t000,1522.0,14,1.0,158.0,166.0556,8.055599999999998,gnsz
dev,aaaaamta,aaaaamta_s003_t000,1522.0,14,2.0,386.9444,397.5,10.555600000000027,gnsz
dev,aaaaamta,aaaaamta_s003_t000,1522.0,14,3.0,426.8333,435.0556,8.222300000000018,gnsz
dev,aaaaamta,aaaaamta_s003_t000,1522.0,14,4.0,534.3889,541.1667,6.7777999999999565,fnsz
dev,aaaaamta,aaaaamta_s003_t000,1522.0,14,5.0,619.9444,628.7778,8.833399999999983,gnsz
dev,aaaaamta,aaaaamta_s003_t000,1522.0,14,6.0,768.9444,781.0556,12.111200000000053,gnsz
dev,aaaaamta,aaaaamta_s003_t000,1522.0,14,7.0,971.9444,986.1111,14.166699999999992,gnsz
dev,aaaaamta,aaaaamta_s003_t000,1522.0,14,8.0,1018.2778,1023.7222,5.444400000000087,gnsz
dev,aaaaamta,aaaaamta_s003_t000,1522.0,14,9.0,1030.0,1043.2222,13.22219999999993,gnsz
dev,aaaaamta,aaaaamta_s003_t000,1522.0,14,10.0,1110.7222,1121.1667,10.444500000000062,gnsz
dev,aaaaamta,aaaaamta_s003_t000,1522.0,14,11.0,1149.0,1165.3333,16.33330000000001,gnsz
dev,aaaaamta,aaaaamta_s003_t000,1522.0,14,12.0,1207.1111,1218.6111,11.5,gnsz
dev,aaaaamta,aaaaamta_s003_t000,1522.0,14,13.0,1246.0556,1254.1667,8.111100000000079,gnsz
dev,aaaaamta,aaaaamta_s003_t000,1522.0,14,14.0,1423.1111,1431.0,7.888899999999921,gnsz
dev,aaaaamva,aaaaamva_s001_t000,1463.0,0,,,,,
dev,aaaaamva,aaaaamva_s002_t001,1397.0,0,,,,,
dev,aaaaamva,aaaaamva_s003_t000,1800.0,0,,,,,
dev,aaaaamva,aaaaamva_s003_t001,1800.0,0,,,,,
dev,aaaaamva,aaaaamva_s003_t002,30.0,0,,,,,
dev,aaaaamva,aaaaamva_s004_t003,1800.0,0,,,,,
dev,aaaaamva,aaaaamva_s004_t004,1800.0,0,,,,,
dev,aaaaamva,aaaaamva_s004_t005,1800.0,0,,,,,
dev,aaaaamva,aaaaamva_s004_t006,1800.0,0,,,,,
dev,aaaaamva,aaaaamva_s004_t007,1.0,0,,,,,
dev,aaaaamva,aaaaamva_s004_t008,1800.0,0,,,,,
dev,aaaaamva,aaaaamva_s004_t009,1800.0,0,,,,,
dev,aaaaamva,aaaaamva_s004_t010,1.0,0,,,,,
dev,aaaaamva,aaaaamva_s004_t011,1800.0,0,,,,,
dev,aaaaamva,aaaaamva_s004_t012,1800.0,0,,,,,
dev,aaaaamva,aaaaamva_s004_t013,1.0,0,,,,,
dev,aaaaamva,aaaaamva_s004_t014,1800.0,0,,,,,
dev,aaaaamva,aaaaamva_s004_t015,1800.0,0,,,,,
dev,aaaaamva,aaaaamva_s004_t016,1.0,0,,,,,
dev,aaaaamva,aaaaamva_s004_t017,1800.0,0,,,,,
dev,aaaaamva,aaaaamva_s004_t018,1800.0,0,,,,,
dev,aaaaamva,aaaaamva_s004_t019,1.0,0,,,,,
dev,aaaaamva,aaaaamva_s004_t020,1800.0,0,,,,,
dev,aaaaamva,aaaaamva_s004_t021,1800.0,0,,,,,
dev,aaaaamva,aaaaamva_s004_t022,1.0,0,,,,,
dev,aaaaamva,aaaaamva_s004_t023,1800.0,0,,,,,
dev,aaaaamva,aaaaamva_s004_t024,1800.0,0,,,,,
dev,aaaaamva,aaaaamva_s004_t025,1.0,0,,,,,
dev,aaaaamva,aaaaamva_s004_t026,1507.0,0,,,,,
dev,aaaaamva,aaaaamva_s004_t027,1800.0,0,,,,,
dev,aaaaamva,aaaaamva_s004_t028,1800.0,0,,,,,
dev,aaaaamva,aaaaamva_s004_t029,1800.0,0,,,,,
dev,aaaaamva,aaaaamva_s004_t030,1800.0,0,,,,,
dev,aaaaamva,aaaaamva_s004_t031,1.0,0,,,,,
dev,aaaaamva,aaaaamva_s004_t032,1800.0,0,,,,,
dev,aaaaamva,aaaaamva_s004_t033,1800.0,0,,,,,
dev,aaaaamva,aaaaamva_s004_t034,1.0,0,,,,,
dev,aaaaamva,aaaaamva_s004_t035,1800.0,0,,,,,
dev,aaaaamva,aaaaamva_s004_t036,1800.0,0,,,,,
dev,aaaaamva,aaaaamva_s004_t037,1.0,0,,,,,
dev,aaaaamva,aaaaamva_s004_t038,1800.0,0,,,,,
dev,aaaaamva,aaaaamva_s004_t039,1800.0,0,,,,,
dev,aaaaamva,aaaaamva_s004_t040,1.0,0,,,,,
dev,aaaaamva,aaaaamva_s004_t041,1800.0,0,,,,,
dev,aaaaamva,aaaaamva_s004_t042,1800.0,0,,,,,
dev,aaaaamva,aaaaamva_s004_t043,1.0,0,,,,,
dev,aaaaamva,aaaaamva_s004_t044,1800.0,0,,,,,
dev,aaaaamva,aaaaamva_s004_t045,1800.0,0,,,,,
dev,aaaaamva,aaaaamva_s004_t046,1.0,0,,,,,
dev,aaaaamva,aaaaamva_s004_t047,1800.0,0,,,,,
dev,aaaaamva,aaaaamva_s004_t048,1800.0,0,,,,,
dev,aaaaamva,aaaaamva_s004_t049,1.0,0,,,,,
dev,aaaaamva,aaaaamva_s004_t050,1800.0,0,,,,,
dev,aaaaamva,aaaaamva_s004_t051,1800.0,0,,,,,
dev,aaaaamva,aaaaamva_s004_t052,1.0,0,,,,,
dev,aaaaamva,aaaaamva_s004_t053,1800.0,0,,,,,
dev,aaaaamva,aaaaamva_s004_t054,1800.0,0,,,,,
dev,aaaaamva,aaaaamva_s004_t055,1.0,0,,,,,
dev,aaaaamva,aaaaamva_s004_t056,1800.0,0,,,,,
dev,aaaaamva,aaaaamva_s004_t057,1800.0,0,,,,,
dev,aaaaamva,aaaaamva_s004_t058,1.0,0,,,,,
dev,aaaaamva,aaaaamva_s004_t059,1800.0,0,,,,,
dev,aaaaamva,aaaaamva_s004_t060,1800.0,0,,,,,
dev,aaaaamva,aaaaamva_s004_t061,1.0,0,,,,,
dev,aaaaamva,aaaaamva_s004_t062,1800.0,0,,,,,
dev,aaaaamva,aaaaamva_s004_t063,1800.0,0,,,,,
dev,aaaaamva,aaaaamva_s004_t064,1.0,0,,,,,
dev,aaaaamva,aaaaamva_s004_t065,942.0,0,,,,,
dev,aaaaamva,aaaaamva_s005_t000,1800.0,0,,,,,
dev,aaaaamva,aaaaamva_s005_t001,1800.0,0,,,,,
dev,aaaaamva,aaaaamva_s005_t002,1800.0,0,,,,,
dev,aaaaamva,aaaaamva_s005_t003,1800.0,0,,,,,
dev,aaaaamva,aaaaamva_s005_t004,1.0,0,,,,,
dev,aaaaamva,aaaaamva_s005_t005,1623.0,0,,,,,
dev,aaaaamva,aaaaamva_s006_t000,300.0,0,,,,,
dev,aaaaamva,aaaaamva_s006_t001,250.0,0,,,,,
dev,aaaaamva,aaaaamva_s006_t002,301.0,0,,,,,
dev,aaaaamva,aaaaamva_s006_t003,280.0,0,,,,,
dev,aaaaamva,aaaaamva_s006_t004,287.0,0,,,,,
dev,aaaaamva,aaaaamva_s006_t005,301.0,0,,,,,
dev,aaaaamva,aaaaamva_s006_t006,300.0,0,,,,,
dev,aaaaamva,aaaaamva_s006_t007,631.0,0,,,,,
dev,aaaaamva,aaaaamva_s006_t008,657.0,1,1.0,307.2778,325.0,17.722199999999987,fnsz
dev,aaaaamva,aaaaamva_s006_t009,1193.0,0,,,,,
dev,aaaaamva,aaaaamva_s006_t010,301.0,0,,,,,
dev,aaaaamva,aaaaamva_s006_t011,300.0,0,,,,,
dev,aaaaamva,aaaaamva_s006_t012,301.0,0,,,,,
dev,aaaaamva,aaaaamva_s006_t013,300.0,0,,,,,
dev,aaaaandx,aaaaandx_s001_t000,61.0,0,,,,,
dev,aaaaandx,aaaaandx_s001_t001,1333.0,0,,,,,
dev,aaaaandx,aaaaandx_s002_t000,300.0,0,,,,,
dev,aaaaandx,aaaaandx_s002_t001,300.0,0,,,,,
dev,aaaaandx,aaaaandx_s002_t002,439.0,0,,,,,
dev,aaaaandx,aaaaandx_s002_t003,592.0,0,,,,,
dev,aaaaandx,aaaaandx_s002_t004,300.0,0,,,,,
dev,aaaaandx,aaaaandx_s002_t005,560.0,0,,,,,
dev,aaaaandx,aaaaandx_s002_t006,495.0,0,,,,,
dev,aaaaandx,aaaaandx_s002_t007,300.0,0,,,,,
dev,aaaaandx,aaaaandx_s002_t008,621.0,0,,,,,
dev,aaaaandx,aaaaandx_s002_t009,300.0,0,,,,,
dev,aaaaandx,aaaaandx_s002_t010,614.0,0,,,,,
dev,aaaaandx,aaaaandx_s003_t000,300.0,0,,,,,
dev,aaaaandx,aaaaandx_s003_t001,536.0,1,1.0,235.0148,263.9419,28.927099999999967,gnsz
dev,aaaaandx,aaaaandx_s003_t002,300.0,0,,,,,
dev,aaaaandx,aaaaandx_s003_t003,601.0,1,1.0,389.0338,414.997,25.96320000000003,gnsz
dev,aaaaandx,aaaaandx_s003_t004,601.0,1,1.0,110.9662,135.8625,24.89630000000001,gnsz
dev,aaaaandx,aaaaandx_s003_t005,487.0,0,,,,,
dev,aaaaandx,aaaaandx_s003_t006,984.0,2,1.0,260.9959,282.0391,21.043200000000013,gnsz
dev,aaaaandx,aaaaandx_s003_t006,984.0,2,2.0,410.9662,423.0587,12.092499999999973,gnsz
dev,aaaaandx,aaaaandx_s003_t007,300.0,0,,,,,
dev,aaaaandx,aaaaandx_s003_t008,601.0,0,,,,,
dev,aaaaandx,aaaaandx_s003_t009,300.0,0,,,,,
dev,aaaaandx,aaaaandx_s003_t010,601.0,0,,,,,
dev,aaaaandx,aaaaandx_s004_t000,300.0,0,,,,,
dev,aaaaandx,aaaaandx_s004_t001,376.0,0,,,,,
dev,aaaaandx,aaaaandx_s004_t002,335.0,0,,,,,
dev,aaaaandx,aaaaandx_s004_t003,362.0,0,,,,,
dev,aaaaandx,aaaaandx_s004_t004,473.0,0,,,,,
dev,aaaaandx,aaaaandx_s004_t005,436.0,0,,,,,
dev,aaaaandx,aaaaandx_s004_t006,693.0,3,1.0,300.0593,318.5536,18.49430000000001,gnsz
dev,aaaaandx,aaaaandx_s004_t006,693.0,3,2.0,462.0036,484.0545,22.050900000000013,gnsz
dev,aaaaandx,aaaaandx_s004_t006,693.0,3,3.0,612.9093,633.0041,20.094799999999964,gnsz
dev,aaaaandx,aaaaandx_s004_t007,300.0,0,,,,,
dev,aaaaandx,aaaaandx_s004_t008,655.0,0,,,,,
dev,aaaaandx,aaaaandx_s004_t009,567.0,0,,,,,
dev,aaaaandx,aaaaandx_s004_t010,300.0,0,,,,,
dev,aaaaandx,aaaaandx_s004_t011,555.0,0,,,,,
dev,aaaaandx,aaaaandx_s004_t012,300.0,0,,,,,
dev,aaaaandx,aaaaandx_s004_t013,517.0,0,,,,,
dev,aaaaandx,aaaaandx_s004_t014,300.0,0,,,,,
dev,aaaaandx,aaaaandx_s004_t015,601.0,0,,,,,
dev,aaaaandx,aaaaandx_s005_t000,300.0,0,,,,,
dev,aaaaandx,aaaaandx_s005_t001,444.0,0,,,,,
dev,aaaaandx,aaaaandx_s005_t002,443.0,0,,,,,
dev,aaaaandx,aaaaandx_s005_t003,618.0,0,,,,,
dev,aaaaandx,aaaaandx_s005_t004,421.0,0,,,,,
dev,aaaaandx,aaaaandx_s005_t005,300.0,0,,,,,
dev,aaaaandx,aaaaandx_s005_t006,601.0,0,,,,,
dev,aaaaandx,aaaaandx_s005_t007,241.0,0,,,,,
dev,aaaaandx,aaaaandx_s005_t008,300.0,0,,,,,
dev,aaaaandx,aaaaandx_s005_t009,300.0,1,1.0,175.0059,186.9976,11.991700000000009,gnsz
dev,aaaaandx,aaaaandx_s005_t010,601.0,0,,,,,
dev,aaaaandx,aaaaandx_s005_t011,300.0,0,,,,,
dev,aaaaandx,aaaaandx_s005_t012,601.0,0,,,,,
dev,aaaaaoec,aaaaaoec_s001_t000,1625.0,0,,,,,
dev,aaaaaoec,aaaaaoec_s001_t001,64.0,0,,,,,
dev,aaaaaoec,aaaaaoec_s002_t000,264.0,0,,,,,
dev,aaaaaoec,aaaaaoec_s002_t001,36.0,0,,,,,
dev,aaaaaoec,aaaaaoec_s002_t002,601.0,0,,,,,
dev,aaaaaoec,aaaaaoec_s002_t003,939.0,0,,,,,
dev,aaaaaoec,aaaaaoec_s002_t004,300.0,0,,,,,
dev,aaaaaoec,aaaaaoec_s002_t005,601.0,0,,,,,
dev,aaaaaoec,aaaaaoec_s002_t006,300.0,0,,,,,
dev,aaaaaoec,aaaaaoec_s002_t008,601.0,0,,,,,
dev,aaaaaoec,aaaaaoec_s002_t009,300.0,0,,,,,
dev,aaaaaoec,aaaaaoec_s002_t010,601.0,0,,,,,
dev,aaaaaoec,aaaaaoec_s002_t011,300.0,0,,,,,
dev,aaaaaoec,aaaaaoec_s002_t012,601.0,0,,,,,
dev,aaaaaoec,aaaaaoec_s003_t000,300.0,0,,,,,
dev,aaaaaoec,aaaaaoec_s003_t001,601.0,0,,,,,
dev,aaaaaoec,aaaaaoec_s003_t002,601.0,0,,,,,
dev,aaaaaoec,aaaaaoec_s003_t003,601.0,0,,,,,
dev,aaaaaoec,aaaaaoec_s003_t004,300.0,0,,,,,
dev,aaaaaoec,aaaaaoec_s003_t005,601.0,0,,,,,
dev,aaaaaoec,aaaaaoec_s003_t006,21.0,0,,,,,
dev,aaaaaoec,aaaaaoec_s003_t007,324.0,0,,,,,
dev,aaaaaoek,aaaaaoek_s001_t000,1688.0,0,,,,,
dev,aaaaaoek,aaaaaoek_s002_t000,91.0,0,,,,,
dev,aaaaaoek,aaaaaoek_s002_t001,17.0,0,,,,,
dev,aaaaaoek,aaaaaoek_s002_t002,1312.0,0,,,,,
dev,aaaaaoek,aaaaaoek_s003_t001,214.0,0,,,,,
dev,aaaaaoek,aaaaaoek_s003_t002,58.0,0,,,,,
dev,aaaaaoek,aaaaaoek_s003_t003,1421.0,0,,,,,
dev,aaaaaoek,aaaaaoek_s004_t000,300.0,0,,,,,
dev,aaaaaoek,aaaaaoek_s004_t001,1002.0,1,1.0,486.388,585.0547,98.66670000000005,tcsz
dev,aaaaaoek,aaaaaoek_s004_t002,1074.0,1,1.0,495.3333,592.2778,96.94449999999995,tcsz
dev,aaaaaoek,aaaaaoek_s004_t003,8.0,0,,,,,
dev,aaaaaoek,aaaaaoek_s004_t004,960.0,1,1.0,424.3889,571.2778,146.88889999999998,tnsz
dev,aaaaaoek,aaaaaoek_s004_t005,601.0,0,,,,,
dev,aaaaaoek,aaaaaoek_s004_t006,300.0,0,,,,,
dev,aaaaaoek,aaaaaoek_s004_t007,601.0,0,,,,,
dev,aaaaaoek,aaaaaoek_s005_t000,1213.0,0,,,,,
dev,aaaaaoek,aaaaaoek_s006_t000,143.0,0,,,,,
dev,aaaaaoek,aaaaaoek_s006_t001,22.0,0,,,,,
dev,aaaaaoek,aaaaaoek_s006_t002,135.0,0,,,,,
dev,aaaaaoek,aaaaaoek_s006_t003,601.0,0,,,,,
dev,aaaaaoek,aaaaaoek_s006_t004,300.0,0,,,,,
dev,aaaaaoek,aaaaaoek_s006_t005,601.0,0,,,,,
dev,aaaaaoek,aaaaaoek_s006_t006,300.0,0,,,,,
dev,aaaaaoek,aaaaaoek_s006_t007,601.0,0,,,,,
dev,aaaaaoek,aaaaaoek_s006_t008,300.0,0,,,,,
dev,aaaaaoek,aaaaaoek_s006_t009,1490.0,1,1.0,410.5,579.8333,169.3333,gnsz
dev,aaaaaoek,aaaaaoek_s006_t010,300.0,0,,,,,
dev,aaaaaoek,aaaaaoek_s006_t011,601.0,0,,,,,
dev,aaaaaoek,aaaaaoek_s007_t000,1800.0,0,,,,,
dev,aaaaaoek,aaaaaoek_s007_t001,1800.0,0,,,,,
dev,aaaaaoek,aaaaaoek_s007_t002,1800.0,0,,,,,
dev,aaaaaoek,aaaaaoek_s007_t003,1800.0,0,,,,,
dev,aaaaaoek,aaaaaoek_s007_t004,1.0,0,,,,,
dev,aaaaaoek,aaaaaoek_s007_t005,1800.0,0,,,,,
dev,aaaaaoek,aaaaaoek_s007_t006,1800.0,0,,,,,
dev,aaaaaoek,aaaaaoek_s007_t007,1.0,0,,,,,
dev,aaaaaoek,aaaaaoek_s007_t008,1800.0,0,,,,,
dev,aaaaaoek,aaaaaoek_s007_t009,1800.0,0,,,,,
dev,aaaaaoek,aaaaaoek_s007_t010,1.0,0,,,,,
dev,aaaaaoek,aaaaaoek_s007_t011,1800.0,0,,,,,
dev,aaaaaoek,aaaaaoek_s007_t012,976.0,0,,,,,
dev,aaaaaoek,aaaaaoek_s008_t000,300.0,0,,,,,
dev,aaaaaoek,aaaaaoek_s008_t001,601.0,0,,,,,
dev,aaaaaoek,aaaaaoek_s008_t002,300.0,0,,,,,
dev,aaaaaoek,aaaaaoek_s008_t003,601.0,0,,,,,
dev,aaaaaoek,aaaaaoek_s008_t004,300.0,0,,,,,
dev,aaaaaoek,aaaaaoek_s008_t005,601.0,0,,,,,
dev,aaaaaoek,aaaaaoek_s008_t006,300.0,0,,,,,
dev,aaaaaoek,aaaaaoek_s008_t007,601.0,0,,,,,
dev,aaaaaoek,aaaaaoek_s008_t008,300.0,0,,,,,
dev,aaaaaoek,aaaaaoek_s008_t009,601.0,0,,,,,
dev,aaaaaoek,aaaaaoek_s008_t010,601.0,0,,,,,
dev,aaaaaoek,aaaaaoek_s009_t000,1270.0,0,,,,,
dev,aaaaaoek,aaaaaoek_s010_t000,1262.0,0,,,,,
dev,aaaaaoek,aaaaaoek_s011_t000,300.0,0,,,,,
dev,aaaaaoek,aaaaaoek_s011_t001,601.0,0,,,,,
dev,aaaaaoek,aaaaaoek_s011_t002,1320.0,0,,,,,
dev,aaaaaoek,aaaaaoek_s011_t003,300.0,0,,,,,
dev,aaaaaoek,aaaaaoek_s011_t004,601.0,0,,,,,
dev,aaaaaoek,aaaaaoek_s011_t005,1088.0,1,1.0,361.0548,685.1016,324.04679999999996,fnsz
dev,aaaaaoek,aaaaaoek_s011_t006,300.0,0,,,,,
dev,aaaaaoek,aaaaaoek_s011_t007,601.0,0,,,,,
dev,aaaaaoek,aaaaaoek_s011_t008,1800.0,0,,,,,
dev,aaaaaoek,aaaaaoek_s011_t009,716.0,0,,,,,
dev,aaaaaoek,aaaaaoek_s011_t010,13.0,0,,,,,
dev,aaaaaoek,aaaaaoek_s011_t011,309.0,0,,,,,
dev,aaaaaoek,aaaaaoek_s012_t000,300.0,0,,,,,
dev,aaaaaoek,aaaaaoek_s012_t001,601.0,0,,,,,
dev,aaaaaoek,aaaaaoek_s012_t002,601.0,0,,,,,
dev,aaaaaoek,aaaaaoek_s012_t003,300.0,0,,,,,
dev,aaaaaoek,aaaaaoek_s012_t004,601.0,0,,,,,
dev,aaaaaoek,aaaaaoek_s012_t005,300.0,0,,,,,
dev,aaaaaoek,aaaaaoek_s012_t006,601.0,0,,,,,
dev,aaaaaoek,aaaaaoek_s012_t007,300.0,0,,,,,
dev,aaaaaoek,aaaaaoek_s012_t008,601.0,0,,,,,
dev,aaaaaoek,aaaaaoek_s012_t009,300.0,0,,,,,
dev,aaaaaoek,aaaaaoek_s012_t010,601.0,0,,,,,
dev,aaaaaoek,aaaaaoek_s013_t000,1800.0,0,,,,,
dev,aaaaaoek,aaaaaoek_s013_t001,1800.0,0,,,,,
dev,aaaaaoek,aaaaaoek_s013_t002,1800.0,0,,,,,
dev,aaaaaoek,aaaaaoek_s013_t003,1800.0,0,,,,,
dev,aaaaaoek,aaaaaoek_s013_t004,1.0,0,,,,,
dev,aaaaaoek,aaaaaoek_s013_t005,1800.0,0,,,,,
dev,aaaaaoek,aaaaaoek_s013_t006,1800.0,0,,,,,
dev,aaaaaoek,aaaaaoek_s013_t007,1.0,0,,,,,
dev,aaaaaoek,aaaaaoek_s013_t008,133.0,0,,,,,
dev,aaaaaoek,aaaaaoek_s014_t000,1800.0,0,,,,,
dev,aaaaaoek,aaaaaoek_s014_t001,1800.0,0,,,,,
dev,aaaaaoek,aaaaaoek_s014_t002,1124.0,0,,,,,
dev,aaaaaoek,aaaaaoek_s015_t000,300.0,0,,,,,
dev,aaaaaoek,aaaaaoek_s015_t001,601.0,0,,,,,
dev,aaaaaoek,aaaaaoek_s015_t002,300.0,0,,,,,
dev,aaaaaoek,aaaaaoek_s015_t003,1800.0,0,,,,,
dev,aaaaaoek,aaaaaoek_s015_t004,46.0,0,,,,,
dev,aaaaaoek,aaaaaoek_s015_t005,300.0,0,,,,,
dev,aaaaaoek,aaaaaoek_s015_t006,601.0,0,,,,,
dev,aaaaaoek,aaaaaoek_s016_t000,1800.0,0,,,,,
dev,aaaaaoek,aaaaaoek_s016_t001,1800.0,0,,,,,
dev,aaaaaoek,aaaaaoek_s016_t002,1800.0,0,,,,,
dev,aaaaaoek,aaaaaoek_s016_t003,1800.0,0,,,,,
dev,aaaaaoek,aaaaaoek_s016_t004,1.0,0,,,,,
dev,aaaaaoek,aaaaaoek_s016_t005,1800.0,0,,,,,
dev,aaaaaoek,aaaaaoek_s016_t006,1800.0,0,,,,,
dev,aaaaaoek,aaaaaoek_s016_t007,2.0,0,,,,,
dev,aaaaaoek,aaaaaoek_s016_t008,1800.0,0,,,,,
dev,aaaaaoek,aaaaaoek_s016_t009,1800.0,0,,,,,
dev,aaaaaoek,aaaaaoek_s016_t010,1.0,0,,,,,
dev,aaaaaoek,aaaaaoek_s016_t011,1800.0,0,,,,,
dev,aaaaaoek,aaaaaoek_s016_t012,1800.0,0,,,,,
dev,aaaaaoek,aaaaaoek_s016_t013,1.0,0,,,,,
dev,aaaaaoek,aaaaaoek_s016_t014,1800.0,0,,,,,
dev,aaaaaoek,aaaaaoek_s016_t015,1800.0,0,,,,,
dev,aaaaaoek,aaaaaoek_s016_t016,1.0,0,,,,,
dev,aaaaaoek,aaaaaoek_s016_t017,1800.0,0,,,,,
dev,aaaaaoek,aaaaaoek_s016_t018,1800.0,0,,,,,
dev,aaaaaoek,aaaaaoek_s016_t019,1.0,0,,,,,
dev,aaaaaoek,aaaaaoek_s016_t020,1587.0,0,,,,,
dev,aaaaaoek,aaaaaoek_s017_t000,300.0,0,,,,,
dev,aaaaaoek,aaaaaoek_s017_t001,601.0,0,,,,,
dev,aaaaaoek,aaaaaoek_s017_t002,300.0,0,,,,,
dev,aaaaaoek,aaaaaoek_s017_t003,300.0,0,,,,,
dev,aaaaaoek,aaaaaoek_s017_t004,1800.0,0,,,,,
dev,aaaaaoek,aaaaaoek_s017_t005,252.0,0,,,,,
dev,aaaaaoek,aaaaaoek_s017_t006,300.0,0,,,,,
dev,aaaaaoek,aaaaaoek_s017_t007,601.0,0,,,,,
dev,aaaaaoek,aaaaaoek_s018_t000,300.0,0,,,,,
dev,aaaaaoek,aaaaaoek_s018_t001,1237.0,0,,,,,
dev,aaaaaoek,aaaaaoek_s018_t002,300.0,0,,,,,
dev,aaaaaoek,aaaaaoek_s018_t003,601.0,0,,,,,
dev,aaaaaoek,aaaaaoek_s018_t004,300.0,0,,,,,
dev,aaaaaoek,aaaaaoek_s018_t005,300.0,0,,,,,
dev,aaaaaoek,aaaaaoek_s018_t006,601.0,0,,,,,
dev,aaaaaoek,aaaaaoek_s019_t000,300.0,0,,,,,
dev,aaaaaoek,aaaaaoek_s019_t001,601.0,0,,,,,
dev,aaaaaoek,aaaaaoek_s019_t002,601.0,0,,,,,
dev,aaaaaoek,aaaaaoek_s019_t003,300.0,0,,,,,
dev,aaaaaoek,aaaaaoek_s019_t004,601.0,0,,,,,
dev,aaaaaoek,aaaaaoek_s020_t000,300.0,0,,,,,
dev,aaaaaoek,aaaaaoek_s020_t001,601.0,0,,,,,
dev,aaaaaoek,aaaaaoek_s020_t002,300.0,0,,,,,
dev,aaaaaoek,aaaaaoek_s020_t003,601.0,0,,,,,
dev,aaaaaoek,aaaaaoek_s020_t004,601.0,0,,,,,
dev,aaaaaoek,aaaaaoek_s020_t005,300.0,0,,,,,
dev,aaaaaoek,aaaaaoek_s020_t006,300.0,0,,,,,
dev,aaaaaoek,aaaaaoek_s020_t007,601.0,0,,,,,
dev,aaaaaoek,aaaaaoek_s021_t000,300.0,0,,,,,
dev,aaaaaoek,aaaaaoek_s021_t001,1800.0,0,,,,,
dev,aaaaaoek,aaaaaoek_s021_t002,1604.0,0,,,,,
dev,aaaaaoek,aaaaaoek_s022_t000,486.0,0,,,,,
dev,aaaaaoek,aaaaaoek_s023_t000,300.0,0,,,,,
dev,aaaaaoek,aaaaaoek_s023_t001,601.0,0,,,,,
dev,aaaaaoek,aaaaaoek_s023_t002,601.0,0,,,,,
dev,aaaaaoek,aaaaaoek_s024_t000,71.0,0,,,,,
dev,aaaaaoek,aaaaaoek_s025_t000,41.0,0,,,,,
dev,aaaaaoek,aaaaaoek_s025_t001,22.0,0,,,,,
dev,aaaaaoek,aaaaaoek_s025_t002,237.0,0,,,,,
dev,aaaaaoek,aaaaaoek_s025_t003,601.0,0,,,,,
dev,aaaaaoek,aaaaaoek_s025_t004,300.0,0,,,,,
dev,aaaaaoek,aaaaaoek_s025_t005,300.0,0,,,,,
dev,aaaaaoek,aaaaaoek_s025_t006,601.0,0,,,,,
dev,aaaaaoek,aaaaaoek_s026_t000,300.0,0,,,,,
dev,aaaaaoek,aaaaaoek_s026_t001,601.0,0,,,,,
dev,aaaaaoek,aaaaaoek_s026_t002,300.0,0,,,,,
dev,aaaaaoek,aaaaaoek_s026_t003,601.0,0,,,,,
dev,aaaaaoek,aaaaaoek_s026_t004,300.0,0,,,,,
dev,aaaaaoek,aaaaaoek_s026_t005,601.0,0,,,,,
dev,aaaaaoek,aaaaaoek_s026_t006,300.0,0,,,,,
dev,aaaaaoek,aaaaaoek_s026_t007,601.0,0,,,,,
dev,aaaaaoek,aaaaaoek_s026_t008,300.0,0,,,,,
dev,aaaaaoek,aaaaaoek_s026_t009,601.0,0,,,,,
dev,aaaaaoek,aaaaaoek_s027_t000,300.0,0,,,,,
dev,aaaaaoek,aaaaaoek_s027_t001,266.0,0,,,,,
dev,aaaaaoek,aaaaaoek_s027_t002,800.0,1,1.0,89.9822,800.0,710.0178,gnsz
dev,aaaaaoek,aaaaaoek_s027_t003,300.0,0,,,,,
dev,aaaaaoek,aaaaaoek_s027_t004,956.0,1,1.0,366.9828,793.0053,426.02250000000004,gnsz
dev,aaaaaoek,aaaaaoek_s027_t005,300.0,0,,,,,
dev,aaaaaoek,aaaaaoek_s027_t006,601.0,0,,,,,
dev,aaaaaoek,aaaaaoek_s027_t007,300.0,0,,,,,
dev,aaaaaoek,aaaaaoek_s027_t008,1800.0,0,,,,,
dev,aaaaaoek,aaaaaoek_s027_t009,77.0,0,,,,,
dev,aaaaaoek,aaaaaoek_s027_t010,300.0,0,,,,,
dev,aaaaaoek,aaaaaoek_s027_t011,601.0,0,,,,,
dev,aaaaaoek,aaaaaoek_s028_t000,300.0,0,,,,,
dev,aaaaaoek,aaaaaoek_s028_t001,601.0,0,,,,,
dev,aaaaaoek,aaaaaoek_s028_t002,601.0,0,,,,,
dev,aaaaaoek,aaaaaoek_s028_t003,300.0,0,,,,,
dev,aaaaaoek,aaaaaoek_s028_t004,300.0,0,,,,,
dev,aaaaaoek,aaaaaoek_s028_t005,601.0,0,,,,,
dev,aaaaaoek,aaaaaoek_s028_t006,300.0,0,,,,,
dev,aaaaaoek,aaaaaoek_s028_t007,601.0,0,,,,,
dev,aaaaaoek,aaaaaoek_s028_t008,300.0,0,,,,,
dev,aaaaaoek,aaaaaoek_s028_t009,601.0,0,,,,,
dev,aaaaaoek,aaaaaoek_s029_t000,300.0,0,,,,,
dev,aaaaaoek,aaaaaoek_s029_t001,1074.0,0,,,,,
dev,aaaaaoek,aaaaaoek_s029_t002,738.0,1,1.0,309.0694,386.0107,76.94130000000001,fnsz
dev,aaaaaoek,aaaaaoek_s029_t003,735.0,0,,,,,
dev,aaaaaoek,aaaaaoek_s029_t004,769.0,0,,,,,
dev,aaaaaoek,aaaaaoek_s029_t005,1054.0,0,,,,,
dev,aaaaaoek,aaaaaoek_s029_t006,1474.0,0,,,,,
dev,aaaaaoek,aaaaaoek_s029_t007,300.0,0,,,,,
dev,aaaaaoek,aaaaaoek_s029_t008,1543.0,0,,,,,
dev,aaaaaoek,aaaaaoek_s030_t000,300.0,0,,,,,
dev,aaaaaoek,aaaaaoek_s030_t001,601.0,0,,,,,
dev,aaaaaoek,aaaaaoek_s030_t002,300.0,0,,,,,
dev,aaaaaoek,aaaaaoek_s030_t003,601.0,0,,,,,
dev,aaaaaoek,aaaaaoek_s030_t004,300.0,0,,,,,
dev,aaaaaoek,aaaaaoek_s030_t005,843.0,0,,,,,
dev,aaaaaoek,aaaaaoek_s031_t000,300.0,0,,,,,
dev,aaaaaoek,aaaaaoek_s031_t001,601.0,0,,,,,
dev,aaaaaoek,aaaaaoek_s031_t002,7.0,0,,,,,
dev,aaaaaoek,aaaaaoek_s031_t003,8.0,0,,,,,
dev,aaaaaoek,aaaaaoek_s031_t004,300.0,0,,,,,
dev,aaaaaoek,aaaaaoek_s031_t005,5.0,0,,,,,
dev,aaaaaoek,aaaaaoek_s031_t006,601.0,0,,,,,
dev,aaaaaoek,aaaaaoek_s031_t007,9.0,0,,,,,
dev,aaaaaoek,aaaaaoek_s031_t008,9.0,0,,,,,
dev,aaaaaoek,aaaaaoek_s031_t009,300.0,0,,,,,
dev,aaaaaoek,aaaaaoek_s031_t010,601.0,0,,,,,
dev,aaaaaoek,aaaaaoek_s031_t011,601.0,0,,,,,
dev,aaaaaoek,aaaaaoek_s031_t012,300.0,0,,,,,
dev,aaaaaoek,aaaaaoek_s031_t013,601.0,0,,,,,
dev,aaaaaoek,aaaaaoek_s031_t014,300.0,0,,,,,
dev,aaaaaoek,aaaaaoek_s031_t015,601.0,0,,,,,
dev,aaaaaoek,aaaaaoek_s032_t000,300.0,0,,,,,
dev,aaaaaoek,aaaaaoek_s032_t001,601.0,0,,,,,
dev,aaaaaoek,aaaaaoek_s032_t002,300.0,0,,,,,
dev,aaaaaoek,aaaaaoek_s032_t003,601.0,0,,,,,
dev,aaaaaoek,aaaaaoek_s032_t004,300.0,0,,,,,
dev,aaaaaoek,aaaaaoek_s032_t005,601.0,0,,,,,
dev,aaaaaoek,aaaaaoek_s032_t006,300.0,0,,,,,
dev,aaaaaoek,aaaaaoek_s032_t007,601.0,0,,,,,
dev,aaaaaoek,aaaaaoek_s032_t008,300.0,0,,,,,
dev,aaaaaoek,aaaaaoek_s032_t009,601.0,0,,,,,
dev,aaaaaoek,aaaaaoek_s032_t010,601.0,0,,,,,
dev,aaaaaoek,aaaaaoek_s033_t000,300.0,0,,,,,
dev,aaaaaoek,aaaaaoek_s033_t001,601.0,0,,,,,
dev,aaaaaoek,aaaaaoek_s033_t002,10.0,0,,,,,
dev,aaaaaoek,aaaaaoek_s033_t003,9.0,0,,,,,
dev,aaaaaoek,aaaaaoek_s033_t004,300.0,0,,,,,
dev,aaaaaoek,aaaaaoek_s033_t005,601.0,0,,,,,
dev,aaaaaoek,aaaaaoek_s033_t006,50.0,0,,,,,
dev,aaaaaoek,aaaaaoek_s033_t007,300.0,0,,,,,
dev,aaaaaoek,aaaaaoek_s033_t008,601.0,0,,,,,
dev,aaaaaoek,aaaaaoek_s033_t009,300.0,0,,,,,
dev,aaaaaoek,aaaaaoek_s033_t010,601.0,0,,,,,
dev,aaaaaoek,aaaaaoek_s033_t011,300.0,0,,,,,
dev,aaaaaoek,aaaaaoek_s033_t012,601.0,0,,,,,
dev,aaaaaoek,aaaaaoek_s034_t000,300.0,0,,,,,
dev,aaaaaoek,aaaaaoek_s034_t001,601.0,0,,,,,
dev,aaaaaoek,aaaaaoek_s034_t002,300.0,0,,,,,
dev,aaaaaoek,aaaaaoek_s034_t003,601.0,0,,,,,
dev,aaaaaoek,aaaaaoek_s034_t004,300.0,0,,,,,
dev,aaaaaoek,aaaaaoek_s034_t005,601.0,0,,,,,
dev,aaaaaoek,aaaaaoek_s034_t006,300.0,0,,,,,
dev,aaaaaoek,aaaaaoek_s034_t007,601.0,0,,,,,
dev,aaaaaoek,aaaaaoek_s034_t008,300.0,0,,,,,
dev,aaaaaoek,aaaaaoek_s034_t009,601.0,0,,,,,
dev,aaaaaoek,aaaaaoek_s034_t010,18.0,0,,,,,
dev,aaaaaoek,aaaaaoek_s035_t000,300.0,0,,,,,
dev,aaaaaoek,aaaaaoek_s035_t001,601.0,0,,,,,
dev,aaaaaoek,aaaaaoek_s035_t002,300.0,0,,,,,
dev,aaaaaoek,aaaaaoek_s035_t003,601.0,0,,,,,
dev,aaaaaoek,aaaaaoek_s035_t004,60.0,0,,,,,
dev,aaaaaoek,aaaaaoek_s035_t005,531.0,0,,,,,
dev,aaaaaoek,aaaaaoek_s035_t006,300.0,0,,,,,
dev,aaaaaoek,aaaaaoek_s035_t007,601.0,0,,,,,
dev,aaaaaoek,aaaaaoek_s035_t008,300.0,0,,,,,
dev,aaaaaoek,aaaaaoek_s035_t009,601.0,0,,,,,
dev,aaaaaoek,aaaaaoek_s036_t000,890.0,0,,,,,
dev,aaaaaoek,aaaaaoek_s036_t001,601.0,0,,,,,
dev,aaaaaoek,aaaaaoek_s036_t002,601.0,0,,,,,
dev,aaaaaoek,aaaaaoek_s036_t003,300.0,0,,,,,
dev,aaaaaoek,aaaaaoek_s036_t004,328.0,0,,,,,
dev,aaaaaoek,aaaaaoek_s037_t000,300.0,0,,,,,
dev,aaaaaoek,aaaaaoek_s037_t001,601.0,0,,,,,
dev,aaaaaoek,aaaaaoek_s037_t002,601.0,0,,,,,
dev,aaaaaoek,aaaaaoek_s037_t003,601.0,0,,,,,
dev,aaaaaoek,aaaaaoek_s037_t004,601.0,0,,,,,
dev,aaaaaoek,aaaaaoek_s037_t005,300.0,0,,,,,
dev,aaaaaoek,aaaaaoek_s037_t006,226.0,0,,,,,
dev,aaaaaoek,aaaaaoek_s038_t000,813.0,0,,,,,
dev,aaaaaoek,aaaaaoek_s038_t001,1752.0,0,,,,,
dev,aaaaaoek,aaaaaoek_s038_t002,1098.0,0,,,,,
dev,aaaaaoek,aaaaaoek_s039_t000,1267.0,0,,,,,
dev,aaaaaoiz,aaaaaoiz_s001_t000,1474.0,0,,,,,
dev,aaaaaoiz,aaaaaoiz_s002_t000,732.0,0,,,,,
dev,aaaaaoiz,aaaaaoiz_s002_t001,598.0,0,,,,,
dev,aaaaaoiz,aaaaaoiz_s003_t000,300.0,0,,,,,
dev,aaaaaoiz,aaaaaoiz_s003_t001,601.0,1,1.0,84.9093,116.9528,32.043499999999995,fnsz
dev,aaaaaoiz,aaaaaoiz_s003_t002,300.0,1,1.0,282.9504,300.0,17.049599999999998,fnsz
dev,aaaaaoiz,aaaaaoiz_s003_t003,601.0,0,,,,,
dev,aaaaaoiz,aaaaaoiz_s003_t004,987.0,0,,,,,
dev,aaaaaoiz,aaaaaoiz_s003_t005,300.0,0,,,,,
dev,aaaaaoiz,aaaaaoiz_s003_t006,601.0,1,1.0,202.0556,225.6348,23.579200000000014,fnsz
dev,aaaaaoiz,aaaaaoiz_s003_t007,300.0,0,,,,,
dev,aaaaaoiz,aaaaaoiz_s003_t008,300.0,0,,,,,
dev,aaaaaoiz,aaaaaoiz_s003_t009,1093.0,0,,,,,
dev,aaaaaoiz,aaaaaoiz_s004_t000,1764.0,0,,,,,
dev,aaaaaoiz,aaaaaoiz_s005_t000,32.0,0,,,,,
dev,aaaaaoiz,aaaaaoiz_s005_t001,605.0,0,,,,,
dev,aaaaaoiz,aaaaaoiz_s005_t002,908.0,2,1.0,398.0077,425.9271,27.919399999999996,fnsz
dev,aaaaaoiz,aaaaaoiz_s005_t002,908.0,2,2.0,871.0036,899.1324,28.128799999999956,fnsz
dev,aaaaaoiz,aaaaaoiz_s005_t003,950.0,0,,,,,
dev,aaaaaoiz,aaaaaoiz_s005_t004,601.0,0,,,,,
dev,aaaaaoiz,aaaaaoiz_s005_t005,300.0,0,,,,,
dev,aaaaaoiz,aaaaaoiz_s005_t006,601.0,0,,,,,
dev,aaaaaoiz,aaaaaoiz_s005_t007,300.0,0,,,,,
dev,aaaaaoiz,aaaaaoiz_s005_t008,601.0,0,,,,,
dev,aaaaaoiz,aaaaaoiz_s005_t009,300.0,0,,,,,
dev,aaaaaoiz,aaaaaoiz_s005_t010,300.0,0,,,,,
dev,aaaaaoiz,aaaaaoiz_s005_t011,601.0,0,,,,,
dev,aaaaaoiz,aaaaaoiz_s006_t000,300.0,0,,,,,
dev,aaaaaoiz,aaaaaoiz_s006_t001,601.0,0,,,,,
dev,aaaaaoiz,aaaaaoiz_s006_t002,601.0,0,,,,,
dev,aaaaaoiz,aaaaaoiz_s006_t003,300.0,0,,,,,
dev,aaaaaoiz,aaaaaoiz_s006_t004,601.0,0,,,,,
dev,aaaaaoiz,aaaaaoiz_s006_t005,300.0,0,,,,,
dev,aaaaaoiz,aaaaaoiz_s006_t006,601.0,0,,,,,
dev,aaaaaoiz,aaaaaoiz_s006_t007,300.0,0,,,,,
dev,aaaaaoiz,aaaaaoiz_s006_t008,601.0,0,,,,,
dev,aaaaaoiz,aaaaaoiz_s006_t009,300.0,0,,,,,
dev,aaaaaoiz,aaaaaoiz_s006_t010,906.0,0,,,,,
dev,aaaaaoiz,aaaaaoiz_s007_t000,25.0,0,,,,,
dev,aaaaaoiz,aaaaaoiz_s007_t001,1352.0,0,,,,,
dev,aaaaaoiz,aaaaaoiz_s008_t000,1800.0,0,,,,,
dev,aaaaaoiz,aaaaaoiz_s008_t001,1800.0,0,,,,,
dev,aaaaaoiz,aaaaaoiz_s008_t002,1800.0,0,,,,,
dev,aaaaaoiz,aaaaaoiz_s008_t003,1800.0,0,,,,,
dev,aaaaaoiz,aaaaaoiz_s008_t004,1.0,0,,,,,
dev,aaaaaoiz,aaaaaoiz_s008_t005,1800.0,0,,,,,
dev,aaaaaoiz,aaaaaoiz_s008_t006,1729.0,0,,,,,
dev,aaaaaool,aaaaaool_s001_t000,466.0,0,,,,,
dev,aaaaaool,aaaaaool_s001_t001,875.0,0,,,,,
dev,aaaaaool,aaaaaool_s002_t000,1744.0,0,,,,,
dev,aaaaaool,aaaaaool_s003_t000,1563.0,0,,,,,
dev,aaaaaool,aaaaaool_s004_t000,1800.0,0,,,,,
dev,aaaaaool,aaaaaool_s004_t001,31.0,0,,,,,
dev,aaaaaool,aaaaaool_s004_t002,720.0,2,1.0,224.0071,258.9804,34.973299999999966,fnsz
dev,aaaaaool,aaaaaool_s004_t002,720.0,2,2.0,408.9508,430.9425,21.99169999999998,fnsz
dev,aaaaaool,aaaaaool_s005_t000,300.0,0,,,,,
dev,aaaaaool,aaaaaool_s005_t001,1125.0,0,,,,,
dev,aaaaaool,aaaaaool_s005_t002,880.0,0,,,,,
dev,aaaaaool,aaaaaool_s005_t003,1265.0,0,,,,,
dev,aaaaaool,aaaaaool_s005_t004,847.0,0,,,,,
dev,aaaaaool,aaaaaool_s005_t005,683.0,0,,,,,
dev,aaaaaool,aaaaaool_s005_t006,661.0,0,,,,,
dev,aaaaaool,aaaaaool_s005_t007,674.0,0,,,,,
dev,aaaaaool,aaaaaool_s005_t008,669.0,0,,,,,
dev,aaaaaool,aaaaaool_s005_t009,300.0,0,,,,,
dev,aaaaaool,aaaaaool_s005_t010,875.0,0,,,,,
dev,aaaaaool,aaaaaool_s005_t011,673.0,1,1.0,309.9585,325.0741,15.115599999999972,gnsz
dev,aaaaaool,aaaaaool_s005_t012,675.0,0,,,,,
dev,aaaaaool,aaaaaool_s005_t013,941.0,1,1.0,594.013,616.0047,21.991699999999923,gnsz
dev,aaaaaool,aaaaaool_s005_t014,818.0,0,,,,,
dev,aaaaaool,aaaaaool_s005_t015,667.0,1,1.0,314.997,364.019,49.02199999999999,gnsz
dev,aaaaaool,aaaaaool_s005_t016,667.0,1,1.0,318.0202,337.5222,19.50200000000001,gnsz
dev,aaaaaool,aaaaaool_s005_t017,604.0,0,,,,,
dev,aaaaaool,aaaaaool_s005_t018,603.0,1,1.0,278.9567,300.0593,21.102599999999995,gnsz
dev,aaaaaool,aaaaaool_s005_t019,604.0,0,,,,,
dev,aaaaaool,aaaaaool_s005_t020,602.0,0,,,,,
dev,aaaaaool,aaaaaool_s005_t021,784.0,0,,,,,
dev,aaaaaool,aaaaaool_s005_t022,604.0,0,,,,,
dev,aaaaaool,aaaaaool_s005_t023,605.0,0,,,,,
dev,aaaaaool,aaaaaool_s005_t024,300.0,0,,,,,
dev,aaaaaool,aaaaaool_s005_t025,603.0,0,,,,,
dev,aaaaaool,aaaaaool_s005_t026,605.0,0,,,,,
dev,aaaaaool,aaaaaool_s005_t027,603.0,0,,,,,
dev,aaaaaool,aaaaaool_s007_t000,300.0,0,,,,,
dev,aaaaaool,aaaaaool_s007_t001,710.0,0,,,,,
dev,aaaaaool,aaaaaool_s007_t002,687.0,0,,,,,
dev,aaaaaool,aaaaaool_s007_t003,732.0,0,,,,,
dev,aaaaaool,aaaaaool_s007_t004,711.0,0,,,,,
dev,aaaaaool,aaaaaool_s007_t005,300.0,0,,,,,
dev,aaaaaool,aaaaaool_s007_t006,601.0,0,,,,,
dev,aaaaaool,aaaaaool_s007_t007,738.0,0,,,,,
dev,aaaaaool,aaaaaool_s007_t008,5.0,0,,,,,
dev,aaaaaool,aaaaaool_s007_t009,300.0,0,,,,,
dev,aaaaaool,aaaaaool_s007_t010,732.0,0,,,,,
dev,aaaaaool,aaaaaool_s007_t011,300.0,0,,,,,
dev,aaaaaool,aaaaaool_s007_t012,601.0,0,,,,,
dev,aaaaaool,aaaaaool_s007_t013,300.0,0,,,,,
dev,aaaaaool,aaaaaool_s007_t014,601.0,0,,,,,
dev,aaaaaool,aaaaaool_s008_t000,602.0,0,,,,,
dev,aaaaaool,aaaaaool_s008_t001,601.0,0,,,,,
dev,aaaaaool,aaaaaool_s008_t002,300.0,0,,,,,
dev,aaaaaool,aaaaaool_s008_t003,300.0,0,,,,,
dev,aaaaaool,aaaaaool_s008_t004,601.0,0,,,,,
dev,aaaaaool,aaaaaool_s008_t005,300.0,0,,,,,
dev,aaaaaool,aaaaaool_s008_t006,601.0,0,,,,,
dev,aaaaaool,aaaaaool_s008_t007,300.0,0,,,,,
dev,aaaaaool,aaaaaool_s008_t008,601.0,0,,,,,
dev,aaaaaool,aaaaaool_s009_t000,152.0,0,,,,,
dev,aaaaaool,aaaaaool_s010_t000,160.0,0,,,,,
dev,aaaaaool,aaaaaool_s011_t000,5.0,0,,,,,
dev,aaaaaool,aaaaaool_s011_t001,295.0,0,,,,,
dev,aaaaaool,aaaaaool_s011_t002,601.0,0,,,,,
dev,aaaaaool,aaaaaool_s011_t003,601.0,0,,,,,
dev,aaaaaool,aaaaaool_s011_t004,300.0,0,,,,,
dev,aaaaaool,aaaaaool_s011_t005,601.0,0,,,,,
dev,aaaaaool,aaaaaool_s011_t006,300.0,0,,,,,
dev,aaaaaool,aaaaaool_s011_t007,601.0,0,,,,,
dev,aaaaaool,aaaaaool_s011_t008,300.0,0,,,,,
dev,aaaaaool,aaaaaool_s011_t009,601.0,0,,,,,
dev,aaaaaopm,aaaaaopm_s001_t000,1501.0,0,,,,,
dev,aaaaaopm,aaaaaopm_s002_t000,683.0,5,1.0,33.0765,65.0267,31.950200000000002,gnsz
dev,aaaaaopm,aaaaaopm_s002_t000,683.0,5,2.0,73.9775,91.1085,17.131,gnsz
dev,aaaaaopm,aaaaaopm_s002_t000,683.0,5,3.0,103.0231,120.984,17.960899999999995,gnsz
dev,aaaaaopm,aaaaaopm_s002_t000,683.0,5,4.0,129.9941,340.9603,210.96620000000001,gnsz
dev,aaaaaopm,aaaaaopm_s002_t000,683.0,5,5.0,354.0012,682.217,328.2158,gnsz
dev,aaaaaopm,aaaaaopm_s002_t001,1800.0,1,1.0,990.0144,1020.0159,30.001499999999965,gnsz
dev,aaaaaopm,aaaaaopm_s002_t002,274.0,0,,,,,
dev,aaaaaopm,aaaaaopm_s003_t000,58.0,0,,,,,
dev,aaaaaopm,aaaaaopm_s003_t001,27.0,0,,,,,
dev,aaaaaopm,aaaaaopm_s003_t002,625.0,2,1.0,20.9247,66.9828,46.058099999999996,gnsz
dev,aaaaaopm,aaaaaopm_s003_t002,625.0,2,2.0,538.9449,555.0682,16.123300000000086,gnsz
dev,aaaaaopm,aaaaaopm_s003_t003,1800.0,0,,,,,
dev,aaaaaopm,aaaaaopm_s003_t004,187.0,0,,,,,
dev,aaaaaopm,aaaaaopm_s003_t005,601.0,0,,,,,
dev,aaaaaopm,aaaaaopm_s003_t006,300.0,0,,,,,
dev,aaaaaopm,aaaaaopm_s003_t007,601.0,0,,,,,
dev,aaaaaopm,aaaaaopm_s003_t008,601.0,0,,,,,
dev,aaaaaopm,aaaaaopm_s003_t009,816.0,0,,,,,
dev,aaaaaopm,aaaaaopm_s003_t010,300.0,0,,,,,
dev,aaaaaopm,aaaaaopm_s004_t000,300.0,0,,,,,
dev,aaaaaopm,aaaaaopm_s004_t001,601.0,0,,,,,
dev,aaaaaopm,aaaaaopm_s004_t002,300.0,0,,,,,
dev,aaaaaopm,aaaaaopm_s004_t003,601.0,0,,,,,
dev,aaaaaopm,aaaaaopm_s004_t004,300.0,0,,,,,
dev,aaaaaopm,aaaaaopm_s004_t005,601.0,0,,,,,
dev,aaaaaopm,aaaaaopm_s004_t006,300.0,0,,,,,
dev,aaaaaopm,aaaaaopm_s004_t007,601.0,0,,,,,
dev,aaaaaopm,aaaaaopm_s004_t008,300.0,0,,,,,
dev,aaaaaopm,aaaaaopm_s004_t009,216.0,0,,,,,
dev,aaaaaopm,aaaaaopm_s004_t010,180.0,0,,,,,
dev,aaaaaopm,aaaaaopm_s005_t001,1345.0,0,,,,,
dev,aaaaaopm,aaaaaopm_s006_t001,1307.0,0,,,,,
dev,aaaaaopm,aaaaaopm_s008_t001,22.0,0,,,,,
dev,aaaaaopm,aaaaaopm_s008_t002,732.0,0,,,,,
dev,aaaaaopm,aaaaaopm_s008_t003,601.0,0,,,,,
dev,aaaaaopm,aaaaaopm_s008_t004,300.0,0,,,,,
dev,aaaaaopm,aaaaaopm_s008_t005,601.0,0,,,,,
dev,aaaaaopm,aaaaaopm_s008_t006,300.0,0,,,,,
dev,aaaaaopm,aaaaaopm_s008_t007,601.0,0,,,,,
dev,aaaaaopm,aaaaaopm_s008_t008,601.0,0,,,,,
dev,aaaaaopm,aaaaaopm_s009_t000,300.0,0,,,,,
dev,aaaaaopm,aaaaaopm_s009_t001,601.0,0,,,,,
dev,aaaaaopm,aaaaaopm_s009_t002,601.0,0,,,,,
dev,aaaaaopm,aaaaaopm_s009_t003,854.0,0,,,,,
dev,aaaaaopm,aaaaaopm_s009_t004,601.0,0,,,,,
dev,aaaaaopm,aaaaaopm_s009_t005,601.0,0,,,,,
dev,aaaaaopm,aaaaaopm_s009_t006,300.0,0,,,,,
dev,aaaaaovm,aaaaaovm_s001_t000,30.0,1,1.0,0.8889,24.7222,23.8333,fnsz
dev,aaaaaovm,aaaaaovm_s001_t001,1289.0,5,1.0,274.6523,310.2317,35.579399999999964,fnsz
dev,aaaaaovm,aaaaaovm_s001_t001,1289.0,5,2.0,345.5039,402.0668,56.56290000000001,fnsz
dev,aaaaaovm,aaaaaovm_s001_t001,1289.0,5,3.0,578.9436,601.7539,22.810300000000097,fnsz
dev,aaaaaovm,aaaaaovm_s001_t001,1289.0,5,4.0,815.0465,851.1494,36.10289999999998,fnsz
dev,aaaaaovm,aaaaaovm_s001_t001,1289.0,5,5.0,1123.7109,1151.1406,27.42969999999991,fnsz
dev,aaaaaovm,aaaaaovm_s002_t000,601.0,0,,,,,
dev,aaaaaovm,aaaaaovm_s002_t001,601.0,0,,,,,
dev,aaaaaovm,aaaaaovm_s002_t002,601.0,0,,,,,
dev,aaaaaovm,aaaaaovm_s002_t003,601.0,0,,,,,
dev,aaaaaovm,aaaaaovm_s002_t004,1241.0,0,,,,,
dev,aaaaaovm,aaaaaovm_s002_t005,601.0,0,,,,,
dev,aaaaaovm,aaaaaovm_s003_t000,583.0,0,,,,,
dev,aaaaaovm,aaaaaovm_s003_t001,601.0,0,,,,,
dev,aaaaaovm,aaaaaovm_s003_t002,9.0,0,,,,,
dev,aaaaaovm,aaaaaovm_s003_t003,9.0,0,,,,,
dev,aaaaaovm,aaaaaovm_s003_t004,601.0,0,,,,,
dev,aaaaaovm,aaaaaovm_s003_t005,300.0,0,,,,,
dev,aaaaaovm,aaaaaovm_s003_t006,879.0,0,,,,,
dev,aaaaaovm,aaaaaovm_s003_t007,9.0,0,,,,,
dev,aaaaaovm,aaaaaovm_s003_t008,1624.0,0,,,,,
dev,aaaaaovm,aaaaaovm_s003_t009,8.0,0,,,,,
dev,aaaaaovm,aaaaaovm_s003_t010,300.0,0,,,,,
dev,aaaaaovm,aaaaaovm_s003_t011,601.0,0,,,,,
dev,aaaaaovm,aaaaaovm_s003_t012,601.0,0,,,,,
dev,aaaaaovm,aaaaaovm_s003_t013,300.0,0,,,,,
dev,aaaaaovm,aaaaaovm_s003_t014,807.0,0,,,,,
dev,aaaaaovm,aaaaaovm_s003_t015,300.0,0,,,,,
dev,aaaaaovm,aaaaaovm_s003_t016,601.0,0,,,,,
dev,aaaaaovm,aaaaaovm_s003_t017,601.0,0,,,,,
dev,aaaaaovm,aaaaaovm_s004_t000,300.0,0,,,,,
dev,aaaaaovm,aaaaaovm_s004_t001,601.0,0,,,,,
dev,aaaaaovm,aaaaaovm_s004_t002,601.0,0,,,,,
dev,aaaaaovm,aaaaaovm_s004_t003,300.0,0,,,,,
dev,aaaaaovm,aaaaaovm_s004_t004,601.0,0,,,,,
dev,aaaaaovm,aaaaaovm_s004_t005,300.0,0,,,,,
dev,aaaaaovm,aaaaaovm_s004_t006,601.0,0,,,,,
dev,aaaaaovm,aaaaaovm_s004_t007,766.0,0,,,,,
dev,aaaaaovm,aaaaaovm_s004_t008,1247.0,1,1.0,485.0018,510.0225,25.020699999999977,fnsz
dev,aaaaaovm,aaaaaovm_s004_t009,300.0,0,,,,,
dev,aaaaaovm,aaaaaovm_s004_t010,601.0,0,,,,,
dev,aaaaaovm,aaaaaovm_s004_t011,986.0,0,,,,,
dev,aaaaaovm,aaaaaovm_s005_t000,300.0,0,,,,,
dev,aaaaaovm,aaaaaovm_s005_t001,1755.0,0,,,,,
dev,aaaaaovm,aaaaaovm_s005_t002,601.0,0,,,,,
dev,aaaaaovm,aaaaaovm_s005_t003,300.0,0,,,,,
dev,aaaaaovm,aaaaaovm_s005_t004,923.0,0,,,,,
dev,aaaaaovm,aaaaaovm_s005_t005,300.0,0,,,,,
dev,aaaaaovm,aaaaaovm_s005_t006,601.0,0,,,,,
dev,aaaaaovm,aaaaaovm_s005_t007,300.0,0,,,,,
dev,aaaaaovm,aaaaaovm_s005_t008,601.0,0,,,,,
dev,aaaaaovm,aaaaaovm_s005_t009,601.0,0,,,,,
dev,aaaaaovm,aaaaaovm_s006_t000,175.0,0,,,,,
dev,aaaaaovm,aaaaaovm_s006_t001,110.0,0,,,,,
dev,aaaaaovm,aaaaaovm_s006_t002,981.0,0,,,,,
dev,aaaaaovm,aaaaaovm_s007_t000,92.0,0,,,,,
dev,aaaaaovm,aaaaaovm_s007_t001,1659.0,0,,,,,
dev,aaaaaovm,aaaaaovm_s007_t002,780.0,0,,,,,
dev,aaaaaoxa,aaaaaoxa_s001_t000,1767.0,0,,,,,
dev,aaaaaoxa,aaaaaoxa_s002_t000,743.0,0,,,,,
dev,aaaaaoxa,aaaaaoxa_s003_t000,590.0,0,,,,,
dev,aaaaaoxa,aaaaaoxa_s003_t001,754.0,0,,,,,
dev,aaaaaoxa,aaaaaoxa_s003_t002,601.0,0,,,,,
dev,aaaaaoxa,aaaaaoxa_s003_t003,601.0,0,,,,,
dev,aaaaaoxa,aaaaaoxa_s004_t000,601.0,0,,,,,
dev,aaaaaoxa,aaaaaoxa_s004_t001,808.0,0,,,,,
dev,aaaaaoxa,aaaaaoxa_s004_t002,1800.0,0,,,,,
dev,aaaaaoxa,aaaaaoxa_s004_t003,249.0,0,,,,,
dev,aaaaaoxa,aaaaaoxa_s004_t004,233.0,0,,,,,
dev,aaaaaoxa,aaaaaoxa_s005_t000,601.0,0,,,,,
dev,aaaaaoxa,aaaaaoxa_s005_t001,384.0,0,,,,,
dev,aaaaaoxa,aaaaaoxa_s006_t000,780.0,0,,,,,
dev,aaaaaoxa,aaaaaoxa_s006_t001,1069.0,0,,,,,
dev,aaaaaoxa,aaaaaoxa_s006_t002,1197.0,0,,,,,
dev,aaaaaoxa,aaaaaoxa_s006_t003,1800.0,0,,,,,
dev,aaaaaoxa,aaaaaoxa_s006_t004,641.0,0,,,,,
dev,aaaaaoxa,aaaaaoxa_s007_t000,699.0,0,,,,,
dev,aaaaaoxa,aaaaaoxa_s007_t001,601.0,0,,,,,
dev,aaaaaoxa,aaaaaoxa_s007_t002,601.0,0,,,,,
dev,aaaaaoxa,aaaaaoxa_s008_t000,601.0,0,,,,,
dev,aaaaaoxa,aaaaaoxa_s008_t001,601.0,0,,,,,
dev,aaaaaoxa,aaaaaoxa_s008_t002,902.0,0,,,,,
dev,aaaaaoxa,aaaaaoxa_s008_t003,601.0,0,,,,,
dev,aaaaaoxa,aaaaaoxa_s008_t004,601.0,0,,,,,
dev,aaaaaoxa,aaaaaoxa_s009_t000,1800.0,0,,,,,
dev,aaaaaoxa,aaaaaoxa_s009_t001,1800.0,0,,,,,
dev,aaaaaoxa,aaaaaoxa_s009_t002,1800.0,0,,,,,
dev,aaaaaoxa,aaaaaoxa_s009_t003,1800.0,0,,,,,
dev,aaaaaoxa,aaaaaoxa_s009_t004,1.0,0,,,,,
dev,aaaaaoxa,aaaaaoxa_s009_t005,1800.0,0,,,,,
dev,aaaaaoxa,aaaaaoxa_s009_t006,1800.0,0,,,,,
dev,aaaaaoxa,aaaaaoxa_s009_t007,1.0,0,,,,,
dev,aaaaaoxa,aaaaaoxa_s009_t008,1800.0,0,,,,,
dev,aaaaaoxa,aaaaaoxa_s009_t009,257.0,0,,,,,
dev,aaaaaoys,aaaaaoys_s001_t000,1359.0,1,1.0,135.0326,212.7445,77.71189999999999,gnsz
dev,aaaaaoys,aaaaaoys_s002_t000,601.0,0,,,,,
dev,aaaaaoys,aaaaaoys_s002_t001,601.0,0,,,,,
dev,aaaaaoys,aaaaaoys_s002_t002,836.0,1,1.0,464.0012,524.997,60.995799999999974,gnsz
dev,aaaaaoys,aaaaaoys_s002_t003,805.0,1,1.0,409.0101,482.9876,73.97749999999996,gnsz
dev,aaaaaoys,aaaaaoys_s002_t004,1531.0,2,1.0,430.0533,522.1103,92.05700000000007,gnsz
dev,aaaaaoys,aaaaaoys_s002_t004,1531.0,2,2.0,1107.0539,1226.0818,119.02789999999982,gnsz
dev,aaaaaoys,aaaaaoys_s002_t005,868.0,1,1.0,462.952,566.9828,104.0308,gnsz
dev,aaaaaoys,aaaaaoys_s002_t006,1049.0,1,1.0,591.0492,697.9846,106.93539999999996,gnsz
dev,aaaaaoys,aaaaaoys_s002_t007,601.0,0,,,,,
dev,aaaaaoys,aaaaaoys_s003_t000,601.0,0,,,,,
dev,aaaaaoys,aaaaaoys_s003_t001,960.0,1,1.0,452.9935,533.1357,80.14220000000006,gnsz
dev,aaaaaoys,aaaaaoys_s003_t002,943.0,0,,,,,
dev,aaaaaoys,aaaaaoys_s003_t003,601.0,0,,,,,
dev,aaaaaoys,aaaaaoys_s003_t004,601.0,0,,,,,
dev,aaaaaoys,aaaaaoys_s004_t000,203.0,0,,,,,
dev,aaaaaoys,aaaaaoys_s004_t001,407.0,0,,,,,
dev,aaaaaoys,aaaaaoys_s004_t002,1012.0,0,,,,,
dev,aaaaappr,aaaaappr_s001_t001,1795.0,0,,,,,
dev,aaaaappr,aaaaappr_s002_t000,1567.0,0,,,,,
dev,aaaaappr,aaaaappr_s003_t000,116.0,0,,,,,
dev,aaaaappr,aaaaappr_s003_t001,1188.0,0,,,,,
dev,aaaaappr,aaaaappr_s004_t000,1352.0,0,,,,,
dev,aaaaappr,aaaaappr_s005_t000,1320.0,0,,,,,
dev,aaaaaptf,aaaaaptf_s001_t000,1487.0,0,,,,,
dev,aaaaaptf,aaaaaptf_s002_t000,1240.0,0,,,,,
dev,aaaaaptf,aaaaaptf_s003_t001,1666.0,0,,,,,
dev,aaaaaptf,aaaaaptf_s004_t000,303.0,0,,,,,
dev,aaaaaptf,aaaaaptf_s005_t000,698.0,0,,,,,
dev,aaaaaptf,aaaaaptf_s006_t000,471.0,0,,,,,
dev,aaaaaptf,aaaaaptf_s007_t000,1800.0,0,,,,,
dev,aaaaaptf,aaaaaptf_s007_t001,1800.0,0,,,,,
dev,aaaaaptf,aaaaaptf_s007_t002,1800.0,0,,,,,
dev,aaaaaptf,aaaaaptf_s007_t003,1800.0,0,,,,,
dev,aaaaaptf,aaaaaptf_s007_t004,1.0,0,,,,,
dev,aaaaaptf,aaaaaptf_s007_t005,1800.0,0,,,,,
dev,aaaaaptf,aaaaaptf_s007_t006,1800.0,0,,,,,
dev,aaaaaptf,aaaaaptf_s007_t007,1.0,0,,,,,
dev,aaaaaptf,aaaaaptf_s007_t008,1800.0,0,,,,,
dev,aaaaaptf,aaaaaptf_s007_t009,1800.0,0,,,,,
dev,aaaaaptf,aaaaaptf_s007_t010,1.0,0,,,,,
dev,aaaaaptf,aaaaaptf_s007_t011,1800.0,0,,,,,
dev,aaaaaptf,aaaaaptf_s007_t012,1368.0,0,,,,,
dev,aaaaaptf,aaaaaptf_s008_t000,667.0,0,,,,,
dev,aaaaaptf,aaaaaptf_s008_t001,601.0,0,,,,,
dev,aaaaaptf,aaaaaptf_s008_t002,300.0,0,,,,,
dev,aaaaaptf,aaaaaptf_s008_t003,601.0,0,,,,,
dev,aaaaaptf,aaaaaptf_s008_t004,601.0,0,,,,,
dev,aaaaaqbt,aaaaaqbt_s001_t000,1203.0,3,1.0,191.003,248.051,57.048,gnsz
dev,aaaaaqbt,aaaaaqbt_s001_t000,1203.0,3,2.0,603.0124,649.9004,46.888000000000034,gnsz
dev,aaaaaqbt,aaaaaqbt_s001_t000,1203.0,3,3.0,980.013,1038.1043,58.09129999999993,gnsz
dev,aaaaaqrs,aaaaaqrs_s001_t000,286.0,1,1.0,179.6667,285.8333,106.16660000000002,fnsz
dev,aaaaaqrs,aaaaaqrs_s001_t001,747.0,2,1.0,0.0,53.1111,53.1111,fnsz
dev,aaaaaqrs,aaaaaqrs_s001_t001,747.0,2,2.0,674.0556,739.0129,64.95729999999992,fnsz
dev,aaaaaqrs,aaaaaqrs_s001_t002,226.0,0,,,,,
dev,aaaaaqrs,aaaaaqrs_s002_t000,1442.0,1,1.0,524.7222,662.2778,137.5555999999999,fnsz
dev,aaaaaqrs,aaaaaqrs_s003_t000,515.0,1,1.0,123.8333,191.8889,68.05560000000001,fnsz
dev,aaaaaqrs,aaaaaqrs_s003_t001,782.0,1,1.0,333.1667,471.4444,138.27769999999998,fnsz
dev,aaaaaqrs,aaaaaqrs_s004_t001,740.0,1,1.0,281.9256,403.535,121.60940000000005,gnsz
dev,aaaaaqrs,aaaaaqrs_s004_t002,601.0,1,1.0,336.9478,459.2952,122.34740000000005,fnsz
dev,aaaaaqrs,aaaaaqrs_s004_t003,744.0,1,1.0,323.9899,360.4562,36.46630000000005,fnsz
dev,aaaaaqrs,aaaaaqrs_s004_t004,9.0,0,,,,,
dev,aaaaaqrs,aaaaaqrs_s004_t005,601.0,0,,,,,
dev,aaaaaqrs,aaaaaqrs_s005_t000,300.0,0,,,,,
dev,aaaaaqrs,aaaaaqrs_s005_t001,601.0,0,,,,,
dev,aaaaaqrs,aaaaaqrs_s005_t002,601.0,2,1.0,136.0556,215.8111,79.75550000000001,fnsz
dev,aaaaaqrs,aaaaaqrs_s005_t002,601.0,2,2.0,281.6667,305.8333,24.166600000000017,fnsz
dev,aaaaaqrs,aaaaaqrs_s006_t001,601.0,0,,,,,
dev,aaaaaqrs,aaaaaqrs_s006_t002,601.0,0,,,,,
dev,aaaaaqrs,aaaaaqrs_s006_t003,601.0,0,,,,,
dev,aaaaaqrs,aaaaaqrs_s007_t000,300.0,0,,,,,
dev,aaaaaqrs,aaaaaqrs_s007_t001,601.0,0,,,,,
dev,aaaaaqrs,aaaaaqrs_s007_t002,601.0,0,,,,,
dev,aaaaaqrs,aaaaaqrs_s007_t003,601.0,0,,,,,
dev,aaaaaqrs,aaaaaqrs_s007_t004,601.0,0,,,,,
dev,aaaaaqrs,aaaaaqrs_s007_t005,601.0,0,,,,,
dev,aaaaaqrs,aaaaaqrs_s008_t000,300.0,0,,,,,
dev,aaaaaqrs,aaaaaqrs_s008_t001,285.0,0,,,,,
dev,aaaaaqrs,aaaaaqrs_s008_t002,300.0,0,,,,,
dev,aaaaaqrs,aaaaaqrs_s008_t003,330.0,0,,,,,
dev,aaaaaqrs,aaaaaqrs_s008_t004,300.0,0,,,,,
dev,aaaaaqrs,aaaaaqrs_s008_t005,350.0,0,,,,,
dev,aaaaaqrs,aaaaaqrs_s008_t006,300.0,0,,,,,
dev,aaaaaqrs,aaaaaqrs_s008_t007,324.0,0,,,,,
dev,aaaaaqrs,aaaaaqrs_s008_t008,300.0,0,,,,,
dev,aaaaaqrs,aaaaaqrs_s008_t009,351.0,0,,,,,
dev,aaaaaqrs,aaaaaqrs_s009_t000,300.0,0,,,,,
dev,aaaaaqrs,aaaaaqrs_s009_t001,601.0,0,,,,,
dev,aaaaaqrs,aaaaaqrs_s009_t002,601.0,0,,,,,
dev,aaaaaqrs,aaaaaqrs_s009_t003,474.0,0,,,,,
dev,aaaaaqrs,aaaaaqrs_s010_t000,1255.0,0,,,,,
dev,aaaaarsp,aaaaarsp_s002_t000,1800.0,1,1.0,1502.7735,1604.5104,101.73689999999988,fnsz|gnsz
dev,aaaaarsp,aaaaarsp_s002_t001,1800.0,0,,,,,
dev,aaaaarsp,aaaaarsp_s002_t002,1800.0,0,,,,,
dev,aaaaarsp,aaaaarsp_s002_t003,1800.0,0,,,,,
dev,aaaaarsp,aaaaarsp_s002_t004,1.0,0,,,,,
dev,aaaaarsp,aaaaarsp_s002_t005,1800.0,0,,,,,
dev,aaaaarsp,aaaaarsp_s002_t006,1800.0,0,,,,,
dev,aaaaarsp,aaaaarsp_s002_t007,1.0,0,,,,,
dev,aaaaarsp,aaaaarsp_s002_t008,1800.0,0,,,,,
dev,aaaaarsp,aaaaarsp_s002_t009,1800.0,0,,,,,
dev,aaaaarsp,aaaaarsp_s002_t010,1.0,0,,,,,
dev,aaaaarsp,aaaaarsp_s002_t011,1800.0,0,,,,,
dev,aaaaarsp,aaaaarsp_s002_t012,1800.0,0,,,,,
dev,aaaaarsp,aaaaarsp_s002_t013,1.0,0,,,,,
dev,aaaaarsp,aaaaarsp_s002_t014,1800.0,0,,,,,
dev,aaaaarsp,aaaaarsp_s002_t015,1800.0,0,,,,,
dev,aaaaarsp,aaaaarsp_s002_t016,1.0,0,,,,,
dev,aaaaarsp,aaaaarsp_s002_t017,1800.0,1,1.0,435.9426,479.1324,43.18979999999999,fnsz
dev,aaaaarsp,aaaaarsp_s002_t018,1800.0,0,,,,,
dev,aaaaarsp,aaaaarsp_s002_t019,1.0,0,,,,,
dev,aaaaarsp,aaaaarsp_s002_t020,1800.0,1,1.0,427.9856,467.8341,39.8485,gnsz
dev,aaaaarsp,aaaaarsp_s002_t021,1800.0,1,1.0,815.9809,852.1451,36.16419999999994,fnsz
dev,aaaaarsp,aaaaarsp_s002_t022,1.0,0,,,,,
dev,aaaaarsp,aaaaarsp_s002_t023,1800.0,1,1.0,419.9314,453.201,33.269600000000025,fnsz
dev,aaaaarsp,aaaaarsp_s002_t024,1800.0,1,1.0,329.9633,363.177,33.21370000000002,gnsz
dev,aaaaarsp,aaaaarsp_s002_t025,1.0,0,,,,,
dev,aaaaarsp,aaaaarsp_s002_t026,1800.0,2,1.0,162.1754,205.1738,42.998400000000004,gnsz
dev,aaaaarsp,aaaaarsp_s002_t026,1800.0,2,2.0,385.8788,426.118,40.23919999999998,gnsz
dev,aaaaarsp,aaaaarsp_s002_t027,1800.0,1,1.0,1140.89,1227.11,86.2199999999998,gnsz
dev,aaaaarsp,aaaaarsp_s002_t028,1.0,0,,,,,
dev,aaaaarsp,aaaaarsp_s002_t029,1800.0,1,1.0,1478.0813,1522.1563,44.075000000000045,gnsz
dev,aaaaarsp,aaaaarsp_s002_t030,1800.0,1,1.0,820.0367,862.1818,42.14509999999996,gnsz
dev,aaaaarsp,aaaaarsp_s002_t031,1.0,0,,,,,
dev,aaaaarsp,aaaaarsp_s002_t032,865.0,0,,,,,
dev,aaaaarsp,aaaaarsp_s003_t001,278.0,0,,,,,
dev,aaaaarsp,aaaaarsp_s003_t002,1601.0,0,,,,,
dev,aaaaarsp,aaaaarsp_s003_t003,9.0,0,,,,,
dev,aaaaarsp,aaaaarsp_s003_t004,791.0,0,,,,,
dev,aaaaarsp,aaaaarsp_s003_t005,627.0,0,,,,,
dev,aaaaarsp,aaaaarsp_s003_t006,632.0,0,,,,,
dev,aaaaarsp,aaaaarsp_s003_t009,646.0,0,,,,,
dev,aaaaarsp,aaaaarsp_s003_t010,650.0,0,,,,,
dev,aaaaarsp,aaaaarsp_s003_t011,669.0,0,,,,,
dev,aaaaarsp,aaaaarsp_s003_t012,5.0,0,,,,,
dev,aaaaarsp,aaaaarsp_s003_t013,603.0,0,,,,,
dev,aaaaarsp,aaaaarsp_s003_t014,603.0,1,1.0,263.7798,315.4894,51.709599999999966,fnsz|gnsz
dev,aaaaarsp,aaaaarsp_s003_t015,604.0,0,,,,,
dev,aaaaarsp,aaaaarsp_s003_t016,621.0,0,,,,,
dev,aaaaarsp,aaaaarsp_s003_t017,604.0,2,1.0,264.3488,344.033,79.68420000000003,fnsz|gnsz
dev,aaaaarsp,aaaaarsp_s003_t017,604.0,2,2.0,558.0323,571.9565,13.924200000000042,fnsz
dev,aaaaarsp,aaaaarsp_s003_t019,617.0,0,,,,,
dev,aaaaarsp,aaaaarsp_s003_t021,607.0,0,,,,,
dev,aaaaarsp,aaaaarsp_s003_t022,603.0,0,,,,,
dev,aaaaarsp,aaaaarsp_s003_t023,604.0,0,,,,,
dev,aaaaarsp,aaaaarsp_s003_t024,300.0,0,,,,,
dev,aaaaarsp,aaaaarsp_s003_t025,603.0,0,,,,,
dev,aaaaarsp,aaaaarsp_s003_t026,604.0,0,,,,,
dev,aaaaarsp,aaaaarsp_s004_t000,300.0,0,,,,,
dev,aaaaarsp,aaaaarsp_s004_t001,601.0,0,,,,,
dev,aaaaarsp,aaaaarsp_s004_t002,601.0,0,,,,,
dev,aaaaarsp,aaaaarsp_s004_t003,300.0,0,,,,,
dev,aaaaarsp,aaaaarsp_s004_t004,601.0,0,,,,,
dev,aaaaarsp,aaaaarsp_s004_t005,601.0,0,,,,,
dev,aaaaarsp,aaaaarsp_s004_t006,300.0,0,,,,,
dev,aaaaarsp,aaaaarsp_s004_t007,601.0,0,,,,,
dev,aaaaasgd,aaaaasgd_s001_t000,1800.0,3,1.0,321.9777,358.118,36.14029999999997,fnsz
dev,aaaaasgd,aaaaasgd_s001_t000,1800.0,3,2.0,1042.0287,1062.7624,20.7337,fnsz
dev,aaaaasgd,aaaaasgd_s001_t000,1800.0,3,3.0,1467.2313,1486.1547,18.92340000000013,fnsz
dev,aaaaasgd,aaaaasgd_s001_t001,558.0,1,1.0,154.1435,191.1611,37.017600000000016,fnsz
dev,aaaaasgd,aaaaasgd_s002_t000,1800.0,0,,,,,
dev,aaaaasgd,aaaaasgd_s002_t001,1800.0,0,,,,,
dev,aaaaasgd,aaaaasgd_s002_t002,1800.0,0,,,,,
dev,aaaaasgd,aaaaasgd_s002_t003,1800.0,0,,,,,
dev,aaaaasgd,aaaaasgd_s002_t004,1.0,0,,,,,
dev,aaaaasgd,aaaaasgd_s002_t005,1800.0,0,,,,,
dev,aaaaasgd,aaaaasgd_s002_t006,1800.0,0,,,,,
dev,aaaaasgd,aaaaasgd_s002_t007,1.0,0,,,,,
dev,aaaaasgd,aaaaasgd_s002_t008,1800.0,0,,,,,
dev,aaaaasgd,aaaaasgd_s002_t009,1800.0,0,,,,,
dev,aaaaasgd,aaaaasgd_s002_t010,1.0,0,,,,,
dev,aaaaasgd,aaaaasgd_s002_t011,148.0,0,,,,,
dev,aaaaasgd,aaaaasgd_s003_t000,75.0,0,,,,,
dev,aaaaasgd,aaaaasgd_s003_t001,225.0,1,1.0,53.0006,66.0119,13.011299999999999,fnsz
dev,aaaaasgd,aaaaasgd_s003_t002,608.0,1,1.0,569.8222,581.9798,12.157600000000002,fnsz
dev,aaaaasgd,aaaaasgd_s003_t003,601.0,2,1.0,254.1197,278.0083,23.888600000000025,fnsz
dev,aaaaasgd,aaaaasgd_s003_t003,601.0,2,2.0,380.083,400.0059,19.92289999999997,fnsz
dev,aaaaasgd,aaaaasgd_s003_t004,628.0,2,1.0,73.029,93.9538,20.924800000000005,fnsz
dev,aaaaasgd,aaaaasgd_s003_t004,628.0,2,2.0,301.0136,327.2555,26.241899999999987,fnsz
dev,aaaaasgd,aaaaasgd_s003_t005,300.0,0,,,,,
dev,aaaaasgd,aaaaasgd_s003_t006,639.0,1,1.0,300.9994,320.952,19.952600000000018,fnsz
dev,aaaaasgd,aaaaasgd_s003_t007,601.0,0,,,,,
dev,aaaaasgd,aaaaasgd_s003_t008,636.0,3,1.0,38.0018,56.2709,18.269099999999995,fnsz
dev,aaaaasgd,aaaaasgd_s003_t008,636.0,3,2.0,301.5827,326.8168,25.234100000000012,fnsz
dev,aaaaasgd,aaaaasgd_s003_t008,636.0,3,3.0,478.0018,507.0356,29.033799999999985,fnsz
dev,aaaaasgd,aaaaasgd_s003_t009,300.0,0,,,,,
dev,aaaaasgd,aaaaasgd_s003_t010,601.0,0,,,,,
dev,aaaaasgd,aaaaasgd_s003_t011,623.0,0,,,,,
dev,aaaaasgd,aaaaasgd_s003_t012,601.0,0,,,,,
dev,aaaaasgd,aaaaasgd_s004_t000,403.0,0,,,,,
dev,aaaaasgd,aaaaasgd_s004_t001,601.0,0,,,,,
dev,aaaaasgd,aaaaasgd_s004_t002,623.0,0,,,,,
dev,aaaaasgd,aaaaasgd_s004_t003,514.0,0,,,,,
dev,aaaaasgd,aaaaasgd_s004_t004,536.0,0,,,,,
dev,aaaaasgd,aaaaasgd_s004_t005,90.0,0,,,,,
dev,aaaaasgd,aaaaasgd_s004_t006,601.0,0,,,,,
dev,aaaaasgd,aaaaasgd_s004_t007,631.0,0,,,,,
dev,aaaaasgd,aaaaasgd_s004_t008,608.0,0,,,,,
dev,aaaaasgd,aaaaasgd_s004_t009,601.0,0,,,,,
dev,aaaaasgd,aaaaasgd_s005_t000,300.0,0,,,,,
dev,aaaaasgd,aaaaasgd_s005_t001,601.0,0,,,,,
dev,aaaaasgd,aaaaasgd_s005_t002,300.0,0,,,,,
dev,aaaaasgd,aaaaasgd_s005_t003,601.0,0,,,,,
dev,aaaaasgd,aaaaasgd_s005_t004,300.0,0,,,,,
dev,aaaaasgd,aaaaasgd_s005_t005,601.0,0,,,,,
dev,aaaaasgd,aaaaasgd_s005_t006,300.0,0,,,,,
dev,aaaaasgd,aaaaasgd_s005_t007,601.0,0,,,,,
dev,aaaaasgd,aaaaasgd_s005_t008,300.0,0,,,,,
dev,aaaaasgd,aaaaasgd_s005_t009,601.0,0,,,,,
dev,aaaaasgd,aaaaasgd_s006_t001,1308.0,0,,,,,
dev,aaaaaskf,aaaaaskf_s001_t000,1800.0,2,1.0,503.9825,529.1659,25.18339999999995,fnsz
dev,aaaaaskf,aaaaaskf_s001_t000,1800.0,2,2.0,1416.0128,1450.1435,34.13069999999993,fnsz
dev,aaaaaskf,aaaaaskf_s001_t001,1800.0,1,1.0,630.0287,652.0861,22.05740000000003,fnsz
dev,aaaaaskf,aaaaaskf_s001_t002,1800.0,0,,,,,
dev,aaaaaskf,aaaaaskf_s001_t003,1800.0,0,,,,,
dev,aaaaaskf,aaaaaskf_s001_t004,1.0,0,,,,,
dev,aaaaaskf,aaaaaskf_s001_t005,1800.0,0,,,,,
dev,aaaaaskf,aaaaaskf_s001_t006,1361.0,0,,,,,
dev,aaaaaskf,aaaaaskf_s002_t000,1800.0,0,,,,,
dev,aaaaaskf,aaaaaskf_s002_t001,1800.0,0,,,,,
dev,aaaaaskf,aaaaaskf_s002_t002,1800.0,0,,,,,
dev,aaaaaskf,aaaaaskf_s002_t003,1800.0,0,,,,,
dev,aaaaaskf,aaaaaskf_s002_t004,1.0,0,,,,,
dev,aaaaaskf,aaaaaskf_s002_t005,1800.0,0,,,,,
dev,aaaaaskf,aaaaaskf_s002_t006,1800.0,0,,,,,
dev,aaaaaskf,aaaaaskf_s002_t007,1.0,0,,,,,
dev,aaaaaskf,aaaaaskf_s002_t008,1800.0,0,,,,,
dev,aaaaaskf,aaaaaskf_s002_t009,1500.0,0,,,,,
dev,aaaaaskf,aaaaaskf_s003_t000,447.0,3,1.0,24.0223,98.3376,74.3153,fnsz
dev,aaaaaskf,aaaaaskf_s003_t000,447.0,3,2.0,138.465,305.6533,167.1883,fnsz
dev,aaaaaskf,aaaaaskf_s003_t000,447.0,3,3.0,333.0067,415.302,82.2953,fnsz
dev,aaaaaskf,aaaaaskf_s003_t001,6.0,0,,,,,
dev,aaaaaskf,aaaaaskf_s003_t002,697.0,5,1.0,3.5032,157.2247,153.72150000000002,fnsz
dev,aaaaaskf,aaaaaskf_s003_t002,697.0,5,2.0,174.4698,260.2587,85.78889999999998,fnsz
dev,aaaaaskf,aaaaaskf_s003_t002,697.0,5,3.0,285.3694,468.172,182.80260000000004,fnsz
dev,aaaaaskf,aaaaaskf_s003_t002,697.0,5,4.0,538.2675,613.3232,75.0557,fnsz
dev,aaaaaskf,aaaaaskf_s003_t002,697.0,5,5.0,664.965,696.0,31.034999999999968,fnsz
dev,aaaaaskf,aaaaaskf_s003_t003,601.0,5,1.0,1.0,59.9825,58.9825,fnsz
dev,aaaaaskf,aaaaaskf_s003_t003,601.0,5,2.0,66.2341,194.1384,127.90429999999999,fnsz
dev,aaaaaskf,aaaaaskf_s003_t003,601.0,5,3.0,239.9632,339.9075,99.94430000000003,fnsz
dev,aaaaaskf,aaaaaskf_s003_t003,601.0,5,4.0,357.6561,520.0924,162.43630000000002,fnsz
dev,aaaaaskf,aaaaaskf_s003_t003,601.0,5,5.0,571.914,599.9873,28.073300000000017,fnsz
dev,aaaaaskf,aaaaaskf_s003_t004,601.0,3,1.0,1.0,129.578,128.578,fnsz
dev,aaaaaskf,aaaaaskf_s003_t004,601.0,3,2.0,170.8631,242.1768,71.31369999999998,fnsz
dev,aaaaaskf,aaaaaskf_s003_t004,601.0,3,3.0,267.543,598.5462,331.0032,fnsz
dev,aaaaaskf,aaaaaskf_s004_t000,300.0,2,1.0,8.5828,144.3692,135.78640000000001,fnsz
dev,aaaaaskf,aaaaaskf_s004_t000,300.0,2,2.0,231.3289,275.9866,44.657700000000006,fnsz
dev,aaaaaskf,aaaaaskf_s004_t001,630.0,3,1.0,75.5168,110.1718,34.655,fnsz
dev,aaaaaskf,aaaaaskf_s004_t001,630.0,3,2.0,224.7966,295.1026,70.30599999999998,fnsz
dev,aaaaaskf,aaaaaskf_s004_t001,630.0,3,3.0,389.9933,627.2148,237.2215,fnsz
dev,aaaaaskf,aaaaaskf_s004_t002,713.0,0,,,,,
dev,aaaaaskf,aaaaaskf_s004_t003,740.0,0,,,,,
dev,aaaaaskf,aaaaaskf_s004_t004,5.0,0,,,,,
dev,aaaaaskf,aaaaaskf_s004_t005,300.0,0,,,,,
dev,aaaaaskf,aaaaaskf_s004_t006,601.0,0,,,,,
dev,aaaaaskf,aaaaaskf_s004_t007,5.0,0,,,,,
dev,aaaaaskf,aaaaaskf_s004_t008,8.0,0,,,,,
dev,aaaaaskf,aaaaaskf_s004_t009,6.0,0,,,,,
dev,aaaaaskf,aaaaaskf_s004_t010,300.0,0,,,,,
dev,aaaaaskf,aaaaaskf_s004_t012,7.0,0,,,,,
dev,aaaaaskf,aaaaaskf_s004_t013,601.0,0,,,,,
dev,aaaaaskf,aaaaaskf_s004_t014,300.0,0,,,,,
dev,aaaaaskf,aaaaaskf_s004_t015,6.0,0,,,,,
dev,aaaaaskf,aaaaaskf_s004_t016,6.0,0,,,,,
dev,aaaaaskf,aaaaaskf_s005_t000,300.0,0,,,,,
dev,aaaaaskf,aaaaaskf_s005_t001,601.0,0,,,,,
dev,aaaaaskf,aaaaaskf_s005_t002,953.0,0,,,,,
dev,aaaaaskf,aaaaaskf_s005_t003,300.0,0,,,,,
dev,aaaaaskf,aaaaaskf_s005_t004,261.0,0,,,,,
dev,aaaaaskf,aaaaaskf_s005_t005,300.0,0,,,,,
dev,aaaaaskf,aaaaaskf_s005_t006,601.0,0,,,,,
dev,aaaaaskf,aaaaaskf_s005_t007,300.0,0,,,,,
dev,aaaaaskf,aaaaaskf_s005_t008,300.0,0,,,,,
dev,aaaaaskf,aaaaaskf_s005_t009,601.0,0,,,,,
dev,aaaaaskf,aaaaaskf_s006_t000,300.0,0,,,,,
dev,aaaaaskf,aaaaaskf_s006_t001,601.0,0,,,,,
dev,aaaaaskf,aaaaaskf_s006_t002,300.0,0,,,,,
dev,aaaaaskf,aaaaaskf_s006_t003,601.0,0,,,,,
dev,aaaaaskf,aaaaaskf_s006_t004,300.0,0,,,,,
dev,aaaaaskf,aaaaaskf_s006_t005,601.0,0,,,,,
dev,aaaaaskf,aaaaaskf_s006_t006,300.0,0,,,,,
dev,aaaaaskf,aaaaaskf_s006_t007,601.0,0,,,,,
dev,aaaaaskf,aaaaaskf_s006_t008,300.0,0,,,,,
dev,aaaaaskf,aaaaaskf_s006_t009,601.0,0,,,,,
dev,aaaaaskf,aaaaaskf_s007_t000,300.0,0,,,,,
dev,aaaaaskf,aaaaaskf_s007_t001,601.0,0,,,,,
dev,aaaaaskf,aaaaaskf_s007_t002,300.0,0,,,,,
dev,aaaaaskf,aaaaaskf_s007_t003,601.0,0,,,,,
dev,aaaaaskf,aaaaaskf_s007_t004,885.0,0,,,,,
dev,aaaaaskf,aaaaaskf_s007_t005,684.0,0,,,,,
dev,aaaaaskf,aaaaaskf_s007_t006,601.0,0,,,,,
dev,aaaaaskf,aaaaaskf_s007_t007,300.0,0,,,,,
dev,aaaaaskf,aaaaaskf_s007_t008,601.0,0,,,,,
dev,aaaaaskf,aaaaaskf_s008_t000,300.0,0,,,,,
dev,aaaaaskf,aaaaaskf_s008_t001,601.0,0,,,,,
dev,aaaaaskf,aaaaaskf_s008_t002,300.0,0,,,,,
dev,aaaaaskf,aaaaaskf_s008_t003,601.0,0,,,,,
dev,aaaaaskf,aaaaaskf_s008_t004,300.0,0,,,,,
dev,aaaaaskf,aaaaaskf_s008_t005,423.0,0,,,,,
dev,aaaaaskf,aaaaaskf_s008_t006,601.0,0,,,,,
dev,aaaaaskf,aaaaaskf_s008_t007,300.0,0,,,,,
dev,aaaaaskf,aaaaaskf_s008_t008,871.0,0,,,,,
dev,aaaaaskf,aaaaaskf_s008_t009,721.0,0,,,,,
dev,aaaaaskf,aaaaaskf_s008_t010,424.0,0,,,,,
dev,aaaaaskf,aaaaaskf_s009_t000,1800.0,0,,,,,
dev,aaaaaskf,aaaaaskf_s009_t001,1800.0,0,,,,,
dev,aaaaaskf,aaaaaskf_s009_t002,2.0,0,,,,,
dev,aaaaatgc,aaaaatgc_s001_t000,1800.0,0,,,,,
dev,aaaaatgc,aaaaatgc_s001_t001,1790.0,0,,,,,
dev,aaaaatgc,aaaaatgc_s002_t000,1346.0,1,1.0,978.1667,1029.1667,51.0,gnsz
dev,aaaaatgc,aaaaatgc_s003_t000,1800.0,0,,,,,
dev,aaaaatgc,aaaaatgc_s003_t001,1800.0,0,,,,,
dev,aaaaatgc,aaaaatgc_s003_t002,1800.0,0,,,,,
dev,aaaaatgc,aaaaatgc_s003_t003,1800.0,0,,,,,
dev,aaaaatgc,aaaaatgc_s003_t004,1.0,0,,,,,
dev,aaaaatgc,aaaaatgc_s003_t005,1800.0,0,,,,,
dev,aaaaatgc,aaaaatgc_s003_t006,1264.0,0,,,,,
dev,aaaaatgc,aaaaatgc_s004_t000,10.0,0,,,,,
dev,aaaaatgc,aaaaatgc_s004_t001,50.0,1,1.0,8.0805,49.6068,41.5263,fnsz
dev,aaaaatgc,aaaaatgc_s004_t002,51.0,1,1.0,2.8993,50.1593,47.260000000000005,fnsz
dev,aaaaatgc,aaaaatgc_s004_t003,64.0,1,1.0,2.0235,59.8986,57.8751,fnsz
dev,aaaaatgc,aaaaatgc_s004_t004,6.0,0,,,,,
dev,aaaaatgc,aaaaatgc_s004_t005,96.0,1,1.0,4.9394,94.8687,89.9293,gnsz
dev,aaaaatgc,aaaaatgc_s004_t006,10.0,0,,,,,
dev,aaaaatgc,aaaaatgc_s004_t007,301.0,0,,,,,
dev,aaaaatgc,aaaaatgc_s004_t008,101.0,1,1.0,2.9697,98.8283,95.8586,gnsz
dev,aaaaatgc,aaaaatgc_s004_t009,84.0,1,1.0,2.8081,79.1717,76.3636,gnsz
dev,aaaaatgc,aaaaatgc_s004_t010,10.0,0,,,,,
dev,aaaaatgc,aaaaatgc_s004_t011,301.0,1,1.0,40.9899,116.4679,75.47800000000001,gnsz
dev,aaaaatgc,aaaaatgc_s004_t012,27.0,0,,,,,
dev,aaaaatgc,aaaaatgc_s004_t013,301.0,0,,,,,
dev,aaaaatgc,aaaaatgc_s004_t014,301.0,0,,,,,
dev,aaaaatgc,aaaaatgc_s004_t015,8.0,0,,,,,
dev,aaaaatgc,aaaaatgc_s004_t016,301.0,0,,,,,
dev,aaaaatgc,aaaaatgc_s005_t000,301.0,0,,,,,
dev,aaaaatgc,aaaaatgc_s005_t001,301.0,0,,,,,
dev,aaaaatgc,aaaaatgc_s005_t002,54.0,0,,,,,
dev,aaaaatgc,aaaaatgc_s005_t003,301.0,0,,,,,
dev,aaaaatgc,aaaaatgc_s005_t004,301.0,0,,,,,
dev,aaaaatgc,aaaaatgc_s005_t005,8.0,0,,,,,
dev,aaaaatgc,aaaaatgc_s005_t006,301.0,0,,,,,
dev,aaaaatgc,aaaaatgc_s005_t007,8.0,0,,,,,
dev,aaaaatgc,aaaaatgc_s005_t008,301.0,0,,,,,
dev,aaaaatgc,aaaaatgc_s006_t000,127.0,0,,,,,
dev,aaaaatgc,aaaaatgc_s006_t002,154.0,0,,,,,
dev,aaaaatgc,aaaaatgc_s006_t003,27.0,0,,,,,
dev,aaaaatgc,aaaaatgc_s006_t004,213.0,0,,,,,
dev,aaaaatgc,aaaaatgc_s006_t005,301.0,0,,,,,
dev,aaaaatgc,aaaaatgc_s006_t006,301.0,0,,,,,
dev,aaaaatgc,aaaaatgc_s006_t007,301.0,0,,,,,
dev,aaaaatgc,aaaaatgc_s006_t008,301.0,0,,,,,
dev,aaaaatgc,aaaaatgc_s006_t009,301.0,0,,,,,
dev,aaaaatgc,aaaaatgc_s006_t010,301.0,0,,,,,
dev,aaaaatgc,aaaaatgc_s006_t011,7.0,0,,,,,
eval,aaaaaaaq,aaaaaaaq_s006_t000,1800.0,0,,,,,
eval,aaaaaaaq,aaaaaaaq_s006_t001,1537.0,0,,,,,
eval,aaaaaaaq,aaaaaaaq_s007_t000,1800.0,0,,,,,
eval,aaaaaaaq,aaaaaaaq_s007_t001,1537.0,0,,,,,
eval,aaaaaaaq,aaaaaaaq_s007_t002,793.0,0,,,,,
eval,aaaaaaaq,aaaaaaaq_s007_t003,497.0,0,,,,,
eval,aaaaaaaq,aaaaaaaq_s007_t004,173.0,0,,,,,
eval,aaaaaaaq,aaaaaaaq_s007_t005,243.0,0,,,,,
eval,aaaaaaaq,aaaaaaaq_s007_t006,77.0,0,,,,,
eval,aaaaaaaq,aaaaaaaq_s009_t000,177.0,0,,,,,
eval,aaaaaaaq,aaaaaaaq_s009_t001,287.0,0,,,,,
eval,aaaaaaaq,aaaaaaaq_s009_t002,254.0,0,,,,,
eval,aaaaaamc,aaaaaamc_s012_t001,258.0,0,,,,,
eval,aaaaaamc,aaaaaamc_s012_t002,987.0,0,,,,,
eval,aaaaaamc,aaaaaamc_s013_t001,107.0,0,,,,,
eval,aaaaaamc,aaaaaamc_s013_t002,1800.0,0,,,,,
eval,aaaaaamc,aaaaaamc_s013_t003,1720.0,0,,,,,
eval,aaaaaarq,aaaaaarq_s014_t000,300.0,0,,,,,
eval,aaaaaarq,aaaaaarq_s014_t001,601.0,0,,,,,
eval,aaaaaarq,aaaaaarq_s014_t002,208.0,0,,,,,
eval,aaaaaarq,aaaaaarq_s014_t003,72.0,0,,,,,
eval,aaaaaarq,aaaaaarq_s014_t005,300.0,0,,,,,
eval,aaaaaarq,aaaaaarq_s014_t006,601.0,0,,,,,
eval,aaaaaarq,aaaaaarq_s014_t007,300.0,0,,,,,
eval,aaaaaarq,aaaaaarq_s014_t008,601.0,0,,,,,
eval,aaaaaarq,aaaaaarq_s014_t009,1601.0,1,1.0,642.9994,690.9366,47.93719999999996,gnsz
eval,aaaaaarq,aaaaaarq_s014_t011,251.0,0,,,,,
eval,aaaaaarq,aaaaaarq_s014_t012,852.0,0,,,,,
eval,aaaaaarq,aaaaaarq_s014_t013,143.0,0,,,,,
eval,aaaaaarq,aaaaaarq_s016_t000,300.0,0,,,,,
eval,aaaaaarq,aaaaaarq_s016_t001,300.0,0,,,,,
eval,aaaaaarq,aaaaaarq_s016_t002,300.0,0,,,,,
eval,aaaaaarq,aaaaaarq_s016_t003,300.0,2,1.0,0.0059,62.0628,62.056900000000006,gnsz
eval,aaaaaarq,aaaaaarq_s016_t003,300.0,2,2.0,74.0012,87.0184,13.017200000000003,gnsz
eval,aaaaaarq,aaaaaarq_s016_t005,27.0,0,,,,,
eval,aaaaaarq,aaaaaarq_s016_t006,890.0,0,,,,,
eval,aaaaaarq,aaaaaarq_s016_t007,130.0,0,,,,,
eval,aaaaaarq,aaaaaarq_s017_t000,300.0,0,,,,,
eval,aaaaaarq,aaaaaarq_s017_t001,601.0,5,1.0,179.0237,198.9881,19.964400000000012,gnsz
eval,aaaaaarq,aaaaaarq_s017_t001,601.0,5,2.0,289.0059,311.9816,22.975700000000018,gnsz
eval,aaaaaarq,aaaaaarq_s017_t001,601.0,5,3.0,327.0296,337.8358,10.80619999999999,gnsz
eval,aaaaaarq,aaaaaarq_s017_t001,601.0,5,4.0,365.0356,385.0,19.964400000000012,gnsz
eval,aaaaaarq,aaaaaarq_s017_t001,601.0,5,5.0,436.0119,448.051,12.039099999999962,gnsz
eval,aaaaaarq,aaaaaarq_s017_t005,1546.0,2,1.0,498.1535,566.9621,68.80859999999996,gnsz
eval,aaaaaarq,aaaaaarq_s017_t005,1546.0,2,2.0,607.0095,617.9935,10.984000000000037,gnsz
eval,aaaaaarq,aaaaaarq_s017_t007,988.0,0,,,,,
eval,aaaaaarq,aaaaaarq_s017_t008,1626.0,0,,,,,
eval,aaaaaarq,aaaaaarq_s017_t013,100.0,0,,,,,
eval,aaaaaarq,aaaaaarq_s017_t014,601.0,0,,,,,
eval,aaaaaarq,aaaaaarq_s017_t016,23.0,0,,,,,
eval,aaaaaarq,aaaaaarq_s017_t017,651.0,0,,,,,
eval,aaaaaarq,aaaaaarq_s017_t020,601.0,0,,,,,
eval,aaaaaarq,aaaaaarq_s017_t021,19.0,0,,,,,
eval,aaaaaarq,aaaaaarq_s017_t022,33.0,0,,,,,
eval,aaaaaarq,aaaaaarq_s017_t023,937.0,0,,,,,
eval,aaaaaarq,aaaaaarq_s018_t000,300.0,0,,,,,
eval,aaaaaarq,aaaaaarq_s018_t001,601.0,0,,,,,
eval,aaaaaarq,aaaaaarq_s018_t002,300.0,0,,,,,
eval,aaaaaarq,aaaaaarq_s018_t003,601.0,0,,,,,
eval,aaaaaarq,aaaaaarq_s018_t004,300.0,0,,,,,
eval,aaaaaarq,aaaaaarq_s018_t005,601.0,0,,,,,
eval,aaaaaarq,aaaaaarq_s018_t007,300.0,0,,,,,
eval,aaaaaarq,aaaaaarq_s018_t008,601.0,0,,,,,
eval,aaaaaarq,aaaaaarq_s018_t009,690.0,0,,,,,
eval,aaaaaarq,aaaaaarq_s018_t010,16.0,0,,,,,
eval,aaaaaarq,aaaaaarq_s018_t011,601.0,0,,,,,
eval,aaaaaefp,aaaaaefp_s007_t001,1800.0,1,1.0,567.0368,584.01,16.97320000000002,fnsz
eval,aaaaaefp,aaaaaefp_s007_t002,639.0,0,,,,,
eval,aaaaafcf,aaaaafcf_s009_t000,300.0,0,,,,,
eval,aaaaafcf,aaaaafcf_s009_t003,245.0,0,,,,,
eval,aaaaafcf,aaaaafcf_s009_t004,300.0,0,,,,,
eval,aaaaafcf,aaaaafcf_s009_t005,34.0,0,,,,,
eval,aaaaafcf,aaaaafcf_s009_t006,266.0,0,,,,,
eval,aaaaafcf,aaaaafcf_s009_t007,907.0,0,,,,,
eval,aaaaafcf,aaaaafcf_s009_t009,1800.0,50,1.0,246.1878,249.8343,3.646500000000003,absz
eval,aaaaafcf,aaaaafcf_s009_t009,1800.0,50,2.0,299.9834,305.0341,5.050700000000006,absz
eval,aaaaafcf,aaaaafcf_s009_t009,1800.0,50,3.0,467.0055,472.011,5.0055000000000405,absz
eval,aaaaafcf,aaaaafcf_s009_t009,1800.0,50,4.0,513.989,519.5391,5.550099999999929,absz
eval,aaaaafcf,aaaaafcf_s009_t009,1800.0,50,5.0,550.3978,554.4783,4.080500000000029,absz
eval,aaaaafcf,aaaaafcf_s009_t009,1800.0,50,6.0,568.9945,575.0276,6.03309999999999,absz
eval,aaaaafcf,aaaaafcf_s009_t009,1800.0,50,7.0,583.9006,587.85,3.9493999999999687,absz
eval,aaaaafcf,aaaaafcf_s009_t009,1800.0,50,8.0,598.7182,602.081,3.362799999999993,absz
eval,aaaaafcf,aaaaafcf_s009_t009,1800.0,50,9.0,640.4807,645.221,4.7403000000000475,absz
eval,aaaaafcf,aaaaafcf_s009_t009,1800.0,50,10.0,660.4199,665.4586,5.038700000000063,absz
eval,aaaaafcf,aaaaafcf_s009_t009,1800.0,50,11.0,703.558,708.0663,4.508299999999963,absz
eval,aaaaafcf,aaaaafcf_s009_t009,1800.0,50,12.0,723.326,733.105,9.778999999999996,absz
eval,aaaaafcf,aaaaafcf_s009_t009,1800.0,50,13.0,759.1989,765.0331,5.83420000000001,absz
eval,aaaaafcf,aaaaafcf_s009_t009,1800.0,50,14.0,800.8011,806.1676,5.366499999999974,absz
eval,aaaaafcf,aaaaafcf_s009_t009,1800.0,50,15.0,826.0387,832.3039,6.26520000000005,absz
eval,aaaaafcf,aaaaafcf_s009_t009,1800.0,50,16.0,855.4751,860.1492,4.674099999999953,absz
eval,aaaaafcf,aaaaafcf_s009_t009,1800.0,50,17.0,877.9171,883.3204,5.403299999999945,absz
eval,aaaaafcf,aaaaafcf_s009_t009,1800.0,50,18.0,899.8508,906.1492,6.298399999999901,absz
eval,aaaaafcf,aaaaafcf_s009_t009,1800.0,50,19.0,922.6243,926.2376,3.6133000000000948,absz
eval,aaaaafcf,aaaaafcf_s009_t009,1800.0,50,20.0,932.2155,936.2928,4.077300000000037,absz
eval,aaaaafcf,aaaaafcf_s009_t009,1800.0,50,21.0,954.0407,959.0889,5.048199999999952,absz
eval,aaaaafcf,aaaaafcf_s009_t009,1800.0,50,22.0,979.8619,986.2597,6.397799999999961,absz
eval,aaaaafcf,aaaaafcf_s009_t009,1800.0,50,23.0,1015.011,1021.1768,6.16579999999999,absz
eval,aaaaafcf,aaaaafcf_s009_t009,1800.0,50,24.0,1032.9779,1037.4728,4.494899999999916,absz
eval,aaaaafcf,aaaaafcf_s009_t009,1800.0,50,25.0,1060.9779,1067.0773,6.099399999999832,absz
eval,aaaaafcf,aaaaafcf_s009_t009,1800.0,50,26.0,1092.4696,1099.0,6.5304000000001,absz
eval,aaaaafcf,aaaaafcf_s009_t009,1800.0,50,27.0,1118.6851,1124.0552,5.370100000000093,absz
eval,aaaaafcf,aaaaafcf_s009_t009,1800.0,50,28.0,1132.9006,1137.1768,4.276200000000017,absz
eval,aaaaafcf,aaaaafcf_s009_t009,1800.0,50,29.0,1143.4751,1148.0497,4.5745999999999185,absz
eval,aaaaafcf,aaaaafcf_s009_t009,1800.0,50,30.0,1173.9116,1179.0429,5.13130000000001,absz
eval,aaaaafcf,aaaaafcf_s009_t009,1800.0,50,31.0,1199.9116,1206.0288,6.117200000000139,absz
eval,aaaaafcf,aaaaafcf_s009_t009,1800.0,50,32.0,1234.9834,1242.0773,7.093899999999849,absz
eval,aaaaafcf,aaaaafcf_s009_t009,1800.0,50,33.0,1254.884,1259.9158,5.031799999999976,absz
eval,aaaaafcf,aaaaafcf_s009_t009,1800.0,50,34.0,1277.9503,1283.7182,5.767900000000054,absz
eval,aaaaafcf,aaaaafcf_s009_t009,1800.0,50,35.0,1312.895,1320.046,7.151000000000067,absz
eval,aaaaafcf,aaaaafcf_s009_t009,1800.0,50,36.0,1338.9558,1344.9227,5.966900000000123,absz
eval,aaaaafcf,aaaaafcf_s009_t009,1800.0,50,37.0,1347.9392,1351.4862,3.5470000000000255,absz
eval,aaaaafcf,aaaaafcf_s009_t009,1800.0,50,38.0,1376.9448,1382.5138,5.56899999999996,absz
eval,aaaaafcf,aaaaafcf_s009_t009,1800.0,50,39.0,1413.1271,1419.7014,6.574299999999994,absz
eval,aaaaafcf,aaaaafcf_s009_t009,1800.0,50,40.0,1434.3039,1440.8011,6.497199999999793,absz
eval,aaaaafcf,aaaaafcf_s009_t009,1800.0,50,41.0,1452.6685,1456.6796,4.011099999999942,absz
eval,aaaaafcf,aaaaafcf_s009_t009,1800.0,50,42.0,1497.2652,1505.0884,7.823200000000043,absz
eval,aaaaafcf,aaaaafcf_s009_t009,1800.0,50,43.0,1520.4696,1527.1657,6.696100000000115,absz
eval,aaaaafcf,aaaaafcf_s009_t009,1800.0,50,44.0,1544.9061,1552.2983,7.3922000000000025,absz
eval,aaaaafcf,aaaaafcf_s009_t009,1800.0,50,45.0,1568.2155,1572.1934,3.9779000000000906,absz
eval,aaaaafcf,aaaaafcf_s009_t009,1800.0,50,46.0,1582.9337,1587.2099,4.276200000000017,absz
eval,aaaaafcf,aaaaafcf_s009_t009,1800.0,50,47.0,1610.6575,1616.0276,5.370099999999866,absz
eval,aaaaafcf,aaaaafcf_s009_t009,1800.0,50,48.0,1651.9613,1658.2928,6.3315000000000055,absz
eval,aaaaafcf,aaaaafcf_s009_t009,1800.0,50,49.0,1666.4309,1670.8729,4.442000000000007,absz
eval,aaaaafcf,aaaaafcf_s009_t009,1800.0,50,50.0,1703.4364,1719.979,16.542599999999993,tcsz
eval,aaaaafcf,aaaaafcf_s009_t010,1406.0,0,,,,,
eval,aaaaafcf,aaaaafcf_s009_t011,300.0,0,,,,,
eval,aaaaafcf,aaaaafcf_s009_t012,300.0,0,,,,,
eval,aaaaafcf,aaaaafcf_s009_t013,601.0,0,,,,,
eval,aaaaaghb,aaaaaghb_s009_t000,298.0,0,,,,,
eval,aaaaaghb,aaaaaghb_s009_t001,232.0,0,,,,,
eval,aaaaaghb,aaaaaghb_s009_t002,210.0,0,,,,,
eval,aaaaaghb,aaaaaghb_s009_t003,320.0,0,,,,,
eval,aaaaaghb,aaaaaghb_s009_t004,254.0,0,,,,,
eval,aaaaaghb,aaaaaghb_s010_t000,203.0,1,1.0,87.4395,112.9337,25.494200000000006,fnsz
eval,aaaaaghb,aaaaaghb_s010_t001,311.0,3,1.0,10.9989,18.5129,7.513999999999998,fnsz
eval,aaaaaghb,aaaaaghb_s010_t001,311.0,3,2.0,84.4329,106.0303,21.597399999999993,fnsz
eval,aaaaaghb,aaaaaghb_s010_t001,311.0,3,3.0,204.5445,220.697,16.152500000000003,fnsz
eval,aaaaaghb,aaaaaghb_s010_t002,396.0,4,1.0,16.988,29.1676,12.1796,fnsz
eval,aaaaaghb,aaaaaghb_s010_t002,396.0,4,2.0,87.0173,108.0303,21.01299999999999,fnsz
eval,aaaaaghb,aaaaaghb_s010_t002,396.0,4,3.0,160.0205,175.0909,15.070400000000006,fnsz
eval,aaaaaghb,aaaaaghb_s010_t002,396.0,4,4.0,281.981,305.0303,23.049300000000017,fnsz
eval,aaaaaghb,aaaaaghb_s010_t003,448.0,4,1.0,37.5729,51.2121,13.639200000000002,fnsz
eval,aaaaaghb,aaaaaghb_s010_t003,448.0,4,2.0,88.1463,104.7879,16.641599999999997,fnsz
eval,aaaaaghb,aaaaaghb_s010_t003,448.0,4,3.0,131.9997,148.0,16.00030000000001,fnsz
eval,aaaaaghb,aaaaaghb_s010_t003,448.0,4,4.0,299.0291,313.3203,14.291199999999947,fnsz
eval,aaaaaghb,aaaaaghb_s010_t004,189.0,3,1.0,21.9958,32.1818,10.186000000000003,fnsz
eval,aaaaaghb,aaaaaghb_s010_t004,189.0,3,2.0,87.9913,99.0909,11.09960000000001,fnsz
eval,aaaaaghb,aaaaaghb_s010_t004,189.0,3,3.0,123.9726,133.4242,9.451600000000013,fnsz
eval,aaaaaghb,aaaaaghb_s010_t005,475.0,7,1.0,21.1992,34.4848,13.285599999999999,fnsz
eval,aaaaaghb,aaaaaghb_s010_t005,475.0,7,2.0,56.0349,66.0606,10.025699999999993,fnsz
eval,aaaaaghb,aaaaaghb_s010_t005,475.0,7,3.0,88.9804,106.0606,17.08019999999999,fnsz
eval,aaaaaghb,aaaaaghb_s010_t005,475.0,7,4.0,220.0055,238.0303,18.0248,fnsz
eval,aaaaaghb,aaaaaghb_s010_t005,475.0,7,5.0,322.0055,334.011,12.00550000000004,fnsz
eval,aaaaaghb,aaaaaghb_s010_t005,475.0,7,6.0,368.3204,384.0442,15.723799999999983,fnsz
eval,aaaaaghb,aaaaaghb_s010_t005,475.0,7,7.0,439.7735,457.0331,17.259599999999978,fnsz
eval,aaaaaghb,aaaaaghb_s010_t006,208.0,3,1.0,9.9944,24.0994,14.104999999999999,fnsz
eval,aaaaaghb,aaaaaghb_s010_t006,208.0,3,2.0,42.6685,54.0331,11.364599999999996,fnsz
eval,aaaaaghb,aaaaaghb_s010_t006,208.0,3,3.0,87.6575,118.0502,30.392700000000005,fnsz
eval,aaaaaghb,aaaaaghb_s010_t007,196.0,1,1.0,87.0,105.0829,18.082899999999995,fnsz
eval,aaaaaghb,aaaaaghb_s011_t000,518.0,0,,,,,
eval,aaaaaghb,aaaaaghb_s011_t001,265.0,0,,,,,
eval,aaaaaghb,aaaaaghb_s011_t002,441.0,0,,,,,
eval,aaaaaghb,aaaaaghb_s011_t003,386.0,0,,,,,
eval,aaaaaghb,aaaaaghb_s011_t004,452.0,0,,,,,
eval,aaaaaghb,aaaaaghb_s011_t005,628.0,0,,,,,
eval,aaaaahlk,aaaaahlk_s004_t000,59.0,0,,,,,
eval,aaaaahlk,aaaaahlk_s004_t001,531.0,0,,,,,
eval,aaaaahlk,aaaaahlk_s004_t002,701.0,0,,,,,
eval,aaaaahlk,aaaaahlk_s006_t000,300.0,0,,,,,
eval,aaaaahlk,aaaaahlk_s006_t001,74.0,0,,,,,
eval,aaaaahlk,aaaaahlk_s006_t002,1072.0,1,1.0,459.0224,508.1048,49.08240000000001,cpsz
eval,aaaaahlk,aaaaahlk_s006_t003,601.0,0,,,,,
eval,aaaaahlk,aaaaahlk_s006_t004,300.0,0,,,,,
eval,aaaaahlk,aaaaahlk_s006_t005,300.0,0,,,,,
eval,aaaaahlk,aaaaahlk_s006_t006,214.0,0,,,,,
eval,aaaaahlk,aaaaahlk_s006_t007,809.0,1,1.0,118.874,192.9208,74.04680000000002,cpsz
eval,aaaaahlk,aaaaahlk_s006_t008,601.0,0,,,,,
eval,aaaaahlk,aaaaahlk_s006_t009,685.0,1,1.0,317.0022,383.4314,66.42919999999998,cpsz
eval,aaaaahlk,aaaaahlk_s006_t011,300.0,0,,,,,
eval,aaaaahlk,aaaaahlk_s006_t012,601.0,0,,,,,
eval,aaaaahlk,aaaaahlk_s006_t013,601.0,0,,,,,
eval,aaaaahlk,aaaaahlk_s006_t014,300.0,0,,,,,
eval,aaaaahlk,aaaaahlk_s006_t015,601.0,0,,,,,
eval,aaaaahlk,aaaaahlk_s007_t000,300.0,0,,,,,
eval,aaaaahlk,aaaaahlk_s007_t002,601.0,0,,,,,
eval,aaaaahlk,aaaaahlk_s007_t004,300.0,0,,,,,
eval,aaaaahlk,aaaaahlk_s007_t005,1076.0,0,,,,,
eval,aaaaahlk,aaaaahlk_s007_t006,879.0,1,1.0,362.0279,412.039,50.0111,cpsz
eval,aaaaahlk,aaaaahlk_s007_t007,601.0,0,,,,,
eval,aaaaahlk,aaaaahlk_s007_t008,300.0,0,,,,,
eval,aaaaahlk,aaaaahlk_s007_t009,300.0,0,,,,,
eval,aaaaahlk,aaaaahlk_s007_t010,601.0,0,,,,,
eval,aaaaahlk,aaaaahlk_s007_t011,601.0,0,,,,,
eval,aaaaahlk,aaaaahlk_s007_t012,300.0,0,,,,,
eval,aaaaahlk,aaaaahlk_s008_t000,300.0,0,,,,,
eval,aaaaahlk,aaaaahlk_s008_t001,601.0,0,,,,,
eval,aaaaahlk,aaaaahlk_s008_t002,300.0,0,,,,,
eval,aaaaahlk,aaaaahlk_s008_t003,601.0,0,,,,,
eval,aaaaahlk,aaaaahlk_s008_t004,509.0,0,,,,,
eval,aaaaahlk,aaaaahlk_s008_t005,300.0,0,,,,,
eval,aaaaahlk,aaaaahlk_s008_t006,601.0,0,,,,,
eval,aaaaahlk,aaaaahlk_s008_t007,300.0,0,,,,,
eval,aaaaahlk,aaaaahlk_s008_t011,601.0,0,,,,,
eval,aaaaahlk,aaaaahlk_s008_t012,300.0,0,,,,,
eval,aaaaahlk,aaaaahlk_s008_t013,601.0,0,,,,,
eval,aaaaahlk,aaaaahlk_s009_t000,300.0,0,,,,,
eval,aaaaahlk,aaaaahlk_s009_t001,601.0,0,,,,,
eval,aaaaahlk,aaaaahlk_s009_t002,601.0,0,,,,,
eval,aaaaahlk,aaaaahlk_s009_t003,300.0,0,,,,,
eval,aaaaahlk,aaaaahlk_s009_t004,601.0,0,,,,,
eval,aaaaahlk,aaaaahlk_s009_t005,601.0,0,,,,,
eval,aaaaahsi,aaaaahsi_s011_t000,599.0,1,1.0,101.9531,449.7879,347.8348,gnsz
eval,aaaaahsi,aaaaahsi_s013_t000,265.0,0,,,,,
eval,aaaaahsi,aaaaahsi_s013_t001,354.0,0,,,,,
eval,aaaaahsi,aaaaahsi_s013_t002,22.0,0,,,,,
eval,aaaaahsi,aaaaahsi_s013_t003,64.0,0,,,,,
eval,aaaaahsi,aaaaahsi_s013_t004,101.0,0,,,,,
eval,aaaaahsi,aaaaahsi_s013_t005,356.0,0,,,,,
eval,aaaaahsi,aaaaahsi_s013_t006,463.0,0,,,,,
eval,aaaaahsi,aaaaahsi_s013_t007,287.0,0,,,,,
eval,aaaaahsi,aaaaahsi_s014_t000,262.0,1,1.0,97.0045,139.5964,42.591899999999995,fnsz
eval,aaaaahsi,aaaaahsi_s015_t000,298.0,0,,,,,
eval,aaaaahsi,aaaaahsi_s015_t001,243.0,0,,,,,
eval,aaaaahsi,aaaaahsi_s015_t002,129.0,0,,,,,
eval,aaaaaiih,aaaaaiih_s003_t000,83.0,0,,,,,
eval,aaaaaiih,aaaaaiih_s003_t001,1190.0,1,1.0,472.9945,586.2366,113.24209999999994,fnsz
eval,aaaaaiih,aaaaaiih_s006_t000,300.0,0,,,,,
eval,aaaaaiih,aaaaaiih_s006_t001,1369.0,1,1.0,469.0134,555.1906,86.17720000000003,fnsz
eval,aaaaaiih,aaaaaiih_s006_t002,300.0,0,,,,,
eval,aaaaaiih,aaaaaiih_s006_t003,601.0,0,,,,,
eval,aaaaaiih,aaaaaiih_s006_t004,770.0,0,,,,,
eval,aaaaaiih,aaaaaiih_s006_t005,632.0,0,,,,,
eval,aaaaaiih,aaaaaiih_s006_t006,601.0,0,,,,,
eval,aaaaaiih,aaaaaiih_s006_t007,300.0,0,,,,,
eval,aaaaaiih,aaaaaiih_s006_t008,601.0,0,,,,,
eval,aaaaaijh,aaaaaijh_s005_t002,397.0,0,,,,,
eval,aaaaaijh,aaaaaijh_s005_t003,496.0,0,,,,,
eval,aaaaaijh,aaaaaijh_s006_t000,557.0,1,1.0,241.2911,294.458,53.16690000000003,gnsz
eval,aaaaajdj,aaaaajdj_s004_t001,31.0,0,,,,,
eval,aaaaajdj,aaaaajdj_s004_t002,791.0,0,,,,,
eval,aaaaajdj,aaaaajdj_s004_t003,601.0,0,,,,,
eval,aaaaajdj,aaaaajdj_s004_t004,300.0,0,,,,,
eval,aaaaajdj,aaaaajdj_s004_t005,601.0,0,,,,,
eval,aaaaajdj,aaaaajdj_s004_t006,1050.0,1,1.0,445.0044,485.2609,40.25650000000002,fnsz
eval,aaaaajdj,aaaaajdj_s004_t007,601.0,0,,,,,
eval,aaaaajdj,aaaaajdj_s005_t000,243.0,0,,,,,
eval,aaaaajdj,aaaaajdj_s005_t001,232.0,0,,,,,
eval,aaaaajdj,aaaaajdj_s005_t002,232.0,0,,,,,
eval,aaaaajdj,aaaaajdj_s005_t003,298.0,0,,,,,
eval,aaaaajdj,aaaaajdj_s005_t004,221.0,0,,,,,
eval,aaaaajdj,aaaaajdj_s005_t005,254.0,0,,,,,
eval,aaaaajdj,aaaaajdj_s006_t000,485.0,0,,,,,
eval,aaaaajdj,aaaaajdj_s006_t001,398.0,0,,,,,
eval,aaaaajdj,aaaaajdj_s006_t002,518.0,0,,,,,
eval,aaaaajdj,aaaaajdj_s006_t003,364.0,0,,,,,
eval,aaaaajdj,aaaaajdj_s006_t004,397.0,0,,,,,
eval,aaaaajdj,aaaaajdj_s006_t005,562.0,0,,,,,
eval,aaaaajru,aaaaajru_s028_t000,1400.0,7,1.0,28.8696,57.0582,28.1886,fnsz
eval,aaaaajru,aaaaajru_s028_t000,1400.0,7,2.0,178.8653,227.1107,48.24540000000002,fnsz
eval,aaaaajru,aaaaajru_s028_t000,1400.0,7,3.0,302.5568,439.0914,136.5346,fnsz
eval,aaaaajru,aaaaajru_s028_t000,1400.0,7,4.0,650.0925,734.2249,84.13240000000008,fnsz
eval,aaaaajru,aaaaajru_s028_t000,1400.0,7,5.0,1001.0698,1069.8772,68.80739999999992,fnsz
eval,aaaaajru,aaaaajru_s028_t000,1400.0,7,6.0,1189.1438,1260.0475,70.90369999999984,fnsz
eval,aaaaajru,aaaaajru_s028_t000,1400.0,7,7.0,1275.0134,1361.8819,86.86850000000004,fnsz
eval,aaaaajru,aaaaajru_s029_t000,300.0,1,1.0,127.0301,196.0618,69.0317,fnsz
eval,aaaaajru,aaaaajru_s029_t001,975.0,4,1.0,88.0167,157.0134,68.99669999999999,gnsz
eval,aaaaajru,aaaaajru_s029_t001,975.0,4,2.0,290.0535,381.0811,91.0276,gnsz
eval,aaaaajru,aaaaajru_s029_t001,975.0,4,3.0,583.0669,642.1639,59.09699999999998,gnsz
eval,aaaaajru,aaaaajru_s029_t001,975.0,4,4.0,919.9999,973.9632,53.963300000000004,gnsz
eval,aaaaajru,aaaaajru_s029_t002,601.0,5,1.0,39.9995,94.1729,54.1734,gnsz
eval,aaaaajru,aaaaajru_s029_t002,601.0,5,2.0,171.0,236.2234,65.2234,gnsz
eval,aaaaajru,aaaaajru_s029_t002,601.0,5,3.0,246.2441,320.792,74.54789999999997,gnsz
eval,aaaaajru,aaaaajru_s029_t002,601.0,5,4.0,389.9967,461.0356,71.03890000000001,gnsz
eval,aaaaajru,aaaaajru_s029_t002,601.0,5,5.0,515.0177,569.3945,54.3768,gnsz
eval,aaaaajru,aaaaajru_s029_t003,992.0,7,1.0,65.1572,131.356,66.19879999999999,gnsz
eval,aaaaajru,aaaaajru_s029_t003,992.0,7,2.0,207.9933,264.1683,56.17499999999998,gnsz
eval,aaaaajru,aaaaajru_s029_t003,992.0,7,3.0,325.0903,377.2251,52.134799999999984,gnsz
eval,aaaaajru,aaaaajru_s029_t003,992.0,7,4.0,505.9799,572.0139,66.03400000000005,gnsz
eval,aaaaajru,aaaaajru_s029_t003,992.0,7,5.0,695.7559,786.9487,91.19280000000003,gnsz
eval,aaaaajru,aaaaajru_s029_t003,992.0,7,6.0,797.0357,852.136,55.10029999999995,gnsz
eval,aaaaajru,aaaaajru_s029_t003,992.0,7,7.0,967.0056,990.9521,23.946500000000015,gnsz
eval,aaaaajru,aaaaajru_s029_t004,300.0,2,1.0,1.0,32.5084,31.5084,gnsz
eval,aaaaajru,aaaaajru_s029_t004,300.0,2,2.0,137.0665,204.0937,67.02720000000002,gnsz
eval,aaaaajru,aaaaajru_s029_t005,601.0,3,1.0,112.0424,180.2273,68.18490000000001,gnsz
eval,aaaaajru,aaaaajru_s029_t005,601.0,3,2.0,302.0078,379.2537,77.2459,gnsz
eval,aaaaajru,aaaaajru_s029_t005,601.0,3,3.0,470.0557,543.0351,72.97940000000006,gnsz
eval,aaaaajru,aaaaajru_s029_t006,601.0,1,1.0,303.0383,378.0825,75.04419999999999,gnsz
eval,aaaaajru,aaaaajru_s029_t007,300.0,0,,,,,
eval,aaaaajru,aaaaajru_s031_t000,575.0,3,1.0,37.0178,80.9241,43.906299999999995,gnsz
eval,aaaaajru,aaaaajru_s031_t000,575.0,3,2.0,214.0344,284.147,70.11259999999999,gnsz
eval,aaaaajru,aaaaajru_s031_t000,575.0,3,3.0,425.9899,498.9893,72.99940000000004,gnsz
eval,aaaaajru,aaaaajru_s031_t001,601.0,2,1.0,117.0095,174.0397,57.03020000000001,gnsz
eval,aaaaajru,aaaaajru_s031_t001,601.0,2,2.0,448.0113,507.0391,59.02780000000001,gnsz
eval,aaaaajru,aaaaajru_s031_t002,300.0,2,1.0,110.0178,163.0551,53.037300000000016,gnsz
eval,aaaaajru,aaaaajru_s031_t002,300.0,2,2.0,273.0255,299.8127,26.787199999999984,gnsz
eval,aaaaajru,aaaaajru_s031_t003,601.0,4,1.0,64.0071,129.8637,65.8566,gnsz
eval,aaaaajru,aaaaajru_s031_t003,601.0,4,2.0,215.0119,289.0664,74.05449999999999,gnsz
eval,aaaaajru,aaaaajru_s031_t003,601.0,4,3.0,362.0136,425.7421,63.7285,gnsz
eval,aaaaajru,aaaaajru_s031_t003,601.0,4,4.0,517.0154,570.0504,53.03499999999997,gnsz
eval,aaaaajru,aaaaajru_s031_t004,601.0,4,1.0,2.9994,60.0059,57.006499999999996,gnsz
eval,aaaaajru,aaaaajru_s031_t004,601.0,4,2.0,222.0172,278.9881,56.97089999999997,gnsz
eval,aaaaajru,aaaaajru_s031_t004,601.0,4,3.0,377.0178,445.9389,68.92109999999997,gnsz
eval,aaaaajru,aaaaajru_s031_t004,601.0,4,4.0,567.0267,600.8382,33.811500000000024,gnsz
eval,aaaaajru,aaaaajru_s031_t005,300.0,1,1.0,85.0326,150.0,64.9674,gnsz
eval,aaaaajru,aaaaajru_s031_t006,601.0,3,1.0,10.9959,84.1553,73.15939999999999,gnsz
eval,aaaaajru,aaaaajru_s031_t006,601.0,3,2.0,183.029,254.0368,71.0078,gnsz
eval,aaaaajru,aaaaajru_s031_t006,601.0,3,3.0,430.9953,500.029,69.03370000000001,gnsz
eval,aaaaajru,aaaaajru_s032_t000,1001.0,5,1.0,118.0172,178.9241,60.90690000000001,gnsz
eval,aaaaajru,aaaaajru_s032_t000,1001.0,5,2.0,326.0385,384.9004,58.86189999999999,gnsz
eval,aaaaajru,aaaaajru_s032_t000,1001.0,5,3.0,574.0113,645.0368,71.02549999999997,gnsz
eval,aaaaajru,aaaaajru_s032_t000,1001.0,5,4.0,735.5643,805.6414,70.07709999999997,gnsz
eval,aaaaajru,aaaaajru_s032_t000,1001.0,5,5.0,942.0237,1000.8619,58.83820000000003,gnsz
eval,aaaaajru,aaaaajru_s032_t001,601.0,4,1.0,0.0178,61.9798,61.961999999999996,gnsz
eval,aaaaajru,aaaaajru_s032_t001,601.0,4,2.0,244.0296,312.0261,67.9965,gnsz
eval,aaaaajru,aaaaajru_s032_t001,601.0,4,3.0,428.013,493.9348,65.92180000000002,gnsz
eval,aaaaajru,aaaaajru_s032_t001,601.0,4,4.0,591.0237,600.7866,9.762900000000059,gnsz
eval,aaaaajru,aaaaajru_s032_t002,601.0,3,1.0,109.0237,171.7682,62.7445,gnsz
eval,aaaaajru,aaaaajru_s032_t002,601.0,3,2.0,302.0119,369.9253,67.91339999999997,gnsz
eval,aaaaajru,aaaaajru_s032_t002,601.0,3,3.0,487.0423,559.9671,72.92479999999995,gnsz
eval,aaaaajru,aaaaajru_s032_t003,914.0,5,1.0,8.0343,76.1087,68.0744,gnsz
eval,aaaaajru,aaaaajru_s032_t003,914.0,5,2.0,185.0366,256.6593,71.62269999999998,gnsz
eval,aaaaajru,aaaaajru_s032_t003,914.0,5,3.0,365.1748,428.6729,63.49810000000002,gnsz
eval,aaaaajru,aaaaajru_s032_t003,914.0,5,4.0,529.3461,592.0805,62.73440000000005,gnsz
eval,aaaaajru,aaaaajru_s032_t003,914.0,5,5.0,729.9892,792.8139,62.82470000000001,gnsz
eval,aaaaajru,aaaaajru_s032_t004,311.0,2,1.0,60.6362,128.2762,67.63999999999999,gnsz
eval,aaaaajru,aaaaajru_s032_t004,311.0,2,2.0,224.1846,287.8876,63.70300000000003,gnsz
eval,aaaaajru,aaaaajru_s036_t000,300.0,0,,,,,
eval,aaaaajru,aaaaajru_s036_t001,601.0,0,,,,,
eval,aaaaajru,aaaaajru_s036_t002,300.0,0,,,,,
eval,aaaaajru,aaaaajru_s036_t003,601.0,0,,,,,
eval,aaaaajru,aaaaajru_s036_t004,300.0,0,,,,,
eval,aaaaajru,aaaaajru_s036_t005,601.0,0,,,,,
eval,aaaaajru,aaaaajru_s036_t006,300.0,0,,,,,
eval,aaaaajru,aaaaajru_s036_t007,601.0,0,,,,,
eval,aaaaajru,aaaaajru_s036_t008,300.0,0,,,,,
eval,aaaaajru,aaaaajru_s036_t009,601.0,0,,,,,
eval,aaaaajru,aaaaajru_s037_t000,300.0,0,,,,,
eval,aaaaajru,aaaaajru_s037_t001,601.0,0,,,,,
eval,aaaaajru,aaaaajru_s037_t002,601.0,0,,,,,
eval,aaaaajru,aaaaajru_s037_t003,601.0,0,,,,,
eval,aaaaajru,aaaaajru_s037_t004,601.0,0,,,,,
eval,aaaaajru,aaaaajru_s037_t005,188.0,0,,,,,
eval,aaaaajru,aaaaajru_s038_t000,49.0,0,,,,,
eval,aaaaajru,aaaaajru_s038_t001,251.0,0,,,,,
eval,aaaaajru,aaaaajru_s038_t002,601.0,0,,,,,
eval,aaaaajru,aaaaajru_s038_t003,300.0,0,,,,,
eval,aaaaajru,aaaaajru_s038_t004,300.0,0,,,,,
eval,aaaaajru,aaaaajru_s038_t005,649.0,1,1.0,276.0424,329.1973,53.1549,fnsz
eval,aaaaajru,aaaaajru_s038_t006,908.0,1,1.0,441.01,480.0959,39.08589999999998,tnsz
eval,aaaaajru,aaaaajru_s038_t007,300.0,0,,,,,
eval,aaaaajru,aaaaajru_s038_t008,838.0,1,1.0,418.573,434.1069,15.533900000000017,fnsz
eval,aaaaajru,aaaaajru_s038_t009,300.0,0,,,,,
eval,aaaaajru,aaaaajru_s038_t010,632.0,2,1.0,298.0323,330.0851,32.05279999999999,fnsz
eval,aaaaajru,aaaaajru_s038_t010,632.0,2,2.0,503.272,545.903,42.63100000000003,fnsz
eval,aaaaajru,aaaaajru_s038_t011,601.0,2,1.0,116.825,163.9208,47.09580000000001,fnsz
eval,aaaaajru,aaaaajru_s038_t011,601.0,2,2.0,376.0446,417.618,41.57339999999999,fnsz
eval,aaaaapli,aaaaapli_s002_t001,89.0,0,,,,,
eval,aaaaapli,aaaaapli_s002_t002,56.0,0,,,,,
eval,aaaaapli,aaaaapli_s002_t003,107.0,0,,,,,
eval,aaaaapli,aaaaapli_s002_t004,329.0,0,,,,,
eval,aaaaapli,aaaaapli_s002_t005,47.0,0,,,,,
eval,aaaaapli,aaaaapli_s002_t006,241.0,0,,,,,
eval,aaaaapli,aaaaapli_s002_t007,177.0,0,,,,,
eval,aaaaapli,aaaaapli_s002_t008,74.0,0,,,,,
eval,aaaaapli,aaaaapli_s002_t009,127.0,0,,,,,
eval,aaaaapli,aaaaapli_s002_t010,19.0,0,,,,,
eval,aaaaapli,aaaaapli_s002_t011,313.0,0,,,,,
eval,aaaaapli,aaaaapli_s002_t012,82.0,0,,,,,
eval,aaaaapli,aaaaapli_s002_t013,630.0,0,,,,,
eval,aaaaapli,aaaaapli_s002_t014,762.0,0,,,,,
eval,aaaaapli,aaaaapli_s002_t015,472.0,0,,,,,
eval,aaaaapli,aaaaapli_s002_t016,174.0,0,,,,,
eval,aaaaapsl,aaaaapsl_s005_t000,300.0,0,,,,,
eval,aaaaapsl,aaaaapsl_s005_t001,601.0,0,,,,,
eval,aaaaapsl,aaaaapsl_s005_t002,601.0,0,,,,,
eval,aaaaapsl,aaaaapsl_s005_t003,203.0,0,,,,,
eval,aaaaapsl,aaaaapsl_s005_t004,156.0,0,,,,,
eval,aaaaapsl,aaaaapsl_s005_t005,601.0,0,,,,,
eval,aaaaapsl,aaaaapsl_s005_t006,601.0,0,,,,,
eval,aaaaapsl,aaaaapsl_s005_t007,517.0,0,,,,,
eval,aaaaaqbi,aaaaaqbi_s003_t000,300.0,0,,,,,
eval,aaaaaqbi,aaaaaqbi_s003_t001,601.0,0,,,,,
eval,aaaaaqbi,aaaaaqbi_s003_t002,601.0,0,,,,,
eval,aaaaaqbi,aaaaaqbi_s003_t003,601.0,0,,,,,
eval,aaaaaqbi,aaaaaqbi_s003_t004,300.0,0,,,,,
eval,aaaaaqbi,aaaaaqbi_s003_t005,601.0,0,,,,,
eval,aaaaaqbi,aaaaaqbi_s003_t006,601.0,0,,,,,
eval,aaaaaqbi,aaaaaqbi_s003_t007,601.0,0,,,,,
eval,aaaaaqbi,aaaaaqbi_s003_t008,300.0,0,,,,,
eval,aaaaaqbi,aaaaaqbi_s003_t009,601.0,0,,,,,
eval,aaaaaqbi,aaaaaqbi_s003_t010,601.0,0,,,,,
eval,aaaaaqek,aaaaaqek_s007_t000,611.0,0,,,,,
eval,aaaaaqek,aaaaaqek_s007_t001,601.0,0,,,,,
eval,aaaaaqek,aaaaaqek_s007_t002,300.0,0,,,,,
eval,aaaaaqek,aaaaaqek_s007_t003,601.0,0,,,,,
eval,aaaaaqek,aaaaaqek_s007_t004,300.0,0,,,,,
eval,aaaaaqek,aaaaaqek_s007_t005,601.0,0,,,,,
eval,aaaaaqek,aaaaaqek_s007_t006,300.0,0,,,,,
eval,aaaaaqek,aaaaaqek_s007_t007,601.0,0,,,,,
eval,aaaaaqek,aaaaaqek_s007_t008,300.0,0,,,,,
eval,aaaaaqek,aaaaaqek_s007_t009,601.0,0,,,,,
eval,aaaaaqek,aaaaaqek_s008_t000,300.0,0,,,,,
eval,aaaaaqek,aaaaaqek_s008_t001,601.0,0,,,,,
eval,aaaaaqek,aaaaaqek_s008_t002,601.0,0,,,,,
eval,aaaaaqek,aaaaaqek_s008_t003,300.0,0,,,,,
eval,aaaaaqek,aaaaaqek_s008_t004,601.0,0,,,,,
eval,aaaaaqek,aaaaaqek_s008_t005,150.0,0,,,,,
eval,aaaaaqek,aaaaaqek_s008_t006,150.0,0,,,,,
eval,aaaaaqek,aaaaaqek_s008_t007,601.0,0,,,,,
eval,aaaaaqek,aaaaaqek_s008_t008,300.0,0,,,,,
eval,aaaaaqek,aaaaaqek_s008_t009,601.0,0,,,,,
eval,aaaaaqek,aaaaaqek_s008_t010,300.0,0,,,,,
eval,aaaaaqek,aaaaaqek_s008_t011,601.0,0,,,,,
eval,aaaaaqek,aaaaaqek_s009_t000,300.0,0,,,,,
eval,aaaaaqek,aaaaaqek_s009_t001,601.0,0,,,,,
eval,aaaaaqek,aaaaaqek_s009_t002,601.0,0,,,,,
eval,aaaaaqek,aaaaaqek_s009_t003,300.0,0,,,,,
eval,aaaaaqek,aaaaaqek_s009_t004,601.0,0,,,,,
eval,aaaaaqek,aaaaaqek_s009_t005,300.0,0,,,,,
eval,aaaaaqek,aaaaaqek_s009_t006,601.0,0,,,,,
eval,aaaaaqek,aaaaaqek_s009_t007,300.0,0,,,,,
eval,aaaaaqek,aaaaaqek_s009_t008,601.0,0,,,,,
eval,aaaaaqek,aaaaaqek_s009_t009,300.0,0,,,,,
eval,aaaaaqek,aaaaaqek_s009_t010,601.0,0,,,,,
eval,aaaaaqek,aaaaaqek_s010_t000,300.0,0,,,,,
eval,aaaaaqek,aaaaaqek_s010_t001,601.0,0,,,,,
eval,aaaaaqek,aaaaaqek_s010_t002,300.0,0,,,,,
eval,aaaaaqek,aaaaaqek_s010_t003,1325.0,1,1.0,413.0713,724.0358,310.9645,tcsz
eval,aaaaaqek,aaaaaqek_s010_t004,300.0,0,,,,,
eval,aaaaaqek,aaaaaqek_s010_t005,993.0,1,1.0,389.0067,479.2074,90.20069999999998,tcsz
eval,aaaaaqek,aaaaaqek_s010_t006,601.0,0,,,,,
eval,aaaaaqek,aaaaaqek_s010_t007,300.0,0,,,,,
eval,aaaaaqek,aaaaaqek_s010_t008,300.0,0,,,,,
eval,aaaaaqek,aaaaaqek_s010_t009,601.0,0,,,,,
eval,aaaaaqek,aaaaaqek_s011_t000,300.0,0,,,,,
eval,aaaaaqek,aaaaaqek_s011_t001,601.0,0,,,,,
eval,aaaaaqek,aaaaaqek_s011_t002,653.0,0,,,,,
eval,aaaaaqek,aaaaaqek_s011_t003,300.0,0,,,,,
eval,aaaaaqek,aaaaaqek_s011_t004,601.0,0,,,,,
eval,aaaaaqek,aaaaaqek_s011_t005,300.0,0,,,,,
eval,aaaaaqek,aaaaaqek_s011_t006,601.0,0,,,,,
eval,aaaaaqek,aaaaaqek_s011_t007,601.0,0,,,,,
eval,aaaaaqek,aaaaaqek_s011_t008,300.0,0,,,,,
eval,aaaaaqek,aaaaaqek_s011_t009,601.0,0,,,,,
eval,aaaaaqfm,aaaaaqfm_s005_t000,300.0,0,,,,,
eval,aaaaaqfm,aaaaaqfm_s005_t001,601.0,0,,,,,
eval,aaaaaqfm,aaaaaqfm_s005_t002,300.0,0,,,,,
eval,aaaaaqfm,aaaaaqfm_s005_t003,601.0,0,,,,,
eval,aaaaaqfm,aaaaaqfm_s005_t004,300.0,0,,,,,
eval,aaaaaqfm,aaaaaqfm_s005_t005,601.0,0,,,,,
eval,aaaaaqfm,aaaaaqfm_s005_t006,300.0,0,,,,,
eval,aaaaaqfm,aaaaaqfm_s005_t007,601.0,0,,,,,
eval,aaaaaqfm,aaaaaqfm_s005_t008,300.0,0,,,,,
eval,aaaaaqfm,aaaaaqfm_s005_t009,601.0,0,,,,,
eval,aaaaaqfm,aaaaaqfm_s007_t000,300.0,0,,,,,
eval,aaaaaqfm,aaaaaqfm_s007_t001,601.0,0,,,,,
eval,aaaaaqfm,aaaaaqfm_s007_t002,601.0,0,,,,,
eval,aaaaaqfm,aaaaaqfm_s007_t003,601.0,0,,,,,
eval,aaaaaqfm,aaaaaqfm_s007_t004,508.0,0,,,,,
eval,aaaaaqld,aaaaaqld_s001_t000,1439.0,0,,,,,
eval,aaaaaqld,aaaaaqld_s002_t001,292.0,0,,,,,
eval,aaaaaqld,aaaaaqld_s002_t002,601.0,0,,,,,
eval,aaaaaqld,aaaaaqld_s002_t003,1004.0,0,,,,,
eval,aaaaaqld,aaaaaqld_s002_t004,849.0,1,1.0,348.0101,450.1358,102.1257,fnsz
eval,aaaaaqld,aaaaaqld_s002_t005,300.0,0,,,,,
eval,aaaaaqld,aaaaaqld_s002_t006,921.0,1,1.0,373.9799,450.0167,76.03680000000003,fnsz
eval,aaaaaqld,aaaaaqld_s002_t007,601.0,0,,,,,
eval,aaaaaqld,aaaaaqld_s002_t008,300.0,0,,,,,
eval,aaaaaqld,aaaaaqld_s002_t009,601.0,0,,,,,
eval,aaaaaqld,aaaaaqld_s003_t000,300.0,0,,,,,
eval,aaaaaqld,aaaaaqld_s003_t001,601.0,0,,,,,
eval,aaaaaqld,aaaaaqld_s003_t002,774.0,1,1.0,330.1759,405.8754,75.6995,fnsz
eval,aaaaaqld,aaaaaqld_s003_t003,300.0,0,,,,,
eval,aaaaaqld,aaaaaqld_s003_t004,746.0,1,1.0,347.0045,409.0032,61.998699999999985,fnsz
eval,aaaaaqld,aaaaaqld_s003_t005,700.0,1,1.0,300.9959,376.029,75.03309999999999,fnsz
eval,aaaaaqld,aaaaaqld_s003_t006,694.0,1,1.0,302.815,369.9732,67.15820000000002,fnsz
eval,aaaaaqld,aaaaaqld_s003_t007,300.0,0,,,,,
eval,aaaaaqld,aaaaaqld_s003_t008,601.0,0,,,,,
eval,aaaaaqld,aaaaaqld_s003_t009,709.0,1,1.0,298.0201,400.0713,102.0512,fnsz
eval,aaaaaqld,aaaaaqld_s003_t010,915.0,1,1.0,300.9959,362.0036,61.0077,gnsz
eval,aaaaaqld,aaaaaqld_s003_t011,609.0,1,1.0,219.0936,300.0301,80.9365,fnsz
eval,aaaaaqld,aaaaaqld_s003_t012,683.0,1,1.0,299.9822,345.2037,45.22150000000005,fnsz
eval,aaaaaqld,aaaaaqld_s003_t013,669.0,1,1.0,301.5472,360.0569,58.50970000000001,fnsz
eval,aaaaaqld,aaaaaqld_s003_t014,300.0,0,,,,,
eval,aaaaaqld,aaaaaqld_s003_t015,673.0,1,1.0,294.9777,361.0611,66.08339999999998,fnsz
eval,aaaaaqld,aaaaaqld_s003_t016,693.0,1,1.0,312.9877,381.5149,68.5272,fnsz
eval,aaaaaqld,aaaaaqld_s003_t017,601.0,0,,,,,
eval,aaaaaqld,aaaaaqld_s003_t018,690.0,1,1.0,306.1841,374.3481,68.16399999999999,fnsz
eval,aaaaaqld,aaaaaqld_s004_t000,300.0,0,,,,,
eval,aaaaaqld,aaaaaqld_s004_t001,601.0,0,,,,,
eval,aaaaaqld,aaaaaqld_s004_t002,300.0,0,,,,,
eval,aaaaaqld,aaaaaqld_s004_t003,601.0,0,,,,,
eval,aaaaaqld,aaaaaqld_s004_t004,300.0,0,,,,,
eval,aaaaaqld,aaaaaqld_s004_t005,601.0,0,,,,,
eval,aaaaaqld,aaaaaqld_s004_t006,300.0,0,,,,,
eval,aaaaaqld,aaaaaqld_s004_t007,601.0,0,,,,,
eval,aaaaaqld,aaaaaqld_s004_t008,300.0,0,,,,,
eval,aaaaaqld,aaaaaqld_s004_t009,601.0,0,,,,,
eval,aaaaaqmo,aaaaaqmo_s001_t000,1776.0,5,1.0,91.0255,110.9247,19.899200000000008,gnsz
eval,aaaaaqmo,aaaaaqmo_s001_t000,1776.0,5,2.0,345.9498,372.9732,27.023400000000038,fnsz
eval,aaaaaqmo,aaaaaqmo_s001_t000,1776.0,5,3.0,538.9699,579.2598,40.28989999999999,fnsz
eval,aaaaaqmo,aaaaaqmo_s001_t000,1776.0,5,4.0,907.0613,931.9666,24.90530000000001,fnsz
eval,aaaaaqmo,aaaaaqmo_s001_t000,1776.0,5,5.0,1227.981,1253.9788,25.997800000000097,fnsz
eval,aaaaaqmo,aaaaaqmo_s001_t001,449.0,1,1.0,422.0056,438.0479,16.04230000000001,fnsz
eval,aaaaaqmo,aaaaaqmo_s001_t002,28.0,0,,,,,
eval,aaaaaqtq,aaaaaqtq_s003_t000,501.0,0,,,,,
eval,aaaaaqtq,aaaaaqtq_s003_t001,601.0,0,,,,,
eval,aaaaaqtq,aaaaaqtq_s003_t002,723.0,1,1.0,346.9777,366.7213,19.743599999999958,tcsz
eval,aaaaaqtq,aaaaaqtq_s003_t003,799.0,0,,,,,
eval,aaaaaqtq,aaaaaqtq_s003_t004,1107.0,1,1.0,344.0212,374.3779,30.35669999999999,tcsz
eval,aaaaaqtq,aaaaaqtq_s003_t005,302.0,0,,,,,
eval,aaaaaqtq,aaaaaqtq_s006_t000,300.0,0,,,,,
eval,aaaaaqtq,aaaaaqtq_s006_t001,601.0,0,,,,,
eval,aaaaaqtq,aaaaaqtq_s006_t002,660.0,0,,,,,
eval,aaaaaqtq,aaaaaqtq_s006_t003,779.0,0,,,,,
eval,aaaaaqtq,aaaaaqtq_s006_t004,1583.0,1,1.0,338.0136,352.0563,14.042700000000025,gnsz
eval,aaaaaqtq,aaaaaqtq_s006_t005,685.0,1,1.0,313.0231,330.1067,17.08359999999999,tcsz
eval,aaaaaqtq,aaaaaqtq_s006_t006,300.0,0,,,,,
eval,aaaaaqtq,aaaaaqtq_s006_t007,608.0,0,,,,,
eval,aaaaaqtq,aaaaaqtq_s006_t008,601.0,0,,,,,
eval,aaaaaqtw,aaaaaqtw_s001_t000,1476.0,3,1.0,323.9175,524.7324,200.81489999999997,cpsz
eval,aaaaaqtw,aaaaaqtw_s001_t000,1476.0,3,2.0,788.9688,998.9833,210.0145,cpsz
eval,aaaaaqtw,aaaaaqtw_s001_t000,1476.0,3,3.0,1301.0725,1445.8216,144.7491,cpsz
eval,aaaaaqtw,aaaaaqtw_s002_t000,158.0,1,1.0,113.9911,156.9967,43.0056,cpsz
eval,aaaaaqtw,aaaaaqtw_s002_t001,142.0,1,1.0,0.0041,73.5563,73.5522,cpsz
eval,aaaaaqtw,aaaaaqtw_s002_t002,601.0,1,1.0,466.9532,599.9353,132.9821,cpsz
eval,aaaaaqtw,aaaaaqtw_s002_t003,601.0,1,1.0,500.0323,600.0,99.96769999999998,cpsz
eval,aaaaaqtw,aaaaaqtw_s002_t004,850.0,1,1.0,337.981,488.0145,150.0335,cpsz
eval,aaaaaqtw,aaaaaqtw_s002_t005,531.0,1,1.0,358.9242,482.4827,123.55850000000004,cpsz
eval,aaaaaqtw,aaaaaqtw_s002_t006,276.0,0,,,,,
eval,aaaaaqtw,aaaaaqtw_s002_t007,601.0,1,1.0,50.5028,226.5284,176.0256,cpsz
eval,aaaaaqtw,aaaaaqtw_s002_t008,300.0,0,,,,,
eval,aaaaaqtw,aaaaaqtw_s002_t009,19.0,0,,,,,
eval,aaaaaqtw,aaaaaqtw_s002_t010,1030.0,2,1.0,344.6066,481.3167,136.7101,cpsz
eval,aaaaaqtw,aaaaaqtw_s002_t010,1030.0,2,2.0,562.9332,695.7926,132.85939999999994,cpsz
eval,aaaaaqtw,aaaaaqtw_s002_t011,300.0,1,1.0,181.922,299.0,117.078,cpsz
eval,aaaaaqtw,aaaaaqtw_s002_t012,300.0,1,1.0,271.8395,299.0,27.160500000000013,cpsz
eval,aaaaaqvx,aaaaaqvx_s002_t001,1800.0,15,1.0,31.5041,59.2295,27.7254,fnsz
eval,aaaaaqvx,aaaaaqvx_s002_t001,1800.0,15,2.0,169.7828,205.623,35.84019999999998,fnsz
eval,aaaaaqvx,aaaaaqvx_s002_t001,1800.0,15,3.0,297.8238,310.2418,12.418000000000006,fnsz
eval,aaaaaqvx,aaaaaqvx_s002_t001,1800.0,15,4.0,459.9385,475.9836,16.045100000000048,fnsz
eval,aaaaaqvx,aaaaaqvx_s002_t001,1800.0,15,5.0,523.7746,550.2705,26.495900000000006,fnsz
eval,aaaaaqvx,aaaaaqvx_s002_t001,1800.0,15,6.0,642.918,662.7746,19.856599999999958,fnsz
eval,aaaaaqvx,aaaaaqvx_s002_t001,1800.0,15,7.0,754.8852,789.9262,35.04099999999994,fnsz
eval,aaaaaqvx,aaaaaqvx_s002_t001,1800.0,15,8.0,913.0041,940.1148,27.11069999999995,fnsz
eval,aaaaaqvx,aaaaaqvx_s002_t001,1800.0,15,9.0,1025.8648,1039.082,13.217200000000048,fnsz
eval,aaaaaqvx,aaaaaqvx_s002_t001,1800.0,15,10.0,1066.8484,1109.4508,42.60239999999999,fnsz
eval,aaaaaqvx,aaaaaqvx_s002_t001,1800.0,15,11.0,1210.0123,1245.0533,35.04099999999994,fnsz
eval,aaaaaqvx,aaaaaqvx_s002_t001,1800.0,15,12.0,1317.959,1355.0287,37.06970000000001,fnsz
eval,aaaaaqvx,aaaaaqvx_s002_t001,1800.0,15,13.0,1451.5287,1490.2582,38.729499999999916,fnsz
eval,aaaaaqvx,aaaaaqvx_s002_t001,1800.0,15,14.0,1624.041,1660.0041,35.96310000000017,fnsz
eval,aaaaaqvx,aaaaaqvx_s002_t001,1800.0,15,15.0,1759.1967,1794.3607,35.16399999999999,fnsz
eval,aaaaaqvx,aaaaaqvx_s002_t002,862.0,1,1.0,361.0797,374.2935,13.213799999999992,fnsz
eval,aaaaaqvx,aaaaaqvx_s003_t001,278.0,0,,,,,
eval,aaaaaqvx,aaaaaqvx_s003_t002,1196.0,0,,,,,
eval,aaaaaqvx,aaaaaqvx_s003_t003,601.0,0,,,,,
eval,aaaaaqvx,aaaaaqvx_s003_t004,300.0,0,,,,,
eval,aaaaaqvx,aaaaaqvx_s003_t005,601.0,0,,,,,
eval,aaaaaqvx,aaaaaqvx_s003_t006,601.0,0,,,,,
eval,aaaaaqvx,aaaaaqvx_s003_t007,300.0,0,,,,,
eval,aaaaaqvx,aaaaaqvx_s003_t008,601.0,0,,,,,
eval,aaaaaqvx,aaaaaqvx_s007_t001,24.0,0,,,,,
eval,aaaaaqvx,aaaaaqvx_s008_t000,1800.0,0,,,,,
eval,aaaaaqvx,aaaaaqvx_s008_t001,923.0,0,,,,,
eval,aaaaaqvx,aaaaaqvx_s010_t000,300.0,0,,,,,
eval,aaaaaqvx,aaaaaqvx_s010_t001,601.0,0,,,,,
eval,aaaaaqvx,aaaaaqvx_s010_t002,300.0,0,,,,,
eval,aaaaaqvx,aaaaaqvx_s010_t003,601.0,0,,,,,
eval,aaaaaqvx,aaaaaqvx_s010_t004,300.0,0,,,,,
eval,aaaaaqvx,aaaaaqvx_s010_t005,601.0,0,,,,,
eval,aaaaaqvx,aaaaaqvx_s010_t006,300.0,0,,,,,
eval,aaaaaqvx,aaaaaqvx_s010_t007,601.0,0,,,,,
eval,aaaaaqxr,aaaaaqxr_s003_t000,1320.0,0,,,,,
eval,aaaaaraf,aaaaaraf_s001_t000,1800.0,1,1.0,414.8785,634.4398,219.56130000000002,gnsz
eval,aaaaaraf,aaaaaraf_s001_t001,25.0,0,,,,,
eval,aaaaaraf,aaaaaraf_s001_t002,24.0,0,,,,,
eval,aaaaaraf,aaaaaraf_s001_t003,583.0,0,,,,,
eval,aaaaaraf,aaaaaraf_s002_t000,141.0,0,,,,,
eval,aaaaaraf,aaaaaraf_s002_t001,877.0,0,,,,,
eval,aaaaaraf,aaaaaraf_s002_t002,391.0,0,,,,,
eval,aaaaaraf,aaaaaraf_s003_t000,27.0,0,,,,,
eval,aaaaaraf,aaaaaraf_s003_t003,327.0,0,,,,,
eval,aaaaaraf,aaaaaraf_s003_t004,485.0,0,,,,,
eval,aaaaaraf,aaaaaraf_s003_t005,22.0,0,,,,,
eval,aaaaaraf,aaaaaraf_s003_t006,507.0,0,,,,,
eval,aaaaaraf,aaaaaraf_s003_t007,56.0,0,,,,,
eval,aaaaaraf,aaaaaraf_s003_t008,419.0,0,,,,,
eval,aaaaaraf,aaaaaraf_s003_t009,408.0,0,,,,,
eval,aaaaaraf,aaaaaraf_s003_t010,485.0,0,,,,,
eval,aaaaaraf,aaaaaraf_s004_t000,298.0,0,,,,,
eval,aaaaaraf,aaaaaraf_s004_t001,198.0,0,,,,,
eval,aaaaaraf,aaaaaraf_s005_t000,231.0,0,,,,,
eval,aaaaaraf,aaaaaraf_s005_t001,231.0,0,,,,,
eval,aaaaaraf,aaaaaraf_s005_t002,311.0,0,,,,,
eval,aaaaaraf,aaaaaraf_s005_t003,301.0,0,,,,,
eval,aaaaaraf,aaaaaraf_s005_t004,361.0,0,,,,,
eval,aaaaaraf,aaaaaraf_s005_t005,474.0,0,,,,,
eval,aaaaaraf,aaaaaraf_s005_t006,430.0,0,,,,,
eval,aaaaaraf,aaaaaraf_s005_t010,187.0,0,,,,,
eval,aaaaaraf,aaaaaraf_s005_t011,199.0,0,,,,,
eval,aaaaaraf,aaaaaraf_s005_t012,331.0,0,,,,,
eval,aaaaaraf,aaaaaraf_s006_t000,232.0,0,,,,,
eval,aaaaaraf,aaaaaraf_s006_t001,287.0,0,,,,,
eval,aaaaaraf,aaaaaraf_s006_t002,205.0,0,,,,,
eval,aaaaaraf,aaaaaraf_s006_t003,199.0,0,,,,,
eval,aaaaardf,aaaaardf_s001_t001,1800.0,1,1.0,822.2992,929.9221,107.62289999999996,fnsz
eval,aaaaardf,aaaaardf_s001_t002,439.0,1,1.0,123.2887,176.1834,52.8947,fnsz
eval,aaaaardf,aaaaardf_s003_t000,1800.0,1,1.0,1410.0123,1460.1148,50.102499999999964,cpsz
eval,aaaaardf,aaaaardf_s003_t001,1699.0,1,1.0,540.4864,576.1005,35.61410000000001,cpsz
eval,aaaaardf,aaaaardf_s004_t000,966.0,1,1.0,541.2389,651.5892,110.35030000000006,cpsz
eval,aaaaardf,aaaaardf_s004_t001,721.0,1,1.0,307.0671,415.5705,108.5034,cpsz
eval,aaaaardf,aaaaardf_s004_t002,728.0,1,1.0,313.0191,419.078,106.0589,cpsz
eval,aaaaardf,aaaaardf_s004_t003,32.0,0,,,,,
eval,aaaaardf,aaaaardf_s004_t004,662.0,1,1.0,252.9809,355.3057,102.32480000000001,cpsz
eval,aaaaardf,aaaaardf_s004_t005,745.0,1,1.0,306.9331,438.0637,131.13059999999996,cpsz
eval,aaaaardf,aaaaardf_s004_t006,994.0,3,1.0,306.2548,418.8349,112.58010000000002,cpsz
eval,aaaaardf,aaaaardf_s004_t006,994.0,3,2.0,450.7484,472.8025,22.054100000000005,cpsz
eval,aaaaardf,aaaaardf_s004_t006,994.0,3,3.0,558.6975,681.0907,122.39319999999998,cpsz
eval,aaaaardf,aaaaardf_s004_t007,673.0,1,1.0,304.0901,345.406,41.3159,cpsz
eval,aaaaardf,aaaaardf_s004_t008,646.0,2,1.0,302.9586,342.1067,39.1481,cpsz
eval,aaaaardf,aaaaardf_s004_t008,646.0,2,2.0,470.9315,493.0053,22.07379999999995,cpsz
eval,aaaaardf,aaaaardf_s004_t009,300.0,0,,,,,
eval,aaaaardf,aaaaardf_s004_t010,655.0,2,1.0,318.6051,336.4952,17.890100000000018,cpsz
eval,aaaaardf,aaaaardf_s004_t010,655.0,2,2.0,413.164,429.5971,16.433100000000024,cpsz
eval,aaaaardf,aaaaardf_s004_t011,607.0,1,1.0,296.709,318.6321,21.923099999999977,cpsz
eval,aaaaardf,aaaaardf_s004_t012,612.0,2,1.0,286.3724,296.5329,10.160499999999956,cpsz
eval,aaaaardf,aaaaardf_s004_t012,612.0,2,2.0,300.6154,319.7425,19.127099999999984,cpsz
eval,aaaaardf,aaaaardf_s004_t013,613.0,1,1.0,286.9262,295.9866,9.060400000000016,cpsz
eval,aaaaardf,aaaaardf_s004_t014,606.0,1,1.0,444.0279,457.9732,13.945300000000032,cpsz
eval,aaaaardf,aaaaardf_s004_t015,605.0,1,1.0,481.4754,501.825,20.34960000000001,cpsz
eval,aaaaardf,aaaaardf_s004_t016,996.0,2,1.0,299.6867,310.1126,10.425900000000013,cpsz
eval,aaaaardf,aaaaardf_s004_t016,996.0,2,2.0,660.942,670.0959,9.153900000000021,cpsz
eval,aaaaardf,aaaaardf_s005_t001,608.0,0,,,,,
eval,aaaaardf,aaaaardf_s005_t002,300.0,0,,,,,
eval,aaaaardf,aaaaardf_s005_t003,617.0,1,1.0,301.1242,316.136,15.01180000000005,fnsz
eval,aaaaardf,aaaaardf_s005_t004,617.0,1,1.0,301.055,316.8036,15.74860000000001,fnsz
eval,aaaaardf,aaaaardf_s005_t005,607.0,0,,,,,
eval,aaaaardf,aaaaardf_s005_t006,617.0,0,,,,,
eval,aaaaardf,aaaaardf_s005_t007,605.0,0,,,,,
eval,aaaaardf,aaaaardf_s005_t008,608.0,0,,,,,
eval,aaaaardf,aaaaardf_s005_t009,300.0,0,,,,,
eval,aaaaardf,aaaaardf_s005_t010,473.0,0,,,,,
eval,aaaaardf,aaaaardf_s005_t011,1068.0,1,1.0,302.971,315.0378,12.0668,fnsz
eval,aaaaardf,aaaaardf_s005_t012,613.0,0,,,,,
eval,aaaaardf,aaaaardf_s005_t013,603.0,0,,,,,
eval,aaaaardf,aaaaardf_s005_t014,300.0,0,,,,,
eval,aaaaardf,aaaaardf_s005_t015,601.0,0,,,,,
eval,aaaaardf,aaaaardf_s005_t016,300.0,0,,,,,
eval,aaaaardf,aaaaardf_s006_t000,300.0,0,,,,,
eval,aaaaardf,aaaaardf_s006_t001,601.0,0,,,,,
eval,aaaaardf,aaaaardf_s006_t002,300.0,0,,,,,
eval,aaaaardf,aaaaardf_s006_t003,601.0,0,,,,,
eval,aaaaardf,aaaaardf_s006_t004,300.0,0,,,,,
eval,aaaaardf,aaaaardf_s006_t005,601.0,0,,,,,
eval,aaaaardf,aaaaardf_s006_t006,300.0,0,,,,,
eval,aaaaardf,aaaaardf_s006_t007,601.0,0,,,,,
eval,aaaaardf,aaaaardf_s006_t008,300.0,0,,,,,
eval,aaaaardf,aaaaardf_s006_t009,601.0,0,,,,,
eval,aaaaarei,aaaaarei_s007_t000,274.0,0,,,,,
eval,aaaaarei,aaaaarei_s007_t001,326.0,0,,,,,
eval,aaaaarei,aaaaarei_s007_t002,302.0,0,,,,,
eval,aaaaarei,aaaaarei_s007_t003,440.0,0,,,,,
eval,aaaaarei,aaaaarei_s008_t000,300.0,0,,,,,
eval,aaaaarei,aaaaarei_s008_t001,601.0,0,,,,,
eval,aaaaarei,aaaaarei_s008_t002,300.0,0,,,,,
eval,aaaaarei,aaaaarei_s008_t003,407.0,0,,,,,
eval,aaaaarei,aaaaarei_s008_t004,300.0,0,,,,,
eval,aaaaarei,aaaaarei_s008_t005,601.0,0,,,,,
eval,aaaaarei,aaaaarei_s008_t006,817.0,0,,,,,
eval,aaaaarei,aaaaarei_s008_t007,300.0,0,,,,,
eval,aaaaarei,aaaaarei_s008_t008,300.0,0,,,,,
eval,aaaaarei,aaaaarei_s008_t009,601.0,0,,,,,
eval,aaaaarei,aaaaarei_s014_t001,295.0,0,,,,,
eval,aaaaarei,aaaaarei_s014_t006,601.0,0,,,,,
eval,aaaaarei,aaaaarei_s014_t008,300.0,0,,,,,
eval,aaaaarei,aaaaarei_s014_t011,368.0,0,,,,,
eval,aaaaarei,aaaaarei_s014_t012,224.0,0,,,,,
eval,aaaaarei,aaaaarei_s014_t013,300.0,0,,,,,
eval,aaaaarei,aaaaarei_s014_t016,779.0,0,,,,,
eval,aaaaarei,aaaaarei_s014_t020,300.0,0,,,,,
eval,aaaaarei,aaaaarei_s014_t022,601.0,0,,,,,
eval,aaaaarjc,aaaaarjc_s007_t000,300.0,0,,,,,
eval,aaaaarjc,aaaaarjc_s007_t001,675.0,0,,,,,
eval,aaaaarjc,aaaaarjc_s007_t002,601.0,0,,,,,
eval,aaaaarjc,aaaaarjc_s007_t003,300.0,0,,,,,
eval,aaaaarjc,aaaaarjc_s007_t004,654.0,0,,,,,
eval,aaaaarjc,aaaaarjc_s007_t005,601.0,0,,,,,
eval,aaaaarjc,aaaaarjc_s007_t006,621.0,0,,,,,
eval,aaaaarjc,aaaaarjc_s007_t007,300.0,0,,,,,
eval,aaaaarjc,aaaaarjc_s007_t008,616.0,0,,,,,
eval,aaaaarjc,aaaaarjc_s007_t009,300.0,0,,,,,
eval,aaaaarjc,aaaaarjc_s007_t010,601.0,0,,,,,
eval,aaaaarjc,aaaaarjc_s010_t000,85.0,0,,,,,
eval,aaaaarjc,aaaaarjc_s010_t001,215.0,0,,,,,
eval,aaaaarjc,aaaaarjc_s010_t002,601.0,0,,,,,
eval,aaaaarjc,aaaaarjc_s010_t003,601.0,0,,,,,
eval,aaaaarjc,aaaaarjc_s010_t004,300.0,0,,,,,
eval,aaaaarjc,aaaaarjc_s010_t005,601.0,0,,,,,
eval,aaaaarjc,aaaaarjc_s010_t006,601.0,0,,,,,
eval,aaaaarjc,aaaaarjc_s010_t007,300.0,0,,,,,
eval,aaaaarjc,aaaaarjc_s010_t008,601.0,0,,,,,
eval,aaaaarjc,aaaaarjc_s010_t009,300.0,0,,,,,
eval,aaaaarjc,aaaaarjc_s010_t010,601.0,0,,,,,
eval,aaaaarml,aaaaarml_s007_t000,300.0,0,,,,,
eval,aaaaarml,aaaaarml_s007_t001,1296.0,1,1.0,442.9994,484.102,41.102599999999995,gnsz
eval,aaaaarml,aaaaarml_s007_t002,300.0,0,,,,,
eval,aaaaarml,aaaaarml_s007_t003,601.0,0,,,,,
eval,aaaaarml,aaaaarml_s007_t004,601.0,0,,,,,
eval,aaaaarml,aaaaarml_s007_t005,697.0,0,,,,,
eval,aaaaarml,aaaaarml_s007_t007,300.0,0,,,,,
eval,aaaaarml,aaaaarml_s007_t008,601.0,0,,,,,
eval,aaaaarml,aaaaarml_s007_t009,601.0,0,,,,,
eval,aaaaarml,aaaaarml_s007_t010,300.0,0,,,,,
eval,aaaaarnq,aaaaarnq_s002_t001,1800.0,2,1.0,449.5082,468.873,19.364800000000002,gnsz
eval,aaaaarnq,aaaaarnq_s002_t001,1800.0,2,2.0,1265.0943,1283.8443,18.75,gnsz
eval,aaaaarnq,aaaaarnq_s002_t002,1784.0,2,1.0,275.8852,295.8118,19.926600000000008,gnsz
eval,aaaaarnq,aaaaarnq_s002_t002,1784.0,2,2.0,1284.9729,1306.0016,21.02870000000007,gnsz
eval,aaaaarnq,aaaaarnq_s003_t001,267.0,0,,,,,
eval,aaaaarnq,aaaaarnq_s003_t002,601.0,1,1.0,536.2712,556.7846,20.513399999999933,gnsz
eval,aaaaarnq,aaaaarnq_s003_t003,601.0,1,1.0,147.4652,176.5363,29.0711,gnsz
eval,aaaaarnq,aaaaarnq_s003_t004,300.0,0,,,,,
eval,aaaaarnq,aaaaarnq_s003_t005,601.0,3,1.0,11.0101,21.9495,10.939400000000001,gnsz
eval,aaaaarnq,aaaaarnq_s003_t005,601.0,3,2.0,81.1929,110.237,29.0441,gnsz
eval,aaaaarnq,aaaaarnq_s003_t005,601.0,3,3.0,515.4514,543.4705,28.01909999999998,gnsz
eval,aaaaarnq,aaaaarnq_s003_t006,300.0,2,1.0,53.3054,72.8134,19.508000000000003,gnsz
eval,aaaaarnq,aaaaarnq_s003_t006,300.0,2,2.0,116.3043,155.4279,39.123599999999996,gnsz
eval,aaaaarnq,aaaaarnq_s003_t007,601.0,2,1.0,13.9482,64.1407,50.192499999999995,gnsz
eval,aaaaarnq,aaaaarnq_s003_t007,601.0,2,2.0,325.3641,377.4213,52.057199999999966,gnsz
eval,aaaaarnq,aaaaarnq_s003_t008,145.0,1,1.0,59.019,106.5581,47.5391,gnsz
eval,aaaaarnq,aaaaarnq_s003_t009,275.0,0,,,,,
eval,aaaaarnq,aaaaarnq_s003_t010,148.0,0,,,,,
eval,aaaaarnq,aaaaarnq_s003_t011,23.0,0,,,,,
eval,aaaaarnq,aaaaarnq_s004_t000,300.0,1,1.0,207.0307,258.6943,51.6636,gnsz
eval,aaaaarnq,aaaaarnq_s004_t001,601.0,1,1.0,223.5199,276.3766,52.85669999999999,gnsz
eval,aaaaarnq,aaaaarnq_s004_t002,601.0,1,1.0,331.088,389.5678,58.479799999999955,gnsz
eval,aaaaarnq,aaaaarnq_s004_t003,601.0,1,1.0,440.1116,481.921,41.80939999999998,gnsz
eval,aaaaarnq,aaaaarnq_s004_t004,300.0,1,1.0,200.1848,234.7386,34.553799999999995,gnsz
eval,aaaaarnq,aaaaarnq_s004_t005,601.0,0,,,,,
eval,aaaaarnq,aaaaarnq_s004_t006,601.0,2,1.0,249.1043,324.7493,75.64500000000001,gnsz
eval,aaaaarnq,aaaaarnq_s004_t006,601.0,2,2.0,454.3277,531.4696,77.14190000000002,gnsz
eval,aaaaarpu,aaaaarpu_s001_t004,1370.0,1,1.0,1288.9852,1332.1262,43.14099999999985,fnsz
eval,aaaaarpu,aaaaarpu_s003_t000,300.0,0,,,,,
eval,aaaaarpu,aaaaarpu_s003_t001,601.0,1,1.0,476.1266,497.079,20.95240000000001,fnsz
eval,aaaaarpu,aaaaarpu_s003_t002,1800.0,3,1.0,483.9482,532.1317,48.18350000000004,fnsz
eval,aaaaarpu,aaaaarpu_s003_t002,1800.0,3,2.0,907.8595,947.7258,39.866300000000024,fnsz
eval,aaaaarpu,aaaaarpu_s003_t002,1800.0,3,3.0,1363.9197,1410.7258,46.806100000000015,fnsz
eval,aaaaarpu,aaaaarpu_s003_t003,188.0,0,,,,,
eval,aaaaarpu,aaaaarpu_s003_t005,601.0,1,1.0,84.5539,126.8665,42.3126,fnsz
eval,aaaaarpu,aaaaarpu_s003_t006,300.0,0,,,,,
eval,aaaaarpu,aaaaarpu_s003_t007,601.0,0,,,,,
eval,aaaaarpu,aaaaarpu_s003_t008,601.0,0,,,,,
eval,aaaaarpu,aaaaarpu_s003_t009,300.0,0,,,,,
eval,aaaaarpu,aaaaarpu_s003_t010,601.0,0,,,,,
eval,aaaaarpu,aaaaarpu_s004_t000,300.0,0,,,,,
eval,aaaaarpu,aaaaarpu_s004_t001,601.0,0,,,,,
eval,aaaaarpu,aaaaarpu_s004_t002,17.0,0,,,,,
eval,aaaaarpu,aaaaarpu_s004_t003,300.0,0,,,,,
eval,aaaaarpu,aaaaarpu_s004_t004,601.0,0,,,,,
eval,aaaaarpu,aaaaarpu_s004_t005,300.0,0,,,,,
eval,aaaaarpu,aaaaarpu_s004_t006,601.0,0,,,,,
eval,aaaaarpu,aaaaarpu_s004_t007,601.0,0,,,,,
eval,aaaaarpu,aaaaarpu_s004_t008,300.0,0,,,,,
eval,aaaaarpu,aaaaarpu_s004_t009,601.0,0,,,,,
eval,aaaaarpu,aaaaarpu_s004_t010,300.0,0,,,,,
eval,aaaaarpu,aaaaarpu_s004_t011,601.0,0,,,,,
eval,aaaaarpv,aaaaarpv_s001_t000,300.0,0,,,,,
eval,aaaaarpv,aaaaarpv_s001_t001,810.0,0,,,,,
eval,aaaaarpv,aaaaarpv_s001_t002,1343.0,0,,,,,
eval,aaaaarpv,aaaaarpv_s001_t003,601.0,2,1.0,126.9927,214.8366,87.8439,fnsz
eval,aaaaarpv,aaaaarpv_s001_t003,601.0,2,2.0,431.0881,526.4559,95.36780000000005,fnsz
eval,aaaaarpv,aaaaarpv_s001_t004,998.0,2,1.0,43.3504,229.8422,186.49179999999998,fnsz
eval,aaaaarpv,aaaaarpv_s001_t004,998.0,2,2.0,384.0183,567.4917,183.47340000000003,fnsz
eval,aaaaarpv,aaaaarpv_s001_t005,300.0,0,,,,,
eval,aaaaarpv,aaaaarpv_s001_t006,601.0,1,1.0,304.7193,600.0,295.2807,fnsz
eval,aaaaarpv,aaaaarpv_s001_t007,957.0,1,1.0,135.1499,651.8378,516.6879,fnsz
eval,aaaaarpv,aaaaarpv_s002_t000,1127.0,3,1.0,135.0094,411.748,276.7386,fnsz
eval,aaaaarpv,aaaaarpv_s002_t000,1127.0,3,2.0,645.9495,796.6731,150.72360000000003,fnsz
eval,aaaaarpv,aaaaarpv_s002_t000,1127.0,3,3.0,1048.404,1126.0,77.596,fnsz
eval,aaaaarpv,aaaaarpv_s002_t001,601.0,2,1.0,141.1515,310.5077,169.3562,fnsz
eval,aaaaarpv,aaaaarpv_s002_t001,601.0,2,2.0,373.2205,566.7148,193.49429999999995,fnsz
eval,aaaaarpv,aaaaarpv_s002_t002,1021.0,3,1.0,1.0,143.2334,142.2334,fnsz
eval,aaaaarpv,aaaaarpv_s002_t002,1021.0,3,2.0,332.2929,712.0909,379.79800000000006,fnsz
eval,aaaaarpv,aaaaarpv_s002_t002,1021.0,3,3.0,892.101,1019.5213,127.4203,fnsz
eval,aaaaarpv,aaaaarpv_s002_t003,300.0,1,1.0,72.1203,299.0,226.8797,fnsz
eval,aaaaarpv,aaaaarpv_s002_t004,691.0,2,1.0,1.0,331.2626,330.2626,fnsz
eval,aaaaarpv,aaaaarpv_s002_t004,691.0,2,2.0,611.7655,689.9798,78.21429999999998,fnsz
eval,aaaaarpv,aaaaarpv_s002_t005,1014.0,1,1.0,287.0727,750.4949,463.42220000000003,fnsz
eval,aaaaarpv,aaaaarpv_s002_t006,1418.0,2,1.0,311.0666,427.9601,116.89350000000002,fnsz
eval,aaaaarpv,aaaaarpv_s002_t006,1418.0,2,2.0,1006.9404,1132.4173,125.47690000000011,fnsz
eval,aaaaarpv,aaaaarpv_s002_t007,300.0,1,1.0,183.5875,259.0519,75.46439999999998,fnsz
eval,aaaaarpv,aaaaarpv_s002_t008,601.0,1,1.0,522.9097,600.0,77.09029999999996,fnsz
eval,aaaaarpv,aaaaarpv_s002_t010,681.0,0,,,,,
eval,aaaaarpv,aaaaarpv_s002_t011,300.0,0,,,,,
eval,aaaaarpv,aaaaarpv_s002_t012,601.0,0,,,,,
eval,aaaaarpv,aaaaarpv_s002_t013,300.0,0,,,,,
eval,aaaaarpv,aaaaarpv_s002_t014,601.0,0,,,,,
eval,aaaaarpv,aaaaarpv_s003_t000,613.0,0,,,,,
eval,aaaaarpv,aaaaarpv_s003_t001,601.0,0,,,,,
eval,aaaaarpv,aaaaarpv_s003_t002,300.0,0,,,,,
eval,aaaaarpv,aaaaarpv_s003_t003,601.0,0,,,,,
eval,aaaaarpv,aaaaarpv_s003_t004,300.0,0,,,,,
eval,aaaaarpv,aaaaarpv_s003_t005,601.0,0,,,,,
eval,aaaaarpv,aaaaarpv_s003_t006,300.0,0,,,,,
eval,aaaaarpv,aaaaarpv_s003_t007,601.0,0,,,,,
eval,aaaaarpv,aaaaarpv_s003_t008,300.0,0,,,,,
eval,aaaaarpv,aaaaarpv_s003_t009,601.0,0,,,,,
eval,aaaaarto,aaaaarto_s001_t000,1800.0,0,,,,,
eval,aaaaasfw,aaaaasfw_s003_t001,297.0,0,,,,,
eval,aaaaasfw,aaaaasfw_s003_t003,601.0,0,,,,,
eval,aaaaasfw,aaaaasfw_s003_t005,300.0,0,,,,,
eval,aaaaasfw,aaaaasfw_s003_t006,601.0,0,,,,,
eval,aaaaasfw,aaaaasfw_s003_t009,601.0,0,,,,,
eval,aaaaasfw,aaaaasfw_s003_t010,300.0,0,,,,,
eval,aaaaasfw,aaaaasfw_s003_t011,601.0,0,,,,,
eval,aaaaasfw,aaaaasfw_s005_t000,300.0,0,,,,,
eval,aaaaasfw,aaaaasfw_s005_t002,300.0,0,,,,,
eval,aaaaasfw,aaaaasfw_s005_t003,601.0,0,,,,,
eval,aaaaasfw,aaaaasfw_s005_t004,300.0,0,,,,,
eval,aaaaasfw,aaaaasfw_s005_t007,722.0,1,1.0,325.3445,384.0123,58.6678,tcsz
eval,aaaaasfw,aaaaasfw_s005_t008,145.0,0,,,,,
eval,aaaaasfw,aaaaasfw_s005_t010,300.0,0,,,,,
eval,aaaaasfw,aaaaasfw_s005_t011,667.0,1,1.0,301.3052,365.9723,64.6671,tcsz
eval,aaaaasfw,aaaaasfw_s005_t012,300.0,0,,,,,
eval,aaaaasfw,aaaaasfw_s005_t014,601.0,0,,,,,
eval,aaaaasfw,aaaaasfw_s006_t000,300.0,0,,,,,
eval,aaaaasfw,aaaaasfw_s006_t001,601.0,0,,,,,
eval,aaaaasfw,aaaaasfw_s006_t002,300.0,0,,,,,
eval,aaaaasfw,aaaaasfw_s006_t003,601.0,0,,,,,
eval,aaaaasfw,aaaaasfw_s006_t004,123.0,0,,,,,
eval,aaaaasfw,aaaaasfw_s006_t005,300.0,0,,,,,
eval,aaaaasfw,aaaaasfw_s006_t006,601.0,0,,,,,
eval,aaaaasfw,aaaaasfw_s006_t007,300.0,0,,,,,
eval,aaaaasfw,aaaaasfw_s006_t008,300.0,0,,,,,
eval,aaaaasfw,aaaaasfw_s006_t009,601.0,0,,,,,
eval,aaaaasfw,aaaaasfw_s007_t000,300.0,0,,,,,
eval,aaaaasfw,aaaaasfw_s007_t001,601.0,0,,,,,
eval,aaaaasfw,aaaaasfw_s007_t002,300.0,0,,,,,
eval,aaaaasfw,aaaaasfw_s007_t003,601.0,0,,,,,
eval,aaaaasfw,aaaaasfw_s007_t004,300.0,0,,,,,
eval,aaaaasfw,aaaaasfw_s007_t005,601.0,0,,,,,
eval,aaaaasfw,aaaaasfw_s007_t006,300.0,0,,,,,
eval,aaaaasfw,aaaaasfw_s007_t007,601.0,0,,,,,
eval,aaaaasfw,aaaaasfw_s007_t008,300.0,0,,,,,
eval,aaaaasfw,aaaaasfw_s007_t009,601.0,0,,,,,
eval,aaaaasip,aaaaasip_s001_t000,1618.0,2,1.0,587.6053,685.4747,97.86939999999993,fnsz
eval,aaaaasip,aaaaasip_s001_t000,1618.0,2,2.0,802.1978,930.1311,127.93329999999992,fnsz
eval,aaaaasip,aaaaasip_s002_t000,589.0,0,,,,,
eval,aaaaasip,aaaaasip_s002_t001,601.0,0,,,,,
eval,aaaaasip,aaaaasip_s002_t002,770.0,0,,,,,
eval,aaaaasip,aaaaasip_s002_t003,601.0,0,,,,,
eval,aaaaasip,aaaaasip_s002_t004,742.0,1,1.0,305.0781,419.619,114.54090000000002,fnsz
eval,aaaaasip,aaaaasip_s002_t005,794.0,0,,,,,
eval,aaaaasip,aaaaasip_s002_t006,601.0,1,1.0,247.8309,374.3023,126.47139999999999,fnsz
eval,aaaaasip,aaaaasip_s002_t007,413.0,0,,,,,
eval,aaaaasip,aaaaasip_s003_t000,300.0,0,,,,,
eval,aaaaasip,aaaaasip_s003_t001,601.0,0,,,,,
eval,aaaaasip,aaaaasip_s003_t003,300.0,0,,,,,
eval,aaaaasip,aaaaasip_s003_t004,811.0,1,1.0,302.16,477.6387,175.47869999999995,fnsz
eval,aaaaasip,aaaaasip_s004_t000,1327.0,2,1.0,1.0,84.0582,83.0582,fnsz
eval,aaaaasip,aaaaasip_s004_t000,1327.0,2,2.0,998.0717,1124.5027,126.43100000000004,fnsz
eval,aaaaasip,aaaaasip_s007_t000,1800.0,0,,,,,
eval,aaaaasip,aaaaasip_s007_t001,1612.0,0,,,,,
eval,aaaaasip,aaaaasip_s008_t000,300.0,0,,,,,
eval,aaaaasip,aaaaasip_s008_t001,601.0,0,,,,,
eval,aaaaasip,aaaaasip_s008_t002,444.0,0,,,,,
eval,aaaaasip,aaaaasip_s008_t003,300.0,0,,,,,
eval,aaaaasip,aaaaasip_s008_t004,459.0,0,,,,,
eval,aaaaasip,aaaaasip_s008_t005,300.0,0,,,,,
eval,aaaaasip,aaaaasip_s008_t006,601.0,0,,,,,
eval,aaaaasip,aaaaasip_s008_t007,300.0,0,,,,,
eval,aaaaasip,aaaaasip_s008_t008,601.0,0,,,,,
eval,aaaaasjz,aaaaasjz_s001_t000,1321.0,3,1.0,136.5772,171.4698,34.89259999999999,gnsz
eval,aaaaasjz,aaaaasjz_s001_t000,1321.0,3,2.0,243.6644,275.3758,31.711400000000026,gnsz
eval,aaaaasjz,aaaaasjz_s001_t000,1321.0,3,3.0,902.0067,930.1342,28.12749999999994,gnsz
eval,aaaaasjz,aaaaasjz_s003_t000,45.0,0,,,,,
eval,aaaaasjz,aaaaasjz_s003_t001,29.0,0,,,,,
eval,aaaaasjz,aaaaasjz_s003_t002,177.0,0,,,,,
eval,aaaaasjz,aaaaasjz_s003_t003,49.0,0,,,,,
eval,aaaaasjz,aaaaasjz_s003_t004,601.0,0,,,,,
eval,aaaaasjz,aaaaasjz_s003_t005,20.0,0,,,,,
eval,aaaaasjz,aaaaasjz_s003_t006,601.0,0,,,,,
eval,aaaaasjz,aaaaasjz_s003_t007,601.0,0,,,,,
eval,aaaaasjz,aaaaasjz_s003_t008,300.0,0,,,,,
eval,aaaaasjz,aaaaasjz_s003_t009,601.0,0,,,,,
eval,aaaaasjz,aaaaasjz_s003_t010,601.0,0,,,,,
eval,aaaaasnu,aaaaasnu_s004_t000,300.0,0,,,,,
eval,aaaaasnu,aaaaasnu_s004_t001,601.0,0,,,,,
eval,aaaaasnu,aaaaasnu_s004_t002,601.0,0,,,,,
eval,aaaaasnu,aaaaasnu_s004_t003,300.0,0,,,,,
eval,aaaaasnu,aaaaasnu_s004_t004,601.0,0,,,,,
eval,aaaaasnu,aaaaasnu_s004_t005,300.0,0,,,,,
eval,aaaaasnu,aaaaasnu_s004_t006,601.0,0,,,,,
eval,aaaaasnu,aaaaasnu_s004_t007,300.0,0,,,,,
eval,aaaaasnu,aaaaasnu_s004_t008,601.0,0,,,,,
eval,aaaaasnu,aaaaasnu_s005_t000,300.0,0,,,,,
eval,aaaaasnu,aaaaasnu_s005_t001,601.0,0,,,,,
eval,aaaaasnu,aaaaasnu_s005_t002,300.0,0,,,,,
eval,aaaaasnu,aaaaasnu_s005_t003,601.0,0,,,,,
eval,aaaaasnu,aaaaasnu_s005_t004,300.0,0,,,,,
eval,aaaaasnu,aaaaasnu_s005_t005,601.0,0,,,,,
eval,aaaaasnu,aaaaasnu_s005_t006,300.0,0,,,,,
eval,aaaaasnu,aaaaasnu_s005_t007,601.0,0,,,,,
eval,aaaaasnu,aaaaasnu_s005_t008,300.0,0,,,,,
eval,aaaaasnu,aaaaasnu_s005_t009,601.0,0,,,,,
eval,aaaaasnu,aaaaasnu_s006_t000,300.0,0,,,,,
eval,aaaaasnu,aaaaasnu_s006_t001,601.0,0,,,,,
eval,aaaaasnu,aaaaasnu_s006_t002,300.0,0,,,,,
eval,aaaaasnu,aaaaasnu_s006_t003,601.0,0,,,,,
eval,aaaaasnu,aaaaasnu_s006_t004,300.0,0,,,,,
eval,aaaaasnu,aaaaasnu_s006_t005,601.0,0,,,,,
eval,aaaaasnu,aaaaasnu_s006_t006,300.0,0,,,,,
eval,aaaaasnu,aaaaasnu_s006_t007,601.0,0,,,,,
eval,aaaaasnu,aaaaasnu_s006_t008,300.0,0,,,,,
eval,aaaaasnu,aaaaasnu_s006_t009,601.0,0,,,,,
eval,aaaaasnu,aaaaasnu_s007_t000,300.0,0,,,,,
eval,aaaaasnu,aaaaasnu_s007_t001,601.0,0,,,,,
eval,aaaaasnu,aaaaasnu_s007_t002,601.0,0,,,,,
eval,aaaaasnu,aaaaasnu_s007_t003,601.0,0,,,,,
eval,aaaaasnu,aaaaasnu_s007_t004,300.0,0,,,,,
eval,aaaaasnu,aaaaasnu_s007_t005,601.0,0,,,,,
eval,aaaaasnu,aaaaasnu_s007_t006,495.0,0,,,,,
eval,aaaaasoc,aaaaasoc_s001_t000,1800.0,7,1.0,144.0041,192.3135,48.30940000000001,fnsz
eval,aaaaasoc,aaaaasoc_s001_t000,1800.0,7,2.0,515.9775,579.3381,63.36060000000009,fnsz
eval,aaaaasoc,aaaaasoc_s001_t000,1800.0,7,3.0,701.9877,762.1414,60.15369999999996,fnsz
eval,aaaaasoc,aaaaasoc_s001_t000,1800.0,7,4.0,879.9344,936.0615,56.12710000000004,fnsz
eval,aaaaasoc,aaaaasoc_s001_t000,1800.0,7,5.0,1200.1148,1260.6148,60.5,fnsz
eval,aaaaasoc,aaaaasoc_s001_t000,1800.0,7,6.0,1395.4918,1459.2418,63.75,fnsz
eval,aaaaasoc,aaaaasoc_s001_t000,1800.0,7,7.0,1592.4385,1656.9262,64.48770000000013,fnsz
eval,aaaaasoc,aaaaasoc_s001_t001,259.0,0,,,,,
eval,aaaaasoc,aaaaasoc_s003_t000,1657.0,0,,,,,
eval,aaaaasoc,aaaaasoc_s004_t000,300.0,1,1.0,79.7858,168.3762,88.59040000000002,fnsz
eval,aaaaasoc,aaaaasoc_s004_t001,747.0,2,1.0,24.9578,98.2619,73.3041,fnsz
eval,aaaaasoc,aaaaasoc_s004_t001,747.0,2,2.0,369.8171,446.4113,76.5942,fnsz
eval,aaaaasoc,aaaaasoc_s004_t002,603.0,0,,,,,
eval,aaaaasoc,aaaaasoc_s004_t003,300.0,0,,,,,
eval,aaaaasoc,aaaaasoc_s004_t004,601.0,0,,,,,
eval,aaaaasoc,aaaaasoc_s004_t005,613.0,0,,,,,
eval,aaaaasoc,aaaaasoc_s004_t006,300.0,0,,,,,
eval,aaaaasoc,aaaaasoc_s004_t007,300.0,0,,,,,
eval,aaaaasoc,aaaaasoc_s004_t008,601.0,0,,,,,
eval,aaaaasoc,aaaaasoc_s005_t000,300.0,0,,,,,
eval,aaaaasoc,aaaaasoc_s005_t001,601.0,0,,,,,
eval,aaaaasoc,aaaaasoc_s005_t002,300.0,0,,,,,
eval,aaaaasoc,aaaaasoc_s005_t003,601.0,0,,,,,
eval,aaaaasoc,aaaaasoc_s005_t004,300.0,0,,,,,
eval,aaaaasoc,aaaaasoc_s005_t005,300.0,0,,,,,
eval,aaaaasoc,aaaaasoc_s005_t006,601.0,0,,,,,
eval,aaaaasoc,aaaaasoc_s005_t007,601.0,0,,,,,
eval,aaaaasoc,aaaaasoc_s005_t008,300.0,0,,,,,
eval,aaaaasoc,aaaaasoc_s005_t009,601.0,0,,,,,
eval,aaaaasvq,aaaaasvq_s002_t000,1800.0,0,,,,,
eval,aaaaasvq,aaaaasvq_s002_t001,1125.0,0,,,,,
eval,aaaaasvq,aaaaasvq_s003_t000,300.0,0,,,,,
eval,aaaaasvq,aaaaasvq_s003_t002,601.0,0,,,,,
eval,aaaaasvq,aaaaasvq_s003_t003,754.0,0,,,,,
eval,aaaaasvq,aaaaasvq_s003_t004,601.0,0,,,,,
eval,aaaaasvq,aaaaasvq_s003_t005,300.0,0,,,,,
eval,aaaaasvq,aaaaasvq_s003_t006,601.0,0,,,,,
eval,aaaaasvq,aaaaasvq_s003_t007,300.0,0,,,,,
eval,aaaaasvq,aaaaasvq_s004_t000,300.0,0,,,,,
eval,aaaaasvq,aaaaasvq_s004_t001,601.0,0,,,,,
eval,aaaaasvq,aaaaasvq_s004_t002,601.0,0,,,,,
eval,aaaaasvq,aaaaasvq_s004_t003,601.0,0,,,,,
eval,aaaaasvq,aaaaasvq_s004_t004,601.0,0,,,,,
eval,aaaaasvq,aaaaasvq_s004_t005,601.0,0,,,,,
eval,aaaaasvq,aaaaasvq_s007_t001,605.0,0,,,,,
eval,aaaaasvq,aaaaasvq_s007_t002,601.0,0,,,,,
eval,aaaaasvq,aaaaasvq_s007_t003,300.0,0,,,,,
eval,aaaaasvq,aaaaasvq_s007_t004,601.0,0,,,,,
eval,aaaaasvq,aaaaasvq_s007_t005,601.0,0,,,,,
eval,aaaaasvq,aaaaasvq_s007_t006,754.0,0,,,,,
eval,aaaaasvq,aaaaasvq_s007_t007,601.0,0,,,,,
eval,aaaaaswc,aaaaaswc_s001_t001,1309.0,4,1.0,455.2148,714.6577,259.44289999999995,fnsz
eval,aaaaaswc,aaaaaswc_s001_t001,1309.0,4,2.0,720.0191,887.7898,167.77070000000003,fnsz
eval,aaaaaswc,aaaaaswc_s001_t001,1309.0,4,3.0,998.8631,1181.2197,182.35660000000007,fnsz
eval,aaaaaswc,aaaaaswc_s001_t001,1309.0,4,4.0,1188.6879,1308.0,119.3121000000001,fnsz
eval,aaaaaswc,aaaaaswc_s002_t001,285.0,3,1.0,1.0,93.2643,92.2643,fnsz
eval,aaaaaswc,aaaaaswc_s002_t001,285.0,3,2.0,103.2771,121.6051,18.32799999999999,fnsz
eval,aaaaaswc,aaaaaswc_s002_t001,285.0,3,3.0,155.2038,251.9663,96.76249999999999,fnsz
eval,aaaaaswc,aaaaaswc_s002_t002,746.0,5,1.0,98.9924,224.6178,125.62539999999998,fnsz
eval,aaaaaswc,aaaaaswc_s002_t002,746.0,5,2.0,268.0414,278.9013,10.859899999999982,fnsz
eval,aaaaaswc,aaaaaswc_s002_t002,746.0,5,3.0,298.8822,409.6146,110.73239999999998,fnsz
eval,aaaaaswc,aaaaaswc_s002_t002,746.0,5,4.0,503.1911,622.9045,119.71339999999998,fnsz
eval,aaaaaswc,aaaaaswc_s002_t002,746.0,5,5.0,637.7516,744.8217,107.07009999999991,fnsz
eval,aaaaaswc,aaaaaswc_s002_t003,745.0,3,1.0,1.0,57.4682,56.4682,fnsz
eval,aaaaaswc,aaaaaswc_s002_t003,745.0,3,2.0,110.5628,210.3248,99.76200000000001,fnsz
eval,aaaaaswc,aaaaaswc_s002_t003,745.0,3,3.0,299.8726,444.9045,145.0319,fnsz
eval,aaaaaswc,aaaaaswc_s002_t004,601.0,0,,,,,
eval,aaaaaswc,aaaaaswc_s002_t005,300.0,0,,,,,
eval,aaaaaswc,aaaaaswc_s002_t006,601.0,0,,,,,
eval,aaaaaswc,aaaaaswc_s002_t007,601.0,0,,,,,
eval,aaaaaswc,aaaaaswc_s002_t008,300.0,0,,,,,
eval,aaaaaswc,aaaaaswc_s002_t009,601.0,0,,,,,
eval,aaaaaswc,aaaaaswc_s003_t000,300.0,0,,,,,
eval,aaaaaswc,aaaaaswc_s003_t001,601.0,0,,,,,
eval,aaaaaswc,aaaaaswc_s003_t002,601.0,0,,,,,
eval,aaaaatao,aaaaatao_s001_t000,1279.0,0,,,,,
eval,aaaaatao,aaaaatao_s002_t000,300.0,0,,,,,
eval,aaaaatao,aaaaatao_s002_t001,601.0,0,,,,,
eval,aaaaatao,aaaaatao_s002_t002,790.0,0,,,,,
eval,aaaaatao,aaaaatao_s002_t003,705.0,0,,,,,
eval,aaaaatao,aaaaatao_s002_t004,711.0,0,,,,,
eval,aaaaatao,aaaaatao_s002_t005,703.0,1,1.0,331.0115,355.9567,24.9452,fnsz
eval,aaaaatao,aaaaatao_s002_t006,300.0,0,,,,,
eval,aaaaatao,aaaaatao_s002_t007,601.0,0,,,,,
eval,aaaaatao,aaaaatao_s002_t008,691.0,0,,,,,
eval,aaaaatao,aaaaatao_s002_t009,677.0,0,,,,,
eval,aaaaatao,aaaaatao_s002_t010,300.0,0,,,,,
eval,aaaaatao,aaaaatao_s002_t011,601.0,0,,,,,
eval,aaaaatao,aaaaatao_s003_t000,111.0,0,,,,,
eval,aaaaatao,aaaaatao_s003_t001,57.0,1,1.0,3.0355,24.7114,21.675900000000002,fnsz
eval,aaaaatba,aaaaatba_s002_t001,232.0,1,1.0,19.6,175.3089,155.7089,fnsz
eval,aaaaatba,aaaaatba_s002_t002,892.0,1,1.0,354.1371,499.301,145.1639,fnsz
eval,aaaaatba,aaaaatba_s002_t003,647.0,1,1.0,340.1171,487.0892,146.9721,fnsz
eval,aaaaatba,aaaaatba_s002_t004,601.0,0,,,,,
eval,aaaaatba,aaaaatba_s002_t005,601.0,0,,,,,
eval,aaaaatba,aaaaatba_s002_t006,758.0,0,,,,,
eval,aaaaatba,aaaaatba_s002_t007,601.0,0,,,,,
eval,aaaaatba,aaaaatba_s003_t000,300.0,0,,,,,
eval,aaaaatba,aaaaatba_s003_t001,794.0,0,,,,,
eval,aaaaatba,aaaaatba_s003_t002,1189.0,0,,,,,
eval,aaaaatba,aaaaatba_s003_t003,601.0,0,,,,,
eval,aaaaatba,aaaaatba_s003_t005,790.0,1,1.0,425.1818,480.1515,54.96969999999999,fnsz
eval,aaaaatba,aaaaatba_s003_t006,300.0,0,,,,,
eval,aaaaatba,aaaaatba_s003_t008,621.0,0,,,,,
eval,aaaaatba,aaaaatba_s003_t009,671.0,0,,,,,
eval,aaaaatba,aaaaatba_s003_t010,701.0,0,,,,,
eval,aaaaatba,aaaaatba_s003_t011,300.0,0,,,,,
eval,aaaaatba,aaaaatba_s003_t012,32.0,0,,,,,
eval,aaaaatba,aaaaatba_s003_t013,686.0,0,,,,,
eval,aaaaatba,aaaaatba_s003_t014,300.0,0,,,,,
eval,aaaaatba,aaaaatba_s003_t015,300.0,3,1.0,81.906,182.2051,100.29909999999998,fnsz
eval,aaaaatba,aaaaatba_s003_t015,300.0,3,2.0,233.1026,259.1538,26.051199999999994,fnsz
eval,aaaaatba,aaaaatba_s003_t015,300.0,3,3.0,278.0256,295.8718,17.84620000000001,fnsz
eval,aaaaatba,aaaaatba_s003_t016,601.0,0,,,,,
eval,aaaaatba,aaaaatba_s004_t000,300.0,0,,,,,
eval,aaaaatba,aaaaatba_s004_t001,601.0,0,,,,,
eval,aaaaatba,aaaaatba_s004_t002,601.0,0,,,,,
eval,aaaaatba,aaaaatba_s004_t003,300.0,0,,,,,
eval,aaaaatba,aaaaatba_s004_t004,622.0,0,,,,,
eval,aaaaatba,aaaaatba_s004_t005,300.0,0,,,,,
eval,aaaaatba,aaaaatba_s004_t006,601.0,0,,,,,
eval,aaaaatba,aaaaatba_s004_t007,601.0,0,,,,,
eval,aaaaatba,aaaaatba_s004_t008,300.0,0,,,,,
eval,aaaaatba,aaaaatba_s004_t009,601.0,0,,,,,
eval,aaaaatdq,aaaaatdq_s005_t000,300.0,0,,,,,
eval,aaaaatdq,aaaaatdq_s005_t001,601.0,0,,,,,
eval,aaaaatdq,aaaaatdq_s005_t002,300.0,0,,,,,
eval,aaaaatdq,aaaaatdq_s005_t003,601.0,0,,,,,
eval,aaaaatdq,aaaaatdq_s005_t004,300.0,0,,,,,
eval,aaaaatdq,aaaaatdq_s005_t005,601.0,0,,,,,
eval,aaaaatdq,aaaaatdq_s005_t006,300.0,0,,,,,
eval,aaaaatdt,aaaaatdt_s001_t000,114.0,1,1.0,41.1309,113.0,71.8691,gnsz
eval,aaaaatdt,aaaaatdt_s001_t001,1166.0,1,1.0,1.0,1162.9329,1161.9329,gnsz
eval,aaaaatdt,aaaaatdt_s003_t001,601.0,0,,,,,
eval,aaaaatdt,aaaaatdt_s003_t003,1069.0,4,1.0,301.0403,774.9329,473.8926,gnsz
eval,aaaaatdt,aaaaatdt_s003_t003,1069.0,4,2.0,812.8523,862.3591,49.5068,gnsz
eval,aaaaatdt,aaaaatdt_s003_t003,1069.0,4,3.0,886.9128,906.2416,19.3288,gnsz
eval,aaaaatdt,aaaaatdt_s003_t003,1069.0,4,4.0,1031.0403,1045.9799,14.939600000000155,gnsz
eval,aaaaatdt,aaaaatdt_s003_t004,300.0,0,,,,,
eval,aaaaatdt,aaaaatdt_s003_t005,300.0,0,,,,,
eval,aaaaatdt,aaaaatdt_s003_t006,601.0,0,,,,,
eval,aaaaatdt,aaaaatdt_s003_t007,1103.0,1,1.0,300.9732,891.2752,590.302,gnsz
eval,aaaaatdt,aaaaatdt_s003_t009,300.0,0,,,,,
eval,aaaaatdt,aaaaatdt_s003_t010,601.0,0,,,,,
eval,aaaaatdt,aaaaatdt_s004_t000,300.0,0,,,,,
eval,aaaaatdt,aaaaatdt_s004_t001,601.0,0,,,,,
eval,aaaaatdt,aaaaatdt_s004_t003,300.0,0,,,,,
eval,aaaaatdt,aaaaatdt_s004_t005,601.0,0,,,,,
eval,aaaaatdt,aaaaatdt_s004_t006,300.0,0,,,,,
eval,aaaaatdt,aaaaatdt_s004_t007,601.0,0,,,,,
eval,aaaaatdt,aaaaatdt_s004_t008,300.0,0,,,,,
eval,aaaaatdt,aaaaatdt_s004_t010,601.0,0,,,,,
eval,aaaaatdt,aaaaatdt_s004_t011,300.0,0,,,,,
eval,aaaaatdt,aaaaatdt_s004_t012,601.0,0,,,,,
train,aaaaaaac,aaaaaaac_s001_t000,301.0,1,1.0,36.8868,237.2101,200.32330000000002,cpsz
train,aaaaaaac,aaaaaaac_s001_t001,236.0,1,1.0,12.0764,200.3233,188.24689999999998,cpsz
train,aaaaaaac,aaaaaaac_s002_t000,262.0,1,1.0,16.0173,218.0379,202.0206,cpsz
train,aaaaaaac,aaaaaaac_s004_t000,321.0,0,,,,,
train,aaaaaaac,aaaaaaac_s004_t002,626.0,0,,,,,
train,aaaaaaac,aaaaaaac_s005_t000,336.0,0,,,,,
train,aaaaaaac,aaaaaaac_s005_t001,352.0,0,,,,,
train,aaaaaaac,aaaaaaac_s005_t002,306.0,0,,,,,
train,aaaaaaac,aaaaaaac_s005_t003,275.0,0,,,,,
train,aaaaaaag,aaaaaaag_s004_t000,1421.0,0,,,,,
train,aaaaaaag,aaaaaaag_s004_t001,101.0,0,,,,,
train,aaaaaaag,aaaaaaag_s004_t002,473.0,0,,,,,
train,aaaaaaag,aaaaaaag_s005_t000,753.0,1,1.0,57.9625,72.5225,14.559999999999995,cpsz
train,aaaaaaag,aaaaaaag_s006_t000,131.0,0,,,,,
train,aaaaaaag,aaaaaaag_s006_t001,1121.0,0,,,,,
train,aaaaaaag,aaaaaaag_s006_t002,600.0,0,,,,,
train,aaaaaaar,aaaaaaar_s003_t000,1238.0,0,,,,,
train,aaaaaaav,aaaaaaav_s001_t000,1800.0,0,,,,,
train,aaaaaaav,aaaaaaav_s001_t001,192.0,0,,,,,
train,aaaaaabg,aaaaaabg_s002_t000,1226.0,0,,,,,
train,aaaaaacc,aaaaaacc_s004_t000,1294.0,0,,,,,
train,aaaaaacz,aaaaaacz_s001_t001,1196.0,0,,,,,
train,aaaaaacz,aaaaaacz_s003_t000,1205.0,0,,,,,
train,aaaaaacz,aaaaaacz_s006_t000,1391.0,2,1.0,86.0306,109.6364,23.605799999999988,fnsz
train,aaaaaacz,aaaaaacz_s006_t000,1391.0,2,2.0,1140.0394,1185.0722,45.03280000000018,gnsz
train,aaaaaaed,aaaaaaed_s001_t000,120.0,0,,,,,
train,aaaaaaed,aaaaaaed_s001_t001,1395.0,0,,,,,
train,aaaaaafn,aaaaaafn_s001_t001,1279.0,0,,,,,
train,aaaaaafs,aaaaaafs_s001_t000,123.0,0,,,,,
train,aaaaaafs,aaaaaafs_s001_t001,1381.0,0,,,,,
train,aaaaaagt,aaaaaagt_s001_t000,120.0,0,,,,,
train,aaaaaagt,aaaaaagt_s001_t001,1701.0,0,,,,,
train,aaaaaahc,aaaaaahc_s003_t000,1436.0,0,,,,,
train,aaaaaaii,aaaaaaii_s002_t001,1243.0,0,,,,,
train,aaaaaajk,aaaaaajk_s001_t000,889.0,0,,,,,
train,aaaaaajk,aaaaaajk_s001_t001,316.0,0,,,,,
train,aaaaaajk,aaaaaajk_s003_t001,1246.0,0,,,,,
train,aaaaaaju,aaaaaaju_s001_t000,1200.0,0,,,,,
train,aaaaaaju,aaaaaaju_s002_t000,1103.0,0,,,,,
train,aaaaaaju,aaaaaaju_s003_t000,1206.0,0,,,,,
train,aaaaaaju,aaaaaaju_s005_t000,1442.0,0,,,,,
train,aaaaaaju,aaaaaaju_s006_t001,1197.0,0,,,,,
train,aaaaaaju,aaaaaaju_s007_t000,1244.0,0,,,,,
train,aaaaaajv,aaaaaajv_s002_t000,1425.0,0,,,,,
train,aaaaaakm,aaaaaakm_s007_t000,194.0,0,,,,,
train,aaaaaakm,aaaaaakm_s007_t001,235.0,0,,,,,
train,aaaaaakm,aaaaaakm_s007_t002,185.0,0,,,,,
train,aaaaaakm,aaaaaakm_s007_t003,302.0,0,,,,,
train,aaaaaakm,aaaaaakm_s007_t004,102.0,0,,,,,
train,aaaaaakm,aaaaaakm_s007_t005,214.0,0,,,,,
train,aaaaaakm,aaaaaakm_s008_t000,305.0,0,,,,,
train,aaaaaakm,aaaaaakm_s008_t001,181.0,0,,,,,
train,aaaaaakm,aaaaaakm_s008_t002,245.0,0,,,,,
train,aaaaaakm,aaaaaakm_s008_t003,184.0,0,,,,,
train,aaaaaakm,aaaaaakm_s008_t004,255.0,0,,,,,
train,aaaaaakm,aaaaaakm_s008_t005,184.0,0,,,,,
train,aaaaaakv,aaaaaakv_s001_t000,1209.0,1,1.0,9.048,1206.908,1197.86,fnsz
train,aaaaaalb,aaaaaalb_s002_t001,1217.0,0,,,,,
train,aaaaaald,aaaaaald_s001_t000,1402.0,0,,,,,
train,aaaaaalq,aaaaaalq_s001_t000,1360.0,0,,,,,
train,aaaaaalq,aaaaaalq_s002_t000,151.0,0,,,,,
train,aaaaaalq,aaaaaalq_s002_t001,463.0,0,,,,,
train,aaaaaalq,aaaaaalq_s002_t002,492.0,0,,,,,
train,aaaaaalq,aaaaaalq_s002_t003,664.0,0,,,,,
train,aaaaaalq,aaaaaalq_s002_t004,554.0,0,,,,,
train,aaaaaalq,aaaaaalq_s002_t005,163.0,0,,,,,
train,aaaaaalq,aaaaaalq_s002_t006,1463.0,0,,,,,
train,aaaaaamp,aaaaaamp_s003_t000,1280.0,0,,,,,
train,aaaaaapo,aaaaaapo_s002_t000,1225.0,0,,,,,
train,aaaaaaqc,aaaaaaqc_s004_t001,1226.0,0,,,,,
train,aaaaaaqc,aaaaaaqc_s005_t000,1219.0,0,,,,,
train,aaaaaaqc,aaaaaaqc_s011_t000,1206.0,0,,,,,
train,aaaaaaql,aaaaaaql_s001_t000,1504.0,0,,,,,
train,aaaaaasf,aaaaaasf_s001_t000,1289.0,17,1.0,42.2786,81.776,39.4974,fnsz
train,aaaaaasf,aaaaaasf_s001_t000,1289.0,17,2.0,133.804,162.1105,28.3065,fnsz
train,aaaaaasf,aaaaaasf_s001_t000,1289.0,17,3.0,222.636,246.14,23.50399999999999,fnsz
train,aaaaaasf,aaaaaasf_s001_t000,1289.0,17,4.0,291.424,316.456,25.03200000000004,fnsz
train,aaaaaasf,aaaaaasf_s001_t000,1289.0,17,5.0,451.688,479.392,27.704000000000008,fnsz
train,aaaaaasf,aaaaaasf_s001_t000,1289.0,17,6.0,540.656,565.772,25.1160000000001,fnsz
train,aaaaaasf,aaaaaasf_s001_t000,1289.0,17,7.0,602.38,630.508,28.128000000000043,fnsz
train,aaaaaasf,aaaaaasf_s001_t000,1289.0,17,8.0,766.856,785.576,18.720000000000027,fnsz
train,aaaaaasf,aaaaaasf_s001_t000,1289.0,17,9.0,831.736,850.976,19.24000000000001,fnsz
train,aaaaaasf,aaaaaasf_s001_t000,1289.0,17,10.0,864.232,894.636,30.403999999999996,fnsz
train,aaaaaasf,aaaaaasf_s001_t000,1289.0,17,11.0,917.2,926.2746,9.074599999999919,fnsz
train,aaaaaasf,aaaaaasf_s001_t000,1289.0,17,12.0,943.852,961.56,17.70799999999997,fnsz
train,aaaaaasf,aaaaaasf_s001_t000,1289.0,17,13.0,972.676,997.036,24.3599999999999,fnsz
train,aaaaaasf,aaaaaasf_s001_t000,1289.0,17,14.0,1039.012,1057.72,18.708000000000084,fnsz
train,aaaaaasf,aaaaaasf_s001_t000,1289.0,17,15.0,1078.76,1105.608,26.847999999999956,fnsz
train,aaaaaasf,aaaaaasf_s001_t000,1289.0,17,16.0,1163.272,1186.848,23.576000000000022,fnsz
train,aaaaaasf,aaaaaasf_s001_t000,1289.0,17,17.0,1274.236,1285.572,11.335999999999785,fnsz
train,aaaaaasf,aaaaaasf_s002_t000,1224.0,0,,,,,
train,aaaaaasy,aaaaaasy_s001_t001,1363.0,1,1.0,121.4946,138.3357,16.841099999999997,absz
train,aaaaaasy,aaaaaasy_s002_t000,1199.0,4,1.0,234.7796,279.012,44.23240000000001,gnsz
train,aaaaaasy,aaaaaasy_s002_t000,1199.0,4,2.0,316.6263,326.876,10.249699999999962,gnsz
train,aaaaaasy,aaaaaasy_s002_t000,1199.0,4,3.0,350.312,381.9981,31.68610000000001,gnsz
train,aaaaaasy,aaaaaasy_s002_t000,1199.0,4,4.0,418.192,431.7364,13.544399999999996,gnsz
train,aaaaaasy,aaaaaasy_s003_t000,165.0,1,1.0,6.2825,35.8875,29.605000000000004,gnsz
train,aaaaaasy,aaaaaasy_s003_t001,184.0,1,1.0,33.1425,53.0008,19.8583,gnsz
train,aaaaaasy,aaaaaasy_s003_t002,129.0,1,1.0,9.7925,29.1241,19.331599999999998,gnsz
train,aaaaaasy,aaaaaasy_s003_t003,149.0,0,,,,,
train,aaaaaasy,aaaaaasy_s003_t004,339.0,2,1.0,10.2775,35.7775,25.500000000000004,gnsz
train,aaaaaasy,aaaaaasy_s003_t004,339.0,2,2.0,102.2525,142.9802,40.7277,gnsz
train,aaaaaasy,aaaaaasy_s003_t005,74.0,1,1.0,9.555,30.485,20.93,gnsz
train,aaaaaasy,aaaaaasy_s003_t006,75.0,1,1.0,25.3025,44.9575,19.655000000000005,gnsz
train,aaaaaasy,aaaaaasy_s003_t007,165.0,2,1.0,8.5325,34.9854,26.4529,gnsz
train,aaaaaasy,aaaaaasy_s003_t007,165.0,2,2.0,87.145,111.1675,24.022500000000008,gnsz
train,aaaaaasy,aaaaaasy_s003_t008,71.0,1,1.0,2.9212,32.3607,29.439500000000002,gnsz
train,aaaaaasy,aaaaaasy_s003_t009,71.0,0,,,,,
train,aaaaaasy,aaaaaasy_s003_t010,265.0,1,1.0,34.8275,63.0425,28.214999999999996,gnsz
train,aaaaaasy,aaaaaasy_s003_t011,63.0,1,1.0,9.1971,23.5505,14.353399999999999,gnsz
train,aaaaaasy,aaaaaasy_s003_t012,84.0,1,1.0,5.285,26.4575,21.1725,gnsz
train,aaaaaasy,aaaaaasy_s003_t013,65.0,1,1.0,19.7015,28.5202,8.8187,gnsz
train,aaaaaasy,aaaaaasy_s003_t014,68.0,0,,,,,
train,aaaaaasy,aaaaaasy_s003_t015,73.0,0,,,,,
train,aaaaaasy,aaaaaasy_s004_t000,309.0,0,,,,,
train,aaaaaasy,aaaaaasy_s004_t001,303.0,0,,,,,
train,aaaaaasy,aaaaaasy_s004_t002,364.0,0,,,,,
train,aaaaaasy,aaaaaasy_s004_t003,483.0,0,,,,,
train,aaaaaasy,aaaaaasy_s005_t000,11.0,0,,,,,
train,aaaaaasy,aaaaaasy_s005_t001,315.0,0,,,,,
train,aaaaaasy,aaaaaasy_s005_t002,65.0,0,,,,,
train,aaaaaasy,aaaaaasy_s005_t003,64.0,0,,,,,
train,aaaaaasy,aaaaaasy_s005_t004,313.0,0,,,,,
train,aaaaaasy,aaaaaasy_s005_t005,247.0,0,,,,,
train,aaaaaasy,aaaaaasy_s005_t006,302.0,0,,,,,
train,aaaaaatf,aaaaaatf_s001_t000,22.0,0,,,,,
train,aaaaaatf,aaaaaatf_s001_t001,134.0,0,,,,,
train,aaaaaatf,aaaaaatf_s001_t002,126.0,0,,,,,
train,aaaaaatf,aaaaaatf_s001_t003,1332.0,0,,,,,
train,aaaaaatf,aaaaaatf_s001_t004,541.0,0,,,,,
train,aaaaaatf,aaaaaatf_s001_t005,171.0,0,,,,,
train,aaaaaatf,aaaaaatf_s001_t006,190.0,0,,,,,
train,aaaaaatf,aaaaaatf_s002_t000,1193.0,0,,,,,
train,aaaaaatf,aaaaaatf_s002_t001,1800.0,0,,,,,
train,aaaaaatf,aaaaaatf_s002_t002,548.0,0,,,,,
train,aaaaaati,aaaaaati_s003_t000,1200.0,0,,,,,
train,aaaaaaug,aaaaaaug_s001_t000,1540.0,0,,,,,
train,aaaaaaug,aaaaaaug_s002_t000,100.0,0,,,,,
train,aaaaaaug,aaaaaaug_s002_t001,354.0,0,,,,,
train,aaaaaaug,aaaaaaug_s002_t002,275.0,0,,,,,
train,aaaaaaug,aaaaaaug_s002_t003,385.0,0,,,,,
train,aaaaaaug,aaaaaaug_s002_t004,105.0,0,,,,,
train,aaaaaaug,aaaaaaug_s002_t005,194.0,0,,,,,
train,aaaaaaug,aaaaaaug_s002_t006,201.0,0,,,,,
train,aaaaaaug,aaaaaaug_s002_t007,185.0,0,,,,,
train,aaaaaaug,aaaaaaug_s002_t008,195.0,0,,,,,
train,aaaaaaug,aaaaaaug_s002_t009,153.0,0,,,,,
train,aaaaaaug,aaaaaaug_s003_t000,125.0,0,,,,,
train,aaaaaaug,aaaaaaug_s003_t001,233.0,0,,,,,
train,aaaaaaug,aaaaaaug_s004_t001,1209.0,0,,,,,
train,aaaaaauj,aaaaaauj_s001_t001,1222.0,0,,,,,
train,aaaaaauj,aaaaaauj_s002_t001,1312.0,1,1.0,130.8746,192.1065,61.231900000000024,fnsz
train,aaaaaauj,aaaaaauj_s003_t001,1383.0,3,1.0,196.0722,219.4351,23.362899999999996,fnsz
train,aaaaaauj,aaaaaauj_s003_t001,1383.0,3,2.0,464.9245,490.3185,25.39399999999995,fnsz
train,aaaaaauj,aaaaaauj_s003_t001,1383.0,3,3.0,1317.0,1375.485,58.4849999999999,fnsz
train,aaaaaauj,aaaaaauj_s004_t000,1245.0,0,,,,,
train,aaaaaavx,aaaaaavx_s006_t000,1143.0,0,,,,,
train,aaaaaavx,aaaaaavx_s006_t001,401.0,0,,,,,
train,aaaaaawc,aaaaaawc_s001_t001,1204.0,3,1.0,318.1371,361.2754,43.138300000000015,fnsz
train,aaaaaawc,aaaaaawc_s001_t001,1204.0,3,2.0,666.476,714.971,48.495000000000005,fnsz
train,aaaaaawc,aaaaaawc_s001_t001,1204.0,3,3.0,1136.9643,1187.1873,50.222999999999956,fnsz
train,aaaaaawc,aaaaaawc_s002_t001,1352.0,0,,,,,
train,aaaaaawe,aaaaaawe_s001_t001,1368.0,0,,,,,
train,aaaaaawf,aaaaaawf_s002_t000,1537.0,0,,,,,
train,aaaaaaxa,aaaaaaxa_s006_t000,227.0,0,,,,,
train,aaaaaaxa,aaaaaaxa_s006_t001,1191.0,0,,,,,
train,aaaaaaxg,aaaaaaxg_s001_t000,1208.0,0,,,,,
train,aaaaaaxl,aaaaaaxl_s001_t000,514.0,1,1.0,169.228,203.328,34.099999999999994,cpsz
train,aaaaaaxl,aaaaaaxl_s002_t001,1186.0,0,,,,,
train,aaaaaayg,aaaaaayg_s002_t000,461.0,0,,,,,
train,aaaaaayg,aaaaaayg_s002_t001,550.0,1,1.0,10.0981,111.854,101.7559,tcsz
train,aaaaaayg,aaaaaayg_s002_t002,20.0,0,,,,,
train,aaaaaayg,aaaaaayg_s002_t003,415.0,0,,,,,
train,aaaaaayg,aaaaaayg_s002_t004,9.0,0,,,,,
train,aaaaaazj,aaaaaazj_s003_t000,48.0,0,,,,,
train,aaaaaazj,aaaaaazj_s003_t001,1185.0,0,,,,,
train,aaaaabbc,aaaaabbc_s001_t000,1800.0,0,,,,,
train,aaaaabbc,aaaaabbc_s001_t001,7.0,0,,,,,
train,aaaaabbd,aaaaabbd_s001_t000,127.0,0,,,,,
train,aaaaabbd,aaaaabbd_s001_t001,1195.0,0,,,,,
train,aaaaabcy,aaaaabcy_s001_t000,1202.0,0,,,,,
train,aaaaabdi,aaaaabdi_s001_t000,1564.0,0,,,,,
train,aaaaabdv,aaaaabdv_s001_t000,60.0,0,,,,,
train,aaaaabdv,aaaaabdv_s001_t001,1240.0,1,1.0,820.984,866.016,45.031999999999925,tcsz
train,aaaaabfo,aaaaabfo_s003_t001,1326.0,1,1.0,258.092,279.44,21.348000000000013,gnsz
train,aaaaabfv,aaaaabfv_s001_t000,1453.0,0,,,,,
train,aaaaabgs,aaaaabgs_s001_t000,1800.0,0,,,,,
train,aaaaabgs,aaaaabgs_s001_t001,7.0,0,,,,,
train,aaaaabgs,aaaaabgs_s002_t000,1646.0,0,,,,,
train,aaaaabhz,aaaaabhz_s002_t000,1601.0,10,1.0,20.636,115.516,94.88000000000001,cpsz
train,aaaaabhz,aaaaabhz_s002_t000,1601.0,10,2.0,181.14,277.1,95.96000000000004,cpsz
train,aaaaabhz,aaaaabhz_s002_t000,1601.0,10,3.0,337.1,423.828,86.72799999999995,cpsz
train,aaaaabhz,aaaaabhz_s002_t000,1601.0,10,4.0,489.884,576.86,86.976,cpsz
train,aaaaabhz,aaaaabhz_s002_t000,1601.0,10,5.0,643.744,733.358,89.61399999999992,cpsz
train,aaaaabhz,aaaaabhz_s002_t000,1601.0,10,6.0,801.684,876.0815,74.39750000000004,cpsz
train,aaaaabhz,aaaaabhz_s002_t000,1601.0,10,7.0,944.012,1026.2029,82.19090000000006,cpsz
train,aaaaabhz,aaaaabhz_s002_t000,1601.0,10,8.0,1118.98,1212.088,93.10799999999995,cpsz
train,aaaaabhz,aaaaabhz_s002_t000,1601.0,10,9.0,1273.7128,1396.068,122.35519999999997,cpsz
train,aaaaabhz,aaaaabhz_s002_t000,1601.0,10,10.0,1420.072,1521.948,101.8760000000002,cpsz
train,aaaaabhz,aaaaabhz_s003_t000,800.0,5,1.0,31.05,117.0375,85.9875,cpsz
train,aaaaabhz,aaaaabhz_s003_t000,800.0,5,2.0,164.0275,295.58,131.55249999999998,cpsz
train,aaaaabhz,aaaaabhz_s003_t000,800.0,5,3.0,329.0825,411.1825,82.10000000000002,cpsz
train,aaaaabhz,aaaaabhz_s003_t000,800.0,5,4.0,474.7525,577.1825,102.43,cpsz
train,aaaaabhz,aaaaabhz_s003_t000,800.0,5,5.0,662.5575,755.045,92.48749999999995,cpsz
train,aaaaabhz,aaaaabhz_s003_t001,655.0,4,1.0,39.9283,157.0375,117.10919999999999,cpsz
train,aaaaabhz,aaaaabhz_s003_t001,655.0,4,2.0,211.57,318.185,106.61500000000001,cpsz
train,aaaaabhz,aaaaabhz_s003_t001,655.0,4,3.0,362.06,468.1375,106.07749999999999,cpsz
train,aaaaabhz,aaaaabhz_s003_t001,655.0,4,4.0,515.1334,622.3045,107.17109999999991,cpsz
train,aaaaabhz,aaaaabhz_s003_t002,355.0,2,1.0,16.205,126.2978,110.0928,cpsz
train,aaaaabhz,aaaaabhz_s003_t002,355.0,2,2.0,196.2911,300.1706,103.87949999999998,cpsz
train,aaaaabhz,aaaaabhz_s003_t003,378.0,3,1.0,45.2153,145.0933,99.878,cpsz
train,aaaaabhz,aaaaabhz_s003_t003,378.0,3,2.0,179.9725,230.095,50.1225,cpsz
train,aaaaabhz,aaaaabhz_s003_t003,378.0,3,3.0,325.0366,370.11,45.07339999999999,cpsz
train,aaaaabhz,aaaaabhz_s007_t001,1233.0,0,,,,,
train,aaaaabhz,aaaaabhz_s008_t000,775.0,4,1.0,30.1167,86.105,55.9883,cpsz
train,aaaaabhz,aaaaabhz_s008_t000,775.0,4,2.0,206.7436,290.1325,83.3889,cpsz
train,aaaaabhz,aaaaabhz_s008_t000,775.0,4,3.0,416.104,497.0725,80.9685,cpsz
train,aaaaabhz,aaaaabhz_s008_t000,775.0,4,4.0,621.0395,704.99,83.95050000000003,cpsz
train,aaaaabhz,aaaaabhz_s009_t000,255.0,1,1.0,36.962,136.2425,99.2805,cpsz
train,aaaaabhz,aaaaabhz_s009_t001,425.0,2,1.0,29.005,119.0875,90.08250000000001,cpsz
train,aaaaabhz,aaaaabhz_s009_t001,425.0,2,2.0,324.1425,411.2425,87.10000000000002,cpsz
train,aaaaabhz,aaaaabhz_s009_t002,275.0,1,1.0,34.9725,123.8463,88.8738,cpsz
train,aaaaabhz,aaaaabhz_s009_t003,465.0,2,1.0,10.94,106.143,95.203,cpsz
train,aaaaabhz,aaaaabhz_s009_t003,465.0,2,2.0,311.16,414.2219,103.06189999999998,cpsz
train,aaaaabhz,aaaaabhz_s009_t004,175.0,1,1.0,17.8175,105.165,87.34750000000001,cpsz
train,aaaaabhz,aaaaabhz_s009_t005,505.0,2,1.0,59.06,151.2975,92.23750000000001,cpsz
train,aaaaabhz,aaaaabhz_s009_t005,505.0,2,2.0,328.1226,422.9775,94.85490000000004,cpsz
train,aaaaabhz,aaaaabhz_s009_t006,309.0,1,1.0,70.3264,161.9035,91.5771,cpsz
train,aaaaabhz,aaaaabhz_s009_t007,174.0,1,1.0,24.115,120.3485,96.2335,cpsz
train,aaaaabhz,aaaaabhz_s009_t008,495.0,2,1.0,54.0325,145.0285,90.99600000000001,cpsz
train,aaaaabhz,aaaaabhz_s009_t008,495.0,2,2.0,285.0775,381.955,96.8775,cpsz
train,aaaaabhz,aaaaabhz_s009_t009,264.0,1,1.0,28.9726,128.4525,99.47989999999999,cpsz
train,aaaaabhz,aaaaabhz_s010_t000,315.0,1,1.0,151.0273,197.1875,46.1602,cpsz
train,aaaaabhz,aaaaabhz_s010_t001,305.0,0,,,,,
train,aaaaabhz,aaaaabhz_s010_t002,304.0,0,,,,,
train,aaaaabhz,aaaaabhz_s010_t003,240.0,1,1.0,69.205,148.0175,78.81250000000001,cpsz
train,aaaaabhz,aaaaabhz_s010_t004,324.0,1,1.0,51.05,145.4425,94.3925,cpsz
train,aaaaabhz,aaaaabhz_s011_t000,214.0,1,1.0,47.0872,149.2551,102.1679,cpsz
train,aaaaabhz,aaaaabhz_s011_t001,205.0,1,1.0,19.06,134.1384,115.07839999999999,cpsz
train,aaaaabhz,aaaaabhz_s011_t002,205.0,1,1.0,1.0,43.01,42.01,cpsz
train,aaaaabhz,aaaaabhz_s011_t003,205.0,1,1.0,28.0603,131.3694,103.30910000000002,cpsz
train,aaaaabhz,aaaaabhz_s011_t004,225.0,1,1.0,31.0775,140.1216,109.0441,cpsz
train,aaaaabhz,aaaaabhz_s011_t005,184.0,1,1.0,20.1375,117.2976,97.1601,cpsz
train,aaaaabhz,aaaaabhz_s011_t006,175.0,1,1.0,25.0275,98.2383,73.21079999999999,cpsz
train,aaaaabhz,aaaaabhz_s011_t007,765.0,4,1.0,17.12,98.439,81.31899999999999,cpsz
train,aaaaabhz,aaaaabhz_s011_t007,765.0,4,2.0,253.7575,318.2062,64.44870000000003,cpsz
train,aaaaabhz,aaaaabhz_s011_t007,765.0,4,3.0,434.485,484.3325,49.84749999999997,cpsz
train,aaaaabhz,aaaaabhz_s011_t007,765.0,4,4.0,622.12,723.485,101.36500000000001,cpsz
train,aaaaabhz,aaaaabhz_s011_t008,194.0,1,1.0,35.1724,72.68,37.507600000000004,cpsz
train,aaaaabhz,aaaaabhz_s012_t000,340.0,1,1.0,73.0773,147.3315,74.25420000000001,cpsz
train,aaaaabhz,aaaaabhz_s012_t001,305.0,1,1.0,69.0718,94.0331,24.96130000000001,cpsz
train,aaaaabhz,aaaaabhz_s012_t002,161.0,0,,,,,
train,aaaaabhz,aaaaabhz_s012_t003,185.0,1,1.0,34.015,110.0175,76.0025,fnsz
train,aaaaabhz,aaaaabhz_s012_t004,305.0,0,,,,,
train,aaaaabhz,aaaaabhz_s012_t005,414.0,0,,,,,
train,aaaaabiq,aaaaabiq_s002_t000,1452.0,0,,,,,
train,aaaaabiw,aaaaabiw_s001_t000,328.0,0,,,,,
train,aaaaabiw,aaaaabiw_s001_t001,121.0,0,,,,,
train,aaaaabiw,aaaaabiw_s001_t002,308.0,0,,,,,
train,aaaaabiw,aaaaabiw_s001_t003,327.0,0,,,,,
train,aaaaabiw,aaaaabiw_s001_t004,323.0,0,,,,,
train,aaaaabiw,aaaaabiw_s002_t000,184.0,0,,,,,
train,aaaaabiw,aaaaabiw_s002_t001,341.0,0,,,,,
train,aaaaabiw,aaaaabiw_s002_t003,344.0,0,,,,,
train,aaaaabiw,aaaaabiw_s002_t004,430.0,0,,,,,
train,aaaaabiw,aaaaabiw_s004_t000,372.0,0,,,,,
train,aaaaabiw,aaaaabiw_s004_t001,441.0,0,,,,,
train,aaaaabiw,aaaaabiw_s004_t002,269.0,0,,,,,
train,aaaaabiw,aaaaabiw_s004_t003,314.0,0,,,,,
train,aaaaabiw,aaaaabiw_s004_t004,340.0,0,,,,,
train,aaaaabiw,aaaaabiw_s004_t006,196.0,0,,,,,
train,aaaaabiw,aaaaabiw_s005_t000,600.0,1,1.0,21.0553,53.3444,32.289100000000005,tcsz
train,aaaaabiw,aaaaabiw_s005_t001,80.0,0,,,,,
train,aaaaabiw,aaaaabiw_s005_t002,391.0,0,,,,,
train,aaaaabiw,aaaaabiw_s005_t003,320.0,0,,,,,
train,aaaaabiw,aaaaabiw_s007_t000,372.0,0,,,,,
train,aaaaabiw,aaaaabiw_s007_t002,491.0,0,,,,,
train,aaaaabiw,aaaaabiw_s007_t003,321.0,0,,,,,
train,aaaaabiw,aaaaabiw_s009_t000,1207.0,0,,,,,
train,aaaaabiw,aaaaabiw_s010_t000,1328.0,0,,,,,
train,aaaaabiw,aaaaabiw_s014_t000,1557.0,0,,,,,
train,aaaaabiw,aaaaabiw_s015_t000,1202.0,0,,,,,
train,aaaaabiw,aaaaabiw_s016_t000,719.0,0,,,,,
train,aaaaabiw,aaaaabiw_s016_t001,300.0,0,,,,,
train,aaaaabiw,aaaaabiw_s016_t002,300.0,0,,,,,
train,aaaaabiw,aaaaabiw_s016_t003,300.0,0,,,,,
train,aaaaabiw,aaaaabiw_s016_t004,300.0,0,,,,,
train,aaaaabiw,aaaaabiw_s017_t000,235.0,0,,,,,
train,aaaaabiw,aaaaabiw_s018_t000,1508.0,0,,,,,
train,aaaaabiy,aaaaabiy_s001_t000,1258.0,0,,,,,
train,aaaaabjm,aaaaabjm_s001_t001,1232.0,0,,,,,
train,aaaaabjo,aaaaabjo_s002_t000,354.0,0,,,,,
train,aaaaabjo,aaaaabjo_s002_t001,340.0,0,,,,,
train,aaaaabjt,aaaaabjt_s002_t000,365.0,0,,,,,
train,aaaaabjt,aaaaabjt_s002_t001,404.0,0,,,,,
train,aaaaabjt,aaaaabjt_s002_t002,153.0,0,,,,,
train,aaaaabjt,aaaaabjt_s002_t003,244.0,0,,,,,
train,aaaaabjt,aaaaabjt_s002_t004,404.0,0,,,,,
train,aaaaabke,aaaaabke_s001_t001,937.0,0,,,,,
train,aaaaabke,aaaaabke_s001_t002,48.0,0,,,,,
train,aaaaabke,aaaaabke_s001_t003,252.0,0,,,,,
train,aaaaabln,aaaaabln_s003_t000,79.0,0,,,,,
train,aaaaabln,aaaaabln_s003_t001,225.0,0,,,,,
train,aaaaabln,aaaaabln_s003_t002,819.0,0,,,,,
train,aaaaabln,aaaaabln_s003_t003,216.0,0,,,,,
train,aaaaabln,aaaaabln_s003_t004,497.0,0,,,,,
train,aaaaabln,aaaaabln_s003_t005,262.0,0,,,,,
train,aaaaabln,aaaaabln_s003_t006,684.0,1,1.0,54.02,80.4575,26.437499999999993,fnsz|gnsz
train,aaaaabln,aaaaabln_s003_t007,285.0,0,,,,,
train,aaaaabln,aaaaabln_s003_t008,828.0,0,,,,,
train,aaaaabms,aaaaabms_s001_t000,410.0,0,,,,,
train,aaaaabms,aaaaabms_s001_t001,1800.0,0,,,,,
train,aaaaabms,aaaaabms_s001_t002,21.0,0,,,,,
train,aaaaabms,aaaaabms_s002_t000,122.0,0,,,,,
train,aaaaabms,aaaaabms_s002_t001,154.0,0,,,,,
train,aaaaabms,aaaaabms_s002_t002,133.0,1,1.0,12.696,56.384,43.688,gnsz
train,aaaaabms,aaaaabms_s002_t003,143.0,1,1.0,7.588,50.276,42.688,gnsz
train,aaaaabms,aaaaabms_s002_t004,172.0,0,,,,,
train,aaaaabms,aaaaabms_s002_t005,165.0,0,,,,,
train,aaaaabms,aaaaabms_s002_t006,265.0,0,,,,,
train,aaaaabms,aaaaabms_s002_t007,304.0,0,,,,,
train,aaaaabms,aaaaabms_s003_t000,25.0,0,,,,,
train,aaaaabms,aaaaabms_s003_t001,32.0,0,,,,,
train,aaaaabms,aaaaabms_s003_t002,1165.0,0,,,,,
train,aaaaabms,aaaaabms_s004_t002,1191.0,0,,,,,
train,aaaaabnm,aaaaabnm_s001_t000,1217.0,0,,,,,
train,aaaaabnn,aaaaabnn_s001_t001,1171.0,0,,,,,
train,aaaaabnn,aaaaabnn_s002_t000,1.0,0,,,,,
train,aaaaabnn,aaaaabnn_s002_t001,354.0,1,1.0,42.5455,149.697,107.1515,cpsz
train,aaaaabnn,aaaaabnn_s002_t002,277.0,1,1.0,83.0606,204.2727,121.21209999999999,cpsz
train,aaaaabnn,aaaaabnn_s002_t003,21.0,0,,,,,
train,aaaaabnn,aaaaabnn_s002_t004,304.0,1,1.0,44.1818,181.2727,137.09089999999998,cpsz
train,aaaaabnn,aaaaabnn_s002_t005,294.0,0,,,,,
train,aaaaabnn,aaaaabnn_s003_t000,464.0,0,,,,,
train,aaaaabnn,aaaaabnn_s003_t001,443.0,0,,,,,
train,aaaaabnn,aaaaabnn_s004_t000,334.0,0,,,,,
train,aaaaabnn,aaaaabnn_s004_t001,353.0,0,,,,,
train,aaaaabnn,aaaaabnn_s004_t002,212.0,0,,,,,
train,aaaaabnn,aaaaabnn_s004_t003,351.0,0,,,,,
train,aaaaabnq,aaaaabnq_s004_t000,1317.0,0,,,,,
train,aaaaabnu,aaaaabnu_s002_t000,303.0,0,,,,,
train,aaaaabnu,aaaaabnu_s002_t001,304.0,0,,,,,
train,aaaaabnu,aaaaabnu_s002_t002,303.0,0,,,,,
train,aaaaabog,aaaaabog_s001_t000,1203.0,0,,,,,
train,aaaaabok,aaaaabok_s002_t001,1179.0,0,,,,,
train,aaaaabom,aaaaabom_s005_t000,475.0,0,,,,,
train,aaaaabom,aaaaabom_s005_t001,305.0,0,,,,,
train,aaaaabom,aaaaabom_s005_t002,5.0,0,,,,,
train,aaaaabom,aaaaabom_s005_t003,5.0,0,,,,,
train,aaaaabom,aaaaabom_s005_t004,81.0,0,,,,,
train,aaaaabom,aaaaabom_s005_t005,5.0,0,,,,,
train,aaaaabom,aaaaabom_s005_t006,11.0,0,,,,,
train,aaaaabom,aaaaabom_s005_t007,5.0,0,,,,,
train,aaaaabom,aaaaabom_s005_t008,5.0,0,,,,,
train,aaaaabom,aaaaabom_s005_t009,144.0,0,,,,,
train,aaaaabom,aaaaabom_s005_t010,11.0,0,,,,,
train,aaaaabom,aaaaabom_s005_t011,27.0,0,,,,,
train,aaaaabom,aaaaabom_s005_t012,120.0,0,,,,,
train,aaaaabom,aaaaabom_s005_t014,5.0,0,,,,,
train,aaaaabom,aaaaabom_s005_t015,5.0,0,,,,,
train,aaaaabpp,aaaaabpp_s001_t000,1800.0,0,,,,,
train,aaaaabpp,aaaaabpp_s001_t001,1709.0,0,,,,,
train,aaaaabqv,aaaaabqv_s001_t000,1437.0,3,1.0,179.884,187.016,7.132000000000005,absz
train,aaaaabqv,aaaaabqv_s001_t000,1437.0,3,2.0,242.668,249.928,7.259999999999991,absz
train,aaaaabqv,aaaaabqv_s001_t000,1437.0,3,3.0,286.016,293.584,7.567999999999984,absz
train,aaaaabqv,aaaaabqv_s002_t001,1373.0,11,1.0,26.868,31.84,4.972000000000001,absz
train,aaaaabqv,aaaaabqv_s002_t001,1373.0,11,2.0,182.972,189.192,6.219999999999999,absz
train,aaaaabqv,aaaaabqv_s002_t001,1373.0,11,3.0,294.444,301.624,7.180000000000007,absz
train,aaaaabqv,aaaaabqv_s002_t001,1373.0,11,4.0,346.352,353.968,7.616000000000042,absz
train,aaaaabqv,aaaaabqv_s002_t001,1373.0,11,5.0,399.276,404.824,5.548000000000002,absz
train,aaaaabqv,aaaaabqv_s002_t001,1373.0,11,6.0,617.388,622.992,5.603999999999928,absz
train,aaaaabqv,aaaaabqv_s002_t001,1373.0,11,7.0,807.256,812.7,5.444000000000074,absz
train,aaaaabqv,aaaaabqv_s002_t001,1373.0,11,8.0,1036.976,1042.608,5.6319999999998345,absz
train,aaaaabqv,aaaaabqv_s002_t001,1373.0,11,9.0,1067.208,1071.876,4.667999999999893,absz
train,aaaaabqv,aaaaabqv_s002_t001,1373.0,11,10.0,1118.124,1123.552,5.427999999999884,absz
train,aaaaabqv,aaaaabqv_s002_t001,1373.0,11,11.0,1237.208,1240.308,3.099999999999909,absz
train,aaaaabqy,aaaaabqy_s001_t001,1192.0,0,,,,,
train,aaaaabsz,aaaaabsz_s001_t000,1182.0,0,,,,,
train,aaaaabts,aaaaabts_s001_t000,1201.0,0,,,,,
train,aaaaabui,aaaaabui_s002_t000,371.0,0,,,,,
train,aaaaabui,aaaaabui_s002_t001,771.0,0,,,,,
train,aaaaabui,aaaaabui_s002_t002,230.0,0,,,,,
train,aaaaabuv,aaaaabuv_s001_t000,1513.0,0,,,,,
train,aaaaabvy,aaaaabvy_s002_t000,171.0,0,,,,,
train,aaaaabvy,aaaaabvy_s002_t001,251.0,0,,,,,
train,aaaaabvy,aaaaabvy_s002_t002,90.0,0,,,,,
train,aaaaabwt,aaaaabwt_s003_t001,1227.0,0,,,,,
train,aaaaabxr,aaaaabxr_s001_t001,1348.0,0,,,,,
train,aaaaabyr,aaaaabyr_s002_t000,1500.0,0,,,,,
train,aaaaabyy,aaaaabyy_s001_t001,1288.0,1,1.0,872.984,1092.968,219.98400000000004,fnsz
train,aaaaabzf,aaaaabzf_s001_t000,1558.0,0,,,,,
train,aaaaabzx,aaaaabzx_s002_t000,1210.0,0,,,,,
train,aaaaacaf,aaaaacaf_s001_t000,1207.0,4,1.0,12.01,262.6371,250.62709999999998,gnsz
train,aaaaacaf,aaaaacaf_s001_t000,1207.0,4,2.0,281.0022,414.0044,133.00219999999996,gnsz
train,aaaaacaf,aaaaacaf_s001_t000,1207.0,4,3.0,499.4129,566.1387,66.72579999999999,gnsz
train,aaaaacaf,aaaaacaf_s001_t000,1207.0,4,4.0,731.0799,1202.0,470.92010000000005,gnsz
train,aaaaacar,aaaaacar_s001_t001,1215.0,0,,,,,
train,aaaaacby,aaaaacby_s003_t001,1264.0,0,,,,,
train,aaaaaccj,aaaaaccj_s001_t000,1206.0,3,1.0,315.34,319.024,3.684000000000026,absz
train,aaaaaccj,aaaaaccj_s001_t000,1206.0,3,2.0,327.668,330.032,2.363999999999976,absz
train,aaaaaccj,aaaaaccj_s001_t000,1206.0,3,3.0,642.016,645.396,3.3799999999999955,absz
train,aaaaaccj,aaaaaccj_s002_t001,1217.0,5,1.0,234.932,242.932,8.0,absz
train,aaaaaccj,aaaaaccj_s002_t001,1217.0,5,2.0,249.932,254.932,5.0,absz
train,aaaaaccj,aaaaaccj_s002_t001,1217.0,5,3.0,310.344,317.576,7.232000000000028,absz
train,aaaaaccj,aaaaaccj_s002_t001,1217.0,5,4.0,886.712,893.004,6.29200000000003,absz
train,aaaaaccj,aaaaaccj_s002_t001,1217.0,5,5.0,1115.472,1126.972,11.5,absz
train,aaaaaccj,aaaaaccj_s003_t001,1418.0,3,1.0,422.04,430.3,8.259999999999991,absz
train,aaaaaccj,aaaaaccj_s003_t001,1418.0,3,2.0,529.312,538.912,9.600000000000023,absz
train,aaaaaccj,aaaaaccj_s003_t001,1418.0,3,3.0,604.384,619.236,14.851999999999975,absz
train,aaaaacex,aaaaacex_s001_t001,1199.0,0,,,,,
train,aaaaacfa,aaaaacfa_s004_t000,170.0,0,,,,,
train,aaaaacfa,aaaaacfa_s004_t001,1800.0,0,,,,,
train,aaaaacfa,aaaaacfa_s004_t002,1660.0,0,,,,,
train,aaaaacfv,aaaaacfv_s001_t000,1196.0,0,,,,,
train,aaaaachj,aaaaachj_s001_t000,1208.0,0,,,,,
train,aaaaachj,aaaaachj_s002_t000,165.0,0,,,,,
train,aaaaachj,aaaaachj_s002_t001,235.0,0,,,,,
train,aaaaachj,aaaaachj_s002_t002,315.0,0,,,,,
train,aaaaachj,aaaaachj_s002_t003,196.0,0,,,,,
train,aaaaachj,aaaaachj_s002_t004,325.0,0,,,,,
train,aaaaachj,aaaaachj_s002_t005,29.0,0,,,,,
train,aaaaachj,aaaaachj_s002_t006,225.0,0,,,,,
train,aaaaachj,aaaaachj_s002_t007,204.0,0,,,,,
train,aaaaachj,aaaaachj_s002_t008,45.0,0,,,,,
train,aaaaachl,aaaaachl_s002_t000,1407.0,0,,,,,
train,aaaaacho,aaaaacho_s002_t000,1695.0,0,,,,,
train,aaaaacjb,aaaaacjb_s001_t000,1800.0,0,,,,,
train,aaaaacjb,aaaaacjb_s001_t001,704.0,0,,,,,
train,aaaaacjb,aaaaacjb_s003_t000,1217.0,0,,,,,
train,aaaaacjt,aaaaacjt_s001_t000,1534.0,0,,,,,
train,aaaaacki,aaaaacki_s001_t001,1212.0,0,,,,,
train,aaaaacle,aaaaacle_s007_t000,151.0,0,,,,,
train,aaaaacle,aaaaacle_s007_t001,522.0,0,,,,,
train,aaaaacle,aaaaacle_s007_t002,142.0,0,,,,,
train,aaaaacle,aaaaacle_s007_t003,287.0,0,,,,,
train,aaaaacle,aaaaacle_s007_t004,611.0,0,,,,,
train,aaaaacle,aaaaacle_s007_t005,284.0,0,,,,,
train,aaaaacle,aaaaacle_s007_t006,262.0,0,,,,,
train,aaaaacle,aaaaacle_s007_t007,65.0,0,,,,,
train,aaaaacle,aaaaacle_s008_t000,431.0,0,,,,,
train,aaaaacle,aaaaacle_s008_t001,181.0,0,,,,,
train,aaaaacle,aaaaacle_s008_t002,341.0,0,,,,,
train,aaaaacle,aaaaacle_s008_t003,160.0,0,,,,,
train,aaaaaclp,aaaaaclp_s001_t000,1284.0,0,,,,,
train,aaaaacmr,aaaaacmr_s001_t000,1201.0,0,,,,,
train,aaaaacna,aaaaacna_s001_t000,1800.0,0,,,,,
train,aaaaacna,aaaaacna_s001_t001,1710.0,0,,,,,
train,aaaaacni,aaaaacni_s001_t001,1186.0,0,,,,,
train,aaaaacpl,aaaaacpl_s003_t001,931.0,0,,,,,
train,aaaaacpl,aaaaacpl_s004_t000,246.0,0,,,,,
train,aaaaacpl,aaaaacpl_s004_t001,245.0,0,,,,,
train,aaaaacpl,aaaaacpl_s004_t003,181.0,0,,,,,
train,aaaaacpl,aaaaacpl_s004_t004,555.0,3,1.0,39.5975,82.045,42.447500000000005,fnsz
train,aaaaacpl,aaaaacpl_s004_t004,555.0,3,2.0,303.95,339.4325,35.482500000000016,fnsz
train,aaaaacpl,aaaaacpl_s004_t004,555.0,3,3.0,453.01,491.9675,38.95749999999998,fnsz
train,aaaaacpl,aaaaacpl_s004_t005,126.0,0,,,,,
train,aaaaacqn,aaaaacqn_s001_t001,1453.0,0,,,,,
train,aaaaacrb,aaaaacrb_s001_t001,1241.0,2,1.0,97.3975,110.6762,13.2787,absz
train,aaaaacrb,aaaaacrb_s001_t001,1241.0,2,2.0,786.548,806.372,19.823999999999955,absz
train,aaaaacrd,aaaaacrd_s001_t000,1388.0,0,,,,,
train,aaaaacsa,aaaaacsa_s003_t001,1286.0,0,,,,,
train,aaaaacsx,aaaaacsx_s001_t000,1346.0,1,1.0,1142.072,1172.0666,29.99460000000022,fnsz
train,aaaaactf,aaaaactf_s004_t000,1210.0,0,,,,,
train,aaaaacts,aaaaacts_s001_t001,1202.0,0,,,,,
train,aaaaacug,aaaaacug_s001_t001,1280.0,0,,,,,
train,aaaaacut,aaaaacut_s001_t000,1800.0,0,,,,,
train,aaaaacut,aaaaacut_s001_t001,1625.0,0,,,,,
train,aaaaacwu,aaaaacwu_s005_t000,108.0,0,,,,,
train,aaaaacwu,aaaaacwu_s005_t001,7.0,0,,,,,
train,aaaaacwu,aaaaacwu_s005_t002,31.0,0,,,,,
train,aaaaacwu,aaaaacwu_s005_t003,7.0,0,,,,,
train,aaaaacwu,aaaaacwu_s005_t004,71.0,0,,,,,
train,aaaaacwu,aaaaacwu_s005_t006,148.0,0,,,,,
train,aaaaacwu,aaaaacwu_s005_t007,7.0,0,,,,,
train,aaaaacwu,aaaaacwu_s005_t008,35.0,0,,,,,
train,aaaaacwu,aaaaacwu_s005_t009,203.0,0,,,,,
train,aaaaacwu,aaaaacwu_s005_t010,7.0,0,,,,,
train,aaaaacwv,aaaaacwv_s001_t000,1067.0,0,,,,,
train,aaaaacyf,aaaaacyf_s001_t000,1800.0,0,,,,,
train,aaaaacyf,aaaaacyf_s001_t001,124.0,0,,,,,
train,aaaaacyf,aaaaacyf_s002_t001,1258.0,0,,,,,
train,aaaaacyf,aaaaacyf_s002_t002,24.0,0,,,,,
train,aaaaacyf,aaaaacyf_s003_t000,1209.0,0,,,,,
train,aaaaacyf,aaaaacyf_s004_t000,1202.0,0,,,,,
train,aaaaacyf,aaaaacyf_s007_t001,51.0,0,,,,,
train,aaaaacyf,aaaaacyf_s007_t002,224.0,0,,,,,
train,aaaaacyf,aaaaacyf_s007_t003,601.0,0,,,,,
train,aaaaacyf,aaaaacyf_s007_t009,300.0,0,,,,,
train,aaaaacyf,aaaaacyf_s007_t010,601.0,0,,,,,
train,aaaaacyf,aaaaacyf_s007_t011,601.0,0,,,,,
train,aaaaacyf,aaaaacyf_s007_t012,300.0,0,,,,,
train,aaaaacyf,aaaaacyf_s007_t014,601.0,0,,,,,
train,aaaaacyf,aaaaacyf_s007_t015,300.0,0,,,,,
train,aaaaacyf,aaaaacyf_s007_t016,601.0,0,,,,,
train,aaaaacyf,aaaaacyf_s008_t000,300.0,0,,,,,
train,aaaaacyf,aaaaacyf_s008_t004,601.0,0,,,,,
train,aaaaacyf,aaaaacyf_s008_t005,300.0,0,,,,,
train,aaaaacyf,aaaaacyf_s008_t006,601.0,0,,,,,
train,aaaaacyf,aaaaacyf_s008_t007,300.0,0,,,,,
train,aaaaacyf,aaaaacyf_s008_t009,601.0,0,,,,,
train,aaaaacyf,aaaaacyf_s008_t010,300.0,0,,,,,
train,aaaaacyf,aaaaacyf_s008_t013,300.0,0,,,,,
train,aaaaacyf,aaaaacyf_s008_t015,5.0,0,,,,,
train,aaaaacyf,aaaaacyf_s008_t016,601.0,0,,,,,
train,aaaaacyf,aaaaacyf_s009_t000,300.0,0,,,,,
train,aaaaacyf,aaaaacyf_s009_t001,846.0,1,1.0,371.0,410.0,39.0,cpsz
train,aaaaacyf,aaaaacyf_s009_t002,300.0,0,,,,,
train,aaaaacyf,aaaaacyf_s009_t003,85.0,0,,,,,
train,aaaaacyf,aaaaacyf_s009_t004,84.0,0,,,,,
train,aaaaacyf,aaaaacyf_s009_t005,300.0,0,,,,,
train,aaaaacyf,aaaaacyf_s009_t006,300.0,0,,,,,
train,aaaaacyf,aaaaacyf_s011_t000,300.0,0,,,,,
train,aaaaacyf,aaaaacyf_s011_t001,928.0,1,1.0,412.9866,442.9532,29.96659999999997,cpsz
train,aaaaacyk,aaaaacyk_s002_t000,162.0,0,,,,,
train,aaaaacyk,aaaaacyk_s002_t001,1048.0,0,,,,,
train,aaaaacyy,aaaaacyy_s001_t000,528.0,0,,,,,
train,aaaaacyy,aaaaacyy_s001_t001,702.0,0,,,,,
train,aaaaaczt,aaaaaczt_s001_t001,1233.0,0,,,,,
train,aaaaadao,aaaaadao_s001_t000,305.0,0,,,,,
train,aaaaadao,aaaaadao_s001_t001,145.0,0,,,,,
train,aaaaadao,aaaaadao_s001_t002,124.0,0,,,,,
train,aaaaadao,aaaaadao_s001_t003,305.0,0,,,,,
train,aaaaadao,aaaaadao_s001_t004,185.0,0,,,,,
train,aaaaadao,aaaaadao_s001_t005,185.0,0,,,,,
train,aaaaadao,aaaaadao_s001_t006,124.0,0,,,,,
train,aaaaadao,aaaaadao_s001_t007,194.0,0,,,,,
train,aaaaadao,aaaaadao_s003_t000,125.0,0,,,,,
train,aaaaadao,aaaaadao_s003_t001,185.0,1,1.0,60.0,81.0312,21.0312,fnsz
train,aaaaadao,aaaaadao_s003_t002,245.0,0,,,,,
train,aaaaadao,aaaaadao_s003_t003,185.0,0,,,,,
train,aaaaadao,aaaaadao_s003_t004,195.0,0,,,,,
train,aaaaadao,aaaaadao_s003_t005,365.0,0,,,,,
train,aaaaadao,aaaaadao_s003_t006,364.0,0,,,,,
train,aaaaadaq,aaaaadaq_s001_t000,1240.0,0,,,,,
train,aaaaadax,aaaaadax_s001_t001,1262.0,0,,,,,
train,aaaaadbc,aaaaadbc_s002_t002,1190.0,0,,,,,
train,aaaaaddu,aaaaaddu_s001_t000,1800.0,0,,,,,
train,aaaaaddu,aaaaaddu_s001_t001,740.0,0,,,,,
train,aaaaadhe,aaaaadhe_s001_t000,1800.0,0,,,,,
train,aaaaadhe,aaaaadhe_s001_t001,1275.0,0,,,,,
train,aaaaadhp,aaaaadhp_s002_t000,1800.0,0,,,,,
train,aaaaadhp,aaaaadhp_s002_t001,53.0,0,,,,,
train,aaaaadhw,aaaaadhw_s001_t002,630.0,0,,,,,
train,aaaaadhw,aaaaadhw_s001_t003,188.0,0,,,,,
train,aaaaadhw,aaaaadhw_s001_t004,723.0,0,,,,,
train,aaaaadhz,aaaaadhz_s001_t002,479.0,0,,,,,
train,aaaaadhz,aaaaadhz_s001_t003,293.0,0,,,,,
train,aaaaadhz,aaaaadhz_s001_t004,432.0,0,,,,,
train,aaaaadia,aaaaadia_s001_t000,1214.0,0,,,,,
train,aaaaadiy,aaaaadiy_s004_t000,1203.0,0,,,,,
train,aaaaadjj,aaaaadjj_s001_t001,1311.0,0,,,,,
train,aaaaadli,aaaaadli_s005_t000,1627.0,0,,,,,
train,aaaaadli,aaaaadli_s006_t000,21.0,0,,,,,
train,aaaaadli,aaaaadli_s006_t001,1619.0,0,,,,,
train,aaaaadmi,aaaaadmi_s006_t000,1537.0,0,,,,,
train,aaaaadmi,aaaaadmi_s008_t000,300.0,0,,,,,
train,aaaaadmi,aaaaadmi_s008_t001,603.0,0,,,,,
train,aaaaadmi,aaaaadmi_s008_t002,300.0,0,,,,,
train,aaaaadmi,aaaaadmi_s008_t003,601.0,0,,,,,
train,aaaaadmi,aaaaadmi_s008_t004,601.0,0,,,,,
train,aaaaadmi,aaaaadmi_s008_t005,300.0,0,,,,,
train,aaaaadmi,aaaaadmi_s008_t006,601.0,0,,,,,
train,aaaaadmi,aaaaadmi_s008_t007,300.0,0,,,,,
train,aaaaadmi,aaaaadmi_s008_t008,601.0,0,,,,,
train,aaaaadmi,aaaaadmi_s008_t009,601.0,0,,,,,
train,aaaaadmi,aaaaadmi_s008_t010,28.0,0,,,,,
train,aaaaadmi,aaaaadmi_s009_t000,300.0,0,,,,,
train,aaaaadmi,aaaaadmi_s009_t001,601.0,0,,,,,
train,aaaaadmi,aaaaadmi_s009_t002,300.0,0,,,,,
train,aaaaadmi,aaaaadmi_s009_t003,601.0,0,,,,,
train,aaaaadmi,aaaaadmi_s009_t004,300.0,0,,,,,
train,aaaaadmi,aaaaadmi_s009_t005,25.0,0,,,,,
train,aaaaadmi,aaaaadmi_s009_t006,709.0,0,,,,,
train,aaaaadmi,aaaaadmi_s009_t007,8.0,0,,,,,
train,aaaaadmi,aaaaadmi_s009_t008,300.0,0,,,,,
train,aaaaadmi,aaaaadmi_s009_t009,8.0,0,,,,,
train,aaaaadmi,aaaaadmi_s009_t010,601.0,0,,,,,
train,aaaaadmi,aaaaadmi_s009_t011,14.0,0,,,,,
train,aaaaadmi,aaaaadmi_s009_t012,601.0,0,,,,,
train,aaaaadmi,aaaaadmi_s009_t013,7.0,0,,,,,
train,aaaaadmi,aaaaadmi_s009_t014,300.0,0,,,,,
train,aaaaadmi,aaaaadmi_s009_t015,7.0,0,,,,,
train,aaaaadmi,aaaaadmi_s011_t000,300.0,0,,,,,
train,aaaaadmi,aaaaadmi_s011_t001,601.0,0,,,,,
train,aaaaadmi,aaaaadmi_s011_t002,300.0,0,,,,,
train,aaaaadmi,aaaaadmi_s011_t003,601.0,0,,,,,
train,aaaaadmi,aaaaadmi_s011_t004,785.0,0,,,,,
train,aaaaadmi,aaaaadmi_s011_t005,300.0,0,,,,,
train,aaaaadmi,aaaaadmi_s011_t006,601.0,0,,,,,
train,aaaaadmi,aaaaadmi_s011_t007,601.0,0,,,,,
train,aaaaadmi,aaaaadmi_s011_t008,300.0,0,,,,,
train,aaaaadmi,aaaaadmi_s011_t009,601.0,0,,,,,
train,aaaaadmi,aaaaadmi_s012_t000,300.0,0,,,,,
train,aaaaadmi,aaaaadmi_s012_t001,601.0,0,,,,,
train,aaaaadmi,aaaaadmi_s012_t002,300.0,0,,,,,
train,aaaaadmi,aaaaadmi_s012_t003,601.0,0,,,,,
train,aaaaadmi,aaaaadmi_s012_t004,300.0,0,,,,,
train,aaaaadmi,aaaaadmi_s012_t005,601.0,0,,,,,
train,aaaaadmi,aaaaadmi_s012_t006,300.0,0,,,,,
train,aaaaadmi,aaaaadmi_s012_t007,601.0,0,,,,,
train,aaaaadmi,aaaaadmi_s012_t008,300.0,0,,,,,
train,aaaaadmi,aaaaadmi_s012_t009,601.0,0,,,,,
train,aaaaadmi,aaaaadmi_s013_t000,300.0,0,,,,,
train,aaaaadmi,aaaaadmi_s013_t001,601.0,0,,,,,
train,aaaaadmi,aaaaadmi_s013_t002,9.0,0,,,,,
train,aaaaadmi,aaaaadmi_s013_t003,300.0,0,,,,,
train,aaaaadmi,aaaaadmi_s013_t004,601.0,0,,,,,
train,aaaaadmi,aaaaadmi_s013_t005,601.0,0,,,,,
train,aaaaadmi,aaaaadmi_s013_t006,300.0,0,,,,,
train,aaaaadmi,aaaaadmi_s013_t007,601.0,0,,,,,
train,aaaaadmi,aaaaadmi_s013_t008,300.0,0,,,,,
train,aaaaadmi,aaaaadmi_s013_t009,5.0,0,,,,,
train,aaaaadmi,aaaaadmi_s013_t011,6.0,0,,,,,
train,aaaaadmi,aaaaadmi_s013_t012,601.0,0,,,,,
train,aaaaadmi,aaaaadmi_s013_t013,300.0,0,,,,,
train,aaaaadmi,aaaaadmi_s013_t014,11.0,0,,,,,
train,aaaaadmi,aaaaadmi_s013_t015,5.0,0,,,,,
train,aaaaadmi,aaaaadmi_s013_t016,601.0,0,,,,,
train,aaaaadmz,aaaaadmz_s001_t000,271.0,0,,,,,
train,aaaaadmz,aaaaadmz_s001_t001,509.0,0,,,,,
train,aaaaadno,aaaaadno_s002_t001,260.0,0,,,,,
train,aaaaadno,aaaaadno_s002_t003,121.0,0,,,,,
train,aaaaadno,aaaaadno_s002_t005,70.0,0,,,,,
train,aaaaadno,aaaaadno_s002_t006,54.0,0,,,,,
train,aaaaadno,aaaaadno_s003_t000,265.0,0,,,,,
train,aaaaadno,aaaaadno_s003_t001,205.0,0,,,,,
train,aaaaadno,aaaaadno_s003_t002,205.0,0,,,,,
train,aaaaadno,aaaaadno_s003_t003,295.0,0,,,,,
train,aaaaadno,aaaaadno_s003_t004,34.0,0,,,,,
train,aaaaadno,aaaaadno_s003_t005,281.0,0,,,,,
train,aaaaadno,aaaaadno_s003_t006,164.0,0,,,,,
train,aaaaadno,aaaaadno_s003_t007,505.0,0,,,,,
train,aaaaadno,aaaaadno_s003_t008,74.0,0,,,,,
train,aaaaadno,aaaaadno_s005_t001,250.0,0,,,,,
train,aaaaadno,aaaaadno_s005_t002,135.0,0,,,,,
train,aaaaadno,aaaaadno_s005_t004,1061.0,1,1.0,168.2892,315.5241,147.23489999999998,gnsz
train,aaaaadno,aaaaadno_s005_t006,530.0,0,,,,,
train,aaaaadno,aaaaadno_s005_t008,500.0,0,,,,,
train,aaaaadno,aaaaadno_s005_t010,300.0,0,,,,,
train,aaaaadns,aaaaadns_s002_t000,874.0,0,,,,,
train,aaaaadns,aaaaadns_s002_t001,905.0,0,,,,,
train,aaaaadns,aaaaadns_s004_t000,458.0,0,,,,,
train,aaaaadns,aaaaadns_s004_t001,13.0,0,,,,,
train,aaaaadns,aaaaadns_s004_t002,911.0,0,,,,,
train,aaaaadoc,aaaaadoc_s001_t000,1496.0,0,,,,,
train,aaaaadpj,aaaaadpj_s003_t000,1319.0,0,,,,,
train,aaaaadpj,aaaaadpj_s005_t000,521.0,0,,,,,
train,aaaaadpj,aaaaadpj_s005_t001,95.0,0,,,,,
train,aaaaadpj,aaaaadpj_s005_t002,45.0,0,,,,,
train,aaaaadpj,aaaaadpj_s005_t003,51.0,0,,,,,
train,aaaaadpj,aaaaadpj_s005_t004,601.0,0,,,,,
train,aaaaadpj,aaaaadpj_s005_t005,200.0,0,,,,,
train,aaaaadpr,aaaaadpr_s002_t001,572.0,0,,,,,
train,aaaaadpr,aaaaadpr_s002_t002,741.0,0,,,,,
train,aaaaadqb,aaaaadqb_s002_t000,670.0,1,1.0,412.0145,481.9,69.88549999999998,fnsz
train,aaaaadqb,aaaaadqb_s002_t001,531.0,0,,,,,
train,aaaaadqe,aaaaadqe_s001_t001,543.0,4,1.0,12.512,22.228,9.716000000000001,absz
train,aaaaadqe,aaaaadqe_s001_t001,543.0,4,2.0,111.2969,123.976,12.679100000000005,absz
train,aaaaadqe,aaaaadqe_s001_t001,543.0,4,3.0,205.524,228.488,22.964,absz
train,aaaaadqe,aaaaadqe_s001_t001,543.0,4,4.0,489.62,505.1053,15.485299999999995,absz
train,aaaaadqe,aaaaadqe_s001_t002,482.0,3,1.0,6.1,19.376,13.276000000000002,absz
train,aaaaadqe,aaaaadqe_s001_t002,482.0,3,2.0,157.7869,173.128,15.341099999999983,absz
train,aaaaadqe,aaaaadqe_s001_t002,482.0,3,3.0,406.032,415.732,9.700000000000045,absz
train,aaaaadqe,aaaaadqe_s001_t003,256.0,2,1.0,8.916,15.8102,6.8942,absz
train,aaaaadqe,aaaaadqe_s001_t003,256.0,2,2.0,205.524,211.9563,6.432299999999998,absz
train,aaaaadqe,aaaaadqe_s001_t004,940.0,1,1.0,281.528,289.004,7.475999999999999,absz
train,aaaaadri,aaaaadri_s001_t002,403.0,0,,,,,
train,aaaaadri,aaaaadri_s001_t003,206.0,0,,,,,
train,aaaaadri,aaaaadri_s001_t004,585.0,0,,,,,
train,aaaaadro,aaaaadro_s001_t000,323.0,0,,,,,
train,aaaaadro,aaaaadro_s002_t000,1232.0,0,,,,,
train,aaaaadrt,aaaaadrt_s003_t000,1297.0,0,,,,,
train,aaaaadse,aaaaadse_s001_t000,183.0,0,,,,,
train,aaaaadse,aaaaadse_s001_t001,217.0,0,,,,,
train,aaaaadse,aaaaadse_s001_t002,107.0,0,,,,,
train,aaaaadse,aaaaadse_s001_t003,105.0,0,,,,,
train,aaaaadse,aaaaadse_s001_t004,136.0,0,,,,,
train,aaaaadse,aaaaadse_s001_t005,88.0,0,,,,,
train,aaaaadse,aaaaadse_s001_t006,66.0,0,,,,,
train,aaaaadsz,aaaaadsz_s001_t000,1800.0,0,,,,,
train,aaaaadsz,aaaaadsz_s001_t001,93.0,0,,,,,
train,aaaaadsz,aaaaadsz_s002_t000,222.0,0,,,,,
train,aaaaadsz,aaaaadsz_s002_t001,201.0,0,,,,,
train,aaaaadsz,aaaaadsz_s002_t002,62.0,0,,,,,
train,aaaaadsz,aaaaadsz_s002_t003,163.0,0,,,,,
train,aaaaadsz,aaaaadsz_s002_t004,151.0,0,,,,,
train,aaaaadsz,aaaaadsz_s002_t005,250.0,0,,,,,
train,aaaaadsz,aaaaadsz_s005_t000,1204.0,0,,,,,
train,aaaaadsz,aaaaadsz_s006_t000,1205.0,0,,,,,
train,aaaaadsz,aaaaadsz_s007_t000,1263.0,0,,,,,
train,aaaaadtv,aaaaadtv_s002_t000,1236.0,0,,,,,
train,aaaaaduu,aaaaaduu_s001_t002,292.0,0,,,,,
train,aaaaaduu,aaaaaduu_s001_t003,212.0,0,,,,,
train,aaaaadwo,aaaaadwo_s002_t001,1205.0,0,,,,,
train,aaaaadyf,aaaaadyf_s001_t000,670.0,6,1.0,314.992,328.992,14.0,absz
train,aaaaadyf,aaaaadyf_s001_t000,670.0,6,2.0,351.032,366.516,15.484000000000037,absz
train,aaaaadyf,aaaaadyf_s001_t000,670.0,6,3.0,387.704,402.004,14.300000000000011,absz
train,aaaaadyf,aaaaadyf_s001_t000,670.0,6,4.0,470.476,484.488,14.012,absz
train,aaaaadyf,aaaaadyf_s001_t000,670.0,6,5.0,546.032,559.056,13.024000000000001,absz
train,aaaaadyf,aaaaadyf_s001_t000,670.0,6,6.0,579.056,589.976,10.919999999999959,absz
train,aaaaadyf,aaaaadyf_s001_t001,1800.0,0,,,,,
train,aaaaadyf,aaaaadyf_s001_t002,204.0,0,,,,,
train,aaaaaead,aaaaaead_s001_t000,591.0,0,,,,,
train,aaaaaead,aaaaaead_s001_t001,271.0,1,1.0,1.0,21.0606,20.0606,fnsz
train,aaaaaead,aaaaaead_s002_t000,1331.0,0,,,,,
train,aaaaaeau,aaaaaeau_s002_t002,1137.0,0,,,,,
train,aaaaaebw,aaaaaebw_s001_t000,1212.0,0,,,,,
train,aaaaaece,aaaaaece_s001_t000,1206.0,2,1.0,328.0055,483.3108,155.3053,gnsz
train,aaaaaece,aaaaaece_s001_t000,1206.0,2,2.0,635.2431,679.3607,44.117599999999925,gnsz
train,aaaaaedo,aaaaaedo_s001_t000,1800.0,0,,,,,
train,aaaaaedo,aaaaaedo_s001_t001,493.0,0,,,,,
train,aaaaaedy,aaaaaedy_s001_t000,26.0,0,,,,,
train,aaaaaedy,aaaaaedy_s001_t001,198.0,2,1.0,5.15,37.2086,32.0586,cpsz
train,aaaaaedy,aaaaaedy_s001_t001,198.0,2,2.0,84.9275,148.8275,63.89999999999999,cpsz
train,aaaaaedy,aaaaaedy_s001_t002,245.0,3,1.0,10.0725,58.7725,48.7,cpsz
train,aaaaaedy,aaaaaedy_s001_t002,245.0,3,2.0,98.75,140.25,41.5,cpsz
train,aaaaaedy,aaaaaedy_s001_t002,245.0,3,3.0,177.9175,217.9175,40.0,cpsz
train,aaaaaedy,aaaaaedy_s001_t003,165.0,3,1.0,1.0,17.35,16.35,cpsz
train,aaaaaedy,aaaaaedy_s001_t003,165.0,3,2.0,52.3775,111.2374,58.859899999999996,cpsz
train,aaaaaedy,aaaaaedy_s001_t003,165.0,3,3.0,149.715,163.715,14.0,cpsz
train,aaaaaedy,aaaaaedy_s001_t004,195.0,1,1.0,1.0,36.81,35.81,cpsz
train,aaaaaedy,aaaaaedy_s001_t005,125.0,0,,,,,
train,aaaaaedy,aaaaaedy_s001_t006,215.0,1,1.0,135.3275,194.5275,59.20000000000002,cpsz
train,aaaaaedy,aaaaaedy_s001_t007,264.0,1,1.0,64.81,161.81,97.0,cpsz
train,aaaaaedy,aaaaaedy_s002_t001,1462.0,18,1.0,30.888,102.888,72.0,fnsz
train,aaaaaedy,aaaaaedy_s002_t001,1462.0,18,2.0,140.124,175.124,35.0,fnsz
train,aaaaaedy,aaaaaedy_s002_t001,1462.0,18,3.0,232.268,254.668,22.400000000000006,fnsz
train,aaaaaedy,aaaaaedy_s002_t001,1462.0,18,4.0,301.368,330.168,28.80000000000001,fnsz
train,aaaaaedy,aaaaaedy_s002_t001,1462.0,18,5.0,421.144,469.244,48.10000000000002,fnsz
train,aaaaaedy,aaaaaedy_s002_t001,1462.0,18,6.0,527.564,568.916,41.35200000000009,fnsz
train,aaaaaedy,aaaaaedy_s002_t001,1462.0,18,7.0,620.948,649.348,28.399999999999977,fnsz
train,aaaaaedy,aaaaaedy_s002_t001,1462.0,18,8.0,660.844,688.544,27.699999999999932,fnsz
train,aaaaaedy,aaaaaedy_s002_t001,1462.0,18,9.0,712.384,734.476,22.091999999999985,fnsz
train,aaaaaedy,aaaaaedy_s002_t001,1462.0,18,10.0,760.704,802.404,41.700000000000045,fnsz
train,aaaaaedy,aaaaaedy_s002_t001,1462.0,18,11.0,844.528,877.3977,32.869699999999966,fnsz
train,aaaaaedy,aaaaaedy_s002_t001,1462.0,18,12.0,973.448,989.544,16.096000000000004,fnsz
train,aaaaaedy,aaaaaedy_s002_t001,1462.0,18,13.0,1058.564,1070.064,11.5,fnsz
train,aaaaaedy,aaaaaedy_s002_t001,1462.0,18,14.0,1100.32,1130.4101,30.09010000000012,fnsz
train,aaaaaedy,aaaaaedy_s002_t001,1462.0,18,15.0,1172.34,1205.44,33.100000000000136,fnsz
train,aaaaaedy,aaaaaedy_s002_t001,1462.0,18,16.0,1270.62,1301.1465,30.52650000000017,fnsz
train,aaaaaedy,aaaaaedy_s002_t001,1462.0,18,17.0,1359.604,1392.204,32.59999999999991,fnsz
train,aaaaaedy,aaaaaedy_s002_t001,1462.0,18,18.0,1451.54,1460.984,9.44399999999996,fnsz
train,aaaaaedy,aaaaaedy_s003_t000,1209.0,0,,,,,
train,aaaaaedz,aaaaaedz_s001_t001,1243.0,0,,,,,
train,aaaaaeet,aaaaaeet_s001_t000,1210.0,0,,,,,
train,aaaaaefn,aaaaaefn_s001_t001,1188.0,0,,,,,
train,aaaaaegi,aaaaaegi_s001_t001,1428.0,0,,,,,
train,aaaaaegi,aaaaaegi_s002_t000,1331.0,0,,,,,
train,aaaaaegi,aaaaaegi_s003_t000,1428.0,5,1.0,83.944,176.108,92.164,fnsz
train,aaaaaegi,aaaaaegi_s003_t000,1428.0,5,2.0,254.164,313.86,59.696000000000026,gnsz
train,aaaaaegi,aaaaaegi_s003_t000,1428.0,5,3.0,982.576,1057.132,74.55600000000004,gnsz
train,aaaaaegi,aaaaaegi_s003_t000,1428.0,5,4.0,1084.0166,1104.2376,20.221000000000004,fnsz
train,aaaaaegi,aaaaaegi_s003_t000,1428.0,5,5.0,1140.079,1271.232,131.15300000000002,fnsz
train,aaaaaegv,aaaaaegv_s001_t000,1262.0,0,,,,,
train,aaaaaeha,aaaaaeha_s006_t000,826.0,0,,,,,
train,aaaaaeha,aaaaaeha_s006_t001,601.0,0,,,,,
train,aaaaaeha,aaaaaeha_s006_t002,333.0,0,,,,,
train,aaaaaeha,aaaaaeha_s008_t000,435.0,0,,,,,
train,aaaaaeha,aaaaaeha_s008_t001,430.0,0,,,,,
train,aaaaaeha,aaaaaeha_s008_t002,528.0,0,,,,,
train,aaaaaeha,aaaaaeha_s008_t003,445.0,0,,,,,
train,aaaaaeha,aaaaaeha_s008_t004,444.0,0,,,,,
train,aaaaaeij,aaaaaeij_s001_t000,1547.0,0,,,,,
train,aaaaaelb,aaaaaelb_s001_t002,1178.0,0,,,,,
train,aaaaaelb,aaaaaelb_s002_t000,1228.0,0,,,,,
train,aaaaaelb,aaaaaelb_s003_t000,799.0,4,1.0,162.109,190.4233,28.314300000000003,fnsz
train,aaaaaelb,aaaaaelb_s003_t000,799.0,4,2.0,298.7309,328.1576,29.426699999999983,fnsz
train,aaaaaelb,aaaaaelb_s003_t000,799.0,4,3.0,455.0016,491.5223,36.52069999999998,fnsz
train,aaaaaelb,aaaaaelb_s003_t000,799.0,4,4.0,565.7834,580.9029,15.119500000000016,fnsz
train,aaaaaelb,aaaaaelb_s003_t001,436.0,3,1.0,48.824,78.608,29.784000000000006,fnsz
train,aaaaaelb,aaaaaelb_s003_t001,436.0,3,2.0,198.2694,217.0282,18.758800000000008,fnsz
train,aaaaaelb,aaaaaelb_s003_t001,436.0,3,3.0,341.1258,373.1322,32.006399999999985,fnsz
train,aaaaaelb,aaaaaelb_s004_t000,391.0,3,1.0,86.9922,115.206,28.213800000000006,fnsz
train,aaaaaelb,aaaaaelb_s004_t000,391.0,3,2.0,189.9711,209.1094,19.138299999999987,fnsz
train,aaaaaelb,aaaaaelb_s004_t000,391.0,3,3.0,338.9489,358.0039,19.055000000000007,fnsz
train,aaaaaelb,aaaaaelb_s004_t001,603.0,7,1.0,20.9375,47.2656,26.3281,fnsz
train,aaaaaelb,aaaaaelb_s004_t001,603.0,7,2.0,109.0273,136.7891,27.761799999999994,fnsz
train,aaaaaelb,aaaaaelb_s004_t001,603.0,7,3.0,184.0117,211.9063,27.894599999999997,fnsz
train,aaaaaelb,aaaaaelb_s004_t001,603.0,7,4.0,290.0117,322.6758,32.66409999999996,fnsz
train,aaaaaelb,aaaaaelb_s004_t001,603.0,7,5.0,388.0117,414.1797,26.168000000000006,fnsz
train,aaaaaelb,aaaaaelb_s004_t001,603.0,7,6.0,432.0117,446.0625,14.050799999999981,fnsz
train,aaaaaelb,aaaaaelb_s004_t001,603.0,7,7.0,547.0117,560.0117,13.0,fnsz
train,aaaaaelb,aaaaaelb_s004_t002,601.0,4,1.0,76.6523,101.0664,24.414100000000005,fnsz
train,aaaaaelb,aaaaaelb_s004_t002,601.0,4,2.0,214.9805,242.9648,27.98429999999999,fnsz
train,aaaaaelb,aaaaaelb_s004_t002,601.0,4,3.0,369.0273,385.418,16.39069999999998,fnsz
train,aaaaaelb,aaaaaelb_s004_t002,601.0,4,4.0,531.9961,547.2344,15.238300000000095,fnsz
train,aaaaaelb,aaaaaelb_s004_t003,892.0,3,1.0,131.0391,161.9805,30.941400000000016,fnsz
train,aaaaaelb,aaaaaelb_s004_t003,892.0,3,2.0,274.9805,310.0078,35.02729999999997,fnsz
train,aaaaaelb,aaaaaelb_s004_t003,892.0,3,3.0,747.9883,773.0039,25.015600000000063,fnsz
train,aaaaaelb,aaaaaelb_s004_t004,601.0,1,1.0,242.9688,277.1257,34.15690000000001,fnsz
train,aaaaaelb,aaaaaelb_s004_t005,601.0,2,1.0,246.0156,273.9922,27.97660000000002,fnsz
train,aaaaaelb,aaaaaelb_s004_t005,601.0,2,2.0,424.9883,441.0586,16.07030000000003,fnsz
train,aaaaaelb,aaaaaelb_s004_t006,601.0,0,,,,,
train,aaaaaelb,aaaaaelb_s005_t001,601.0,0,,,,,
train,aaaaaelb,aaaaaelb_s005_t003,601.0,0,,,,,
train,aaaaaelb,aaaaaelb_s005_t004,601.0,0,,,,,
train,aaaaaelb,aaaaaelb_s005_t005,601.0,0,,,,,
train,aaaaaelp,aaaaaelp_s003_t000,1202.0,0,,,,,
train,aaaaaelp,aaaaaelp_s004_t001,1185.0,0,,,,,
train,aaaaaelv,aaaaaelv_s001_t001,437.0,0,,,,,
train,aaaaaelv,aaaaaelv_s001_t002,768.0,0,,,,,
train,aaaaaemu,aaaaaemu_s002_t000,1443.0,0,,,,,
train,aaaaaemw,aaaaaemw_s001_t001,1504.0,0,,,,,
train,aaaaaenl,aaaaaenl_s001_t001,1471.0,1,1.0,112.012,128.46,16.448000000000008,absz
train,aaaaaent,aaaaaent_s001_t000,1009.0,0,,,,,
train,aaaaaent,aaaaaent_s001_t001,1800.0,0,,,,,
train,aaaaaent,aaaaaent_s001_t002,308.0,0,,,,,
train,aaaaaeph,aaaaaeph_s002_t000,88.0,0,,,,,
train,aaaaaeph,aaaaaeph_s002_t001,76.0,0,,,,,
train,aaaaaeph,aaaaaeph_s002_t002,185.0,0,,,,,
train,aaaaaeph,aaaaaeph_s002_t003,185.0,0,,,,,
train,aaaaaeph,aaaaaeph_s002_t004,189.0,0,,,,,
train,aaaaaeph,aaaaaeph_s003_t000,125.0,0,,,,,
train,aaaaaeph,aaaaaeph_s003_t001,185.0,0,,,,,
train,aaaaaeph,aaaaaeph_s003_t002,125.0,0,,,,,
train,aaaaaeph,aaaaaeph_s003_t003,185.0,0,,,,,
train,aaaaaeph,aaaaaeph_s003_t004,245.0,0,,,,,
train,aaaaaeph,aaaaaeph_s003_t005,125.0,0,,,,,
train,aaaaaeph,aaaaaeph_s003_t006,65.0,0,,,,,
train,aaaaaeph,aaaaaeph_s003_t007,145.0,0,,,,,
train,aaaaaeph,aaaaaeph_s003_t008,124.0,0,,,,,
train,aaaaaeph,aaaaaeph_s003_t009,125.0,0,,,,,
train,aaaaaeph,aaaaaeph_s003_t010,185.0,0,,,,,
train,aaaaaeph,aaaaaeph_s003_t011,185.0,0,,,,,
train,aaaaaeph,aaaaaeph_s003_t012,215.0,0,,,,,
train,aaaaaeph,aaaaaeph_s003_t013,125.0,0,,,,,
train,aaaaaeph,aaaaaeph_s003_t014,125.0,0,,,,,
train,aaaaaeph,aaaaaeph_s003_t015,124.0,0,,,,,
train,aaaaaeph,aaaaaeph_s003_t016,424.0,0,,,,,
train,aaaaaeph,aaaaaeph_s003_t017,125.0,0,,,,,
train,aaaaaeph,aaaaaeph_s003_t018,314.0,0,,,,,
train,aaaaaeph,aaaaaeph_s004_t000,1243.0,0,,,,,
train,aaaaaeph,aaaaaeph_s005_t000,1212.0,0,,,,,
train,aaaaaeqh,aaaaaeqh_s002_t000,600.0,0,,,,,
train,aaaaaeqh,aaaaaeqh_s002_t001,252.0,0,,,,,
train,aaaaaeqh,aaaaaeqh_s002_t002,581.0,0,,,,,
train,aaaaaeqy,aaaaaeqy_s001_t000,1208.0,0,,,,,
train,aaaaaerk,aaaaaerk_s003_t000,305.0,0,,,,,
train,aaaaaerk,aaaaaerk_s003_t001,303.0,0,,,,,
train,aaaaaerk,aaaaaerk_s003_t003,310.0,0,,,,,
train,aaaaaerk,aaaaaerk_s003_t004,308.0,0,,,,,
train,aaaaaerk,aaaaaerk_s004_t000,315.0,0,,,,,
train,aaaaaerk,aaaaaerk_s004_t001,64.0,0,,,,,
train,aaaaaerk,aaaaaerk_s004_t002,304.0,0,,,,,
train,aaaaaerk,aaaaaerk_s004_t003,305.0,0,,,,,
train,aaaaaerk,aaaaaerk_s004_t004,317.0,0,,,,,
train,aaaaaetk,aaaaaetk_s001_t001,310.0,1,1.0,231.3641,308.992,77.62790000000001,fnsz
train,aaaaaetk,aaaaaetk_s001_t002,1234.0,3,1.0,1.0,54.048,53.048,fnsz
train,aaaaaetk,aaaaaetk_s001_t002,1234.0,3,2.0,744.8675,865.8439,120.97640000000001,fnsz
train,aaaaaetk,aaaaaetk_s001_t002,1234.0,3,3.0,1133.9697,1215.9751,82.00540000000001,fnsz
train,aaaaaetm,aaaaaetm_s002_t000,801.0,0,,,,,
train,aaaaaetm,aaaaaetm_s002_t001,360.0,1,1.0,3.0675,47.2393,44.1718,gnsz
train,aaaaaetm,aaaaaetm_s002_t003,250.0,0,,,,,
train,aaaaaewg,aaaaaewg_s002_t000,811.0,0,,,,,
train,aaaaaewg,aaaaaewg_s002_t001,64.0,0,,,,,
train,aaaaaewg,aaaaaewg_s004_t000,345.0,0,,,,,
train,aaaaaewg,aaaaaewg_s004_t001,287.0,0,,,,,
train,aaaaaewg,aaaaaewg_s004_t002,305.0,0,,,,,
train,aaaaaewg,aaaaaewg_s004_t003,244.0,0,,,,,
train,aaaaaewi,aaaaaewi_s001_t000,1248.0,0,,,,,
train,aaaaaexq,aaaaaexq_s001_t001,1204.0,0,,,,,
train,aaaaaexr,aaaaaexr_s002_t000,251.0,0,,,,,
train,aaaaaexr,aaaaaexr_s002_t001,401.0,1,1.0,74.9057,134.1454,59.2397,fnsz
train,aaaaaexr,aaaaaexr_s002_t002,10.0,0,,,,,
train,aaaaaexr,aaaaaexr_s002_t003,241.0,0,,,,,
train,aaaaaexr,aaaaaexr_s002_t004,201.0,0,,,,,
train,aaaaaexr,aaaaaexr_s002_t005,110.0,0,,,,,
train,aaaaaeys,aaaaaeys_s001_t000,1208.0,0,,,,,
train,aaaaafav,aaaaafav_s001_t000,844.0,1,1.0,35.812,843.0,807.188,fnsz
train,aaaaafav,aaaaafav_s001_t001,16.0,0,,,,,
train,aaaaafav,aaaaafav_s001_t002,209.0,2,1.0,1.0,155.688,154.688,fnsz
train,aaaaafav,aaaaafav_s001_t002,209.0,2,2.0,165.0303,208.0,42.96969999999999,fnsz
train,aaaaafav,aaaaafav_s001_t003,886.0,1,1.0,1.0,285.76,284.76,fnsz
train,aaaaafbn,aaaaafbn_s001_t000,1208.0,0,,,,,
train,aaaaafef,aaaaafef_s001_t001,1302.0,0,,,,,
train,aaaaafgk,aaaaafgk_s002_t001,1210.0,1,1.0,274.1265,315.5139,41.38739999999996,gnsz
train,aaaaafie,aaaaafie_s002_t001,351.0,0,,,,,
train,aaaaafie,aaaaafie_s002_t002,501.0,0,,,,,
train,aaaaafie,aaaaafie_s002_t003,401.0,0,,,,,
train,aaaaafie,aaaaafie_s002_t004,386.0,0,,,,,
train,aaaaafjj,aaaaafjj_s002_t001,1189.0,0,,,,,
train,aaaaafjw,aaaaafjw_s001_t001,111.0,1,1.0,7.6812,108.5953,100.91409999999999,fnsz
train,aaaaafjw,aaaaafjw_s001_t002,151.0,1,1.0,1.0,69.4983,68.4983,fnsz
train,aaaaafjw,aaaaafjw_s001_t005,201.0,1,1.0,9.3311,95.9699,86.6388,fnsz
train,aaaaafjw,aaaaafjw_s001_t006,151.0,1,1.0,1.0,62.1906,61.1906,fnsz
train,aaaaafjw,aaaaafjw_s001_t007,201.0,1,1.0,11.0033,92.5418,81.5385,fnsz
train,aaaaafjw,aaaaafjw_s001_t008,150.0,1,1.0,1.0,71.7559,70.7559,fnsz
train,aaaaafjw,aaaaafjw_s002_t000,481.0,3,1.0,25.981,109.2475,83.26650000000001,fnsz
train,aaaaafjw,aaaaafjw_s002_t000,481.0,3,2.0,205.8919,297.0401,91.1482,fnsz
train,aaaaafjw,aaaaafjw_s002_t000,481.0,3,3.0,446.8584,480.0,33.14159999999998,fnsz
train,aaaaafjw,aaaaafjw_s002_t001,151.0,1,1.0,1.0,40.2341,39.2341,fnsz
train,aaaaafjw,aaaaafjw_s002_t002,251.0,2,1.0,1.0,62.0624,61.0624,fnsz
train,aaaaafjw,aaaaafjw_s002_t002,251.0,2,2.0,174.9454,250.0,75.0546,fnsz
train,aaaaafjw,aaaaafjw_s002_t003,301.0,2,1.0,33.2929,109.4646,76.1717,fnsz
train,aaaaafjw,aaaaafjw_s002_t003,301.0,2,2.0,255.2424,299.7273,44.48490000000001,fnsz
train,aaaaafjw,aaaaafjw_s002_t004,201.0,1,1.0,1.0,28.0,27.0,fnsz
train,aaaaafjw,aaaaafjw_s002_t005,76.0,1,1.0,1.0,42.0,41.0,fnsz
train,aaaaafjw,aaaaafjw_s002_t006,176.0,2,1.0,1.0,26.0606,25.0606,fnsz
train,aaaaafjw,aaaaafjw_s002_t006,176.0,2,2.0,110.0606,174.7879,64.72730000000001,fnsz
train,aaaaafjw,aaaaafjw_s002_t007,101.0,1,1.0,47.1212,99.9697,52.8485,fnsz
train,aaaaafjw,aaaaafjw_s002_t008,101.0,1,1.0,1.0,14.1818,13.1818,fnsz
train,aaaaafjw,aaaaafjw_s002_t009,151.0,1,1.0,10.0606,89.2121,79.1515,fnsz
train,aaaaafjw,aaaaafjw_s002_t010,35.0,1,1.0,1.0,16.6061,15.606100000000001,fnsz
train,aaaaafjw,aaaaafjw_s003_t000,81.0,0,,,,,
train,aaaaafjw,aaaaafjw_s003_t001,221.0,0,,,,,
train,aaaaafjw,aaaaafjw_s003_t002,271.0,0,,,,,
train,aaaaafjw,aaaaafjw_s003_t003,301.0,0,,,,,
train,aaaaafjw,aaaaafjw_s003_t004,350.0,0,,,,,
train,aaaaaflc,aaaaaflc_s001_t001,1260.0,7,1.0,351.9844,407.0658,55.08140000000003,gnsz
train,aaaaaflc,aaaaaflc_s001_t001,1260.0,7,2.0,603.9398,633.5942,29.65440000000001,gnsz
train,aaaaaflc,aaaaaflc_s001_t001,1260.0,7,3.0,642.6455,662.9855,20.340000000000032,gnsz
train,aaaaaflc,aaaaaflc_s001_t001,1260.0,7,4.0,802.3211,818.1405,15.819399999999973,gnsz
train,aaaaaflc,aaaaaflc_s001_t001,1260.0,7,5.0,872.5295,884.369,11.839500000000044,gnsz
train,aaaaaflc,aaaaaflc_s001_t001,1260.0,7,6.0,893.9365,932.1862,38.24969999999996,gnsz
train,aaaaaflc,aaaaaflc_s001_t001,1260.0,7,7.0,1089.5518,1120.0145,30.46270000000004,gnsz
train,aaaaafli,aaaaafli_s004_t000,1204.0,0,,,,,
train,aaaaafoq,aaaaafoq_s001_t000,1205.0,1,1.0,476.384,523.016,46.63199999999995,fnsz
train,aaaaafrv,aaaaafrv_s002_t000,55.0,0,,,,,
train,aaaaafrv,aaaaafrv_s002_t001,1209.0,0,,,,,
train,aaaaafsb,aaaaafsb_s001_t000,1208.0,0,,,,,
train,aaaaafsb,aaaaafsb_s004_t000,355.0,0,,,,,
train,aaaaafsb,aaaaafsb_s004_t001,125.0,0,,,,,
train,aaaaafsb,aaaaafsb_s004_t002,65.0,0,,,,,
train,aaaaafsb,aaaaafsb_s004_t003,124.0,0,,,,,
train,aaaaafsb,aaaaafsb_s004_t004,245.0,0,,,,,
train,aaaaafsb,aaaaafsb_s004_t005,64.0,0,,,,,
train,aaaaaftk,aaaaaftk_s002_t000,27.0,0,,,,,
train,aaaaaftk,aaaaaftk_s002_t001,1158.0,2,1.0,67.004,113.9036,46.89959999999999,fnsz
train,aaaaaftk,aaaaaftk_s002_t001,1158.0,2,2.0,1136.0,1156.992,20.991999999999962,fnsz
train,aaaaaftk,aaaaaftk_s002_t002,280.0,0,,,,,
train,aaaaaftl,aaaaaftl_s001_t000,1203.0,0,,,,,
train,aaaaafwi,aaaaafwi_s001_t001,1204.0,0,,,,,
train,aaaaafwz,aaaaafwz_s001_t000,833.0,4,1.0,78.86,198.088,119.228,cpsz
train,aaaaafwz,aaaaafwz_s001_t000,833.0,4,2.0,290.628,350.828,60.19999999999999,cpsz
train,aaaaafwz,aaaaafwz_s001_t000,833.0,4,3.0,461.388,699.788,238.40000000000003,cpsz
train,aaaaafwz,aaaaafwz_s001_t000,833.0,4,4.0,769.204,832.0,62.79600000000005,cpsz
train,aaaaafwz,aaaaafwz_s001_t001,555.0,4,1.0,1.0,27.4972,26.4972,cpsz
train,aaaaafwz,aaaaafwz_s001_t001,555.0,4,2.0,32.624,173.616,140.99200000000002,cpsz
train,aaaaafwz,aaaaafwz_s001_t001,555.0,4,3.0,275.196,337.38,62.18399999999997,cpsz
train,aaaaafwz,aaaaafwz_s001_t001,555.0,4,4.0,415.696,553.0075,137.31150000000002,cpsz
train,aaaaafxk,aaaaafxk_s001_t001,1167.0,0,,,,,
train,aaaaafxr,aaaaafxr_s002_t001,101.0,0,,,,,
train,aaaaafxr,aaaaafxr_s002_t002,211.0,0,,,,,
train,aaaaafxr,aaaaafxr_s002_t003,152.0,0,,,,,
train,aaaaafxr,aaaaafxr_s002_t004,361.0,0,,,,,
train,aaaaafxr,aaaaafxr_s002_t005,6.0,0,,,,,
train,aaaaafxr,aaaaafxr_s002_t006,6.0,0,,,,,
train,aaaaafxr,aaaaafxr_s003_t000,111.0,0,,,,,
train,aaaaafxr,aaaaafxr_s003_t001,301.0,0,,,,,
train,aaaaafxr,aaaaafxr_s003_t002,289.0,0,,,,,
train,aaaaafxr,aaaaafxr_s003_t003,75.0,0,,,,,
train,aaaaafxr,aaaaafxr_s003_t004,275.0,0,,,,,
train,aaaaafxr,aaaaafxr_s004_t000,41.0,0,,,,,
train,aaaaafxr,aaaaafxr_s004_t001,71.0,0,,,,,
train,aaaaafxr,aaaaafxr_s004_t002,121.0,0,,,,,
train,aaaaafxr,aaaaafxr_s004_t003,61.0,0,,,,,
train,aaaaafxr,aaaaafxr_s004_t004,91.0,0,,,,,
train,aaaaafxr,aaaaafxr_s004_t005,293.0,0,,,,,
train,aaaaafxr,aaaaafxr_s004_t006,5.0,0,,,,,
train,aaaaafye,aaaaafye_s002_t000,295.0,0,,,,,
train,aaaaafye,aaaaafye_s002_t001,295.0,0,,,,,
train,aaaaafye,aaaaafye_s002_t002,295.0,0,,,,,
train,aaaaafye,aaaaafye_s002_t003,378.0,0,,,,,
train,aaaaafyv,aaaaafyv_s001_t000,1320.0,0,,,,,
train,aaaaafza,aaaaafza_s001_t000,1200.0,0,,,,,
train,aaaaafzl,aaaaafzl_s001_t000,1202.0,0,,,,,
train,aaaaafzp,aaaaafzp_s001_t001,1150.0,0,,,,,
train,aaaaafzr,aaaaafzr_s001_t001,1184.0,0,,,,,
train,aaaaafzt,aaaaafzt_s003_t000,1338.0,2,1.0,749.0451,808.1053,59.06020000000001,fnsz
train,aaaaafzt,aaaaafzt_s003_t000,1338.0,2,2.0,982.0691,1003.9119,21.842799999999897,fnsz
train,aaaaagcs,aaaaagcs_s001_t000,1202.0,0,,,,,
train,aaaaagcs,aaaaagcs_s002_t000,1304.0,1,1.0,938.132,987.48,49.34800000000007,cpsz
train,aaaaagdh,aaaaagdh_s001_t001,1175.0,0,,,,,
train,aaaaagez,aaaaagez_s001_t001,364.0,0,,,,,
train,aaaaagez,aaaaagez_s001_t002,311.0,0,,,,,
train,aaaaagez,aaaaagez_s001_t003,514.0,0,,,,,
train,aaaaagfw,aaaaagfw_s001_t000,1212.0,0,,,,,
train,aaaaaggi,aaaaaggi_s002_t000,1380.0,0,,,,,
train,aaaaagje,aaaaagje_s001_t000,1330.0,0,,,,,
train,aaaaagkw,aaaaagkw_s001_t001,1310.0,0,,,,,
train,aaaaagmg,aaaaagmg_s001_t000,1335.0,0,,,,,
train,aaaaagoo,aaaaagoo_s003_t000,1303.0,2,1.0,290.152,326.7298,36.577800000000025,fnsz
train,aaaaagoo,aaaaagoo_s003_t000,1303.0,2,2.0,337.684,368.0315,30.347499999999968,fnsz
train,aaaaagoo,aaaaagoo_s004_t000,285.0,0,,,,,
train,aaaaagoo,aaaaagoo_s004_t001,275.0,0,,,,,
train,aaaaagoo,aaaaagoo_s004_t002,301.0,0,,,,,
train,aaaaagoo,aaaaagoo_s004_t003,325.0,0,,,,,
train,aaaaagoo,aaaaagoo_s005_t000,110.0,0,,,,,
train,aaaaagoo,aaaaagoo_s005_t001,124.0,0,,,,,
train,aaaaagoo,aaaaagoo_s005_t002,205.0,0,,,,,
train,aaaaagoo,aaaaagoo_s005_t003,323.0,0,,,,,
train,aaaaagpk,aaaaagpk_s009_t000,1800.0,0,,,,,
train,aaaaagpk,aaaaagpk_s009_t001,73.0,0,,,,,
train,aaaaagpk,aaaaagpk_s009_t002,155.0,1,1.0,1.0,154.0,153.0,gnsz
train,aaaaagpk,aaaaagpk_s012_t000,116.0,1,1.0,69.2893,81.0205,11.731200000000001,gnsz
train,aaaaagpk,aaaaagpk_s012_t002,100.0,1,1.0,27.2264,99.0,71.7736,cpsz
train,aaaaagpk,aaaaagpk_s012_t003,1305.0,1,1.0,1.0,1304.0,1303.0,cpsz
train,aaaaagpk,aaaaagpk_s013_t000,1800.0,0,,,,,
train,aaaaagpk,aaaaagpk_s013_t001,1800.0,0,,,,,
train,aaaaagpk,aaaaagpk_s013_t002,1800.0,0,,,,,
train,aaaaagpk,aaaaagpk_s013_t003,1800.0,0,,,,,
train,aaaaagpk,aaaaagpk_s013_t004,1.0,0,,,,,
train,aaaaagpk,aaaaagpk_s013_t005,1382.0,0,,,,,
train,aaaaagpk,aaaaagpk_s013_t006,1800.0,0,,,,,
train,aaaaagpk,aaaaagpk_s013_t007,1800.0,0,,,,,
train,aaaaagpk,aaaaagpk_s013_t008,20.0,0,,,,,
train,aaaaagpk,aaaaagpk_s013_t009,1800.0,0,,,,,
train,aaaaagpk,aaaaagpk_s013_t010,1800.0,0,,,,,
train,aaaaagpk,aaaaagpk_s013_t011,1.0,0,,,,,
train,aaaaagpk,aaaaagpk_s013_t012,345.0,0,,,,,
train,aaaaagpk,aaaaagpk_s013_t013,12.0,0,,,,,
train,aaaaagpk,aaaaagpk_s013_t014,20.0,0,,,,,
train,aaaaagpk,aaaaagpk_s015_t000,300.0,0,,,,,
train,aaaaagpk,aaaaagpk_s015_t001,300.0,0,,,,,
train,aaaaagpk,aaaaagpk_s015_t002,1113.0,4,1.0,325.0221,353.9669,28.944799999999987,gnsz
train,aaaaagpk,aaaaagpk_s015_t002,1113.0,4,2.0,454.1271,470.1215,15.994400000000041,gnsz
train,aaaaagpk,aaaaagpk_s015_t002,1113.0,4,3.0,523.1547,550.105,26.95029999999997,gnsz
train,aaaaagpk,aaaaagpk_s015_t002,1113.0,4,4.0,694.221,710.0829,15.861899999999991,gnsz
train,aaaaagpk,aaaaagpk_s015_t003,300.0,0,,,,,
train,aaaaagpk,aaaaagpk_s015_t004,601.0,0,,,,,
train,aaaaagpk,aaaaagpk_s015_t005,7.0,0,,,,,
train,aaaaagpk,aaaaagpk_s015_t006,300.0,0,,,,,
train,aaaaagpk,aaaaagpk_s015_t007,601.0,0,,,,,
train,aaaaagpk,aaaaagpk_s015_t008,7.0,0,,,,,
train,aaaaagpk,aaaaagpk_s015_t009,601.0,0,,,,,
train,aaaaagpk,aaaaagpk_s015_t010,300.0,0,,,,,
train,aaaaagqb,aaaaagqb_s001_t000,1210.0,0,,,,,
train,aaaaagqb,aaaaagqb_s002_t001,1241.0,0,,,,,
train,aaaaagqb,aaaaagqb_s002_t002,432.0,0,,,,,
train,aaaaagqb,aaaaagqb_s003_t002,1185.0,0,,,,,
train,aaaaagqb,aaaaagqb_s004_t001,1175.0,0,,,,,
train,aaaaagro,aaaaagro_s003_t000,1800.0,0,,,,,
train,aaaaagro,aaaaagro_s003_t001,913.0,0,,,,,
train,aaaaagrz,aaaaagrz_s001_t000,1470.0,1,1.0,512.784,526.76,13.975999999999999,fnsz
train,aaaaagrz,aaaaagrz_s002_t000,185.0,0,,,,,
train,aaaaagrz,aaaaagrz_s002_t001,125.0,0,,,,,
train,aaaaagrz,aaaaagrz_s002_t002,175.0,0,,,,,
train,aaaaagrz,aaaaagrz_s002_t003,125.0,0,,,,,
train,aaaaagrz,aaaaagrz_s002_t004,65.0,0,,,,,
train,aaaaagrz,aaaaagrz_s002_t005,305.0,0,,,,,
train,aaaaagrz,aaaaagrz_s002_t006,65.0,0,,,,,
train,aaaaagrz,aaaaagrz_s002_t007,75.0,0,,,,,
train,aaaaagrz,aaaaagrz_s002_t008,65.0,0,,,,,
train,aaaaagrz,aaaaagrz_s002_t009,294.0,0,,,,,
train,aaaaagsc,aaaaagsc_s002_t000,1213.0,0,,,,,
train,aaaaagtc,aaaaagtc_s001_t000,315.0,0,,,,,
train,aaaaagtc,aaaaagtc_s001_t001,325.0,0,,,,,
train,aaaaagtc,aaaaagtc_s001_t002,325.0,0,,,,,
train,aaaaagtc,aaaaagtc_s001_t003,65.0,0,,,,,
train,aaaaagtc,aaaaagtc_s001_t004,307.0,0,,,,,
train,aaaaagtt,aaaaagtt_s002_t000,11.0,0,,,,,
train,aaaaagtt,aaaaagtt_s002_t001,150.0,0,,,,,
train,aaaaagtt,aaaaagtt_s002_t002,136.0,0,,,,,
train,aaaaagtt,aaaaagtt_s002_t003,135.0,0,,,,,
train,aaaaagtt,aaaaagtt_s002_t004,150.0,0,,,,,
train,aaaaagtt,aaaaagtt_s005_t000,305.0,1,1.0,1.0,304.0,303.0,fnsz
train,aaaaagtt,aaaaagtt_s005_t001,505.0,2,1.0,40.0175,103.98,63.962500000000006,fnsz
train,aaaaagtt,aaaaagtt_s005_t001,505.0,2,2.0,338.9525,436.2067,97.25420000000003,fnsz
train,aaaaagtt,aaaaagtt_s005_t002,355.0,0,,,,,
train,aaaaagtt,aaaaagtt_s005_t003,144.0,2,1.0,8.9975,63.095,54.0975,fnsz
train,aaaaagtt,aaaaagtt_s005_t003,144.0,2,2.0,76.9725,127.0275,50.05500000000001,fnsz
train,aaaaagtt,aaaaagtt_s005_t004,164.0,0,,,,,
train,aaaaagtt,aaaaagtt_s006_t000,305.0,0,,,,,
train,aaaaagtt,aaaaagtt_s006_t001,305.0,0,,,,,
train,aaaaagtt,aaaaagtt_s007_t000,145.0,0,,,,,
train,aaaaagtt,aaaaagtt_s007_t001,165.0,0,,,,,
train,aaaaagtt,aaaaagtt_s007_t002,145.0,0,,,,,
train,aaaaagtt,aaaaagtt_s007_t003,224.0,0,,,,,
train,aaaaagtt,aaaaagtt_s007_t004,145.0,1,1.0,39.0225,75.0525,36.029999999999994,fnsz
train,aaaaagtt,aaaaagtt_s007_t005,174.0,0,,,,,
train,aaaaagtt,aaaaagtt_s007_t006,233.0,0,,,,,
train,aaaaagtt,aaaaagtt_s008_t000,285.0,0,,,,,
train,aaaaagtt,aaaaagtt_s008_t001,320.0,0,,,,,
train,aaaaagtt,aaaaagtt_s008_t002,250.0,0,,,,,
train,aaaaagtt,aaaaagtt_s008_t003,304.0,0,,,,,
train,aaaaaguu,aaaaaguu_s001_t000,558.0,0,,,,,
train,aaaaaguu,aaaaaguu_s001_t001,704.0,0,,,,,
train,aaaaagxd,aaaaagxd_s001_t001,1294.0,0,,,,,
train,aaaaagxr,aaaaagxr_s001_t001,1220.0,0,,,,,
train,aaaaagxr,aaaaagxr_s002_t000,1203.0,0,,,,,
train,aaaaagxr,aaaaagxr_s004_t000,364.0,0,,,,,
train,aaaaagxr,aaaaagxr_s004_t001,375.0,0,,,,,
train,aaaaagxr,aaaaagxr_s004_t002,315.0,0,,,,,
train,aaaaagxr,aaaaagxr_s004_t003,344.0,0,,,,,
train,aaaaagxr,aaaaagxr_s005_t001,1220.0,0,,,,,
train,aaaaagxr,aaaaagxr_s006_t000,1215.0,0,,,,,
train,aaaaagxr,aaaaagxr_s007_t000,1800.0,0,,,,,
train,aaaaagxr,aaaaagxr_s007_t001,130.0,0,,,,,
train,aaaaagxr,aaaaagxr_s008_t000,1374.0,0,,,,,
train,aaaaagxr,aaaaagxr_s009_t000,211.0,0,,,,,
train,aaaaagxr,aaaaagxr_s009_t001,1187.0,0,,,,,
train,aaaaagxr,aaaaagxr_s010_t000,1336.0,0,,,,,
train,aaaaagxr,aaaaagxr_s011_t000,87.0,0,,,,,
train,aaaaagxr,aaaaagxr_s011_t001,213.0,0,,,,,
train,aaaaagxr,aaaaagxr_s011_t002,601.0,0,,,,,
train,aaaaagxr,aaaaagxr_s011_t003,601.0,0,,,,,
train,aaaaagxr,aaaaagxr_s011_t004,300.0,0,,,,,
train,aaaaagxr,aaaaagxr_s011_t005,601.0,0,,,,,
train,aaaaagxr,aaaaagxr_s011_t006,300.0,0,,,,,
train,aaaaagxr,aaaaagxr_s011_t007,601.0,0,,,,,
train,aaaaagxr,aaaaagxr_s011_t008,300.0,0,,,,,
train,aaaaagxr,aaaaagxr_s011_t009,601.0,0,,,,,
train,aaaaagxr,aaaaagxr_s011_t010,138.0,0,,,,,
train,aaaaagxr,aaaaagxr_s015_t000,1066.0,0,,,,,
train,aaaaagxr,aaaaagxr_s015_t001,1462.0,0,,,,,
train,aaaaagxr,aaaaagxr_s015_t002,601.0,0,,,,,
train,aaaaagxr,aaaaagxr_s015_t003,606.0,0,,,,,
train,aaaaagxr,aaaaagxr_s015_t004,607.0,0,,,,,
train,aaaaagxr,aaaaagxr_s015_t005,608.0,0,,,,,
train,aaaaagxr,aaaaagxr_s015_t006,601.0,0,,,,,
train,aaaaagxr,aaaaagxr_s015_t007,606.0,0,,,,,
train,aaaaagxr,aaaaagxr_s015_t008,300.0,0,,,,,
train,aaaaagxr,aaaaagxr_s015_t009,609.0,0,,,,,
train,aaaaagxr,aaaaagxr_s015_t010,601.0,0,,,,,
train,aaaaagxr,aaaaagxr_s016_t000,300.0,0,,,,,
train,aaaaagxr,aaaaagxr_s016_t001,607.0,0,,,,,
train,aaaaagxr,aaaaagxr_s016_t002,601.0,0,,,,,
train,aaaaagxr,aaaaagxr_s016_t003,300.0,0,,,,,
train,aaaaagxr,aaaaagxr_s016_t004,601.0,0,,,,,
train,aaaaagxr,aaaaagxr_s016_t005,801.0,0,,,,,
train,aaaaagxr,aaaaagxr_s016_t006,601.0,0,,,,,
train,aaaaagxr,aaaaagxr_s016_t007,695.0,0,,,,,
train,aaaaagxr,aaaaagxr_s016_t008,300.0,0,,,,,
train,aaaaagxr,aaaaagxr_s016_t009,601.0,0,,,,,
train,aaaaagxr,aaaaagxr_s017_t000,1800.0,0,,,,,
train,aaaaagxr,aaaaagxr_s017_t001,1800.0,0,,,,,
train,aaaaagxr,aaaaagxr_s017_t002,1800.0,0,,,,,
train,aaaaagxr,aaaaagxr_s017_t003,1800.0,0,,,,,
train,aaaaagxr,aaaaagxr_s017_t004,1800.0,0,,,,,
train,aaaaagxr,aaaaagxr_s017_t005,1300.0,0,,,,,
train,aaaaagxr,aaaaagxr_s017_t006,1800.0,0,,,,,
train,aaaaagxr,aaaaagxr_s017_t007,197.0,0,,,,,
train,aaaaagxr,aaaaagxr_s017_t008,1800.0,0,,,,,
train,aaaaagxr,aaaaagxr_s017_t009,1800.0,0,,,,,
train,aaaaagxr,aaaaagxr_s017_t010,1457.0,0,,,,,
train,aaaaagxr,aaaaagxr_s018_t000,300.0,0,,,,,
train,aaaaagxr,aaaaagxr_s018_t001,601.0,0,,,,,
train,aaaaagxr,aaaaagxr_s018_t002,601.0,0,,,,,
train,aaaaagxr,aaaaagxr_s018_t003,300.0,0,,,,,
train,aaaaagxr,aaaaagxr_s018_t004,601.0,0,,,,,
train,aaaaagxr,aaaaagxr_s018_t005,300.0,0,,,,,
train,aaaaagxr,aaaaagxr_s018_t006,601.0,0,,,,,
train,aaaaagxr,aaaaagxr_s020_t000,300.0,0,,,,,
train,aaaaagxr,aaaaagxr_s020_t001,601.0,0,,,,,
train,aaaaagxr,aaaaagxr_s020_t002,300.0,0,,,,,
train,aaaaagxr,aaaaagxr_s020_t003,601.0,0,,,,,
train,aaaaagxr,aaaaagxr_s020_t004,300.0,0,,,,,
train,aaaaagxr,aaaaagxr_s020_t005,601.0,0,,,,,
train,aaaaagxr,aaaaagxr_s020_t006,300.0,0,,,,,
train,aaaaagxr,aaaaagxr_s020_t007,608.0,0,,,,,
train,aaaaagxr,aaaaagxr_s021_t000,685.0,0,,,,,
train,aaaaagxr,aaaaagxr_s021_t001,601.0,0,,,,,
train,aaaaagxr,aaaaagxr_s021_t002,1511.0,0,,,,,
train,aaaaagxr,aaaaagxr_s021_t003,300.0,0,,,,,
train,aaaaagxr,aaaaagxr_s021_t004,601.0,0,,,,,
train,aaaaagxr,aaaaagxr_s021_t005,300.0,0,,,,,
train,aaaaagxr,aaaaagxr_s021_t006,601.0,0,,,,,
train,aaaaagxr,aaaaagxr_s021_t007,300.0,0,,,,,
train,aaaaagxr,aaaaagxr_s021_t008,601.0,0,,,,,
train,aaaaagxr,aaaaagxr_s022_t000,300.0,0,,,,,
train,aaaaagxr,aaaaagxr_s022_t001,601.0,0,,,,,
train,aaaaagxr,aaaaagxr_s022_t002,381.0,0,,,,,
train,aaaaagxr,aaaaagxr_s022_t003,601.0,0,,,,,
train,aaaaagxr,aaaaagxr_s022_t004,601.0,0,,,,,
train,aaaaagxr,aaaaagxr_s022_t005,794.0,0,,,,,
train,aaaaagxr,aaaaagxr_s022_t006,601.0,0,,,,,
train,aaaaagym,aaaaagym_s001_t002,1303.0,0,,,,,
train,aaaaagzn,aaaaagzn_s002_t000,1535.0,0,,,,,
train,aaaaahao,aaaaahao_s001_t001,1509.0,0,,,,,
train,aaaaahbb,aaaaahbb_s001_t000,1203.0,0,,,,,
train,aaaaahbq,aaaaahbq_s001_t001,373.0,0,,,,,
train,aaaaahbq,aaaaahbq_s001_t002,857.0,0,,,,,
train,aaaaahcp,aaaaahcp_s002_t001,1263.0,0,,,,,
train,aaaaahcr,aaaaahcr_s001_t000,1208.0,0,,,,,
train,aaaaahct,aaaaahct_s001_t000,1254.0,0,,,,,
train,aaaaahea,aaaaahea_s001_t000,1380.0,0,,,,,
train,aaaaahef,aaaaahef_s001_t000,1211.0,0,,,,,
train,aaaaaheg,aaaaaheg_s001_t001,804.0,0,,,,,
train,aaaaaheg,aaaaaheg_s001_t002,389.0,0,,,,,
train,aaaaahfd,aaaaahfd_s002_t000,1205.0,0,,,,,
train,aaaaahge,aaaaahge_s001_t001,1560.0,15,1.0,1.0,63.988,62.988,cpsz
train,aaaaahge,aaaaahge_s001_t001,1560.0,15,2.0,69.028,285.192,216.164,cpsz
train,aaaaahge,aaaaahge_s001_t001,1560.0,15,3.0,289.204,640.7,351.49600000000004,cpsz
train,aaaaahge,aaaaahge_s001_t001,1560.0,15,4.0,644.54,676.004,31.464000000000055,cpsz
train,aaaaahge,aaaaahge_s001_t001,1560.0,15,5.0,680.456,804.052,123.596,cpsz
train,aaaaahge,aaaaahge_s001_t001,1560.0,15,6.0,808.46,929.46,121.0,cpsz
train,aaaaahge,aaaaahge_s001_t001,1560.0,15,7.0,933.96,1147.996,214.03600000000006,cpsz
train,aaaaahge,aaaaahge_s001_t001,1560.0,15,8.0,1151.928,1204.328,52.399999999999864,cpsz
train,aaaaahge,aaaaahge_s001_t001,1560.0,15,9.0,1207.932,1275.3,67.36799999999994,cpsz
train,aaaaahge,aaaaahge_s001_t001,1560.0,15,10.0,1278.924,1325.984,47.059999999999945,cpsz
train,aaaaahge,aaaaahge_s001_t001,1560.0,15,11.0,1335.172,1391.756,56.58400000000006,cpsz
train,aaaaahge,aaaaahge_s001_t001,1560.0,15,12.0,1397.884,1425.988,28.104000000000042,cpsz
train,aaaaahge,aaaaahge_s001_t001,1560.0,15,13.0,1433.112,1454.9,21.78800000000001,cpsz
train,aaaaahge,aaaaahge_s001_t001,1560.0,15,14.0,1463.112,1501.276,38.16399999999999,cpsz
train,aaaaahge,aaaaahge_s001_t001,1560.0,15,15.0,1505.68,1554.76,49.07999999999993,cpsz
train,aaaaahhh,aaaaahhh_s001_t000,1381.0,0,,,,,
train,aaaaahlh,aaaaahlh_s001_t000,1202.0,0,,,,,
train,aaaaahlq,aaaaahlq_s001_t000,1800.0,0,,,,,
train,aaaaahlq,aaaaahlq_s001_t001,323.0,0,,,,,
train,aaaaahma,aaaaahma_s001_t000,235.0,0,,,,,
train,aaaaahma,aaaaahma_s001_t001,335.0,0,,,,,
train,aaaaahma,aaaaahma_s001_t002,304.0,0,,,,,
train,aaaaahma,aaaaahma_s002_t000,335.0,0,,,,,
train,aaaaahma,aaaaahma_s002_t001,314.0,0,,,,,
train,aaaaahma,aaaaahma_s002_t002,335.0,0,,,,,
train,aaaaahma,aaaaahma_s002_t003,314.0,0,,,,,
train,aaaaahnz,aaaaahnz_s001_t000,108.0,0,,,,,
train,aaaaahnz,aaaaahnz_s001_t001,1102.0,0,,,,,
train,aaaaahoa,aaaaahoa_s006_t000,594.0,0,,,,,
train,aaaaahoa,aaaaahoa_s006_t001,1008.0,0,,,,,
train,aaaaahof,aaaaahof_s001_t000,55.0,0,,,,,
train,aaaaahof,aaaaahof_s002_t000,214.0,0,,,,,
train,aaaaahof,aaaaahof_s003_t000,355.0,0,,,,,
train,aaaaahof,aaaaahof_s003_t001,332.0,0,,,,,
train,aaaaahof,aaaaahof_s003_t002,55.0,0,,,,,
train,aaaaahof,aaaaahof_s003_t003,363.0,0,,,,,
train,aaaaahof,aaaaahof_s003_t004,444.0,0,,,,,
train,aaaaahoh,aaaaahoh_s002_t001,561.0,0,,,,,
train,aaaaahoh,aaaaahoh_s002_t002,687.0,0,,,,,
train,aaaaahpi,aaaaahpi_s002_t000,355.0,0,,,,,
train,aaaaahpi,aaaaahpi_s002_t001,130.0,0,,,,,
train,aaaaahpi,aaaaahpi_s002_t002,385.0,0,,,,,
train,aaaaahpi,aaaaahpi_s002_t003,45.0,0,,,,,
train,aaaaahpi,aaaaahpi_s002_t004,65.0,0,,,,,
train,aaaaahpi,aaaaahpi_s002_t005,435.0,0,,,,,
train,aaaaahpi,aaaaahpi_s002_t006,65.0,0,,,,,
train,aaaaahpi,aaaaahpi_s002_t007,40.0,0,,,,,
train,aaaaahqv,aaaaahqv_s006_t000,159.0,0,,,,,
train,aaaaahqv,aaaaahqv_s006_t001,1359.0,0,,,,,
train,aaaaahqv,aaaaahqv_s007_t000,300.0,0,,,,,
train,aaaaahqv,aaaaahqv_s007_t001,601.0,0,,,,,
train,aaaaahqv,aaaaahqv_s007_t002,819.0,0,,,,,
train,aaaaahqv,aaaaahqv_s007_t005,601.0,0,,,,,
train,aaaaahqv,aaaaahqv_s007_t006,414.0,0,,,,,
train,aaaaahqv,aaaaahqv_s007_t007,5.0,0,,,,,
train,aaaaahqv,aaaaahqv_s007_t009,7.0,0,,,,,
train,aaaaahqv,aaaaahqv_s007_t014,300.0,0,,,,,
train,aaaaahqv,aaaaahqv_s007_t017,353.0,0,,,,,
train,aaaaahqv,aaaaahqv_s007_t018,601.0,0,,,,,
train,aaaaahqv,aaaaahqv_s007_t019,6.0,0,,,,,
train,aaaaahqv,aaaaahqv_s007_t020,5.0,0,,,,,
train,aaaaahrg,aaaaahrg_s001_t000,1202.0,0,,,,,
train,aaaaahrj,aaaaahrj_s001_t000,1202.0,0,,,,,
train,aaaaahth,aaaaahth_s001_t001,1287.0,0,,,,,
train,aaaaahun,aaaaahun_s006_t000,1234.0,0,,,,,
train,aaaaahun,aaaaahun_s012_t001,1198.0,0,,,,,
train,aaaaahun,aaaaahun_s015_t000,575.0,1,1.0,1.0,570.0,569.0,gnsz
train,aaaaahun,aaaaahun_s015_t001,985.0,0,,,,,
train,aaaaahun,aaaaahun_s015_t002,425.0,0,,,,,
train,aaaaahun,aaaaahun_s015_t003,365.0,0,,,,,
train,aaaaahun,aaaaahun_s015_t004,454.0,0,,,,,
train,aaaaahux,aaaaahux_s001_t000,34.0,0,,,,,
train,aaaaahux,aaaaahux_s001_t001,73.0,0,,,,,
train,aaaaahux,aaaaahux_s001_t002,1296.0,0,,,,,
train,aaaaahux,aaaaahux_s002_t001,1372.0,0,,,,,
train,aaaaahvw,aaaaahvw_s001_t001,1407.0,0,,,,,
train,aaaaahvx,aaaaahvx_s001_t000,1204.0,0,,,,,
train,aaaaahwt,aaaaahwt_s003_t000,1203.0,0,,,,,
train,aaaaahxq,aaaaahxq_s004_t000,345.0,0,,,,,
train,aaaaahxq,aaaaahxq_s004_t001,315.0,0,,,,,
train,aaaaahxq,aaaaahxq_s004_t002,335.0,0,,,,,
train,aaaaahxq,aaaaahxq_s004_t003,334.0,0,,,,,
train,aaaaahxr,aaaaahxr_s001_t001,936.0,1,1.0,381.548,499.628,118.07999999999998,cpsz
train,aaaaahyp,aaaaahyp_s001_t000,1741.0,1,1.0,19.236,1740.0,1720.764,fnsz
train,aaaaahyp,aaaaahyp_s002_t000,165.0,1,1.0,1.0,164.0,163.0,fnsz
train,aaaaahyp,aaaaahyp_s002_t001,95.0,2,1.0,1.0,67.9099,66.9099,fnsz
train,aaaaahyp,aaaaahyp_s002_t001,95.0,2,2.0,72.13,91.9425,19.8125,fnsz
train,aaaaahyp,aaaaahyp_s002_t002,175.0,2,1.0,1.0,91.0325,90.0325,fnsz
train,aaaaahyp,aaaaahyp_s002_t002,175.0,2,2.0,97.3275,174.0,76.6725,fnsz
train,aaaaahyp,aaaaahyp_s002_t003,214.0,3,1.0,21.935,40.0475,18.1125,fnsz
train,aaaaahyp,aaaaahyp_s002_t003,214.0,3,2.0,115.8523,126.0537,10.201400000000007,fnsz
train,aaaaahyp,aaaaahyp_s002_t003,214.0,3,3.0,136.445,148.0275,11.58250000000001,fnsz
train,aaaaahyp,aaaaahyp_s002_t004,295.0,7,1.0,10.19,20.3425,10.152500000000002,fnsz
train,aaaaahyp,aaaaahyp_s002_t004,295.0,7,2.0,28.47,65.6525,37.182500000000005,fnsz
train,aaaaahyp,aaaaahyp_s002_t004,295.0,7,3.0,109.9225,122.5825,12.659999999999997,fnsz
train,aaaaahyp,aaaaahyp_s002_t004,295.0,7,4.0,141.38,150.9725,9.592500000000001,fnsz
train,aaaaahyp,aaaaahyp_s002_t004,295.0,7,5.0,163.0225,175.165,12.142499999999984,fnsz
train,aaaaahyp,aaaaahyp_s002_t004,295.0,7,6.0,182.9675,214.7875,31.819999999999993,fnsz
train,aaaaahyp,aaaaahyp_s002_t004,295.0,7,7.0,237.1801,244.69,7.509899999999988,fnsz
train,aaaaahyp,aaaaahyp_s002_t005,135.0,1,1.0,106.2475,116.8775,10.629999999999995,fnsz
train,aaaaahyp,aaaaahyp_s002_t006,65.0,3,1.0,3.9283,12.4827,8.5544,fnsz
train,aaaaahyp,aaaaahyp_s002_t006,65.0,3,2.0,16.7748,30.2419,13.467100000000002,fnsz
train,aaaaahyp,aaaaahyp_s002_t006,65.0,3,3.0,51.265,64.0,12.735,fnsz
train,aaaaahyp,aaaaahyp_s002_t007,125.0,2,1.0,12.4065,25.995,13.588500000000002,fnsz
train,aaaaahyp,aaaaahyp_s002_t007,125.0,2,2.0,30.5313,42.1984,11.667099999999998,fnsz
train,aaaaahyp,aaaaahyp_s002_t008,324.0,1,1.0,1.0,323.0,322.0,fnsz
train,aaaaahyp,aaaaahyp_s003_t000,345.0,12,1.0,7.1237,33.5162,26.3925,fnsz
train,aaaaahyp,aaaaahyp_s003_t000,345.0,12,2.0,48.3958,56.9911,8.595300000000002,fnsz
train,aaaaahyp,aaaaahyp_s003_t000,345.0,12,3.0,76.31,88.395,12.084999999999994,fnsz
train,aaaaahyp,aaaaahyp_s003_t000,345.0,12,4.0,92.2125,102.915,10.7025,fnsz
train,aaaaahyp,aaaaahyp_s003_t000,345.0,12,5.0,129.5697,137.4738,7.9041,fnsz
train,aaaaahyp,aaaaahyp_s003_t000,345.0,12,6.0,151.7202,159.9699,8.24969999999999,fnsz
train,aaaaahyp,aaaaahyp_s003_t000,345.0,12,7.0,168.4972,179.2107,10.71350000000001,fnsz
train,aaaaahyp,aaaaahyp_s003_t000,345.0,12,8.0,219.465,226.6475,7.1825000000000045,fnsz
train,aaaaahyp,aaaaahyp_s003_t000,345.0,12,9.0,257.7075,266.23,8.522500000000036,fnsz
train,aaaaahyp,aaaaahyp_s003_t000,345.0,12,10.0,267.8919,274.7926,6.900699999999972,fnsz
train,aaaaahyp,aaaaahyp_s003_t000,345.0,12,11.0,279.3333,286.0669,6.733599999999967,fnsz
train,aaaaahyp,aaaaahyp_s003_t000,345.0,12,12.0,287.3293,344.0,56.67070000000001,fnsz
train,aaaaahyp,aaaaahyp_s003_t001,346.0,6,1.0,52.3175,146.3542,94.0367,fnsz
train,aaaaahyp,aaaaahyp_s003_t001,346.0,6,2.0,173.305,209.94,36.63499999999999,fnsz
train,aaaaahyp,aaaaahyp_s003_t001,346.0,6,3.0,219.2675,233.385,14.117499999999978,fnsz
train,aaaaahyp,aaaaahyp_s003_t001,346.0,6,4.0,261.8975,274.4925,12.595000000000027,fnsz
train,aaaaahyp,aaaaahyp_s003_t001,346.0,6,5.0,300.2411,308.5975,8.356400000000008,fnsz
train,aaaaahyp,aaaaahyp_s003_t001,346.0,6,6.0,337.37,345.0,7.6299999999999955,fnsz
train,aaaaahyp,aaaaahyp_s003_t002,344.0,6,1.0,75.1125,94.395,19.2825,fnsz
train,aaaaahyp,aaaaahyp_s003_t002,344.0,6,2.0,137.4375,188.5925,51.155,fnsz
train,aaaaahyp,aaaaahyp_s003_t002,344.0,6,3.0,200.98,208.9025,7.922500000000014,fnsz
train,aaaaahyp,aaaaahyp_s003_t002,344.0,6,4.0,227.71,235.3925,7.6825000000000045,fnsz
train,aaaaahyp,aaaaahyp_s003_t002,344.0,6,5.0,257.955,276.59,18.63499999999999,fnsz
train,aaaaahyp,aaaaahyp_s003_t002,344.0,6,6.0,316.2125,343.0,26.787500000000023,fnsz
train,aaaaahyp,aaaaahyp_s003_t003,375.0,5,1.0,18.0925,28.2825,10.189999999999998,fnsz
train,aaaaahyp,aaaaahyp_s003_t003,375.0,5,2.0,55.6925,80.255,24.562499999999993,fnsz
train,aaaaahyp,aaaaahyp_s003_t003,375.0,5,3.0,193.82,202.6975,8.877499999999998,fnsz
train,aaaaahyp,aaaaahyp_s003_t003,375.0,5,4.0,286.0325,292.84,6.807499999999948,fnsz
train,aaaaahyp,aaaaahyp_s003_t003,375.0,5,5.0,367.1175,374.0,6.882499999999993,fnsz
train,aaaaahyp,aaaaahyp_s007_t001,1196.0,0,,,,,
train,aaaaaiad,aaaaaiad_s002_t000,1800.0,0,,,,,
train,aaaaaiad,aaaaaiad_s002_t001,640.0,0,,,,,
train,aaaaaias,aaaaaias_s001_t000,1201.0,0,,,,,
train,aaaaaias,aaaaaias_s009_t000,325.0,0,,,,,
train,aaaaaias,aaaaaias_s009_t001,1048.0,1,1.0,310.9575,522.5775,211.62,tcsz
train,aaaaaias,aaaaaias_s009_t002,809.0,0,,,,,
train,aaaaaias,aaaaaias_s010_t000,215.0,0,,,,,
train,aaaaaias,aaaaaias_s010_t001,165.0,0,,,,,
train,aaaaaias,aaaaaias_s010_t002,305.0,0,,,,,
train,aaaaaias,aaaaaias_s010_t003,365.0,0,,,,,
train,aaaaaias,aaaaaias_s010_t004,64.0,0,,,,,
train,aaaaaias,aaaaaias_s010_t005,299.0,0,,,,,
train,aaaaaiat,aaaaaiat_s002_t000,1203.0,0,,,,,
train,aaaaaiat,aaaaaiat_s003_t000,1246.0,0,,,,,
train,aaaaaiat,aaaaaiat_s004_t000,1325.0,0,,,,,
train,aaaaaiat,aaaaaiat_s005_t000,64.0,0,,,,,
train,aaaaaiat,aaaaaiat_s005_t001,5.0,0,,,,,
train,aaaaaiat,aaaaaiat_s005_t003,1221.0,0,,,,,
train,aaaaaiat,aaaaaiat_s006_t000,601.0,0,,,,,
train,aaaaaiat,aaaaaiat_s006_t003,601.0,0,,,,,
train,aaaaaiat,aaaaaiat_s006_t005,983.0,0,,,,,
train,aaaaaiat,aaaaaiat_s006_t008,601.0,0,,,,,
train,aaaaaiat,aaaaaiat_s006_t014,601.0,0,,,,,
train,aaaaaiat,aaaaaiat_s007_t003,508.0,0,,,,,
train,aaaaaiat,aaaaaiat_s007_t006,601.0,0,,,,,
train,aaaaaiat,aaaaaiat_s007_t009,601.0,0,,,,,
train,aaaaaiat,aaaaaiat_s008_t000,601.0,1,1.0,520.3324,599.99,79.6576,fnsz
train,aaaaaiat,aaaaaiat_s008_t001,601.0,0,,,,,
train,aaaaaiat,aaaaaiat_s008_t002,601.0,0,,,,,
train,aaaaaiat,aaaaaiat_s008_t003,601.0,0,,,,,
train,aaaaaiat,aaaaaiat_s008_t004,241.0,0,,,,,
train,aaaaaiat,aaaaaiat_s009_t000,601.0,0,,,,,
train,aaaaaiat,aaaaaiat_s009_t002,601.0,0,,,,,
train,aaaaaiat,aaaaaiat_s009_t004,601.0,0,,,,,
train,aaaaaiat,aaaaaiat_s009_t005,601.0,0,,,,,
train,aaaaaiat,aaaaaiat_s009_t006,6.0,0,,,,,
train,aaaaaiat,aaaaaiat_s010_t000,1241.0,0,,,,,
train,aaaaaiat,aaaaaiat_s011_t000,601.0,0,,,,,
train,aaaaaiat,aaaaaiat_s011_t001,601.0,0,,,,,
train,aaaaaiat,aaaaaiat_s011_t002,1028.0,0,,,,,
train,aaaaaiat,aaaaaiat_s011_t004,1488.0,0,,,,,
train,aaaaaiat,aaaaaiat_s011_t005,601.0,0,,,,,
train,aaaaaiat,aaaaaiat_s011_t006,667.0,0,,,,,
train,aaaaaiat,aaaaaiat_s011_t007,601.0,0,,,,,
train,aaaaaiat,aaaaaiat_s012_t000,601.0,0,,,,,
train,aaaaaiat,aaaaaiat_s012_t001,601.0,0,,,,,
train,aaaaaiat,aaaaaiat_s012_t002,601.0,0,,,,,
train,aaaaaiat,aaaaaiat_s012_t003,601.0,0,,,,,
train,aaaaaiat,aaaaaiat_s012_t004,601.0,0,,,,,
train,aaaaaiat,aaaaaiat_s012_t005,601.0,0,,,,,
train,aaaaaibs,aaaaaibs_s001_t000,1449.0,1,1.0,206.128,306.524,100.39600000000002,cpsz
train,aaaaaibs,aaaaaibs_s002_t000,545.0,1,1.0,9.716,122.1477,112.4317,cpsz
train,aaaaaibs,aaaaaibs_s002_t001,1275.0,3,1.0,36.64,89.12,52.480000000000004,cpsz
train,aaaaaibs,aaaaaibs_s002_t001,1275.0,3,2.0,263.844,379.884,116.04000000000002,cpsz
train,aaaaaibs,aaaaaibs_s002_t001,1275.0,3,3.0,629.336,707.708,78.37199999999996,cpsz
train,aaaaaibs,aaaaaibs_s002_t002,135.0,0,,,,,
train,aaaaaibs,aaaaaibs_s002_t003,505.0,2,1.0,8.432,142.9944,134.56240000000003,cpsz
train,aaaaaibs,aaaaaibs_s002_t003,505.0,2,2.0,251.584,291.52,39.93599999999998,cpsz
train,aaaaaibs,aaaaaibs_s002_t004,334.0,1,1.0,145.692,221.5282,75.83619999999999,cpsz
train,aaaaaibs,aaaaaibs_s002_t005,535.0,0,,,,,
train,aaaaaibs,aaaaaibs_s002_t006,95.0,0,,,,,
train,aaaaaibs,aaaaaibs_s002_t007,584.0,1,1.0,365.98,418.2894,52.30939999999998,cpsz
train,aaaaaicj,aaaaaicj_s004_t000,1706.0,0,,,,,
train,aaaaaicq,aaaaaicq_s001_t001,1788.0,4,1.0,265.9957,334.1781,68.18239999999997,gnsz
train,aaaaaicq,aaaaaicq_s001_t001,1788.0,4,2.0,645.992,704.0224,58.030399999999986,gnsz
train,aaaaaicq,aaaaaicq_s001_t001,1788.0,4,3.0,1165.391,1235.1593,69.76829999999995,gnsz
train,aaaaaicq,aaaaaicq_s001_t001,1788.0,4,4.0,1637.9978,1705.1448,67.14699999999993,gnsz
train,aaaaaicq,aaaaaicq_s002_t001,1287.0,0,,,,,
train,aaaaaiea,aaaaaiea_s004_t000,11.0,0,,,,,
train,aaaaaiea,aaaaaiea_s004_t001,341.0,0,,,,,
train,aaaaaiea,aaaaaiea_s004_t002,451.0,0,,,,,
train,aaaaaiea,aaaaaiea_s004_t003,311.0,0,,,,,
train,aaaaaiea,aaaaaiea_s004_t004,281.0,1,1.0,93.925,130.53,36.605000000000004,cpsz
train,aaaaaiea,aaaaaiea_s004_t005,300.0,0,,,,,
train,aaaaaieo,aaaaaieo_s001_t001,1479.0,0,,,,,
train,aaaaaiev,aaaaaiev_s003_t000,1252.0,0,,,,,
train,aaaaaiev,aaaaaiev_s005_t001,711.0,0,,,,,
train,aaaaaiev,aaaaaiev_s006_t000,300.0,0,,,,,
train,aaaaaiev,aaaaaiev_s006_t007,601.0,0,,,,,
train,aaaaaiev,aaaaaiev_s006_t012,300.0,0,,,,,
train,aaaaaiev,aaaaaiev_s006_t013,601.0,0,,,,,
train,aaaaaiev,aaaaaiev_s006_t014,601.0,0,,,,,
train,aaaaaiev,aaaaaiev_s006_t016,20.0,0,,,,,
train,aaaaaiev,aaaaaiev_s006_t020,300.0,0,,,,,
train,aaaaaiev,aaaaaiev_s006_t022,605.0,0,,,,,
train,aaaaaiev,aaaaaiev_s006_t024,16.0,0,,,,,
train,aaaaaiev,aaaaaiev_s006_t025,12.0,0,,,,,
train,aaaaaiev,aaaaaiev_s006_t026,21.0,0,,,,,
train,aaaaaiev,aaaaaiev_s006_t027,601.0,0,,,,,
train,aaaaaiev,aaaaaiev_s006_t028,300.0,0,,,,,
train,aaaaaiev,aaaaaiev_s006_t029,601.0,0,,,,,
train,aaaaaifq,aaaaaifq_s001_t000,1205.0,0,,,,,
train,aaaaaifq,aaaaaifq_s002_t000,1203.0,0,,,,,
train,aaaaaifq,aaaaaifq_s003_t000,1292.0,0,,,,,
train,aaaaaifq,aaaaaifq_s004_t001,1184.0,0,,,,,
train,aaaaaigl,aaaaaigl_s001_t000,1239.0,0,,,,,
train,aaaaaihp,aaaaaihp_s002_t000,9.0,0,,,,,
train,aaaaaihp,aaaaaihp_s002_t001,37.0,0,,,,,
train,aaaaaihp,aaaaaihp_s002_t002,147.0,0,,,,,
train,aaaaaihp,aaaaaihp_s002_t003,108.0,0,,,,,
train,aaaaaihp,aaaaaihp_s002_t004,631.0,0,,,,,
train,aaaaaihp,aaaaaihp_s002_t005,360.0,0,,,,,
train,aaaaaihp,aaaaaihp_s002_t006,243.0,0,,,,,
train,aaaaaiir,aaaaaiir_s002_t000,601.0,2,1.0,1.0,120.3154,119.3154,cpsz
train,aaaaaiir,aaaaaiir_s002_t000,601.0,2,2.0,309.3125,437.543,128.2305,cpsz
train,aaaaaiir,aaaaaiir_s002_t001,601.0,3,1.0,1.0,24.0195,23.0195,cpsz
train,aaaaaiir,aaaaaiir_s002_t001,601.0,3,2.0,196.2381,309.3526,113.11449999999999,cpsz
train,aaaaaiir,aaaaaiir_s002_t001,601.0,3,3.0,390.0391,506.2642,116.2251,cpsz
train,aaaaaiir,aaaaaiir_s002_t002,601.0,1,1.0,261.6758,336.3502,74.67439999999999,cpsz
train,aaaaaiir,aaaaaiir_s002_t003,1014.0,5,1.0,1.0,63.9258,62.9258,cpsz
train,aaaaaiir,aaaaaiir_s002_t003,1014.0,5,2.0,233.8906,325.1008,91.21019999999999,cpsz
train,aaaaaiir,aaaaaiir_s002_t003,1014.0,5,3.0,501.3828,579.0703,77.6875,cpsz
train,aaaaaiir,aaaaaiir_s002_t003,1014.0,5,4.0,721.0117,784.1542,63.14249999999993,cpsz
train,aaaaaiir,aaaaaiir_s002_t003,1014.0,5,5.0,980.0078,1013.0,32.992200000000025,cpsz
train,aaaaaiir,aaaaaiir_s002_t004,601.0,3,1.0,165.9922,245.9288,79.9366,cpsz
train,aaaaaiir,aaaaaiir_s002_t004,601.0,3,2.0,360.9961,410.0352,49.03909999999996,cpsz
train,aaaaaiir,aaaaaiir_s002_t004,601.0,3,3.0,560.0313,600.0,39.96870000000001,cpsz
train,aaaaaijs,aaaaaijs_s001_t000,305.0,0,,,,,
train,aaaaaijs,aaaaaijs_s001_t001,315.0,0,,,,,
train,aaaaaijs,aaaaaijs_s001_t002,315.0,0,,,,,
train,aaaaaijs,aaaaaijs_s001_t003,304.0,0,,,,,
train,aaaaaike,aaaaaike_s001_t001,1265.0,2,1.0,183.932,278.9416,95.0096,cpsz
train,aaaaaike,aaaaaike_s001_t001,1265.0,2,2.0,716.256,802.156,85.89999999999998,cpsz
train,aaaaaike,aaaaaike_s002_t000,173.0,1,1.0,1.0,122.2309,121.2309,fnsz
train,aaaaaike,aaaaaike_s003_t000,11.0,1,1.0,0.0,10.9152,10.9152,fnsz
train,aaaaaike,aaaaaike_s003_t001,251.0,0,,,,,
train,aaaaaike,aaaaaike_s003_t002,91.0,1,1.0,1.0,61.9025,60.9025,fnsz
train,aaaaaike,aaaaaike_s003_t003,391.0,2,1.0,1.0,108.2475,107.2475,fnsz
train,aaaaaike,aaaaaike_s003_t003,391.0,2,2.0,324.135,374.3025,50.16750000000002,fnsz
train,aaaaaike,aaaaaike_s003_t004,60.0,1,1.0,30.7023,59.0,28.2977,fnsz
train,aaaaaike,aaaaaike_s004_t001,1578.0,0,,,,,
train,aaaaaimu,aaaaaimu_s003_t000,1286.0,0,,,,,
train,aaaaaimu,aaaaaimu_s005_t000,1800.0,0,,,,,
train,aaaaaimu,aaaaaimu_s005_t001,1800.0,0,,,,,
train,aaaaaimu,aaaaaimu_s005_t002,1800.0,0,,,,,
train,aaaaaimu,aaaaaimu_s005_t003,1800.0,0,,,,,
train,aaaaaimu,aaaaaimu_s005_t004,1.0,0,,,,,
train,aaaaaimu,aaaaaimu_s005_t005,826.0,0,,,,,
train,aaaaaimu,aaaaaimu_s005_t006,1800.0,0,,,,,
train,aaaaaimu,aaaaaimu_s005_t007,1800.0,0,,,,,
train,aaaaaimu,aaaaaimu_s005_t008,1800.0,0,,,,,
train,aaaaaimu,aaaaaimu_s005_t009,241.0,0,,,,,
train,aaaaaimu,aaaaaimu_s005_t010,1800.0,0,,,,,
train,aaaaaimu,aaaaaimu_s005_t011,1800.0,0,,,,,
train,aaaaaimu,aaaaaimu_s005_t012,1800.0,0,,,,,
train,aaaaaimu,aaaaaimu_s005_t013,1800.0,0,,,,,
train,aaaaaimu,aaaaaimu_s005_t014,1.0,0,,,,,
train,aaaaaimu,aaaaaimu_s005_t015,1800.0,0,,,,,
train,aaaaaimu,aaaaaimu_s005_t016,1800.0,0,,,,,
train,aaaaaimu,aaaaaimu_s005_t017,1.0,0,,,,,
train,aaaaaimu,aaaaaimu_s005_t018,1800.0,0,,,,,
train,aaaaaimu,aaaaaimu_s005_t019,1800.0,0,,,,,
train,aaaaaimu,aaaaaimu_s005_t020,1.0,0,,,,,
train,aaaaaimu,aaaaaimu_s005_t021,1800.0,0,,,,,
train,aaaaaimu,aaaaaimu_s005_t022,1800.0,0,,,,,
train,aaaaaimu,aaaaaimu_s005_t023,1.0,0,,,,,
train,aaaaaimu,aaaaaimu_s005_t024,116.0,0,,,,,
train,aaaaaimu,aaaaaimu_s008_t000,300.0,0,,,,,
train,aaaaaimu,aaaaaimu_s008_t001,671.0,0,,,,,
train,aaaaaimu,aaaaaimu_s008_t002,369.0,0,,,,,
train,aaaaaimu,aaaaaimu_s008_t003,300.0,0,,,,,
train,aaaaaimu,aaaaaimu_s008_t004,300.0,0,,,,,
train,aaaaaimu,aaaaaimu_s008_t005,358.0,0,,,,,
train,aaaaaimu,aaaaaimu_s008_t006,399.0,0,,,,,
train,aaaaaimu,aaaaaimu_s008_t007,300.0,0,,,,,
train,aaaaaimu,aaaaaimu_s008_t008,591.0,0,,,,,
train,aaaaaimu,aaaaaimu_s008_t009,422.0,0,,,,,
train,aaaaaimu,aaaaaimu_s008_t010,300.0,0,,,,,
train,aaaaainq,aaaaainq_s001_t000,1466.0,0,,,,,
train,aaaaaint,aaaaaint_s001_t000,1213.0,0,,,,,
train,aaaaaint,aaaaaint_s002_t000,1206.0,0,,,,,
train,aaaaaint,aaaaaint_s003_t000,1162.0,0,,,,,
train,aaaaaint,aaaaaint_s005_t000,1229.0,0,,,,,
train,aaaaaint,aaaaaint_s006_t000,1202.0,0,,,,,
train,aaaaaipg,aaaaaipg_s001_t000,1274.0,8,1.0,46.776,133.12,86.344,tcsz
train,aaaaaipg,aaaaaipg_s001_t000,1274.0,8,2.0,219.676,282.476,62.80000000000001,tcsz
train,aaaaaipg,aaaaaipg_s001_t000,1274.0,8,3.0,365.068,421.412,56.343999999999994,tcsz
train,aaaaaipg,aaaaaipg_s001_t000,1274.0,8,4.0,509.868,580.068,70.19999999999999,tcsz
train,aaaaaipg,aaaaaipg_s001_t000,1274.0,8,5.0,751.856,822.356,70.5,tcsz
train,aaaaaipg,aaaaaipg_s001_t000,1274.0,8,6.0,852.412,946.112,93.69999999999993,tcsz
train,aaaaaipg,aaaaaipg_s001_t000,1274.0,8,7.0,1008.88,1061.18,52.30000000000007,tcsz
train,aaaaaipg,aaaaaipg_s001_t000,1274.0,8,8.0,1196.168,1249.968,53.80000000000018,tcsz
train,aaaaaipg,aaaaaipg_s002_t000,385.0,4,1.0,52.544,112.932,60.388000000000005,tcsz
train,aaaaaipg,aaaaaipg_s002_t000,385.0,4,2.0,173.188,227.388,54.20000000000002,tcsz
train,aaaaaipg,aaaaaipg_s002_t000,385.0,4,3.0,250.48,283.836,33.35600000000002,tcsz
train,aaaaaipg,aaaaaipg_s002_t000,385.0,4,4.0,317.656,374.488,56.831999999999994,tcsz
train,aaaaaipg,aaaaaipg_s002_t001,231.0,2,1.0,8.8906,101.108,92.2174,tcsz
train,aaaaaipg,aaaaaipg_s002_t001,231.0,2,2.0,116.424,180.46,64.036,tcsz
train,aaaaaipg,aaaaaipg_s002_t002,394.0,0,,,,,
train,aaaaaipg,aaaaaipg_s002_t003,164.0,0,,,,,
train,aaaaaipg,aaaaaipg_s002_t004,175.0,0,,,,,
train,aaaaaipg,aaaaaipg_s002_t005,200.0,0,,,,,
train,aaaaaipg,aaaaaipg_s002_t006,24.0,0,,,,,
train,aaaaaiui,aaaaaiui_s001_t000,23.0,0,,,,,
train,aaaaaiui,aaaaaiui_s001_t001,1213.0,0,,,,,
train,aaaaaiwu,aaaaaiwu_s001_t000,234.0,1,1.0,1.0,26.095,25.095,cpsz
train,aaaaaiwu,aaaaaiwu_s001_t001,115.0,0,,,,,
train,aaaaaiwu,aaaaaiwu_s001_t002,65.0,0,,,,,
train,aaaaaiwu,aaaaaiwu_s001_t003,145.0,0,,,,,
train,aaaaaiwu,aaaaaiwu_s001_t004,105.0,0,,,,,
train,aaaaaiwu,aaaaaiwu_s001_t005,64.0,0,,,,,
train,aaaaaiwu,aaaaaiwu_s001_t006,45.0,0,,,,,
train,aaaaaiwu,aaaaaiwu_s001_t007,335.0,0,,,,,
train,aaaaaiwu,aaaaaiwu_s001_t008,35.0,0,,,,,
train,aaaaaiwu,aaaaaiwu_s001_t009,174.0,0,,,,,
train,aaaaaiwu,aaaaaiwu_s002_t000,235.0,0,,,,,
train,aaaaaiwu,aaaaaiwu_s002_t001,375.0,0,,,,,
train,aaaaaiwu,aaaaaiwu_s002_t002,55.0,0,,,,,
train,aaaaaiwu,aaaaaiwu_s002_t003,345.0,0,,,,,
train,aaaaaiwu,aaaaaiwu_s002_t004,55.0,0,,,,,
train,aaaaaiwu,aaaaaiwu_s002_t005,373.0,0,,,,,
train,aaaaaizz,aaaaaizz_s003_t001,1494.0,17,1.0,57.868,167.6856,109.8176,cpsz
train,aaaaaizz,aaaaaizz_s003_t001,1494.0,17,2.0,416.8,467.9,51.099999999999966,cpsz
train,aaaaaizz,aaaaaizz_s003_t001,1494.0,17,3.0,723.556,742.156,18.59999999999991,cpsz
train,aaaaaizz,aaaaaizz_s003_t001,1494.0,17,4.0,776.656,788.156,11.5,cpsz
train,aaaaaizz,aaaaaizz_s003_t001,1494.0,17,5.0,947.112,967.8244,20.712400000000002,cpsz
train,aaaaaizz,aaaaaizz_s003_t001,1494.0,17,6.0,996.112,1014.112,18.0,cpsz
train,aaaaaizz,aaaaaizz_s003_t001,1494.0,17,7.0,1021.112,1051.112,30.000000000000114,cpsz
train,aaaaaizz,aaaaaizz_s003_t001,1494.0,17,8.0,1071.0303,1083.9899,12.959600000000137,cpsz
train,aaaaaizz,aaaaaizz_s003_t001,1494.0,17,9.0,1099.132,1118.132,19.0,cpsz
train,aaaaaizz,aaaaaizz_s003_t001,1494.0,17,10.0,1128.132,1144.132,16.0,cpsz
train,aaaaaizz,aaaaaizz_s003_t001,1494.0,17,11.0,1156.088,1176.088,20.0,cpsz
train,aaaaaizz,aaaaaizz_s003_t001,1494.0,17,12.0,1187.088,1208.188,21.100000000000136,cpsz
train,aaaaaizz,aaaaaizz_s003_t001,1494.0,17,13.0,1247.112,1278.0306,30.91859999999997,cpsz
train,aaaaaizz,aaaaaizz_s003_t001,1494.0,17,14.0,1372.088,1388.088,16.0,cpsz
train,aaaaaizz,aaaaaizz_s003_t001,1494.0,17,15.0,1403.088,1424.088,21.0,cpsz
train,aaaaaizz,aaaaaizz_s003_t001,1494.0,17,16.0,1431.912,1465.5341,33.622100000000046,cpsz
train,aaaaaizz,aaaaaizz_s003_t001,1494.0,17,17.0,1471.712,1493.0,21.28800000000001,cpsz
train,aaaaaizz,aaaaaizz_s004_t001,577.0,0,,,,,
train,aaaaaizz,aaaaaizz_s004_t002,767.0,0,,,,,
train,aaaaaizz,aaaaaizz_s005_t000,793.0,5,1.0,34.1563,110.9688,76.8125,cpsz
train,aaaaaizz,aaaaaizz_s005_t000,793.0,5,2.0,185.0508,242.5871,57.53629999999998,cpsz
train,aaaaaizz,aaaaaizz_s005_t000,793.0,5,3.0,311.9656,392.1321,80.16649999999998,cpsz
train,aaaaaizz,aaaaaizz_s005_t000,793.0,5,4.0,443.0977,505.1563,62.05860000000001,cpsz
train,aaaaaizz,aaaaaizz_s005_t000,793.0,5,5.0,540.8945,636.1172,95.22270000000003,cpsz
train,aaaaajad,aaaaajad_s005_t000,1202.0,0,,,,,
train,aaaaajad,aaaaajad_s006_t000,1207.0,0,,,,,
train,aaaaajat,aaaaajat_s005_t001,1240.0,1,1.0,600.2622,695.592,95.32979999999998,fnsz
train,aaaaajat,aaaaajat_s006_t000,308.0,0,,,,,
train,aaaaajat,aaaaajat_s006_t001,930.0,0,,,,,
train,aaaaajat,aaaaajat_s006_t002,56.0,0,,,,,
train,aaaaajat,aaaaajat_s006_t003,102.0,0,,,,,
train,aaaaajat,aaaaajat_s006_t004,460.0,0,,,,,
train,aaaaajat,aaaaajat_s006_t005,1800.0,0,,,,,
train,aaaaajat,aaaaajat_s006_t006,1800.0,0,,,,,
train,aaaaajat,aaaaajat_s006_t007,1.0,0,,,,,
train,aaaaajax,aaaaajax_s001_t000,5.0,0,,,,,
train,aaaaajax,aaaaajax_s001_t001,656.0,2,1.0,300.7539,349.7555,49.001599999999996,gnsz
train,aaaaajax,aaaaajax_s001_t001,656.0,2,2.0,496.5664,547.5938,51.0274,gnsz
train,aaaaajax,aaaaajax_s001_t002,659.0,2,1.0,1.0,30.1831,29.1831,gnsz
train,aaaaajax,aaaaajax_s001_t002,659.0,2,2.0,315.0859,358.6172,43.531300000000044,gnsz
train,aaaaajax,aaaaajax_s001_t003,637.0,1,1.0,300.3047,336.2539,35.94919999999996,gnsz
train,aaaaajax,aaaaajax_s001_t004,631.0,1,1.0,300.2227,331.0586,30.835900000000038,gnsz
train,aaaaajax,aaaaajax_s001_t005,951.0,4,1.0,150.8633,160.0313,9.167999999999978,gnsz
train,aaaaajax,aaaaajax_s001_t005,951.0,4,2.0,242.5898,251.2231,8.633299999999991,gnsz
train,aaaaajax,aaaaajax_s001_t005,951.0,4,3.0,373.7109,386.2461,12.535200000000032,gnsz
train,aaaaajax,aaaaajax_s001_t005,951.0,4,4.0,641.918,702.1016,60.183599999999956,gnsz
train,aaaaajby,aaaaajby_s001_t000,1381.0,0,,,,,
train,aaaaajby,aaaaajby_s002_t000,1218.0,0,,,,,
train,aaaaajcd,aaaaajcd_s001_t000,1315.0,1,1.0,696.056,776.948,80.89199999999994,fnsz
train,aaaaajdn,aaaaajdn_s002_t000,1208.0,9,1.0,25.048,116.14,91.092,fnsz
train,aaaaajdn,aaaaajdn_s002_t000,1208.0,9,2.0,269.872,357.0,87.12799999999999,fnsz
train,aaaaajdn,aaaaajdn_s002_t000,1208.0,9,3.0,401.9697,428.3939,26.424199999999985,fnsz
train,aaaaajdn,aaaaajdn_s002_t000,1208.0,9,4.0,455.852,502.984,47.132000000000005,fnsz
train,aaaaajdn,aaaaajdn_s002_t000,1208.0,9,5.0,526.992,603.604,76.61200000000008,fnsz
train,aaaaajdn,aaaaajdn_s002_t000,1208.0,9,6.0,847.996,869.004,21.008000000000038,fnsz
train,aaaaajdn,aaaaajdn_s002_t000,1208.0,9,7.0,942.284,1006.096,63.81200000000001,fnsz
train,aaaaajdn,aaaaajdn_s002_t000,1208.0,9,8.0,1056.0939,1112.1823,56.088399999999865,fnsz
train,aaaaajdn,aaaaajdn_s002_t000,1208.0,9,9.0,1147.0732,1200.98,53.906799999999976,fnsz
train,aaaaajdn,aaaaajdn_s003_t000,307.0,3,1.0,1.0,130.9607,129.9607,fnsz
train,aaaaajdn,aaaaajdn_s003_t000,307.0,3,2.0,212.0,224.0968,12.096800000000002,fnsz
train,aaaaajdn,aaaaajdn_s003_t000,307.0,3,3.0,246.7504,300.9018,54.15139999999997,fnsz
train,aaaaajdn,aaaaajdn_s003_t001,601.0,2,1.0,6.9495,359.0603,352.1108,fnsz
train,aaaaajdn,aaaaajdn_s003_t001,601.0,2,2.0,469.0042,600.0,130.99579999999997,fnsz
train,aaaaajdn,aaaaajdn_s003_t002,601.0,2,1.0,58.892,137.8331,78.9411,fnsz
train,aaaaajdn,aaaaajdn_s003_t002,601.0,2,2.0,367.2707,535.5877,168.31700000000006,fnsz
train,aaaaajdn,aaaaajdn_s003_t003,601.0,7,1.0,81.0498,105.3971,24.34729999999999,fnsz
train,aaaaajdn,aaaaajdn_s003_t003,601.0,7,2.0,189.3142,206.9912,17.676999999999992,fnsz
train,aaaaajdn,aaaaajdn_s003_t003,601.0,7,3.0,293.0077,319.0531,26.045399999999972,fnsz
train,aaaaajdn,aaaaajdn_s003_t003,601.0,7,4.0,390.3462,428.0398,37.6936,fnsz
train,aaaaajdn,aaaaajdn_s003_t003,601.0,7,5.0,441.5199,469.9934,28.4735,fnsz
train,aaaaajdn,aaaaajdn_s003_t003,601.0,7,6.0,474.9181,489.979,15.060900000000004,fnsz
train,aaaaajdn,aaaaajdn_s003_t003,601.0,7,7.0,533.052,583.0962,50.04419999999993,fnsz
train,aaaaajdn,aaaaajdn_s003_t004,601.0,12,1.0,1.0,76.4867,75.4867,fnsz
train,aaaaajdn,aaaaajdn_s003_t004,601.0,12,2.0,79.8387,94.7756,14.936899999999994,fnsz
train,aaaaajdn,aaaaajdn_s003_t004,601.0,12,3.0,102.5245,183.4151,80.89059999999999,fnsz
train,aaaaajdn,aaaaajdn_s003_t004,601.0,12,4.0,193.7588,217.5316,23.77279999999999,fnsz
train,aaaaajdn,aaaaajdn_s003_t004,601.0,12,5.0,225.0701,291.655,66.58489999999998,fnsz
train,aaaaajdn,aaaaajdn_s003_t004,601.0,12,6.0,297.4404,354.9088,57.468399999999974,fnsz
train,aaaaajdn,aaaaajdn_s003_t004,601.0,12,7.0,365.4278,394.46,29.03219999999999,fnsz
train,aaaaajdn,aaaaajdn_s003_t004,601.0,12,8.0,407.6438,456.7672,49.123400000000004,fnsz
train,aaaaajdn,aaaaajdn_s003_t004,601.0,12,9.0,462.9734,486.3254,23.351999999999975,fnsz
train,aaaaajdn,aaaaajdn_s003_t004,601.0,12,10.0,490.9537,504.6283,13.674599999999998,fnsz
train,aaaaajdn,aaaaajdn_s003_t004,601.0,12,11.0,518.5835,545.1613,26.577800000000025,fnsz
train,aaaaajdn,aaaaajdn_s003_t004,601.0,12,12.0,553.1907,587.5877,34.39700000000005,fnsz
train,aaaaajdn,aaaaajdn_s003_t005,601.0,16,1.0,1.0,15.9888,14.9888,fnsz
train,aaaaajdn,aaaaajdn_s003_t005,601.0,16,2.0,20.4769,48.7027,28.2258,fnsz
train,aaaaajdn,aaaaajdn_s003_t005,601.0,16,3.0,61.115,81.2763,20.161300000000004,fnsz
train,aaaaajdn,aaaaajdn_s003_t005,601.0,16,4.0,91.7602,104.5582,12.798000000000002,fnsz
train,aaaaajdn,aaaaajdn_s003_t005,601.0,16,5.0,121.2482,139.9018,18.65360000000001,fnsz
train,aaaaajdn,aaaaajdn_s003_t005,601.0,16,6.0,145.1613,162.8331,17.67179999999999,fnsz
train,aaaaajdn,aaaaajdn_s003_t005,601.0,16,7.0,173.9481,213.9902,40.04209999999998,fnsz
train,aaaaajdn,aaaaajdn_s003_t005,601.0,16,8.0,235.8345,321.5989,85.76440000000002,fnsz
train,aaaaajdn,aaaaajdn_s003_t005,601.0,16,9.0,327.5596,339.6564,12.09680000000003,fnsz
train,aaaaajdn,aaaaajdn_s003_t005,601.0,16,10.0,346.1781,366.3043,20.12620000000004,fnsz
train,aaaaajdn,aaaaajdn_s003_t005,601.0,16,11.0,383.9411,403.5063,19.565200000000004,fnsz
train,aaaaajdn,aaaaajdn_s003_t005,601.0,16,12.0,407.223,417.7069,10.483900000000006,fnsz
train,aaaaajdn,aaaaajdn_s003_t005,601.0,16,13.0,428.892,478.1907,49.2987,fnsz
train,aaaaajdn,aaaaajdn_s003_t005,601.0,16,14.0,490.1122,504.6283,14.516100000000051,fnsz
train,aaaaajdn,aaaaajdn_s003_t005,601.0,16,15.0,513.885,551.1571,37.27210000000002,fnsz
train,aaaaajdn,aaaaajdn_s003_t005,601.0,16,16.0,560.4839,592.9523,32.46840000000009,fnsz
train,aaaaajdn,aaaaajdn_s003_t006,300.0,10,1.0,14.0252,38.6396,24.614400000000003,fnsz
train,aaaaajdn,aaaaajdn_s003_t006,300.0,10,2.0,45.1262,63.0435,17.917300000000004,fnsz
train,aaaaajdn,aaaaajdn_s003_t006,300.0,10,3.0,69.6353,86.8864,17.251099999999994,fnsz
train,aaaaajdn,aaaaajdn_s003_t006,300.0,10,4.0,90.0771,100.2454,10.168300000000002,fnsz
train,aaaaajdn,aaaaajdn_s003_t006,300.0,10,5.0,107.9944,126.1921,18.197699999999998,fnsz
train,aaaaajdn,aaaaajdn_s003_t006,300.0,10,6.0,131.4165,172.5806,41.16409999999999,fnsz
train,aaaaajdn,aaaaajdn_s003_t006,300.0,10,7.0,182.9944,207.1178,24.123399999999975,fnsz
train,aaaaajdn,aaaaajdn_s003_t006,300.0,10,8.0,216.69,254.8738,38.18379999999999,fnsz
train,aaaaajdn,aaaaajdn_s003_t006,300.0,10,9.0,258.5905,270.1964,11.605899999999963,fnsz
train,aaaaajdn,aaaaajdn_s003_t006,300.0,10,10.0,275.0,299.0,24.0,fnsz
train,aaaaajdn,aaaaajdn_s003_t007,601.0,17,1.0,1.0,14.7966,13.7966,fnsz
train,aaaaajdn,aaaaajdn_s003_t007,601.0,17,2.0,19.0393,48.9481,29.908799999999996,fnsz
train,aaaaajdn,aaaaajdn_s003_t007,601.0,17,3.0,59.2567,84.9229,25.666199999999996,fnsz
train,aaaaajdn,aaaaajdn_s003_t007,601.0,17,4.0,91.69,109.5372,17.8472,fnsz
train,aaaaajdn,aaaaajdn_s003_t007,601.0,17,5.0,116.136,136.2272,20.091200000000015,fnsz
train,aaaaajdn,aaaaajdn_s003_t007,601.0,17,6.0,150.3226,193.6255,43.302899999999994,fnsz
train,aaaaajdn,aaaaajdn_s003_t007,601.0,17,7.0,197.0126,230.9888,33.976200000000006,fnsz
train,aaaaajdn,aaaaajdn_s003_t007,601.0,17,8.0,241.9285,265.1052,23.17670000000001,fnsz
train,aaaaajdn,aaaaajdn_s003_t007,601.0,17,9.0,272.2581,288.1767,15.91859999999997,fnsz
train,aaaaajdn,aaaaajdn_s003_t007,601.0,17,10.0,295.7504,323.8008,28.050399999999968,fnsz
train,aaaaajdn,aaaaajdn_s003_t007,601.0,17,11.0,332.5316,365.1753,32.64369999999997,fnsz
train,aaaaajdn,aaaaajdn_s003_t007,601.0,17,12.0,374.5372,410.7924,36.2552,fnsz
train,aaaaajdn,aaaaajdn_s003_t007,601.0,17,13.0,423.31,437.1248,13.814799999999991,fnsz
train,aaaaajdn,aaaaajdn_s003_t007,601.0,17,14.0,457.2511,485.6872,28.43610000000001,fnsz
train,aaaaajdn,aaaaajdn_s003_t007,601.0,17,15.0,493.2258,526.7111,33.485299999999995,fnsz
train,aaaaajdn,aaaaajdn_s003_t007,601.0,17,16.0,535.1262,567.805,32.67879999999991,fnsz
train,aaaaajdn,aaaaajdn_s003_t007,601.0,17,17.0,583.9341,600.0,16.065900000000056,fnsz
train,aaaaajfq,aaaaajfq_s001_t001,1216.0,0,,,,,
train,aaaaajfq,aaaaajfq_s002_t001,1185.0,0,,,,,
train,aaaaajfq,aaaaajfq_s003_t000,1208.0,0,,,,,
train,aaaaajfq,aaaaajfq_s004_t000,335.0,0,,,,,
train,aaaaajfq,aaaaajfq_s004_t001,65.0,0,,,,,
train,aaaaajfq,aaaaajfq_s004_t002,65.0,0,,,,,
train,aaaaajfq,aaaaajfq_s004_t003,185.0,0,,,,,
train,aaaaajfq,aaaaajfq_s004_t004,165.0,0,,,,,
train,aaaaajfq,aaaaajfq_s004_t005,325.0,0,,,,,
train,aaaaajfq,aaaaajfq_s004_t006,324.0,0,,,,,
train,aaaaajfq,aaaaajfq_s006_t000,65.0,0,,,,,
train,aaaaajfq,aaaaajfq_s006_t001,605.0,0,,,,,
train,aaaaajfq,aaaaajfq_s006_t002,425.0,0,,,,,
train,aaaaajfq,aaaaajfq_s006_t003,215.0,0,,,,,
train,aaaaajfq,aaaaajfq_s006_t004,385.0,0,,,,,
train,aaaaajfq,aaaaajfq_s006_t005,884.0,1,1.0,168.5418,248.6254,80.08360000000002,tcsz
train,aaaaajfq,aaaaajfq_s009_t000,1432.0,0,,,,,
train,aaaaajfq,aaaaajfq_s010_t000,875.0,0,,,,,
train,aaaaajfq,aaaaajfq_s010_t001,711.0,1,1.0,305.4994,339.6689,34.16950000000003,fnsz
train,aaaaajfq,aaaaajfq_s010_t002,100.0,0,,,,,
train,aaaaajfq,aaaaajfq_s010_t003,676.0,1,1.0,344.1817,360.5987,16.41700000000003,cpsz
train,aaaaajfq,aaaaajfq_s010_t004,613.0,1,1.0,233.0145,252.0502,19.03569999999999,cpsz
train,aaaaajfq,aaaaajfq_s011_t000,485.0,0,,,,,
train,aaaaajfq,aaaaajfq_s011_t001,483.0,1,1.0,119.03,187.3625,68.33250000000001,gnsz
train,aaaaajfq,aaaaajfq_s011_t002,824.0,1,1.0,306.7575,382.97,76.21250000000003,gnsz
train,aaaaajfq,aaaaajfq_s011_t003,493.0,0,,,,,
train,aaaaajfq,aaaaajfq_s011_t004,395.0,1,1.0,120.02,166.06,46.040000000000006,gnsz
train,aaaaajfq,aaaaajfq_s011_t005,564.0,1,1.0,256.1225,290.8018,34.67930000000001,gnsz
train,aaaaajfq,aaaaajfq_s012_t000,9.0,0,,,,,
train,aaaaajfq,aaaaajfq_s012_t002,505.0,0,,,,,
train,aaaaajfq,aaaaajfq_s012_t003,433.0,0,,,,,
train,aaaaajfq,aaaaajfq_s013_t000,465.0,0,,,,,
train,aaaaajfq,aaaaajfq_s013_t001,610.0,0,,,,,
train,aaaaajfq,aaaaajfq_s013_t002,415.0,0,,,,,
train,aaaaajfq,aaaaajfq_s013_t003,503.0,0,,,,,
train,aaaaajfq,aaaaajfq_s014_t000,151.0,0,,,,,
train,aaaaajfq,aaaaajfq_s014_t001,972.0,3,1.0,16.103,39.008,22.905,fnsz
train,aaaaajfq,aaaaajfq_s014_t001,972.0,3,2.0,372.0275,389.9275,17.900000000000034,fnsz
train,aaaaajfq,aaaaajfq_s014_t001,972.0,3,3.0,577.11,601.0408,23.930799999999977,fnsz
train,aaaaajfq,aaaaajfq_s014_t002,753.0,1,1.0,578.06,607.8078,29.747800000000097,fnsz
train,aaaaajfq,aaaaajfq_s014_t003,254.0,0,,,,,
train,aaaaajfq,aaaaajfq_s014_t004,583.0,0,,,,,
train,aaaaajfq,aaaaajfq_s015_t001,1193.0,0,,,,,
train,aaaaajfw,aaaaajfw_s002_t000,1210.0,0,,,,,
train,aaaaajgl,aaaaajgl_s002_t000,215.0,0,,,,,
train,aaaaajgl,aaaaajgl_s002_t001,114.0,0,,,,,
train,aaaaajgl,aaaaajgl_s002_t002,205.0,0,,,,,
train,aaaaajgl,aaaaajgl_s002_t003,65.0,0,,,,,
train,aaaaajgl,aaaaajgl_s002_t004,105.0,0,,,,,
train,aaaaajgl,aaaaajgl_s002_t005,145.0,0,,,,,
train,aaaaajgl,aaaaajgl_s002_t006,314.0,0,,,,,
train,aaaaajkh,aaaaajkh_s001_t000,1694.0,0,,,,,
train,aaaaajki,aaaaajki_s001_t000,1583.0,0,,,,,
train,aaaaajmm,aaaaajmm_s001_t001,1185.0,0,,,,,
train,aaaaajmr,aaaaajmr_s004_t000,1263.0,6,1.0,17.768,60.2346,42.4666,cpsz
train,aaaaajmr,aaaaajmr_s004_t000,1263.0,6,2.0,234.3033,311.2452,76.9419,cpsz
train,aaaaajmr,aaaaajmr_s004_t000,1263.0,6,3.0,449.8708,528.2927,78.4219,cpsz
train,aaaaajmr,aaaaajmr_s004_t000,1263.0,6,4.0,655.9462,753.2397,97.2935,cpsz
train,aaaaajmr,aaaaajmr_s004_t000,1263.0,6,5.0,875.228,957.88,82.65200000000004,cpsz
train,aaaaajmr,aaaaajmr_s004_t000,1263.0,6,6.0,1120.0,1170.552,50.55199999999991,cpsz
train,aaaaajmr,aaaaajmr_s005_t000,1593.0,0,,,,,
train,aaaaajmr,aaaaajmr_s006_t000,612.0,3,1.0,1.0,124.1055,123.1055,cpsz
train,aaaaajmr,aaaaajmr_s006_t000,612.0,3,2.0,197.5742,363.6484,166.0742,cpsz
train,aaaaajmr,aaaaajmr_s006_t000,612.0,3,3.0,391.9453,592.2578,200.3125,cpsz
train,aaaaajmr,aaaaajmr_s006_t001,601.0,1,1.0,215.9063,321.9648,106.05850000000004,cpsz
train,aaaaajmr,aaaaajmr_s006_t002,601.0,0,,,,,
train,aaaaajmr,aaaaajmr_s006_t003,601.0,0,,,,,
train,aaaaajns,aaaaajns_s001_t000,19.0,0,,,,,
train,aaaaajns,aaaaajns_s001_t001,1721.0,0,,,,,
train,aaaaajns,aaaaajns_s002_t000,601.0,2,1.0,218.24,303.64,85.39999999999998,fnsz
train,aaaaajns,aaaaajns_s002_t000,601.0,2,2.0,440.66,580.0577,139.39769999999993,fnsz
train,aaaaajns,aaaaajns_s002_t001,601.0,2,1.0,150.5472,251.5738,101.0266,fnsz
train,aaaaajns,aaaaajns_s002_t001,601.0,2,2.0,410.8146,511.0522,100.23760000000004,fnsz|gnsz
train,aaaaajns,aaaaajns_s002_t002,601.0,0,,,,,
train,aaaaajns,aaaaajns_s002_t003,183.0,1,1.0,139.968,182.0,42.03200000000001,fnsz
train,aaaaajns,aaaaajns_s003_t000,601.0,0,,,,,
train,aaaaajns,aaaaajns_s003_t001,601.0,1,1.0,166.732,229.632,62.900000000000006,fnsz
train,aaaaajns,aaaaajns_s004_t000,241.0,0,,,,,
train,aaaaajns,aaaaajns_s004_t001,601.0,0,,,,,
train,aaaaajns,aaaaajns_s005_t000,601.0,1,1.0,575.36,600.0,24.639999999999986,fnsz
train,aaaaajns,aaaaajns_s005_t001,601.0,0,,,,,
train,aaaaajns,aaaaajns_s006_t000,1156.0,0,,,,,
train,aaaaajns,aaaaajns_s007_t000,601.0,0,,,,,
train,aaaaajns,aaaaajns_s007_t001,601.0,0,,,,,
train,aaaaajnw,aaaaajnw_s001_t000,596.0,0,,,,,
train,aaaaajnw,aaaaajnw_s002_t000,241.0,1,1.0,1.028,239.824,238.79600000000002,fnsz
train,aaaaajnw,aaaaajnw_s002_t001,241.0,0,,,,,
train,aaaaajnw,aaaaajnw_s003_t000,241.0,0,,,,,
train,aaaaajnw,aaaaajnw_s003_t001,601.0,0,,,,,
train,aaaaajnw,aaaaajnw_s003_t002,601.0,0,,,,,
train,aaaaajnw,aaaaajnw_s003_t003,601.0,0,,,,,
train,aaaaajoe,aaaaajoe_s001_t001,1165.0,1,1.0,304.0936,342.0033,37.90970000000004,fnsz
train,aaaaajoh,aaaaajoh_s004_t000,1447.0,0,,,,,
train,aaaaajoh,aaaaajoh_s005_t000,338.0,0,,,,,
train,aaaaajoh,aaaaajoh_s005_t001,964.0,0,,,,,
train,aaaaajoh,aaaaajoh_s005_t002,665.0,0,,,,,
train,aaaaajoh,aaaaajoh_s006_t000,1800.0,0,,,,,
train,aaaaajoh,aaaaajoh_s006_t001,1800.0,0,,,,,
train,aaaaajoh,aaaaajoh_s006_t002,1800.0,0,,,,,
train,aaaaajoh,aaaaajoh_s006_t003,1800.0,0,,,,,
train,aaaaajoh,aaaaajoh_s006_t004,1800.0,0,,,,,
train,aaaaajoh,aaaaajoh_s006_t005,1800.0,0,,,,,
train,aaaaajoh,aaaaajoh_s006_t006,1800.0,0,,,,,
train,aaaaajoh,aaaaajoh_s006_t007,1285.0,0,,,,,
train,aaaaajoh,aaaaajoh_s006_t008,18.0,0,,,,,
train,aaaaajoh,aaaaajoh_s007_t000,243.0,0,,,,,
train,aaaaajoh,aaaaajoh_s007_t001,254.0,0,,,,,
train,aaaaajoh,aaaaajoh_s007_t002,254.0,0,,,,,
train,aaaaajoh,aaaaajoh_s007_t003,221.0,0,,,,,
train,aaaaajoh,aaaaajoh_s007_t004,199.0,0,,,,,
train,aaaaajoh,aaaaajoh_s007_t005,342.0,0,,,,,
train,aaaaajoh,aaaaajoh_s007_t006,210.0,0,,,,,
train,aaaaajoh,aaaaajoh_s007_t007,9.0,0,,,,,
train,aaaaajoh,aaaaajoh_s007_t008,232.0,0,,,,,
train,aaaaajoh,aaaaajoh_s008_t000,203.0,0,,,,,
train,aaaaajoh,aaaaajoh_s008_t001,215.0,0,,,,,
train,aaaaajoh,aaaaajoh_s008_t002,218.0,1,1.0,93.3991,124.0346,30.635499999999993,fnsz
train,aaaaajoh,aaaaajoh_s008_t003,220.0,1,1.0,96.0312,116.9008,20.869600000000005,fnsz
train,aaaaajoh,aaaaajoh_s008_t004,217.0,1,1.0,93.2219,116.0758,22.853899999999996,fnsz
train,aaaaajoh,aaaaajoh_s008_t005,243.0,1,1.0,96.0312,131.0591,35.0279,fnsz
train,aaaaajoh,aaaaajoh_s008_t006,225.0,1,1.0,98.5385,134.0123,35.47380000000001,fnsz
train,aaaaajpi,aaaaajpi_s001_t001,482.0,0,,,,,
train,aaaaajpi,aaaaajpi_s001_t002,93.0,0,,,,,
train,aaaaajpi,aaaaajpi_s001_t003,43.0,0,,,,,
train,aaaaajpi,aaaaajpi_s001_t004,577.0,0,,,,,
train,aaaaajqb,aaaaajqb_s001_t000,1204.0,0,,,,,
train,aaaaajqh,aaaaajqh_s001_t000,1211.0,7,1.0,1.0,3.728,2.728,fnsz
train,aaaaajqh,aaaaajqh_s001_t000,1211.0,7,2.0,13.552,62.852,49.3,fnsz
train,aaaaajqh,aaaaajqh_s001_t000,1211.0,7,3.0,333.8065,423.7951,89.98859999999996,fnsz
train,aaaaajqh,aaaaajqh_s001_t000,1211.0,7,4.0,582.38,691.4208,109.04079999999999,fnsz
train,aaaaajqh,aaaaajqh_s001_t000,1211.0,7,5.0,710.8935,834.7725,123.87900000000002,fnsz
train,aaaaajqh,aaaaajqh_s001_t000,1211.0,7,6.0,986.62,993.42,6.7999999999999545,fnsz
train,aaaaajqh,aaaaajqh_s001_t000,1211.0,7,7.0,1008.152,1112.2768,104.12480000000005,fnsz
train,aaaaajqo,aaaaajqo_s001_t000,1261.0,0,,,,,
train,aaaaajqo,aaaaajqo_s003_t000,601.0,0,,,,,
train,aaaaajqo,aaaaajqo_s003_t001,601.0,0,,,,,
train,aaaaajqo,aaaaajqo_s003_t002,601.0,0,,,,,
train,aaaaajqo,aaaaajqo_s004_t000,601.0,0,,,,,
train,aaaaajqo,aaaaajqo_s004_t001,601.0,0,,,,,
train,aaaaajqo,aaaaajqo_s004_t003,601.0,0,,,,,
train,aaaaajqo,aaaaajqo_s007_t000,19.0,0,,,,,
train,aaaaajqo,aaaaajqo_s007_t001,755.0,12,1.0,1.0,11.044,10.044,gnsz
train,aaaaajqo,aaaaajqo_s007_t001,755.0,12,2.0,14.172,41.9959,27.8239,gnsz
train,aaaaajqo,aaaaajqo_s007_t001,755.0,12,3.0,48.3,96.932,48.632000000000005,gnsz
train,aaaaajqo,aaaaajqo_s007_t001,755.0,12,4.0,118.204,260.04,141.836,gnsz
train,aaaaajqo,aaaaajqo_s007_t001,755.0,12,5.0,267.684,285.932,18.24799999999999,gnsz
train,aaaaajqo,aaaaajqo_s007_t001,755.0,12,6.0,296.952,323.172,26.220000000000027,gnsz
train,aaaaajqo,aaaaajqo_s007_t001,755.0,12,7.0,400.8246,539.912,139.08740000000006,gnsz
train,aaaaajqo,aaaaajqo_s007_t001,755.0,12,8.0,545.148,558.048,12.899999999999977,gnsz
train,aaaaajqo,aaaaajqo_s007_t001,755.0,12,9.0,561.668,576.084,14.41599999999994,gnsz
train,aaaaajqo,aaaaajqo_s007_t001,755.0,12,10.0,617.24,633.772,16.53200000000004,gnsz
train,aaaaajqo,aaaaajqo_s007_t001,755.0,12,11.0,640.016,655.568,15.552000000000021,gnsz
train,aaaaajqo,aaaaajqo_s007_t001,755.0,12,12.0,744.9918,754.0,9.008199999999988,gnsz
train,aaaaajqo,aaaaajqo_s008_t000,154.0,5,1.0,1.0,23.4739,22.4739,gnsz
train,aaaaajqo,aaaaajqo_s008_t000,154.0,5,2.0,28.076,72.184,44.108,gnsz
train,aaaaajqo,aaaaajqo_s008_t000,154.0,5,3.0,78.312,100.944,22.632000000000005,gnsz
train,aaaaajqo,aaaaajqo_s008_t000,154.0,5,4.0,105.172,118.056,12.884,gnsz
train,aaaaajqo,aaaaajqo_s008_t000,154.0,5,5.0,129.584,151.972,22.388000000000005,gnsz
train,aaaaajqo,aaaaajqo_s008_t001,1077.0,15,1.0,1.0,41.0157,40.0157,fnsz|gnsz
train,aaaaajqo,aaaaajqo_s008_t001,1077.0,15,2.0,53.536,61.072,7.536000000000001,gnsz
train,aaaaajqo,aaaaajqo_s008_t001,1077.0,15,3.0,69.812,90.156,20.34400000000001,gnsz
train,aaaaajqo,aaaaajqo_s008_t001,1077.0,15,4.0,98.04,105.456,7.415999999999997,gnsz
train,aaaaajqo,aaaaajqo_s008_t001,1077.0,15,5.0,110.188,122.876,12.688000000000002,gnsz
train,aaaaajqo,aaaaajqo_s008_t001,1077.0,15,6.0,126.452,175.44,48.988,gnsz
train,aaaaajqo,aaaaajqo_s008_t001,1077.0,15,7.0,186.096,202.588,16.49199999999999,gnsz
train,aaaaajqo,aaaaajqo_s008_t001,1077.0,15,8.0,234.188,247.924,13.736000000000018,gnsz
train,aaaaajqo,aaaaajqo_s008_t001,1077.0,15,9.0,252.084,263.884,11.800000000000011,gnsz
train,aaaaajqo,aaaaajqo_s008_t001,1077.0,15,10.0,268.516,327.628,59.111999999999966,gnsz
train,aaaaajqo,aaaaajqo_s008_t001,1077.0,15,11.0,352.94,398.056,45.115999999999985,gnsz
train,aaaaajqo,aaaaajqo_s008_t001,1077.0,15,12.0,411.028,443.116,32.087999999999965,gnsz
train,aaaaajqo,aaaaajqo_s008_t001,1077.0,15,13.0,455.34,514.256,58.916,gnsz
train,aaaaajqo,aaaaajqo_s008_t001,1077.0,15,14.0,519.696,557.1,37.403999999999996,gnsz
train,aaaaajqo,aaaaajqo_s008_t001,1077.0,15,15.0,581.932,678.932,97.0,gnsz
train,aaaaajqo,aaaaajqo_s010_t000,648.0,1,1.0,285.0859,375.1875,90.10160000000002,cpsz
train,aaaaajqo,aaaaajqo_s010_t001,601.0,1,1.0,291.668,367.3516,75.68360000000001,cpsz
train,aaaaajqo,aaaaajqo_s010_t002,1800.0,0,,,,,
train,aaaaajqo,aaaaajqo_s010_t003,424.0,0,,,,,
train,aaaaajqo,aaaaajqo_s010_t004,1800.0,0,,,,,
train,aaaaajqo,aaaaajqo_s010_t005,1800.0,0,,,,,
train,aaaaajqo,aaaaajqo_s010_t006,733.0,1,1.0,248.4766,333.4883,85.01169999999999,cpsz
train,aaaaajqo,aaaaajqo_s010_t007,1800.0,0,,,,,
train,aaaaajqo,aaaaajqo_s010_t008,16.0,0,,,,,
train,aaaaajqo,aaaaajqo_s010_t009,1800.0,0,,,,,
train,aaaaajqo,aaaaajqo_s010_t010,1800.0,0,,,,,
train,aaaaajqo,aaaaajqo_s010_t011,365.0,1,1.0,56.0535,318.1925,262.139,fnsz
train,aaaaajqo,aaaaajqo_s010_t012,1800.0,0,,,,,
train,aaaaajqo,aaaaajqo_s010_t013,1800.0,0,,,,,
train,aaaaajqo,aaaaajqo_s010_t014,1800.0,0,,,,,
train,aaaaajqo,aaaaajqo_s010_t015,138.0,0,,,,,
train,aaaaajqo,aaaaajqo_s011_t000,621.0,1,1.0,300.0469,370.8438,70.7969,cpsz
train,aaaaajqo,aaaaajqo_s011_t001,890.0,2,1.0,573.0547,638.0742,65.0195,cpsz
train,aaaaajqo,aaaaajqo_s011_t001,890.0,2,2.0,695.9297,788.75,92.82029999999997,cpsz
train,aaaaajqo,aaaaajqo_s011_t002,601.0,0,,,,,
train,aaaaajqo,aaaaajqo_s011_t003,1800.0,0,,,,,
train,aaaaajqo,aaaaajqo_s011_t004,1800.0,0,,,,,
train,aaaaajqo,aaaaajqo_s011_t005,1229.0,0,,,,,
train,aaaaajqo,aaaaajqo_s011_t006,1800.0,0,,,,,
train,aaaaajqo,aaaaajqo_s011_t007,1800.0,0,,,,,
train,aaaaajqo,aaaaajqo_s011_t008,1800.0,0,,,,,
train,aaaaajqo,aaaaajqo_s011_t009,1800.0,0,,,,,
train,aaaaajqo,aaaaajqo_s011_t010,1014.0,0,,,,,
train,aaaaajqo,aaaaajqo_s011_t011,1800.0,0,,,,,
train,aaaaajqo,aaaaajqo_s011_t012,1800.0,0,,,,,
train,aaaaajqo,aaaaajqo_s011_t013,1800.0,0,,,,,
train,aaaaajqo,aaaaajqo_s011_t014,1800.0,0,,,,,
train,aaaaajqo,aaaaajqo_s011_t015,1800.0,0,,,,,
train,aaaaajqo,aaaaajqo_s011_t016,289.0,0,,,,,
train,aaaaajqo,aaaaajqo_s011_t017,601.0,1,1.0,276.8945,359.5859,82.69139999999999,cpsz
train,aaaaajqo,aaaaajqo_s012_t000,486.0,1,1.0,180.0938,255.2383,75.14450000000002,cpsz
train,aaaaajqo,aaaaajqo_s012_t001,601.0,1,1.0,325.6445,418.5586,92.91410000000002,cpsz
train,aaaaajqo,aaaaajqo_s012_t002,601.0,1,1.0,256.8164,340.0339,83.21750000000003,cpsz
train,aaaaajqo,aaaaajqo_s012_t003,601.0,1,1.0,382.793,482.1573,99.36430000000001,cpsz
train,aaaaajqo,aaaaajqo_s012_t004,601.0,0,,,,,
train,aaaaajqo,aaaaajqo_s012_t005,862.0,1,1.0,285.3633,380.0742,94.71090000000004,cpsz
train,aaaaajqo,aaaaajqo_s012_t006,611.0,0,,,,,
train,aaaaajqo,aaaaajqo_s019_t001,1211.0,34,1.0,1.0,7.6804,6.6804,fnsz
train,aaaaajqo,aaaaajqo_s019_t001,1211.0,34,2.0,11.1543,31.8102,20.6559,fnsz
train,aaaaajqo,aaaaajqo_s019_t001,1211.0,34,3.0,41.9756,55.2286,13.253,fnsz
train,aaaaajqo,aaaaajqo_s019_t001,1211.0,34,4.0,61.3862,88.4173,27.031099999999995,fnsz
train,aaaaajqo,aaaaajqo_s019_t001,1211.0,34,5.0,101.0055,122.6759,21.6704,fnsz
train,aaaaajqo,aaaaajqo_s019_t001,1211.0,34,6.0,130.0622,184.7625,54.7003,fnsz
train,aaaaajqo,aaaaajqo_s019_t001,1211.0,34,7.0,203.2919,217.97,14.6781,fnsz
train,aaaaajqo,aaaaajqo_s019_t001,1211.0,34,8.0,221.3385,236.6437,15.305199999999985,fnsz
train,aaaaajqo,aaaaajqo_s019_t001,1211.0,34,9.0,245.2564,263.1865,17.93010000000001,fnsz
train,aaaaajqo,aaaaajqo_s019_t001,1211.0,34,10.0,269.4739,286.8213,17.347399999999993,fnsz
train,aaaaajqo,aaaaajqo_s019_t001,1211.0,34,11.0,301.0,316.5882,15.588199999999972,fnsz
train,aaaaajqo,aaaaajqo_s019_t001,1211.0,34,12.0,332.1265,373.0644,40.937899999999956,fnsz
train,aaaaajqo,aaaaajqo_s019_t001,1211.0,34,13.0,388.6859,402.7481,14.062200000000018,fnsz
train,aaaaajqo,aaaaajqo_s019_t001,1211.0,34,14.0,413.9356,439.3407,25.405100000000004,fnsz
train,aaaaajqo,aaaaajqo_s019_t001,1211.0,34,15.0,451.7381,465.2786,13.540500000000009,fnsz
train,aaaaajqo,aaaaajqo_s019_t001,1211.0,34,16.0,477.9145,496.2553,18.3408,fnsz
train,aaaaajqo,aaaaajqo_s019_t001,1211.0,34,17.0,506.455,525.7225,19.267499999999984,fnsz
train,aaaaajqo,aaaaajqo_s019_t001,1211.0,34,18.0,544.6127,565.7392,21.126499999999965,fnsz
train,aaaaajqo,aaaaajqo_s019_t001,1211.0,34,19.0,581.0166,634.9734,53.95679999999993,fnsz
train,aaaaajqo,aaaaajqo_s019_t001,1211.0,34,20.0,662.9978,679.8513,16.853500000000054,fnsz
train,aaaaajqo,aaaaajqo_s019_t001,1211.0,34,21.0,696.4717,710.5838,14.112099999999941,fnsz
train,aaaaajqo,aaaaajqo_s019_t001,1211.0,34,22.0,721.5938,757.6482,36.05439999999999,fnsz
train,aaaaajqo,aaaaajqo_s019_t001,1211.0,34,23.0,766.5494,786.0166,19.467200000000048,fnsz
train,aaaaajqo,aaaaajqo_s019_t001,1211.0,34,24.0,792.5427,813.1698,20.62710000000004,fnsz
train,aaaaajqo,aaaaajqo_s019_t001,1211.0,34,25.0,823.2974,845.5061,22.208699999999908,fnsz
train,aaaaajqo,aaaaajqo_s019_t001,1211.0,34,26.0,854.6737,877.8313,23.157600000000002,fnsz
train,aaaaajqo,aaaaajqo_s019_t001,1211.0,34,27.0,883.3696,902.6426,19.273000000000025,fnsz
train,aaaaajqo,aaaaajqo_s019_t001,1211.0,34,28.0,917.4428,971.5494,54.10659999999996,fnsz
train,aaaaajqo,aaaaajqo_s019_t001,1211.0,34,29.0,984.3241,1013.8524,29.528299999999945,fnsz
train,aaaaajqo,aaaaajqo_s019_t001,1211.0,34,30.0,1023.6526,1042.0988,18.446199999999976,fnsz
train,aaaaajqo,aaaaajqo_s019_t001,1211.0,34,31.0,1049.3851,1067.2597,17.8746000000001,fnsz
train,aaaaajqo,aaaaajqo_s019_t001,1211.0,34,32.0,1080.5616,1146.3163,65.75469999999996,fnsz
train,aaaaajqo,aaaaajqo_s019_t001,1211.0,34,33.0,1156.6326,1182.5538,25.9212,fnsz
train,aaaaajqo,aaaaajqo_s019_t001,1211.0,34,34.0,1191.3274,1208.4029,17.075500000000147,fnsz
train,aaaaajqo,aaaaajqo_s020_t000,321.0,9,1.0,1.0,3.1021,2.1021,fnsz
train,aaaaajqo,aaaaajqo_s020_t000,321.0,9,2.0,19.968,36.304,16.336000000000002,fnsz
train,aaaaajqo,aaaaajqo_s020_t000,321.0,9,3.0,47.22,65.205,17.985,fnsz
train,aaaaajqo,aaaaajqo_s020_t000,321.0,9,4.0,95.0,142.1028,47.1028,fnsz
train,aaaaajqo,aaaaajqo_s020_t000,321.0,9,5.0,153.26,170.8468,17.58680000000001,fnsz
train,aaaaajqo,aaaaajqo_s020_t000,321.0,9,6.0,180.0327,196.7357,16.703000000000003,fnsz
train,aaaaajqo,aaaaajqo_s020_t000,321.0,9,7.0,204.1935,250.992,46.79849999999999,fnsz
train,aaaaajqo,aaaaajqo_s020_t000,321.0,9,8.0,267.048,294.376,27.327999999999975,fnsz
train,aaaaajqo,aaaaajqo_s020_t000,321.0,9,9.0,299.152,313.316,14.163999999999987,fnsz
train,aaaaajqo,aaaaajqo_s020_t001,141.0,1,1.0,24.54,68.8842,44.34420000000001,fnsz
train,aaaaajqo,aaaaajqo_s020_t002,71.0,0,,,,,
train,aaaaajqo,aaaaajqo_s020_t003,231.0,0,,,,,
train,aaaaajqo,aaaaajqo_s020_t004,131.0,0,,,,,
train,aaaaajqo,aaaaajqo_s020_t005,240.0,0,,,,,
train,aaaaajqo,aaaaajqo_s020_t006,20.0,0,,,,,
train,aaaaajqo,aaaaajqo_s020_t007,241.0,0,,,,,
train,aaaaajqo,aaaaajqo_s020_t008,290.0,0,,,,,
train,aaaaajqo,aaaaajqo_s022_t000,1203.0,0,,,,,
train,aaaaajqo,aaaaajqo_s023_t000,1203.0,0,,,,,
train,aaaaajqo,aaaaajqo_s024_t001,1247.0,0,,,,,
train,aaaaajqo,aaaaajqo_s025_t000,44.0,0,,,,,
train,aaaaajqo,aaaaajqo_s025_t001,1166.0,0,,,,,
train,aaaaajqo,aaaaajqo_s026_t000,1240.0,0,,,,,
train,aaaaajqo,aaaaajqo_s027_t000,1203.0,0,,,,,
train,aaaaajqo,aaaaajqo_s028_t000,1226.0,0,,,,,
train,aaaaajqo,aaaaajqo_s031_t001,1183.0,0,,,,,
train,aaaaajqo,aaaaajqo_s032_t000,22.0,0,,,,,
train,aaaaajqo,aaaaajqo_s032_t001,1185.0,0,,,,,
train,aaaaajqo,aaaaajqo_s033_t000,1221.0,0,,,,,
train,aaaaajqp,aaaaajqp_s003_t000,1223.0,0,,,,,
train,aaaaajqu,aaaaajqu_s003_t000,425.0,0,,,,,
train,aaaaajqu,aaaaajqu_s003_t001,65.0,0,,,,,
train,aaaaajqu,aaaaajqu_s003_t002,985.0,1,1.0,55.06,153.15,98.09,tcsz
train,aaaaajqu,aaaaajqu_s003_t003,1025.0,1,1.0,117.0225,213.42,96.3975,tcsz
train,aaaaajqu,aaaaajqu_s003_t004,65.0,0,,,,,
train,aaaaajqu,aaaaajqu_s003_t005,433.0,0,,,,,
train,aaaaajqu,aaaaajqu_s007_t000,434.0,0,,,,,
train,aaaaajqu,aaaaajqu_s007_t001,444.0,0,,,,,
train,aaaaajqu,aaaaajqu_s007_t002,430.0,0,,,,,
train,aaaaajqu,aaaaajqu_s007_t003,65.0,0,,,,,
train,aaaaajqu,aaaaajqu_s007_t004,424.0,0,,,,,
train,aaaaajrd,aaaaajrd_s001_t000,1278.0,0,,,,,
train,aaaaajrd,aaaaajrd_s002_t000,601.0,0,,,,,
train,aaaaajrd,aaaaajrd_s002_t001,601.0,0,,,,,
train,aaaaajrd,aaaaajrd_s002_t002,601.0,0,,,,,
train,aaaaajrd,aaaaajrd_s002_t003,601.0,0,,,,,
train,aaaaajrj,aaaaajrj_s001_t000,1205.0,0,,,,,
train,aaaaajrj,aaaaajrj_s002_t000,1206.0,0,,,,,
train,aaaaajrj,aaaaajrj_s003_t000,300.0,0,,,,,
train,aaaaajrj,aaaaajrj_s003_t001,601.0,0,,,,,
train,aaaaajrj,aaaaajrj_s003_t002,300.0,0,,,,,
train,aaaaajrj,aaaaajrj_s003_t003,601.0,0,,,,,
train,aaaaajrj,aaaaajrj_s003_t005,5.0,0,,,,,
train,aaaaajrj,aaaaajrj_s003_t006,5.0,0,,,,,
train,aaaaajrj,aaaaajrj_s003_t008,5.0,0,,,,,
train,aaaaajrj,aaaaajrj_s003_t009,300.0,0,,,,,
train,aaaaajrj,aaaaajrj_s003_t010,601.0,0,,,,,
train,aaaaajrj,aaaaajrj_s003_t011,300.0,0,,,,,
train,aaaaajrj,aaaaajrj_s003_t012,601.0,0,,,,,
train,aaaaajrj,aaaaajrj_s003_t013,300.0,0,,,,,
train,aaaaajrj,aaaaajrj_s003_t014,601.0,0,,,,,
train,aaaaajrj,aaaaajrj_s004_t000,300.0,0,,,,,
train,aaaaajrj,aaaaajrj_s004_t001,601.0,0,,,,,
train,aaaaajrj,aaaaajrj_s004_t002,300.0,0,,,,,
train,aaaaajrj,aaaaajrj_s004_t003,601.0,0,,,,,
train,aaaaajrj,aaaaajrj_s004_t004,601.0,0,,,,,
train,aaaaajrj,aaaaajrj_s004_t005,601.0,0,,,,,
train,aaaaajrj,aaaaajrj_s004_t006,300.0,0,,,,,
train,aaaaajrj,aaaaajrj_s004_t007,8.0,0,,,,,
train,aaaaajrj,aaaaajrj_s004_t008,300.0,0,,,,,
train,aaaaajrj,aaaaajrj_s004_t009,300.0,0,,,,,
train,aaaaajrj,aaaaajrj_s004_t010,601.0,0,,,,,
train,aaaaajrj,aaaaajrj_s004_t011,601.0,0,,,,,
train,aaaaajrj,aaaaajrj_s005_t000,300.0,0,,,,,
train,aaaaajrj,aaaaajrj_s005_t001,601.0,0,,,,,
train,aaaaajrj,aaaaajrj_s005_t002,300.0,0,,,,,
train,aaaaajrj,aaaaajrj_s005_t003,601.0,0,,,,,
train,aaaaajrj,aaaaajrj_s005_t004,300.0,0,,,,,
train,aaaaajrj,aaaaajrj_s005_t005,601.0,0,,,,,
train,aaaaajrj,aaaaajrj_s005_t006,300.0,0,,,,,
train,aaaaajrj,aaaaajrj_s005_t007,1203.0,1,1.0,523.4258,566.701,43.27520000000004,cpsz
train,aaaaajrj,aaaaajrj_s005_t008,300.0,0,,,,,
train,aaaaajrj,aaaaajrj_s005_t009,601.0,0,,,,,
train,aaaaajrj,aaaaajrj_s006_t000,300.0,0,,,,,
train,aaaaajrj,aaaaajrj_s006_t001,601.0,0,,,,,
train,aaaaajrj,aaaaajrj_s006_t002,1261.0,0,,,,,
train,aaaaajrj,aaaaajrj_s006_t003,300.0,0,,,,,
train,aaaaajrj,aaaaajrj_s006_t004,601.0,0,,,,,
train,aaaaajrj,aaaaajrj_s006_t005,300.0,0,,,,,
train,aaaaajrj,aaaaajrj_s006_t006,1800.0,0,,,,,
train,aaaaajrj,aaaaajrj_s006_t007,589.0,0,,,,,
train,aaaaajrj,aaaaajrj_s006_t008,300.0,0,,,,,
train,aaaaajrj,aaaaajrj_s006_t009,1224.0,0,,,,,
train,aaaaajrj,aaaaajrj_s006_t010,300.0,0,,,,,
train,aaaaajrj,aaaaajrj_s006_t011,601.0,0,,,,,
train,aaaaajrs,aaaaajrs_s001_t000,699.0,0,,,,,
train,aaaaajrs,aaaaajrs_s001_t001,608.0,0,,,,,
train,aaaaajsj,aaaaajsj_s005_t000,621.0,0,,,,,
train,aaaaajsj,aaaaajsj_s005_t001,280.0,0,,,,,
train,aaaaajsk,aaaaajsk_s003_t000,1227.0,0,,,,,
train,aaaaajsl,aaaaajsl_s001_t000,896.0,6,1.0,1.068,42.4083,41.3403,gnsz
train,aaaaajsl,aaaaajsl_s001_t000,896.0,6,2.0,52.328,139.344,87.01599999999999,gnsz
train,aaaaajsl,aaaaajsl_s001_t000,896.0,6,3.0,339.176,389.96,50.78399999999999,gnsz
train,aaaaajsl,aaaaajsl_s001_t000,896.0,6,4.0,508.04,568.344,60.30400000000003,gnsz
train,aaaaajsl,aaaaajsl_s001_t000,896.0,6,5.0,583.256,638.344,55.08800000000008,gnsz
train,aaaaajsl,aaaaajsl_s001_t000,896.0,6,6.0,655.928,751.792,95.86400000000003,gnsz
train,aaaaajsl,aaaaajsl_s001_t001,601.0,5,1.0,17.972,93.276,75.304,fnsz
train,aaaaajsl,aaaaajsl_s001_t001,601.0,5,2.0,140.76,212.288,71.52800000000002,fnsz
train,aaaaajsl,aaaaajsl_s001_t001,601.0,5,3.0,291.068,328.788,37.72000000000003,fnsz
train,aaaaajsl,aaaaajsl_s001_t001,601.0,5,4.0,395.132,430.192,35.06,gnsz
train,aaaaajsl,aaaaajsl_s001_t001,601.0,5,5.0,507.416,544.22,36.80400000000003,fnsz
train,aaaaajsl,aaaaajsl_s001_t002,601.0,5,1.0,46.948,88.316,41.368,fnsz
train,aaaaajsl,aaaaajsl_s001_t002,601.0,5,2.0,162.322,208.408,46.085999999999984,fnsz
train,aaaaajsl,aaaaajsl_s001_t002,601.0,5,3.0,289.24,327.116,37.875999999999976,fnsz
train,aaaaajsl,aaaaajsl_s001_t002,601.0,5,4.0,418.284,456.504,38.22000000000003,fnsz
train,aaaaajsl,aaaaajsl_s001_t002,601.0,5,5.0,588.156,599.872,11.716000000000008,fnsz
train,aaaaajsl,aaaaajsl_s002_t000,333.0,3,1.0,28.0256,64.1014,36.0758,fnsz
train,aaaaajsl,aaaaajsl_s002_t000,333.0,3,2.0,126.0223,171.5964,45.57409999999999,fnsz
train,aaaaajsl,aaaaajsl_s002_t000,333.0,3,3.0,267.2887,288.7603,21.471599999999967,fnsz
train,aaaaajsl,aaaaajsl_s002_t001,601.0,0,,,,,
train,aaaaajsl,aaaaajsl_s002_t002,601.0,0,,,,,
train,aaaaajsl,aaaaajsl_s009_t000,314.0,0,,,,,
train,aaaaajsl,aaaaajsl_s009_t001,601.0,0,,,,,
train,aaaaajsl,aaaaajsl_s009_t002,601.0,0,,,,,
train,aaaaajsl,aaaaajsl_s009_t003,601.0,0,,,,,
train,aaaaajud,aaaaajud_s001_t000,1800.0,0,,,,,
train,aaaaajud,aaaaajud_s001_t001,330.0,0,,,,,
train,aaaaajvs,aaaaajvs_s002_t000,300.0,0,,,,,
train,aaaaajvs,aaaaajvs_s002_t001,601.0,0,,,,,
train,aaaaajvs,aaaaajvs_s002_t002,601.0,0,,,,,
train,aaaaajvs,aaaaajvs_s002_t003,300.0,0,,,,,
train,aaaaajvs,aaaaajvs_s002_t004,601.0,0,,,,,
train,aaaaajvs,aaaaajvs_s002_t005,601.0,0,,,,,
train,aaaaajvs,aaaaajvs_s002_t006,300.0,0,,,,,
train,aaaaajvs,aaaaajvs_s002_t007,601.0,0,,,,,
train,aaaaajxq,aaaaajxq_s001_t001,1182.0,0,,,,,
train,aaaaajxr,aaaaajxr_s001_t001,1196.0,0,,,,,
train,aaaaakal,aaaaakal_s003_t000,1273.0,0,,,,,
train,aaaaakao,aaaaakao_s007_t000,300.0,0,,,,,
train,aaaaakao,aaaaakao_s007_t001,601.0,0,,,,,
train,aaaaakao,aaaaakao_s007_t002,300.0,0,,,,,
train,aaaaakao,aaaaakao_s007_t004,208.0,0,,,,,
train,aaaaakao,aaaaakao_s007_t005,601.0,0,,,,,
train,aaaaakao,aaaaakao_s007_t006,300.0,0,,,,,
train,aaaaakao,aaaaakao_s007_t007,601.0,0,,,,,
train,aaaaakao,aaaaakao_s007_t008,300.0,0,,,,,
train,aaaaakao,aaaaakao_s007_t009,601.0,0,,,,,
train,aaaaakao,aaaaakao_s007_t010,300.0,0,,,,,
train,aaaaakao,aaaaakao_s007_t011,601.0,0,,,,,
train,aaaaakbz,aaaaakbz_s001_t000,1442.0,2,1.0,439.12,505.12,66.0,cpsz
train,aaaaakbz,aaaaakbz_s001_t000,1442.0,2,2.0,940.02,1058.0458,118.02580000000012,cpsz
train,aaaaakbz,aaaaakbz_s002_t000,1800.0,0,,,,,
train,aaaaakbz,aaaaakbz_s002_t001,274.0,0,,,,,
train,aaaaakbz,aaaaakbz_s003_t000,471.0,0,,,,,
train,aaaaakbz,aaaaakbz_s003_t001,101.0,0,,,,,
train,aaaaakbz,aaaaakbz_s003_t002,421.0,0,,,,,
train,aaaaakbz,aaaaakbz_s003_t003,301.0,1,1.0,1.0,31.0033,30.0033,cpsz
train,aaaaakbz,aaaaakbz_s003_t004,331.0,1,1.0,1.0,23.2163,22.2163,cpsz
train,aaaaakbz,aaaaakbz_s003_t005,141.0,0,,,,,
train,aaaaakbz,aaaaakbz_s003_t006,181.0,0,,,,,
train,aaaaakbz,aaaaakbz_s003_t007,520.0,0,,,,,
train,aaaaakbz,aaaaakbz_s004_t000,1204.0,0,,,,,
train,aaaaakbz,aaaaakbz_s005_t000,1213.0,0,,,,,
train,aaaaakbz,aaaaakbz_s006_t000,1204.0,0,,,,,
train,aaaaakea,aaaaakea_s001_t001,1183.0,0,,,,,
train,aaaaakea,aaaaakea_s002_t000,420.0,0,,,,,
train,aaaaakfo,aaaaakfo_s001_t000,1598.0,6,1.0,76.044,198.0922,122.0482,cpsz
train,aaaaakfo,aaaaakfo_s001_t000,1598.0,6,2.0,311.156,398.0422,86.88619999999997,cpsz
train,aaaaakfo,aaaaakfo_s001_t000,1598.0,6,3.0,504.8824,545.0554,40.172999999999945,cpsz
train,aaaaakfo,aaaaakfo_s001_t000,1598.0,6,4.0,576.8011,618.1887,41.38760000000002,cpsz
train,aaaaakfo,aaaaakfo_s001_t000,1598.0,6,5.0,761.188,1358.788,597.6,cpsz
train,aaaaakfo,aaaaakfo_s001_t000,1598.0,6,6.0,1408.516,1575.816,167.29999999999995,cpsz
train,aaaaakfo,aaaaakfo_s001_t001,557.0,3,1.0,1.0,43.9827,42.9827,cpsz
train,aaaaakfo,aaaaakfo_s001_t001,557.0,3,2.0,47.04,358.84,311.79999999999995,cpsz
train,aaaaakfo,aaaaakfo_s001_t001,557.0,3,3.0,410.216,549.116,138.89999999999998,cpsz
train,aaaaakfo,aaaaakfo_s004_t000,1200.0,4,1.0,1.0,53.8984,52.8984,cpsz
train,aaaaakfo,aaaaakfo_s004_t000,1200.0,4,2.0,83.2891,789.8792,706.5901,cpsz
train,aaaaakfo,aaaaakfo_s004_t000,1200.0,4,3.0,832.4023,985.3901,152.9878,cpsz
train,aaaaakfo,aaaaakfo_s004_t000,1200.0,4,4.0,1083.2266,1189.0498,105.82320000000004,cpsz
train,aaaaakfo,aaaaakfo_s004_t001,601.0,2,1.0,1.0,391.1133,390.1133,cpsz
train,aaaaakfo,aaaaakfo_s004_t001,601.0,2,2.0,477.0352,596.1617,119.12650000000002,cpsz
train,aaaaakfo,aaaaakfo_s004_t002,601.0,2,1.0,1.0,534.0503,533.0503,cpsz
train,aaaaakfo,aaaaakfo_s004_t002,601.0,2,2.0,549.9492,600.0,50.05079999999998,cpsz
train,aaaaakfo,aaaaakfo_s004_t003,601.0,2,1.0,1.0,373.4502,372.4502,cpsz
train,aaaaakfo,aaaaakfo_s004_t003,601.0,2,2.0,421.7725,533.576,111.80350000000004,cpsz
train,aaaaakfo,aaaaakfo_s004_t004,514.0,2,1.0,1.0,265.3945,264.3945,cpsz
train,aaaaakfo,aaaaakfo_s004_t004,514.0,2,2.0,304.9336,513.0,208.0664,cpsz
train,aaaaakfo,aaaaakfo_s005_t000,1200.0,1,1.0,1.0,1189.0273,1188.0273,cpsz
train,aaaaakfo,aaaaakfo_s005_t001,601.0,2,1.0,1.0,243.0664,242.0664,cpsz
train,aaaaakfo,aaaaakfo_s005_t001,601.0,2,2.0,259.0664,599.9727,340.90630000000004,cpsz
train,aaaaakfo,aaaaakfo_s005_t002,601.0,3,1.0,1.0,100.0764,99.0764,cpsz
train,aaaaakfo,aaaaakfo_s005_t002,601.0,3,2.0,150.9805,255.9805,105.0,cpsz
train,aaaaakfo,aaaaakfo_s005_t002,601.0,3,3.0,405.9531,498.1107,92.1576,cpsz
train,aaaaakfo,aaaaakfo_s007_t000,451.0,2,1.0,49.9767,210.984,161.00730000000001,cpsz
train,aaaaakfo,aaaaakfo_s007_t000,451.0,2,2.0,325.976,450.0,124.024,cpsz
train,aaaaakfo,aaaaakfo_s007_t001,241.0,1,1.0,90.996,178.0204,87.0244,cpsz
train,aaaaakfo,aaaaakfo_s007_t002,300.0,2,1.0,1.0,65.956,64.956,cpsz
train,aaaaakfo,aaaaakfo_s007_t002,300.0,2,2.0,190.996,299.0,108.00399999999999,cpsz
train,aaaaakfo,aaaaakfo_s007_t003,601.0,3,1.0,75.968,198.968,122.99999999999999,cpsz
train,aaaaakfo,aaaaakfo_s007_t003,601.0,3,2.0,208.04,360.9889,152.9489,cpsz
train,aaaaakfo,aaaaakfo_s007_t003,601.0,3,3.0,544.94,600.0,55.059999999999945,cpsz
train,aaaaakfo,aaaaakfo_s007_t004,300.0,2,1.0,1.0,32.94,31.939999999999998,cpsz
train,aaaaakfo,aaaaakfo_s007_t004,300.0,2,2.0,145.0222,260.032,115.00979999999998,cpsz
train,aaaaakfo,aaaaakfo_s007_t005,601.0,3,1.0,3.944,268.944,265.0,cpsz
train,aaaaakfo,aaaaakfo_s007_t005,601.0,3,2.0,294.968,394.968,100.0,cpsz
train,aaaaakfo,aaaaakfo_s007_t005,601.0,3,3.0,435.956,600.0,164.04399999999998,cpsz
train,aaaaakfo,aaaaakfo_s007_t006,164.0,1,1.0,1.0,163.0,162.0,cpsz
train,aaaaakfo,aaaaakfo_s008_t000,300.0,0,,,,,
train,aaaaakfo,aaaaakfo_s008_t001,830.0,2,1.0,242.7962,339.2611,96.4649,cpsz
train,aaaaakfo,aaaaakfo_s008_t001,830.0,2,2.0,378.6242,494.2054,115.58120000000002,cpsz
train,aaaaakfo,aaaaakfo_s008_t002,601.0,7,1.0,13.1051,71.035,57.929899999999996,cpsz
train,aaaaakfo,aaaaakfo_s008_t002,601.0,7,2.0,205.0,330.9634,125.96339999999998,cpsz
train,aaaaakfo,aaaaakfo_s008_t002,601.0,7,3.0,404.258,412.3312,8.073200000000043,cpsz
train,aaaaakfo,aaaaakfo_s008_t002,601.0,7,4.0,417.7787,442.4602,24.68149999999997,cpsz
train,aaaaakfo,aaaaakfo_s008_t002,601.0,7,5.0,453.3057,476.379,23.073300000000017,cpsz
train,aaaaakfo,aaaaakfo_s008_t002,601.0,7,6.0,487.0987,502.9984,15.899699999999996,cpsz
train,aaaaakfo,aaaaakfo_s008_t002,601.0,7,7.0,561.2468,599.8296,38.58280000000002,cpsz
train,aaaaakfo,aaaaakfo_s008_t003,300.0,0,,,,,
train,aaaaakkm,aaaaakkm_s002_t000,385.0,0,,,,,
train,aaaaakkm,aaaaakkm_s002_t001,435.0,0,,,,,
train,aaaaakkm,aaaaakkm_s002_t002,394.0,0,,,,,
train,aaaaakkm,aaaaakkm_s002_t003,455.0,0,,,,,
train,aaaaakkm,aaaaakkm_s002_t004,412.0,0,,,,,
train,aaaaakkm,aaaaakkm_s003_t000,345.0,1,1.0,74.0075,115.99,41.9825,cpsz
train,aaaaakkm,aaaaakkm_s003_t001,405.0,0,,,,,
train,aaaaakkm,aaaaakkm_s003_t002,165.0,0,,,,,
train,aaaaakkm,aaaaakkm_s003_t003,374.0,1,1.0,66.1718,134.9475,68.77569999999999,cpsz
train,aaaaakkm,aaaaakkm_s003_t004,385.0,0,,,,,
train,aaaaakkm,aaaaakkm_s003_t005,425.0,1,1.0,68.0475,160.12,92.0725,cpsz
train,aaaaakkm,aaaaakkm_s003_t006,423.0,0,,,,,
train,aaaaakkm,aaaaakkm_s004_t000,475.0,0,,,,,
train,aaaaakkm,aaaaakkm_s004_t001,466.0,0,,,,,
train,aaaaakkm,aaaaakkm_s004_t002,445.0,0,,,,,
train,aaaaakkm,aaaaakkm_s004_t003,474.0,0,,,,,
train,aaaaakkm,aaaaakkm_s005_t001,31.0,0,,,,,
train,aaaaakkm,aaaaakkm_s005_t002,71.0,0,,,,,
train,aaaaakkm,aaaaakkm_s005_t003,211.0,0,,,,,
train,aaaaakkm,aaaaakkm_s005_t004,896.0,0,,,,,
train,aaaaakkm,aaaaakkm_s006_t000,1200.0,0,,,,,
train,aaaaakkm,aaaaakkm_s006_t001,322.0,0,,,,,
train,aaaaakkm,aaaaakkm_s006_t002,1200.0,0,,,,,
train,aaaaakkm,aaaaakkm_s006_t003,514.0,0,,,,,
train,aaaaakkm,aaaaakkm_s007_t000,1276.0,0,,,,,
train,aaaaakkm,aaaaakkm_s007_t001,601.0,0,,,,,
train,aaaaakkm,aaaaakkm_s007_t002,601.0,1,1.0,335.9922,571.3125,235.32029999999997,fnsz
train,aaaaakkm,aaaaakkm_s007_t003,601.0,1,1.0,139.0313,356.9844,217.9531,fnsz
train,aaaaakkm,aaaaakkm_s007_t004,601.0,0,,,,,
train,aaaaakkm,aaaaakkm_s007_t005,601.0,3,1.0,67.9492,146.9141,78.96489999999999,fnsz
train,aaaaakkm,aaaaakkm_s007_t005,601.0,3,2.0,348.0625,473.9492,125.88670000000002,fnsz
train,aaaaakkm,aaaaakkm_s007_t005,601.0,3,3.0,536.1055,600.0,63.894499999999994,fnsz
train,aaaaakkm,aaaaakkm_s008_t000,1800.0,0,,,,,
train,aaaaakkm,aaaaakkm_s008_t001,650.0,0,,,,,
train,aaaaakkm,aaaaakkm_s009_t000,1313.0,11,1.0,71.98,88.08,16.099999999999994,fnsz
train,aaaaakkm,aaaaakkm_s009_t000,1313.0,11,2.0,127.12,140.02,12.900000000000006,fnsz
train,aaaaakkm,aaaaakkm_s009_t000,1313.0,11,3.0,178.88,194.98,16.099999999999994,fnsz
train,aaaaakkm,aaaaakkm_s009_t000,1313.0,11,4.0,486.872,523.972,37.099999999999966,fnsz
train,aaaaakkm,aaaaakkm_s009_t000,1313.0,11,5.0,594.772,627.172,32.39999999999998,fnsz
train,aaaaakkm,aaaaakkm_s009_t000,1313.0,11,6.0,645.12,668.02,22.899999999999977,fnsz
train,aaaaakkm,aaaaakkm_s009_t000,1313.0,11,7.0,705.992,715.992,10.0,fnsz
train,aaaaakkm,aaaaakkm_s009_t000,1313.0,11,8.0,893.12,903.12,10.0,fnsz
train,aaaaakkm,aaaaakkm_s009_t000,1313.0,11,9.0,1008.648,1030.048,21.399999999999977,fnsz
train,aaaaakkm,aaaaakkm_s009_t000,1313.0,11,10.0,1136.04,1166.04,30.0,fnsz
train,aaaaakkm,aaaaakkm_s009_t000,1313.0,11,11.0,1246.952,1285.952,39.0,fnsz
train,aaaaakks,aaaaakks_s001_t000,1800.0,0,,,,,
train,aaaaakks,aaaaakks_s001_t001,1397.0,0,,,,,
train,aaaaaklv,aaaaaklv_s001_t001,1196.0,0,,,,,
train,aaaaakmu,aaaaakmu_s001_t000,1337.0,1,1.0,33.9282,86.043,52.11480000000001,fnsz
train,aaaaakmu,aaaaakmu_s002_t000,601.0,0,,,,,
train,aaaaakmu,aaaaakmu_s002_t001,601.0,0,,,,,
train,aaaaakmu,aaaaakmu_s002_t002,601.0,0,,,,,
train,aaaaakmu,aaaaakmu_s002_t003,601.0,0,,,,,
train,aaaaakmu,aaaaakmu_s002_t004,601.0,0,,,,,
train,aaaaakmu,aaaaakmu_s003_t000,601.0,0,,,,,
train,aaaaakmu,aaaaakmu_s003_t001,601.0,0,,,,,
train,aaaaakmu,aaaaakmu_s003_t002,601.0,0,,,,,
train,aaaaakmu,aaaaakmu_s003_t003,601.0,0,,,,,
train,aaaaakmw,aaaaakmw_s003_t001,35.0,0,,,,,
train,aaaaakmw,aaaaakmw_s003_t002,60.0,0,,,,,
train,aaaaakmw,aaaaakmw_s003_t003,60.0,0,,,,,
train,aaaaakmw,aaaaakmw_s003_t004,60.0,0,,,,,
train,aaaaakmw,aaaaakmw_s003_t005,60.0,0,,,,,
train,aaaaakmw,aaaaakmw_s003_t006,60.0,0,,,,,
train,aaaaakmw,aaaaakmw_s003_t007,60.0,0,,,,,
train,aaaaakmw,aaaaakmw_s003_t008,60.0,0,,,,,
train,aaaaakmw,aaaaakmw_s003_t009,60.0,0,,,,,
train,aaaaakmw,aaaaakmw_s003_t010,60.0,0,,,,,
train,aaaaakmw,aaaaakmw_s003_t011,60.0,0,,,,,
train,aaaaakmw,aaaaakmw_s003_t012,60.0,0,,,,,
train,aaaaakmx,aaaaakmx_s003_t000,1268.0,2,1.0,193.9956,205.1973,11.201700000000017,fnsz
train,aaaaakmx,aaaaakmx_s003_t000,1268.0,2,2.0,220.0357,230.0022,9.966499999999996,fnsz
train,aaaaakmx,aaaaakmx_s003_t001,21.0,0,,,,,
train,aaaaaknk,aaaaaknk_s001_t000,623.0,0,,,,,
train,aaaaaknk,aaaaaknk_s001_t001,176.0,0,,,,,
train,aaaaaknk,aaaaaknk_s001_t002,320.0,0,,,,,
train,aaaaaknk,aaaaaknk_s001_t003,174.0,0,,,,,
train,aaaaakny,aaaaakny_s004_t000,601.0,0,,,,,
train,aaaaakny,aaaaakny_s004_t001,601.0,0,,,,,
train,aaaaakny,aaaaakny_s004_t002,601.0,0,,,,,
train,aaaaakny,aaaaakny_s004_t003,601.0,0,,,,,
train,aaaaakny,aaaaakny_s004_t004,601.0,0,,,,,
train,aaaaakny,aaaaakny_s004_t005,601.0,0,,,,,
train,aaaaakny,aaaaakny_s006_t000,601.0,0,,,,,
train,aaaaakny,aaaaakny_s006_t001,601.0,0,,,,,
train,aaaaakny,aaaaakny_s006_t002,21.0,0,,,,,
train,aaaaakny,aaaaakny_s006_t003,601.0,0,,,,,
train,aaaaakny,aaaaakny_s006_t004,601.0,0,,,,,
train,aaaaakny,aaaaakny_s006_t005,63.0,0,,,,,
train,aaaaakny,aaaaakny_s006_t006,601.0,0,,,,,
train,aaaaakny,aaaaakny_s007_t000,1188.0,0,,,,,
train,aaaaakny,aaaaakny_s007_t001,10.0,0,,,,,
train,aaaaakny,aaaaakny_s008_t000,9.0,0,,,,,
train,aaaaakny,aaaaakny_s008_t001,83.0,0,,,,,
train,aaaaakny,aaaaakny_s008_t002,31.0,0,,,,,
train,aaaaakny,aaaaakny_s008_t003,32.0,0,,,,,
train,aaaaakny,aaaaakny_s008_t004,601.0,0,,,,,
train,aaaaakny,aaaaakny_s008_t005,601.0,0,,,,,
train,aaaaakny,aaaaakny_s008_t006,601.0,0,,,,,
train,aaaaakny,aaaaakny_s008_t007,601.0,0,,,,,
train,aaaaakny,aaaaakny_s008_t008,601.0,0,,,,,
train,aaaaakny,aaaaakny_s008_t009,601.0,0,,,,,
train,aaaaakoe,aaaaakoe_s001_t001,1201.0,7,1.0,1.0,32.1156,31.1156,fnsz
train,aaaaakoe,aaaaakoe_s001_t001,1201.0,7,2.0,150.016,229.2979,79.28190000000001,fnsz
train,aaaaakoe,aaaaakoe_s001_t001,1201.0,7,3.0,339.78,419.9534,80.17340000000002,fnsz
train,aaaaakoe,aaaaakoe_s001_t001,1201.0,7,4.0,499.592,565.104,65.51200000000006,fnsz
train,aaaaakoe,aaaaakoe_s001_t001,1201.0,7,5.0,668.024,754.256,86.23199999999997,fnsz
train,aaaaakoe,aaaaakoe_s001_t001,1201.0,7,6.0,995.952,1058.076,62.124000000000024,fnsz
train,aaaaakoe,aaaaakoe_s001_t001,1201.0,7,7.0,1180.452,1199.94,19.488000000000056,fnsz
train,aaaaakoe,aaaaakoe_s002_t000,300.0,1,1.0,145.2422,218.1211,72.87890000000002,cpsz
train,aaaaakoe,aaaaakoe_s002_t001,300.0,1,1.0,92.0313,160.8828,68.8515,cpsz
train,aaaaakoe,aaaaakoe_s002_t002,918.0,5,1.0,1.0,80.1758,79.1758,cpsz
train,aaaaakoe,aaaaakoe_s002_t002,918.0,5,2.0,110.2422,207.8164,97.57419999999999,cpsz
train,aaaaakoe,aaaaakoe_s002_t002,918.0,5,3.0,235.834,329.8242,93.99020000000002,cpsz
train,aaaaakoe,aaaaakoe_s002_t002,918.0,5,4.0,406.9023,476.1484,69.24609999999996,cpsz
train,aaaaakoe,aaaaakoe_s002_t002,918.0,5,5.0,884.1563,917.0,32.84370000000001,cpsz
train,aaaaakoe,aaaaakoe_s002_t003,300.0,2,1.0,104.0703,171.6953,67.625,cpsz
train,aaaaakoe,aaaaakoe_s002_t003,300.0,2,2.0,253.0117,298.6758,45.66409999999999,cpsz
train,aaaaakoe,aaaaakoe_s002_t004,1362.0,0,,,,,
train,aaaaakoe,aaaaakoe_s002_t005,300.0,0,,,,,
train,aaaaakoe,aaaaakoe_s002_t006,300.0,1,1.0,122.0273,187.0,64.9727,cpsz
train,aaaaakoe,aaaaakoe_s004_t000,793.0,0,,,,,
train,aaaaakoe,aaaaakoe_s004_t001,680.0,1,1.0,301.9023,367.8916,65.98929999999996,cpsz
train,aaaaakoe,aaaaakoe_s004_t002,1800.0,0,,,,,
train,aaaaakoe,aaaaakoe_s004_t003,1691.0,0,,,,,
train,aaaaakog,aaaaakog_s001_t000,1204.0,0,,,,,
train,aaaaakog,aaaaakog_s002_t000,1215.0,0,,,,,
train,aaaaakpu,aaaaakpu_s001_t000,1800.0,0,,,,,
train,aaaaakpu,aaaaakpu_s001_t001,449.0,0,,,,,
train,aaaaakpu,aaaaakpu_s002_t000,80.0,0,,,,,
train,aaaaakpu,aaaaakpu_s002_t001,293.0,1,1.0,53.4225,120.525,67.1025,gnsz
train,aaaaakpu,aaaaakpu_s002_t002,355.0,1,1.0,110.645,181.0825,70.43750000000001,gnsz
train,aaaaakpu,aaaaakpu_s002_t003,355.0,0,,,,,
train,aaaaakpu,aaaaakpu_s002_t004,305.0,0,,,,,
train,aaaaakpu,aaaaakpu_s002_t005,145.0,0,,,,,
train,aaaaakpu,aaaaakpu_s002_t006,344.0,0,,,,,
train,aaaaakpu,aaaaakpu_s003_t000,415.0,0,,,,,
train,aaaaakpu,aaaaakpu_s003_t001,385.0,0,,,,,
train,aaaaakpu,aaaaakpu_s003_t002,365.0,0,,,,,
train,aaaaakpu,aaaaakpu_s003_t003,125.0,0,,,,,
train,aaaaakpu,aaaaakpu_s003_t004,254.0,0,,,,,
train,aaaaakpu,aaaaakpu_s004_t000,1472.0,0,,,,,
train,aaaaakqu,aaaaakqu_s002_t000,474.0,0,,,,,
train,aaaaakqu,aaaaakqu_s002_t001,1025.0,2,1.0,141.0475,200.045,58.997499999999974,fnsz
train,aaaaakqu,aaaaakqu_s002_t001,1025.0,2,2.0,208.8575,246.31,37.452500000000015,fnsz
train,aaaaakqu,aaaaakqu_s002_t002,675.0,0,,,,,
train,aaaaakqu,aaaaakqu_s002_t003,85.0,0,,,,,
train,aaaaakqu,aaaaakqu_s002_t004,474.0,0,,,,,
train,aaaaakro,aaaaakro_s009_t000,1800.0,0,,,,,
train,aaaaakro,aaaaakro_s009_t001,678.0,0,,,,,
train,aaaaakrt,aaaaakrt_s003_t000,751.0,0,,,,,
train,aaaaakrt,aaaaakrt_s003_t001,221.0,0,,,,,
train,aaaaakrt,aaaaakrt_s003_t003,252.0,0,,,,,
train,aaaaakrt,aaaaakrt_s003_t004,300.0,0,,,,,
train,aaaaaksg,aaaaaksg_s001_t001,742.0,9,1.0,24.252,114.852,90.60000000000001,fnsz
train,aaaaaksg,aaaaaksg_s001_t001,742.0,9,2.0,119.028,175.0535,56.02550000000001,fnsz
train,aaaaaksg,aaaaaksg_s001_t001,742.0,9,3.0,293.764,407.9059,114.14189999999996,fnsz
train,aaaaaksg,aaaaaksg_s001_t001,742.0,9,4.0,411.624,459.824,48.19999999999999,fnsz
train,aaaaaksg,aaaaaksg_s001_t001,742.0,9,5.0,464.616,488.8413,24.225300000000004,fnsz
train,aaaaaksg,aaaaaksg_s001_t001,742.0,9,6.0,493.04,532.2258,39.18580000000003,fnsz
train,aaaaaksg,aaaaaksg_s001_t001,742.0,9,7.0,537.432,578.076,40.644000000000005,fnsz
train,aaaaaksg,aaaaaksg_s001_t001,742.0,9,8.0,611.304,641.9048,30.60080000000005,fnsz
train,aaaaaksg,aaaaaksg_s001_t001,742.0,9,9.0,646.912,699.7451,52.833099999999945,fnsz
train,aaaaaksg,aaaaaksg_s001_t002,839.0,3,1.0,348.06,376.9662,28.906200000000013,fnsz
train,aaaaaksg,aaaaaksg_s001_t002,839.0,3,2.0,482.132,500.532,18.399999999999977,fnsz
train,aaaaaksg,aaaaaksg_s001_t002,839.0,3,3.0,733.18,753.1,19.920000000000073,fnsz
train,aaaaaksg,aaaaaksg_s002_t000,601.0,4,1.0,1.0,25.625,24.625,fnsz
train,aaaaaksg,aaaaaksg_s002_t000,601.0,4,2.0,105.9688,204.5313,98.56249999999999,fnsz
train,aaaaaksg,aaaaaksg_s002_t000,601.0,4,3.0,292.7852,415.1602,122.375,fnsz
train,aaaaaksg,aaaaaksg_s002_t000,601.0,4,4.0,475.2344,562.0586,86.82419999999996,fnsz
train,aaaaaksg,aaaaaksg_s002_t001,601.0,6,1.0,1.0,12.0078,11.0078,fnsz
train,aaaaaksg,aaaaaksg_s002_t001,601.0,6,2.0,56.0078,108.0117,52.0039,fnsz
train,aaaaaksg,aaaaaksg_s002_t001,601.0,6,3.0,214.0547,226.0273,11.9726,fnsz
train,aaaaaksg,aaaaaksg_s002_t001,601.0,6,4.0,265.6914,322.7148,57.02340000000004,fnsz
train,aaaaaksg,aaaaaksg_s002_t001,601.0,6,5.0,403.2383,463.0039,59.765600000000006,fnsz
train,aaaaaksg,aaaaaksg_s002_t001,601.0,6,6.0,536.3203,552.4414,16.12110000000007,fnsz
train,aaaaaksg,aaaaaksg_s002_t002,601.0,3,1.0,173.543,236.082,62.53899999999999,fnsz
train,aaaaaksg,aaaaaksg_s002_t002,601.0,3,2.0,339.5977,359.5664,19.968700000000013,fnsz
train,aaaaaksg,aaaaaksg_s002_t002,601.0,3,3.0,483.0547,560.043,76.98829999999998,fnsz
train,aaaaaksg,aaaaaksg_s002_t003,601.0,0,,,,,
train,aaaaaksg,aaaaaksg_s002_t004,570.0,0,,,,,
train,aaaaaksh,aaaaaksh_s001_t000,1800.0,0,,,,,
train,aaaaaksh,aaaaaksh_s001_t001,234.0,0,,,,,
train,aaaaaksh,aaaaaksh_s003_t000,601.0,1,1.0,1.0,599.8487,598.8487,fnsz
train,aaaaaksh,aaaaaksh_s003_t001,601.0,0,,,,,
train,aaaaaksh,aaaaaksh_s003_t002,601.0,3,1.0,31.535,102.2596,70.72460000000001,fnsz
train,aaaaaksh,aaaaaksh_s003_t002,601.0,3,2.0,265.5414,309.9204,44.37899999999996,fnsz
train,aaaaaksh,aaaaaksh_s003_t002,601.0,3,3.0,536.699,581.0303,44.331300000000056,fnsz
train,aaaaaksh,aaaaaksh_s003_t003,601.0,1,1.0,160.8599,223.6704,62.81049999999999,fnsz
train,aaaaaksh,aaaaaksh_s004_t000,601.0,2,1.0,310.9579,370.1725,59.21460000000002,fnsz
train,aaaaaksh,aaaaaksh_s004_t000,601.0,2,2.0,568.0842,600.0,31.91579999999999,fnsz
train,aaaaaksh,aaaaaksh_s004_t001,601.0,1,1.0,149.2735,205.2342,55.960699999999974,fnsz
train,aaaaaksh,aaaaaksh_s004_t002,601.0,1,1.0,294.4656,335.6508,41.18520000000001,fnsz
train,aaaaaksh,aaaaaksh_s005_t000,601.0,0,,,,,
train,aaaaaksh,aaaaaksh_s005_t001,241.0,0,,,,,
train,aaaaaksh,aaaaaksh_s005_t002,601.0,1,1.0,571.4278,600.0,28.572199999999953,cpsz
train,aaaaaksh,aaaaaksh_s005_t003,601.0,1,1.0,354.5526,396.4951,41.942499999999995,cpsz
train,aaaaaksh,aaaaaksh_s007_t000,601.0,0,,,,,
train,aaaaaksh,aaaaaksh_s007_t002,601.0,0,,,,,
train,aaaaaksh,aaaaaksh_s007_t003,601.0,0,,,,,
train,aaaaaksh,aaaaaksh_s007_t005,601.0,0,,,,,
train,aaaaaksh,aaaaaksh_s007_t006,601.0,0,,,,,
train,aaaaaksh,aaaaaksh_s009_t000,1208.0,0,,,,,
train,aaaaaksy,aaaaaksy_s001_t000,1800.0,0,,,,,
train,aaaaaksy,aaaaaksy_s001_t001,188.0,0,,,,,
train,aaaaaksy,aaaaaksy_s002_t000,1305.0,0,,,,,
train,aaaaaktb,aaaaaktb_s001_t000,1202.0,0,,,,,
train,aaaaaktk,aaaaaktk_s002_t000,405.0,0,,,,,
train,aaaaaktk,aaaaaktk_s002_t001,695.0,0,,,,,
train,aaaaaktk,aaaaaktk_s002_t002,65.0,0,,,,,
train,aaaaaktk,aaaaaktk_s002_t003,494.0,0,,,,,
train,aaaaaktz,aaaaaktz_s001_t000,1206.0,0,,,,,
train,aaaaakuq,aaaaakuq_s004_t000,1590.0,0,,,,,
train,aaaaakvb,aaaaakvb_s001_t000,1800.0,0,,,,,
train,aaaaakvb,aaaaakvb_s001_t001,19.0,0,,,,,
train,aaaaakvb,aaaaakvb_s002_t001,1248.0,0,,,,,
train,aaaaakvh,aaaaakvh_s001_t000,37.0,0,,,,,
train,aaaaakvh,aaaaakvh_s001_t001,1167.0,0,,,,,
train,aaaaakxq,aaaaakxq_s006_t000,1252.0,0,,,,,
train,aaaaakzv,aaaaakzv_s008_t000,492.0,0,,,,,
train,aaaaakzv,aaaaakzv_s008_t001,461.0,0,,,,,
train,aaaaakzv,aaaaakzv_s008_t002,674.0,0,,,,,
train,aaaaakzv,aaaaakzv_s008_t003,601.0,0,,,,,
train,aaaaakzv,aaaaakzv_s008_t004,601.0,0,,,,,
train,aaaaakzv,aaaaakzv_s008_t005,601.0,0,,,,,
train,aaaaakzv,aaaaakzv_s009_t001,1308.0,0,,,,,
train,aaaaalak,aaaaalak_s001_t000,1220.0,0,,,,,
train,aaaaalak,aaaaalak_s002_t000,1485.0,3,1.0,401.8926,429.2215,27.328899999999976,fnsz
train,aaaaalak,aaaaalak_s002_t000,1485.0,3,2.0,883.0,929.2483,46.24829999999997,fnsz
train,aaaaalak,aaaaalak_s002_t000,1485.0,3,3.0,1382.0537,1439.396,57.34230000000002,fnsz
train,aaaaalak,aaaaalak_s003_t000,206.0,0,,,,,
train,aaaaalak,aaaaalak_s003_t001,94.0,0,,,,,
train,aaaaalak,aaaaalak_s003_t002,601.0,0,,,,,
train,aaaaalak,aaaaalak_s003_t003,601.0,0,,,,,
train,aaaaalak,aaaaalak_s003_t004,300.0,0,,,,,
train,aaaaalak,aaaaalak_s003_t005,601.0,0,,,,,
train,aaaaalak,aaaaalak_s003_t006,300.0,0,,,,,
train,aaaaalak,aaaaalak_s003_t007,601.0,0,,,,,
train,aaaaalak,aaaaalak_s003_t008,300.0,0,,,,,
train,aaaaalak,aaaaalak_s003_t009,601.0,0,,,,,
train,aaaaalak,aaaaalak_s007_t000,300.0,0,,,,,
train,aaaaalak,aaaaalak_s007_t001,601.0,0,,,,,
train,aaaaalak,aaaaalak_s007_t002,601.0,0,,,,,
train,aaaaalak,aaaaalak_s007_t003,300.0,0,,,,,
train,aaaaalak,aaaaalak_s007_t004,601.0,0,,,,,
train,aaaaalak,aaaaalak_s007_t005,601.0,0,,,,,
train,aaaaalak,aaaaalak_s007_t006,300.0,0,,,,,
train,aaaaalak,aaaaalak_s007_t007,601.0,0,,,,,
train,aaaaalak,aaaaalak_s007_t008,300.0,0,,,,,
train,aaaaalak,aaaaalak_s007_t009,300.0,0,,,,,
train,aaaaalaw,aaaaalaw_s003_t000,1558.0,1,1.0,650.3862,709.9867,59.60050000000001,fnsz
train,aaaaalbn,aaaaalbn_s003_t000,1349.0,0,,,,,
train,aaaaalcq,aaaaalcq_s001_t000,1444.0,0,,,,,
train,aaaaalep,aaaaalep_s008_t000,601.0,0,,,,,
train,aaaaalep,aaaaalep_s008_t001,601.0,0,,,,,
train,aaaaalep,aaaaalep_s008_t002,8.0,0,,,,,
train,aaaaalep,aaaaalep_s008_t003,10.0,0,,,,,
train,aaaaalep,aaaaalep_s008_t004,601.0,0,,,,,
train,aaaaalep,aaaaalep_s008_t005,21.0,0,,,,,
train,aaaaalep,aaaaalep_s008_t006,601.0,0,,,,,
train,aaaaalep,aaaaalep_s008_t007,601.0,0,,,,,
train,aaaaalep,aaaaalep_s008_t008,601.0,0,,,,,
train,aaaaalfs,aaaaalfs_s001_t000,1207.0,1,1.0,865.0078,959.5156,94.50779999999997,fnsz
train,aaaaalfs,aaaaalfs_s001_t001,166.0,0,,,,,
train,aaaaalfs,aaaaalfs_s002_t000,1739.0,1,1.0,994.1348,1070.1678,76.0329999999999,fnsz
train,aaaaalfs,aaaaalfs_s002_t001,601.0,1,1.0,441.2422,564.9973,123.75509999999997,fnsz
train,aaaaalfs,aaaaalfs_s002_t002,601.0,4,1.0,72.0354,109.8164,37.781000000000006,fnsz
train,aaaaalfs,aaaaalfs_s002_t002,601.0,4,2.0,252.2773,298.6953,46.41799999999998,fnsz
train,aaaaalfs,aaaaalfs_s002_t002,601.0,4,3.0,394.1337,427.8281,33.69440000000003,fnsz
train,aaaaalfs,aaaaalfs_s002_t002,601.0,4,4.0,498.6968,509.2765,10.579700000000003,fnsz
train,aaaaalfs,aaaaalfs_s002_t003,601.0,2,1.0,120.1953,132.1797,11.984399999999994,fnsz
train,aaaaalfs,aaaaalfs_s002_t003,601.0,2,2.0,300.7782,354.3789,53.60069999999996,fnsz
train,aaaaalfs,aaaaalfs_s002_t004,601.0,3,1.0,325.75,342.1238,16.373800000000017,fnsz
train,aaaaalfs,aaaaalfs_s002_t004,601.0,3,2.0,406.9766,418.0113,11.034699999999987,fnsz
train,aaaaalfs,aaaaalfs_s002_t004,601.0,3,3.0,465.7148,506.0039,40.28909999999996,fnsz
train,aaaaalfs,aaaaalfs_s002_t005,601.0,1,1.0,90.9453,132.7461,41.80080000000001,fnsz
train,aaaaalfs,aaaaalfs_s004_t000,1448.0,2,1.0,57.508,129.428,71.91999999999999,fnsz
train,aaaaalfs,aaaaalfs_s004_t000,1448.0,2,2.0,757.912,881.604,123.69200000000001,fnsz
train,aaaaalgz,aaaaalgz_s001_t000,1502.0,0,,,,,
train,aaaaalgz,aaaaalgz_s003_t000,1200.0,0,,,,,
train,aaaaalgz,aaaaalgz_s003_t001,601.0,0,,,,,
train,aaaaalgz,aaaaalgz_s003_t002,601.0,0,,,,,
train,aaaaalgz,aaaaalgz_s003_t003,601.0,0,,,,,
train,aaaaalgz,aaaaalgz_s003_t004,601.0,0,,,,,
train,aaaaalhf,aaaaalhf_s001_t000,1376.0,2,1.0,433.172,553.172,120.0,fnsz
train,aaaaalhf,aaaaalhf_s001_t000,1376.0,2,2.0,1195.444,1291.972,96.52800000000002,fnsz
train,aaaaalim,aaaaalim_s012_t001,1192.0,0,,,,,
train,aaaaaliv,aaaaaliv_s003_t000,962.0,0,,,,,
train,aaaaaliv,aaaaaliv_s003_t001,1800.0,0,,,,,
train,aaaaaliv,aaaaaliv_s003_t002,840.0,0,,,,,
train,aaaaaljo,aaaaaljo_s001_t000,34.0,0,,,,,
train,aaaaaljo,aaaaaljo_s001_t001,395.0,0,,,,,
train,aaaaaljo,aaaaaljo_s001_t002,317.0,0,,,,,
train,aaaaaljo,aaaaaljo_s001_t003,502.0,0,,,,,
train,aaaaalmx,aaaaalmx_s002_t000,1800.0,0,,,,,
train,aaaaalmx,aaaaalmx_s002_t001,1800.0,0,,,,,
train,aaaaalmx,aaaaalmx_s002_t002,1800.0,1,1.0,51.0752,114.7201,63.6449,gnsz
train,aaaaalmx,aaaaalmx_s002_t003,240.0,0,,,,,
train,aaaaalmx,aaaaalmx_s002_t004,42.0,0,,,,,
train,aaaaalmy,aaaaalmy_s002_t000,1203.0,0,,,,,
train,aaaaalmz,aaaaalmz_s003_t000,300.0,0,,,,,
train,aaaaalmz,aaaaalmz_s003_t001,601.0,0,,,,,
train,aaaaalmz,aaaaalmz_s003_t002,601.0,0,,,,,
train,aaaaalmz,aaaaalmz_s003_t003,601.0,0,,,,,
train,aaaaalmz,aaaaalmz_s003_t004,300.0,0,,,,,
train,aaaaalmz,aaaaalmz_s003_t005,601.0,0,,,,,
train,aaaaalmz,aaaaalmz_s003_t006,300.0,0,,,,,
train,aaaaalmz,aaaaalmz_s003_t007,601.0,0,,,,,
train,aaaaalmz,aaaaalmz_s003_t008,39.0,0,,,,,
train,aaaaalmz,aaaaalmz_s005_t000,1800.0,0,,,,,
train,aaaaalmz,aaaaalmz_s005_t001,1800.0,0,,,,,
train,aaaaalmz,aaaaalmz_s005_t002,1800.0,0,,,,,
train,aaaaalmz,aaaaalmz_s005_t003,1800.0,0,,,,,
train,aaaaalmz,aaaaalmz_s005_t004,425.0,0,,,,,
train,aaaaalmz,aaaaalmz_s005_t005,31.0,0,,,,,
train,aaaaalmz,aaaaalmz_s007_t000,944.0,0,,,,,
train,aaaaalmz,aaaaalmz_s007_t001,601.0,0,,,,,
train,aaaaalmz,aaaaalmz_s007_t002,601.0,0,,,,,
train,aaaaalmz,aaaaalmz_s007_t003,601.0,0,,,,,
train,aaaaalmz,aaaaalmz_s008_t000,300.0,0,,,,,
train,aaaaalmz,aaaaalmz_s008_t001,1086.0,0,,,,,
train,aaaaalmz,aaaaalmz_s008_t002,601.0,0,,,,,
train,aaaaalmz,aaaaalmz_s008_t003,300.0,0,,,,,
train,aaaaalmz,aaaaalmz_s008_t004,601.0,0,,,,,
train,aaaaalmz,aaaaalmz_s008_t005,601.0,0,,,,,
train,aaaaalmz,aaaaalmz_s008_t006,601.0,0,,,,,
train,aaaaalnt,aaaaalnt_s001_t000,1082.0,5,1.0,267.0533,364.0566,97.00330000000002,fnsz
train,aaaaalnt,aaaaalnt_s001_t000,1082.0,5,2.0,459.273,526.9756,67.70259999999996,fnsz
train,aaaaalnt,aaaaalnt_s001_t000,1082.0,5,3.0,592.0477,749.2619,157.2142,fnsz
train,aaaaalnt,aaaaalnt_s001_t000,1082.0,5,4.0,887.9845,982.1021,94.11759999999992,fnsz
train,aaaaalnt,aaaaalnt_s001_t000,1082.0,5,5.0,1059.0821,1080.7248,21.642699999999877,fnsz
train,aaaaalnt,aaaaalnt_s001_t001,1371.0,5,1.0,19.8391,97.2531,77.414,fnsz
train,aaaaalnt,aaaaalnt_s001_t001,1371.0,5,2.0,413.0444,475.3363,62.2919,fnsz
train,aaaaalnt,aaaaalnt_s001_t001,1371.0,5,3.0,511.9023,631.8524,119.95009999999996,fnsz
train,aaaaalnt,aaaaalnt_s001_t001,1371.0,5,4.0,700.9501,760.1343,59.18420000000003,fnsz
train,aaaaalnt,aaaaalnt_s001_t001,1371.0,5,5.0,851.9911,909.0111,57.020000000000095,fnsz
train,aaaaalnt,aaaaalnt_s002_t000,405.0,0,,,,,
train,aaaaalnt,aaaaalnt_s002_t001,360.0,3,1.0,51.57,94.0125,42.4425,fnsz
train,aaaaalnt,aaaaalnt_s002_t001,360.0,3,2.0,164.6175,212.1606,47.54309999999998,fnsz
train,aaaaalnt,aaaaalnt_s002_t001,360.0,3,3.0,295.919,359.0,63.08100000000002,fnsz
train,aaaaalnt,aaaaalnt_s002_t002,435.0,3,1.0,106.12,160.35,54.22999999999999,fnsz
train,aaaaalnt,aaaaalnt_s002_t002,435.0,3,2.0,250.1,311.88,61.78,fnsz
train,aaaaalnt,aaaaalnt_s002_t002,435.0,3,3.0,330.3612,384.0457,53.684500000000014,fnsz
train,aaaaalnt,aaaaalnt_s002_t003,400.0,2,1.0,50.0325,106.925,56.8925,fnsz
train,aaaaalnt,aaaaalnt_s002_t003,400.0,2,2.0,160.06,342.0613,182.00130000000001,fnsz
train,aaaaalnt,aaaaalnt_s002_t004,150.0,0,,,,,
train,aaaaalnt,aaaaalnt_s002_t005,47.0,0,,,,,
train,aaaaalnv,aaaaalnv_s005_t006,241.0,0,,,,,
train,aaaaalnv,aaaaalnv_s005_t008,311.0,0,,,,,
train,aaaaalnv,aaaaalnv_s005_t009,301.0,0,,,,,
train,aaaaalnv,aaaaalnv_s005_t012,306.0,0,,,,,
train,aaaaalnv,aaaaalnv_s005_t022,301.0,0,,,,,
train,aaaaalnv,aaaaalnv_s005_t024,153.0,0,,,,,
train,aaaaalnv,aaaaalnv_s005_t027,131.0,0,,,,,
train,aaaaalnv,aaaaalnv_s005_t028,301.0,0,,,,,
train,aaaaalnv,aaaaalnv_s005_t029,190.0,0,,,,,
train,aaaaalnv,aaaaalnv_s006_t000,71.0,0,,,,,
train,aaaaalnv,aaaaalnv_s006_t002,302.0,0,,,,,
train,aaaaalnv,aaaaalnv_s006_t005,310.0,0,,,,,
train,aaaaalnv,aaaaalnv_s006_t008,11.0,0,,,,,
train,aaaaalnv,aaaaalnv_s006_t016,172.0,0,,,,,
train,aaaaalnv,aaaaalnv_s006_t021,97.0,0,,,,,
train,aaaaalnv,aaaaalnv_s006_t024,188.0,0,,,,,
train,aaaaalnv,aaaaalnv_s007_t000,111.0,0,,,,,
train,aaaaalnv,aaaaalnv_s007_t013,301.0,0,,,,,
train,aaaaalnv,aaaaalnv_s007_t017,301.0,0,,,,,
train,aaaaalnv,aaaaalnv_s007_t018,118.0,0,,,,,
train,aaaaalnv,aaaaalnv_s007_t021,105.0,0,,,,,
train,aaaaalnv,aaaaalnv_s007_t024,301.0,0,,,,,
train,aaaaalnv,aaaaalnv_s007_t028,242.0,0,,,,,
train,aaaaalnv,aaaaalnv_s007_t030,301.0,0,,,,,
train,aaaaalnv,aaaaalnv_s007_t031,172.0,0,,,,,
train,aaaaalnv,aaaaalnv_s007_t032,230.0,0,,,,,
train,aaaaalnv,aaaaalnv_s008_t002,312.0,0,,,,,
train,aaaaalnv,aaaaalnv_s008_t003,322.0,0,,,,,
train,aaaaalnv,aaaaalnv_s008_t007,303.0,0,,,,,
train,aaaaalnv,aaaaalnv_s008_t012,38.0,0,,,,,
train,aaaaalnv,aaaaalnv_s008_t013,290.0,0,,,,,
train,aaaaalnv,aaaaalnv_s008_t014,236.0,0,,,,,
train,aaaaalnv,aaaaalnv_s008_t015,176.0,0,,,,,
train,aaaaalnv,aaaaalnv_s008_t016,136.0,0,,,,,
train,aaaaalnv,aaaaalnv_s009_t001,301.0,0,,,,,
train,aaaaalnv,aaaaalnv_s009_t002,301.0,0,,,,,
train,aaaaalnv,aaaaalnv_s009_t004,301.0,0,,,,,
train,aaaaalnv,aaaaalnv_s009_t006,301.0,0,,,,,
train,aaaaalnv,aaaaalnv_s009_t007,301.0,0,,,,,
train,aaaaalnv,aaaaalnv_s009_t008,301.0,0,,,,,
train,aaaaalnv,aaaaalnv_s010_t000,301.0,0,,,,,
train,aaaaalnv,aaaaalnv_s010_t001,301.0,0,,,,,
train,aaaaalnv,aaaaalnv_s010_t002,301.0,0,,,,,
train,aaaaalnx,aaaaalnx_s003_t000,300.0,1,1.0,1.0,299.0,298.0,fnsz
train,aaaaalnx,aaaaalnx_s003_t001,300.0,0,,,,,
train,aaaaalnx,aaaaalnx_s003_t002,343.0,0,,,,,
train,aaaaalnx,aaaaalnx_s003_t003,925.0,0,,,,,
train,aaaaalnx,aaaaalnx_s003_t004,300.0,0,,,,,
train,aaaaalnx,aaaaalnx_s003_t005,300.0,0,,,,,
train,aaaaalnx,aaaaalnx_s003_t006,300.0,1,1.0,157.0234,299.0,141.9766,fnsz
train,aaaaaloc,aaaaaloc_s002_t000,604.0,0,,,,,
train,aaaaaloc,aaaaaloc_s002_t001,1015.0,0,,,,,
train,aaaaaloc,aaaaaloc_s002_t002,601.0,0,,,,,
train,aaaaaloc,aaaaaloc_s002_t003,601.0,0,,,,,
train,aaaaaloc,aaaaaloc_s002_t004,300.0,0,,,,,
train,aaaaaloc,aaaaaloc_s002_t005,601.0,0,,,,,
train,aaaaaloc,aaaaaloc_s002_t006,300.0,0,,,,,
train,aaaaaloc,aaaaaloc_s002_t007,601.0,0,,,,,
train,aaaaaloc,aaaaaloc_s002_t008,300.0,0,,,,,
train,aaaaalpc,aaaaalpc_s002_t000,1800.0,0,,,,,
train,aaaaalpc,aaaaalpc_s002_t001,93.0,0,,,,,
train,aaaaalpc,aaaaalpc_s004_t000,393.0,0,,,,,
train,aaaaalpc,aaaaalpc_s004_t001,5.0,0,,,,,
train,aaaaalpc,aaaaalpc_s004_t002,82.0,0,,,,,
train,aaaaalpc,aaaaalpc_s004_t003,1800.0,0,,,,,
train,aaaaalpc,aaaaalpc_s004_t004,1800.0,0,,,,,
train,aaaaalpc,aaaaalpc_s004_t005,1800.0,0,,,,,
train,aaaaalpc,aaaaalpc_s004_t006,1800.0,0,,,,,
train,aaaaalpc,aaaaalpc_s004_t007,1.0,0,,,,,
train,aaaaalpc,aaaaalpc_s004_t008,1800.0,0,,,,,
train,aaaaalpc,aaaaalpc_s004_t009,1631.0,0,,,,,
train,aaaaalpc,aaaaalpc_s004_t010,601.0,0,,,,,
train,aaaaalpc,aaaaalpc_s005_t000,300.0,0,,,,,
train,aaaaalpc,aaaaalpc_s005_t001,601.0,0,,,,,
train,aaaaalpc,aaaaalpc_s005_t002,300.0,0,,,,,
train,aaaaalpc,aaaaalpc_s005_t003,601.0,0,,,,,
train,aaaaalpc,aaaaalpc_s005_t004,300.0,0,,,,,
train,aaaaalpc,aaaaalpc_s005_t005,601.0,0,,,,,
train,aaaaalpc,aaaaalpc_s005_t007,300.0,0,,,,,
train,aaaaalpc,aaaaalpc_s005_t008,601.0,0,,,,,
train,aaaaalpc,aaaaalpc_s005_t009,300.0,0,,,,,
train,aaaaalpc,aaaaalpc_s005_t010,8.0,0,,,,,
train,aaaaalpc,aaaaalpc_s005_t011,601.0,0,,,,,
train,aaaaalpj,aaaaalpj_s002_t001,1503.0,1,1.0,601.72,757.9662,156.24619999999993,fnsz
train,aaaaalpn,aaaaalpn_s002_t000,300.0,0,,,,,
train,aaaaalpn,aaaaalpn_s002_t001,300.0,1,1.0,118.9578,162.0544,43.09659999999998,fnsz
train,aaaaalpn,aaaaalpn_s002_t002,274.0,0,,,,,
train,aaaaalpn,aaaaalpn_s002_t003,1269.0,2,1.0,379.7137,421.6282,41.914499999999975,fnsz
train,aaaaalpn,aaaaalpn_s002_t003,1269.0,2,2.0,928.909,960.1853,31.276299999999992,fnsz
train,aaaaalpn,aaaaalpn_s002_t004,632.0,2,1.0,299.5194,331.495,31.975599999999986,fnsz
train,aaaaalpn,aaaaalpn_s002_t004,632.0,2,2.0,536.9356,563.7614,26.82579999999996,fnsz
train,aaaaalpn,aaaaalpn_s002_t005,300.0,0,,,,,
train,aaaaalpn,aaaaalpn_s002_t006,642.0,1,1.0,299.9234,341.3607,41.43729999999999,fnsz
train,aaaaalpn,aaaaalpn_s002_t007,616.0,0,,,,,
train,aaaaalrn,aaaaalrn_s001_t001,1504.0,0,,,,,
train,aaaaalsg,aaaaalsg_s001_t000,1203.0,0,,,,,
train,aaaaalsj,aaaaalsj_s001_t000,1201.0,0,,,,,
train,aaaaalsz,aaaaalsz_s004_t000,1582.0,0,,,,,
train,aaaaalsz,aaaaalsz_s006_t000,287.0,0,,,,,
train,aaaaalsz,aaaaalsz_s006_t001,353.0,0,,,,,
train,aaaaalsz,aaaaalsz_s006_t002,254.0,0,,,,,
train,aaaaalsz,aaaaalsz_s006_t003,408.0,0,,,,,
train,aaaaalsz,aaaaalsz_s006_t004,276.0,0,,,,,
train,aaaaalsz,aaaaalsz_s007_t000,298.0,0,,,,,
train,aaaaalsz,aaaaalsz_s007_t001,463.0,0,,,,,
train,aaaaalsz,aaaaalsz_s007_t002,353.0,0,,,,,
train,aaaaalsz,aaaaalsz_s007_t003,309.0,0,,,,,
train,aaaaalsz,aaaaalsz_s007_t004,463.0,0,,,,,
train,aaaaaltg,aaaaaltg_s004_t000,300.0,0,,,,,
train,aaaaaltg,aaaaaltg_s004_t001,38.0,0,,,,,
train,aaaaaltg,aaaaaltg_s004_t002,601.0,0,,,,,
train,aaaaaltg,aaaaaltg_s004_t003,601.0,0,,,,,
train,aaaaaltg,aaaaaltg_s004_t004,300.0,0,,,,,
train,aaaaaltg,aaaaaltg_s004_t005,601.0,0,,,,,
train,aaaaaltg,aaaaaltg_s004_t006,300.0,0,,,,,
train,aaaaaltg,aaaaaltg_s004_t007,601.0,0,,,,,
train,aaaaaltg,aaaaaltg_s004_t008,300.0,0,,,,,
train,aaaaaltg,aaaaaltg_s004_t009,601.0,0,,,,,
train,aaaaaltg,aaaaaltg_s007_t000,305.0,1,1.0,89.9445,190.4661,100.5216,gnsz
train,aaaaaltg,aaaaaltg_s007_t001,270.0,1,1.0,97.9412,178.485,80.54380000000002,gnsz
train,aaaaaltg,aaaaaltg_s008_t000,300.0,0,,,,,
train,aaaaaltg,aaaaaltg_s008_t001,300.0,0,,,,,
train,aaaaaltg,aaaaaltg_s008_t002,601.0,0,,,,,
train,aaaaaltg,aaaaaltg_s008_t003,300.0,0,,,,,
train,aaaaaltg,aaaaaltg_s008_t004,300.0,0,,,,,
train,aaaaaltg,aaaaaltg_s008_t005,601.0,0,,,,,
train,aaaaaltg,aaaaaltg_s008_t006,300.0,0,,,,,
train,aaaaaltg,aaaaaltg_s008_t007,601.0,0,,,,,
train,aaaaalth,aaaaalth_s003_t000,1800.0,0,,,,,
train,aaaaalth,aaaaalth_s003_t001,611.0,0,,,,,
train,aaaaaltw,aaaaaltw_s001_t001,1274.0,4,1.0,1.0,14.9473,13.9473,fnsz
train,aaaaaltw,aaaaaltw_s001_t001,1274.0,4,2.0,202.168,220.288,18.120000000000005,gnsz
train,aaaaaltw,aaaaaltw_s001_t001,1274.0,4,3.0,465.468,496.436,30.96799999999996,gnsz
train,aaaaaltw,aaaaaltw_s001_t001,1274.0,4,4.0,690.744,724.296,33.55200000000002,gnsz
train,aaaaalwk,aaaaalwk_s004_t000,633.0,0,,,,,
train,aaaaalwk,aaaaalwk_s004_t001,300.0,0,,,,,
train,aaaaalwk,aaaaalwk_s004_t002,601.0,0,,,,,
train,aaaaalwk,aaaaalwk_s004_t003,300.0,0,,,,,
train,aaaaalwk,aaaaalwk_s004_t004,601.0,0,,,,,
train,aaaaalwk,aaaaalwk_s004_t005,300.0,0,,,,,
train,aaaaalwk,aaaaalwk_s004_t006,601.0,0,,,,,
train,aaaaalwk,aaaaalwk_s004_t007,300.0,0,,,,,
train,aaaaalwk,aaaaalwk_s004_t008,601.0,0,,,,,
train,aaaaalwv,aaaaalwv_s002_t000,101.0,3,1.0,36.45,45.02,8.57,cpsz
train,aaaaalwv,aaaaalwv_s002_t000,101.0,3,2.0,65.0325,69.9875,4.954999999999998,cpsz
train,aaaaalwv,aaaaalwv_s002_t000,101.0,3,3.0,86.0,96.0325,10.032499999999999,fnsz
train,aaaaalwv,aaaaalwv_s002_t002,412.0,0,,,,,
train,aaaaalwv,aaaaalwv_s002_t003,673.0,0,,,,,
train,aaaaalwv,aaaaalwv_s002_t004,113.0,0,,,,,
train,aaaaalwv,aaaaalwv_s003_t000,131.0,0,,,,,
train,aaaaalwv,aaaaalwv_s003_t001,227.0,1,1.0,89.9963,95.92,5.923699999999997,fnsz
train,aaaaalwv,aaaaalwv_s003_t003,774.0,0,,,,,
train,aaaaalwv,aaaaalwv_s003_t004,991.0,0,,,,,
train,aaaaalwv,aaaaalwv_s003_t005,581.0,0,,,,,
train,aaaaalwv,aaaaalwv_s003_t006,231.0,0,,,,,
train,aaaaalwv,aaaaalwv_s003_t007,90.0,0,,,,,
train,aaaaalwv,aaaaalwv_s004_t000,92.0,0,,,,,
train,aaaaalwv,aaaaalwv_s004_t001,399.0,0,,,,,
train,aaaaalwv,aaaaalwv_s004_t002,1247.0,0,,,,,
train,aaaaalwv,aaaaalwv_s004_t003,833.0,0,,,,,
train,aaaaalwv,aaaaalwv_s004_t004,663.0,0,,,,,
train,aaaaalxt,aaaaalxt_s001_t001,1188.0,0,,,,,
train,aaaaalxt,aaaaalxt_s002_t000,300.0,0,,,,,
train,aaaaalxt,aaaaalxt_s002_t001,601.0,0,,,,,
train,aaaaalxt,aaaaalxt_s002_t002,601.0,0,,,,,
train,aaaaalxt,aaaaalxt_s002_t003,300.0,0,,,,,
train,aaaaalxt,aaaaalxt_s002_t004,300.0,0,,,,,
train,aaaaalxt,aaaaalxt_s002_t005,601.0,0,,,,,
train,aaaaalxt,aaaaalxt_s002_t006,300.0,0,,,,,
train,aaaaalxt,aaaaalxt_s002_t007,300.0,0,,,,,
train,aaaaalxt,aaaaalxt_s002_t008,601.0,0,,,,,
train,aaaaalxt,aaaaalxt_s003_t000,300.0,0,,,,,
train,aaaaalxt,aaaaalxt_s003_t001,601.0,0,,,,,
train,aaaaalxt,aaaaalxt_s003_t002,300.0,0,,,,,
train,aaaaalxt,aaaaalxt_s003_t003,601.0,0,,,,,
train,aaaaalxt,aaaaalxt_s003_t004,300.0,0,,,,,
train,aaaaalxt,aaaaalxt_s003_t005,601.0,0,,,,,
train,aaaaalxt,aaaaalxt_s003_t006,300.0,0,,,,,
train,aaaaalxt,aaaaalxt_s003_t007,601.0,0,,,,,
train,aaaaalxt,aaaaalxt_s003_t008,300.0,0,,,,,
train,aaaaalxt,aaaaalxt_s003_t009,601.0,0,,,,,
train,aaaaalxw,aaaaalxw_s002_t000,1273.0,0,,,,,
train,aaaaalzg,aaaaalzg_s005_t000,1241.0,1,1.0,325.9094,409.072,83.1626,fnsz
train,aaaaalzg,aaaaalzg_s006_t000,300.0,0,,,,,
train,aaaaalzg,aaaaalzg_s006_t001,601.0,0,,,,,
train,aaaaalzg,aaaaalzg_s006_t002,601.0,0,,,,,
train,aaaaalzg,aaaaalzg_s006_t003,601.0,0,,,,,
train,aaaaalzg,aaaaalzg_s006_t004,601.0,0,,,,,
train,aaaaalzg,aaaaalzg_s006_t005,300.0,0,,,,,
train,aaaaalzg,aaaaalzg_s006_t006,601.0,0,,,,,
train,aaaaalzg,aaaaalzg_s006_t007,307.0,0,,,,,
train,aaaaalzo,aaaaalzo_s002_t000,1146.0,0,,,,,
train,aaaaambf,aaaaambf_s005_t000,1203.0,0,,,,,
train,aaaaambf,aaaaambf_s009_t000,300.0,0,,,,,
train,aaaaambf,aaaaambf_s009_t001,727.0,0,,,,,
train,aaaaambf,aaaaambf_s009_t002,300.0,0,,,,,
train,aaaaambf,aaaaambf_s009_t003,262.0,0,,,,,
train,aaaaambf,aaaaambf_s009_t004,300.0,0,,,,,
train,aaaaambf,aaaaambf_s009_t005,300.0,0,,,,,
train,aaaaambf,aaaaambf_s009_t006,300.0,0,,,,,
train,aaaaambs,aaaaambs_s009_t000,300.0,0,,,,,
train,aaaaambs,aaaaambs_s009_t001,601.0,0,,,,,
train,aaaaambs,aaaaambs_s009_t002,601.0,0,,,,,
train,aaaaambs,aaaaambs_s009_t003,300.0,0,,,,,
train,aaaaambs,aaaaambs_s009_t004,601.0,0,,,,,
train,aaaaambs,aaaaambs_s009_t005,300.0,0,,,,,
train,aaaaambs,aaaaambs_s009_t006,601.0,0,,,,,
train,aaaaambs,aaaaambs_s009_t007,300.0,0,,,,,
train,aaaaambs,aaaaambs_s009_t008,601.0,0,,,,,
train,aaaaambs,aaaaambs_s009_t009,300.0,0,,,,,
train,aaaaambs,aaaaambs_s009_t010,601.0,0,,,,,
train,aaaaambs,aaaaambs_s010_t000,300.0,0,,,,,
train,aaaaambs,aaaaambs_s010_t001,601.0,0,,,,,
train,aaaaambs,aaaaambs_s010_t002,601.0,0,,,,,
train,aaaaambs,aaaaambs_s010_t003,300.0,0,,,,,
train,aaaaambs,aaaaambs_s010_t004,601.0,0,,,,,
train,aaaaambs,aaaaambs_s010_t005,300.0,0,,,,,
train,aaaaambs,aaaaambs_s010_t006,601.0,0,,,,,
train,aaaaambs,aaaaambs_s010_t007,300.0,0,,,,,
train,aaaaambs,aaaaambs_s010_t008,601.0,0,,,,,
train,aaaaambs,aaaaambs_s010_t009,300.0,0,,,,,
train,aaaaambs,aaaaambs_s010_t010,601.0,0,,,,,
train,aaaaambs,aaaaambs_s011_t000,300.0,0,,,,,
train,aaaaambs,aaaaambs_s011_t001,601.0,0,,,,,
train,aaaaambs,aaaaambs_s011_t002,601.0,0,,,,,
train,aaaaambs,aaaaambs_s011_t003,300.0,0,,,,,
train,aaaaambs,aaaaambs_s011_t004,601.0,0,,,,,
train,aaaaambs,aaaaambs_s011_t005,300.0,0,,,,,
train,aaaaambs,aaaaambs_s011_t006,601.0,0,,,,,
train,aaaaambs,aaaaambs_s011_t007,300.0,0,,,,,
train,aaaaambs,aaaaambs_s011_t008,601.0,0,,,,,
train,aaaaambs,aaaaambs_s011_t009,300.0,0,,,,,
train,aaaaambs,aaaaambs_s011_t010,601.0,0,,,,,
train,aaaaambs,aaaaambs_s012_t000,300.0,0,,,,,
train,aaaaambs,aaaaambs_s012_t001,601.0,0,,,,,
train,aaaaambs,aaaaambs_s012_t002,633.0,0,,,,,
train,aaaaambs,aaaaambs_s012_t003,601.0,0,,,,,
train,aaaaambs,aaaaambs_s012_t004,300.0,0,,,,,
train,aaaaambs,aaaaambs_s012_t005,601.0,0,,,,,
train,aaaaambs,aaaaambs_s012_t006,300.0,0,,,,,
train,aaaaambs,aaaaambs_s012_t007,601.0,0,,,,,
train,aaaaambs,aaaaambs_s012_t008,300.0,0,,,,,
train,aaaaambs,aaaaambs_s012_t009,601.0,0,,,,,
train,aaaaambs,aaaaambs_s013_t000,300.0,0,,,,,
train,aaaaambs,aaaaambs_s013_t001,601.0,0,,,,,
train,aaaaambs,aaaaambs_s013_t002,300.0,0,,,,,
train,aaaaambs,aaaaambs_s013_t003,601.0,0,,,,,
train,aaaaambs,aaaaambs_s013_t004,300.0,0,,,,,
train,aaaaambs,aaaaambs_s013_t005,601.0,0,,,,,
train,aaaaambs,aaaaambs_s013_t006,300.0,0,,,,,
train,aaaaambs,aaaaambs_s013_t007,637.0,0,,,,,
train,aaaaambs,aaaaambs_s013_t008,778.0,0,,,,,
train,aaaaambs,aaaaambs_s013_t009,601.0,0,,,,,
train,aaaaambs,aaaaambs_s014_t000,300.0,0,,,,,
train,aaaaambs,aaaaambs_s014_t001,601.0,0,,,,,
train,aaaaambs,aaaaambs_s014_t002,601.0,0,,,,,
train,aaaaambs,aaaaambs_s014_t003,300.0,0,,,,,
train,aaaaambs,aaaaambs_s014_t004,601.0,0,,,,,
train,aaaaambs,aaaaambs_s014_t005,300.0,0,,,,,
train,aaaaambs,aaaaambs_s014_t006,601.0,0,,,,,
train,aaaaambs,aaaaambs_s014_t007,300.0,0,,,,,
train,aaaaambs,aaaaambs_s014_t008,601.0,0,,,,,
train,aaaaambs,aaaaambs_s014_t009,300.0,0,,,,,
train,aaaaambs,aaaaambs_s014_t010,601.0,0,,,,,
train,aaaaamca,aaaaamca_s004_t000,1800.0,0,,,,,
train,aaaaamca,aaaaamca_s004_t001,1800.0,0,,,,,
train,aaaaamca,aaaaamca_s004_t002,482.0,0,,,,,
train,aaaaamca,aaaaamca_s004_t003,1800.0,0,,,,,
train,aaaaamca,aaaaamca_s004_t004,448.0,0,,,,,
train,aaaaamca,aaaaamca_s004_t005,300.0,0,,,,,
train,aaaaamca,aaaaamca_s004_t006,300.0,0,,,,,
train,aaaaamca,aaaaamca_s004_t007,300.0,0,,,,,
train,aaaaamcy,aaaaamcy_s002_t000,1683.0,0,,,,,
train,aaaaamdo,aaaaamdo_s001_t000,1401.0,3,1.0,31.9922,50.9656,18.9734,gnsz
train,aaaaamdo,aaaaamdo_s001_t000,1401.0,3,2.0,367.0044,385.1787,18.174300000000017,gnsz
train,aaaaamdo,aaaaamdo_s001_t000,1401.0,3,3.0,858.7381,874.6204,15.882299999999987,gnsz
train,aaaaamgy,aaaaamgy_s002_t000,885.0,0,,,,,
train,aaaaamgy,aaaaamgy_s002_t001,601.0,0,,,,,
train,aaaaamgy,aaaaamgy_s002_t002,300.0,0,,,,,
train,aaaaamgy,aaaaamgy_s002_t003,601.0,0,,,,,
train,aaaaamgy,aaaaamgy_s002_t004,300.0,0,,,,,
train,aaaaamgy,aaaaamgy_s002_t005,601.0,0,,,,,
train,aaaaamhb,aaaaamhb_s001_t000,1800.0,0,,,,,
train,aaaaamhb,aaaaamhb_s001_t001,106.0,0,,,,,
train,aaaaamhb,aaaaamhb_s001_t002,1671.0,2,1.0,312.9589,464.2297,151.27079999999995,gnsz
train,aaaaamhb,aaaaamhb_s001_t002,1671.0,2,2.0,882.9811,941.061,58.079900000000066,gnsz
train,aaaaamhb,aaaaamhb_s002_t000,721.0,0,,,,,
train,aaaaamhb,aaaaamhb_s002_t001,476.0,0,,,,,
train,aaaaamhb,aaaaamhb_s002_t002,912.0,0,,,,,
train,aaaaamhb,aaaaamhb_s002_t003,557.0,0,,,,,
train,aaaaamhb,aaaaamhb_s002_t004,300.0,0,,,,,
train,aaaaamhb,aaaaamhb_s002_t005,392.0,0,,,,,
train,aaaaamhb,aaaaamhb_s002_t006,300.0,0,,,,,
train,aaaaamhb,aaaaamhb_s003_t000,1281.0,1,1.0,365.432,399.9778,34.545799999999986,fnsz
train,aaaaamhb,aaaaamhb_s004_t000,300.0,0,,,,,
train,aaaaamhb,aaaaamhb_s004_t001,601.0,0,,,,,
train,aaaaamhb,aaaaamhb_s004_t002,601.0,0,,,,,
train,aaaaamhb,aaaaamhb_s004_t003,300.0,0,,,,,
train,aaaaamhb,aaaaamhb_s004_t004,601.0,0,,,,,
train,aaaaamhb,aaaaamhb_s004_t005,300.0,0,,,,,
train,aaaaamhb,aaaaamhb_s004_t006,601.0,0,,,,,
train,aaaaamhb,aaaaamhb_s004_t007,601.0,0,,,,,
train,aaaaamhb,aaaaamhb_s004_t008,300.0,0,,,,,
train,aaaaamhb,aaaaamhb_s004_t009,300.0,0,,,,,
train,aaaaamhb,aaaaamhb_s005_t000,1203.0,0,,,,,
train,aaaaamhb,aaaaamhb_s006_t000,385.0,0,,,,,
train,aaaaamhb,aaaaamhb_s006_t001,1121.0,0,,,,,
train,aaaaamhb,aaaaamhb_s006_t002,601.0,0,,,,,
train,aaaaamhb,aaaaamhb_s006_t003,601.0,0,,,,,
train,aaaaamhb,aaaaamhb_s006_t004,960.0,0,,,,,
train,aaaaamhb,aaaaamhb_s006_t005,601.0,0,,,,,
train,aaaaamhb,aaaaamhb_s007_t000,300.0,0,,,,,
train,aaaaamhb,aaaaamhb_s007_t001,636.0,0,,,,,
train,aaaaamhb,aaaaamhb_s007_t002,601.0,0,,,,,
train,aaaaamhb,aaaaamhb_s007_t003,300.0,0,,,,,
train,aaaaamhb,aaaaamhb_s007_t004,714.0,0,,,,,
train,aaaaamhb,aaaaamhb_s007_t005,601.0,0,,,,,
train,aaaaamhb,aaaaamhb_s007_t006,601.0,0,,,,,
train,aaaaamhb,aaaaamhb_s007_t007,300.0,0,,,,,
train,aaaaamhb,aaaaamhb_s007_t008,601.0,0,,,,,
train,aaaaamhb,aaaaamhb_s007_t009,300.0,0,,,,,
train,aaaaamhb,aaaaamhb_s008_t000,300.0,0,,,,,
train,aaaaamhb,aaaaamhb_s008_t001,601.0,0,,,,,
train,aaaaamhb,aaaaamhb_s008_t002,300.0,0,,,,,
train,aaaaamhb,aaaaamhb_s008_t003,601.0,0,,,,,
train,aaaaamhb,aaaaamhb_s008_t004,300.0,0,,,,,
train,aaaaamhb,aaaaamhb_s008_t005,601.0,0,,,,,
train,aaaaamhb,aaaaamhb_s008_t006,300.0,0,,,,,
train,aaaaamhb,aaaaamhb_s008_t007,601.0,0,,,,,
train,aaaaamhb,aaaaamhb_s008_t008,300.0,0,,,,,
train,aaaaamhb,aaaaamhb_s008_t009,601.0,0,,,,,
train,aaaaamhb,aaaaamhb_s009_t000,300.0,0,,,,,
train,aaaaamhb,aaaaamhb_s009_t001,601.0,0,,,,,
train,aaaaamhb,aaaaamhb_s009_t002,300.0,0,,,,,
train,aaaaamhb,aaaaamhb_s009_t003,601.0,0,,,,,
train,aaaaamhb,aaaaamhb_s009_t004,300.0,0,,,,,
train,aaaaamhb,aaaaamhb_s009_t005,601.0,0,,,,,
train,aaaaamhb,aaaaamhb_s009_t006,300.0,0,,,,,
train,aaaaamhb,aaaaamhb_s009_t007,601.0,0,,,,,
train,aaaaamhb,aaaaamhb_s009_t008,300.0,0,,,,,
train,aaaaamhb,aaaaamhb_s009_t009,601.0,0,,,,,
train,aaaaamhb,aaaaamhb_s010_t000,300.0,0,,,,,
train,aaaaamhb,aaaaamhb_s010_t001,601.0,0,,,,,
train,aaaaamhb,aaaaamhb_s010_t002,300.0,0,,,,,
train,aaaaamhb,aaaaamhb_s010_t003,601.0,0,,,,,
train,aaaaamhb,aaaaamhb_s010_t004,300.0,0,,,,,
train,aaaaamhb,aaaaamhb_s010_t005,601.0,0,,,,,
train,aaaaamhb,aaaaamhb_s010_t006,300.0,0,,,,,
train,aaaaamhb,aaaaamhb_s010_t007,601.0,0,,,,,
train,aaaaamhb,aaaaamhb_s010_t008,601.0,0,,,,,
train,aaaaamhb,aaaaamhb_s011_t000,300.0,0,,,,,
train,aaaaamhb,aaaaamhb_s011_t001,601.0,0,,,,,
train,aaaaamhb,aaaaamhb_s011_t002,601.0,0,,,,,
train,aaaaamhb,aaaaamhb_s011_t003,841.0,0,,,,,
train,aaaaamhb,aaaaamhb_s011_t004,601.0,0,,,,,
train,aaaaamhb,aaaaamhb_s011_t005,601.0,0,,,,,
train,aaaaamhb,aaaaamhb_s012_t000,300.0,0,,,,,
train,aaaaamhb,aaaaamhb_s012_t001,601.0,0,,,,,
train,aaaaamhb,aaaaamhb_s012_t002,300.0,0,,,,,
train,aaaaamhb,aaaaamhb_s012_t003,601.0,0,,,,,
train,aaaaamhb,aaaaamhb_s012_t004,300.0,0,,,,,
train,aaaaamhb,aaaaamhb_s012_t005,300.0,0,,,,,
train,aaaaamhb,aaaaamhb_s012_t006,601.0,0,,,,,
train,aaaaamhb,aaaaamhb_s012_t007,300.0,0,,,,,
train,aaaaamhb,aaaaamhb_s012_t008,601.0,0,,,,,
train,aaaaamhb,aaaaamhb_s013_t000,87.0,0,,,,,
train,aaaaamhb,aaaaamhb_s013_t001,1155.0,0,,,,,
train,aaaaamhj,aaaaamhj_s001_t000,1622.0,11,1.0,115.2453,129.3442,14.0989,gnsz
train,aaaaamhj,aaaaamhj_s001_t000,1622.0,11,2.0,221.3164,238.22,16.90360000000001,gnsz
train,aaaaamhj,aaaaamhj_s001_t000,1622.0,11,3.0,355.4013,369.3141,13.912800000000004,gnsz
train,aaaaamhj,aaaaamhj_s001_t000,1622.0,11,4.0,529.758,545.3517,15.593700000000013,gnsz
train,aaaaamhj,aaaaamhj_s001_t000,1622.0,11,5.0,643.8661,660.6235,16.757400000000075,gnsz
train,aaaaamhj,aaaaamhj_s001_t000,1622.0,11,6.0,777.1941,789.6488,12.454700000000003,gnsz
train,aaaaamhj,aaaaamhj_s001_t000,1622.0,11,7.0,930.9971,943.9877,12.990599999999972,gnsz
train,aaaaamhj,aaaaamhj_s001_t000,1622.0,11,8.0,1104.7813,1119.3287,14.547399999999925,gnsz
train,aaaaamhj,aaaaamhj_s001_t000,1622.0,11,9.0,1268.7951,1281.105,12.30989999999997,gnsz
train,aaaaamhj,aaaaamhj_s001_t000,1622.0,11,10.0,1442.0043,1454.6329,12.628600000000006,gnsz
train,aaaaamhj,aaaaamhj_s001_t000,1622.0,11,11.0,1539.1289,1553.0463,13.917400000000043,gnsz
train,aaaaamhj,aaaaamhj_s002_t000,169.0,1,1.0,0.0072,16.0608,16.0536,gnsz
train,aaaaamhj,aaaaamhj_s002_t001,131.0,2,1.0,0.0297,10.0746,10.0449,gnsz
train,aaaaamhj,aaaaamhj_s002_t001,131.0,2,2.0,91.5938,125.0406,33.446799999999996,gnsz
train,aaaaamhj,aaaaamhj_s002_t002,241.0,1,1.0,86.1738,97.5641,11.390299999999996,gnsz
train,aaaaamhj,aaaaamhj_s002_t003,300.0,0,,,,,
train,aaaaamhj,aaaaamhj_s002_t004,601.0,0,,,,,
train,aaaaamhj,aaaaamhj_s002_t005,628.0,0,,,,,
train,aaaaamhj,aaaaamhj_s002_t006,601.0,1,1.0,81.1521,259.0655,177.91339999999997,gnsz
train,aaaaamhj,aaaaamhj_s003_t000,300.0,0,,,,,
train,aaaaamhj,aaaaamhj_s003_t001,601.0,0,,,,,
train,aaaaamhj,aaaaamhj_s003_t002,601.0,0,,,,,
train,aaaaamhj,aaaaamhj_s003_t003,300.0,0,,,,,
train,aaaaamhj,aaaaamhj_s003_t004,601.0,0,,,,,
train,aaaaamhj,aaaaamhj_s003_t005,300.0,0,,,,,
train,aaaaamhj,aaaaamhj_s003_t006,601.0,0,,,,,
train,aaaaamhj,aaaaamhj_s003_t007,227.0,0,,,,,
train,aaaaamhj,aaaaamhj_s004_t000,300.0,0,,,,,
train,aaaaamhj,aaaaamhj_s004_t001,601.0,0,,,,,
train,aaaaamhj,aaaaamhj_s004_t002,601.0,0,,,,,
train,aaaaamhj,aaaaamhj_s004_t003,300.0,0,,,,,
train,aaaaamhj,aaaaamhj_s004_t004,601.0,0,,,,,
train,aaaaamhj,aaaaamhj_s004_t005,601.0,0,,,,,
train,aaaaamhj,aaaaamhj_s004_t006,300.0,0,,,,,
train,aaaaamhj,aaaaamhj_s004_t007,601.0,0,,,,,
train,aaaaamhj,aaaaamhj_s005_t000,604.0,0,,,,,
train,aaaaamhj,aaaaamhj_s005_t001,601.0,0,,,,,
train,aaaaamhj,aaaaamhj_s005_t002,601.0,0,,,,,
train,aaaaamhj,aaaaamhj_s005_t003,300.0,0,,,,,
train,aaaaamhj,aaaaamhj_s005_t004,601.0,0,,,,,
train,aaaaamhj,aaaaamhj_s007_t000,1233.0,0,,,,,
train,aaaaamiz,aaaaamiz_s001_t000,1444.0,1,1.0,1077.9545,1159.3418,81.38729999999987,cpsz
train,aaaaammq,aaaaammq_s004_t002,667.0,0,,,,,
train,aaaaammq,aaaaammq_s014_t000,1281.0,0,,,,,
train,aaaaammu,aaaaammu_s001_t001,1197.0,0,,,,,
train,aaaaammu,aaaaammu_s002_t000,68.0,0,,,,,
train,aaaaammu,aaaaammu_s002_t001,1171.0,0,,,,,
train,aaaaammu,aaaaammu_s003_t000,300.0,0,,,,,
train,aaaaammu,aaaaammu_s003_t001,696.0,1,1.0,304.6875,324.918,20.230500000000006,tnsz
train,aaaaammu,aaaaammu_s003_t002,1741.0,4,1.0,334.7773,361.6797,26.9024,tnsz
train,aaaaammu,aaaaammu_s003_t002,1741.0,4,2.0,537.2461,561.7461,24.5,tnsz
train,aaaaammu,aaaaammu_s003_t002,1741.0,4,3.0,760.4883,781.5898,21.101499999999987,tnsz
train,aaaaammu,aaaaammu_s003_t002,1741.0,4,4.0,1216.1277,1242.2773,26.149599999999964,tnsz
train,aaaaammu,aaaaammu_s003_t003,881.0,1,1.0,372.6289,394.7773,22.148400000000038,tnsz
train,aaaaammu,aaaaammu_s003_t004,365.0,1,1.0,340.2344,357.2344,17.0,tnsz
train,aaaaammu,aaaaammu_s003_t005,300.0,2,1.0,54.0423,71.5781,17.53580000000001,tnsz
train,aaaaammu,aaaaammu_s003_t005,300.0,2,2.0,199.6328,217.6328,18.0,tnsz
train,aaaaammu,aaaaammu_s003_t006,601.0,0,,,,,
train,aaaaammu,aaaaammu_s003_t007,300.0,0,,,,,
train,aaaaammu,aaaaammu_s003_t008,300.0,0,,,,,
train,aaaaammu,aaaaammu_s003_t009,601.0,0,,,,,
train,aaaaammu,aaaaammu_s003_t010,811.0,0,,,,,
train,aaaaammu,aaaaammu_s003_t011,300.0,0,,,,,
train,aaaaammu,aaaaammu_s003_t012,959.0,3,1.0,108.1277,125.5234,17.39569999999999,tnsz
train,aaaaammu,aaaaammu_s003_t012,959.0,3,2.0,389.0478,406.5234,17.475599999999986,tnsz
train,aaaaammu,aaaaammu_s003_t012,959.0,3,3.0,801.9833,831.7891,29.805799999999977,tnsz
train,aaaaammu,aaaaammu_s004_t000,300.0,0,,,,,
train,aaaaammu,aaaaammu_s004_t001,601.0,0,,,,,
train,aaaaammu,aaaaammu_s004_t002,601.0,0,,,,,
train,aaaaammu,aaaaammu_s004_t003,300.0,0,,,,,
train,aaaaammu,aaaaammu_s004_t004,601.0,2,1.0,313.0,336.5,23.5,tnsz
train,aaaaammu,aaaaammu_s004_t004,601.0,2,2.0,515.5,541.8984,26.398400000000038,tnsz
train,aaaaammu,aaaaammu_s004_t005,601.0,0,,,,,
train,aaaaammu,aaaaammu_s004_t006,300.0,0,,,,,
train,aaaaammu,aaaaammu_s004_t007,300.0,0,,,,,
train,aaaaammu,aaaaammu_s004_t008,300.0,0,,,,,
train,aaaaamnl,aaaaamnl_s001_t000,51.0,0,,,,,
train,aaaaamnl,aaaaamnl_s001_t001,1402.0,0,,,,,
train,aaaaamnv,aaaaamnv_s001_t000,1228.0,0,,,,,
train,aaaaamoa,aaaaamoa_s001_t000,1262.0,10,1.0,45.5117,60.0233,14.511600000000001,fnsz
train,aaaaamoa,aaaaamoa_s001_t000,1262.0,10,2.0,72.9967,90.9767,17.97999999999999,fnsz
train,aaaaamoa,aaaaamoa_s001_t000,1262.0,10,3.0,102.0211,109.0966,7.075499999999991,fnsz
train,aaaaamoa,aaaaamoa_s001_t000,1262.0,10,4.0,119.8979,134.1,14.202099999999987,fnsz
train,aaaaamoa,aaaaamoa_s001_t000,1262.0,10,5.0,154.0015,263.2516,109.2501,fnsz
train,aaaaamoa,aaaaamoa_s001_t000,1262.0,10,6.0,358.0277,449.0655,91.0378,fnsz
train,aaaaamoa,aaaaamoa_s001_t000,1262.0,10,7.0,537.333,640.0755,102.74250000000006,fnsz
train,aaaaamoa,aaaaamoa_s001_t000,1262.0,10,8.0,701.8476,803.1643,101.31669999999997,fnsz
train,aaaaamoa,aaaaamoa_s001_t000,1262.0,10,9.0,889.1421,1005.0133,115.87119999999993,fnsz
train,aaaaamoa,aaaaamoa_s001_t000,1262.0,10,10.0,1076.3307,1180.0488,103.71810000000005,fnsz
train,aaaaamoa,aaaaamoa_s002_t000,1054.0,0,,,,,
train,aaaaamoa,aaaaamoa_s002_t001,359.0,0,,,,,
train,aaaaamoa,aaaaamoa_s002_t002,363.0,0,,,,,
train,aaaaamoa,aaaaamoa_s003_t000,300.0,0,,,,,
train,aaaaamoa,aaaaamoa_s003_t001,601.0,0,,,,,
train,aaaaamoa,aaaaamoa_s003_t002,601.0,0,,,,,
train,aaaaamoa,aaaaamoa_s003_t003,300.0,0,,,,,
train,aaaaamoa,aaaaamoa_s003_t004,601.0,0,,,,,
train,aaaaamoa,aaaaamoa_s003_t005,300.0,0,,,,,
train,aaaaamoa,aaaaamoa_s003_t006,417.0,0,,,,,
train,aaaaamoa,aaaaamoa_s003_t007,85.0,0,,,,,
train,aaaaamoa,aaaaamoa_s003_t008,27.0,0,,,,,
train,aaaaamoa,aaaaamoa_s003_t009,601.0,0,,,,,
train,aaaaamoa,aaaaamoa_s003_t010,300.0,1,1.0,82.4375,246.3047,163.8672,fnsz
train,aaaaamoa,aaaaamoa_s003_t011,784.0,0,,,,,
train,aaaaamoa,aaaaamoa_s004_t000,300.0,0,,,,,
train,aaaaamoa,aaaaamoa_s004_t001,601.0,0,,,,,
train,aaaaamoa,aaaaamoa_s004_t002,601.0,0,,,,,
train,aaaaamoa,aaaaamoa_s004_t003,300.0,0,,,,,
train,aaaaamoa,aaaaamoa_s004_t004,601.0,0,,,,,
train,aaaaamoa,aaaaamoa_s004_t005,300.0,0,,,,,
train,aaaaamoa,aaaaamoa_s004_t006,601.0,0,,,,,
train,aaaaamoa,aaaaamoa_s004_t007,300.0,0,,,,,
train,aaaaamoa,aaaaamoa_s004_t008,601.0,0,,,,,
train,aaaaamoa,aaaaamoa_s004_t009,300.0,0,,,,,
train,aaaaamoa,aaaaamoa_s004_t010,601.0,0,,,,,
train,aaaaamoa,aaaaamoa_s006_t000,124.0,0,,,,,
train,aaaaamoa,aaaaamoa_s006_t002,596.0,0,,,,,
train,aaaaamoa,aaaaamoa_s006_t003,854.0,3,1.0,465.7617,488.2734,22.511699999999962,fnsz
train,aaaaamoa,aaaaamoa_s006_t003,854.0,3,2.0,495.4375,551.1328,55.695299999999975,fnsz
train,aaaaamoa,aaaaamoa_s006_t003,854.0,3,3.0,559.9726,582.2617,22.289099999999962,fnsz
train,aaaaamoa,aaaaamoa_s006_t004,767.0,2,1.0,279.75,300.8594,21.109399999999994,fnsz
train,aaaaamoa,aaaaamoa_s006_t004,767.0,2,2.0,311.4375,356.0698,44.63229999999999,fnsz
train,aaaaamoa,aaaaamoa_s006_t006,601.0,0,,,,,
train,aaaaamoa,aaaaamoa_s006_t007,601.0,0,,,,,
train,aaaaamoa,aaaaamoa_s006_t008,1149.0,1,1.0,434.1836,634.8828,200.69919999999996,fnsz
train,aaaaamoa,aaaaamoa_s006_t009,601.0,0,,,,,
train,aaaaamoa,aaaaamoa_s006_t010,285.0,0,,,,,
train,aaaaamoa,aaaaamoa_s006_t011,549.0,0,,,,,
train,aaaaamoa,aaaaamoa_s007_t000,1800.0,0,,,,,
train,aaaaamoa,aaaaamoa_s007_t001,318.0,0,,,,,
train,aaaaamoa,aaaaamoa_s008_t000,1443.0,0,,,,,
train,aaaaamoe,aaaaamoe_s001_t000,1574.0,0,,,,,
train,aaaaamoe,aaaaamoe_s002_t000,601.0,0,,,,,
train,aaaaamoe,aaaaamoe_s002_t001,601.0,0,,,,,
train,aaaaamoe,aaaaamoe_s002_t002,732.0,1,1.0,272.9648,294.9648,22.0,fnsz
train,aaaaamoe,aaaaamoe_s002_t003,601.0,0,,,,,
train,aaaaamoe,aaaaamoe_s002_t004,1800.0,0,,,,,
train,aaaaamoe,aaaaamoe_s002_t005,1007.0,0,,,,,
train,aaaaamoe,aaaaamoe_s003_t000,601.0,0,,,,,
train,aaaaamoe,aaaaamoe_s003_t001,601.0,0,,,,,
train,aaaaamoe,aaaaamoe_s003_t002,601.0,0,,,,,
train,aaaaamoe,aaaaamoe_s004_t000,1800.0,0,,,,,
train,aaaaamoe,aaaaamoe_s004_t001,1376.0,0,,,,,
train,aaaaamoe,aaaaamoe_s004_t002,1800.0,0,,,,,
train,aaaaamoe,aaaaamoe_s004_t003,872.0,0,,,,,
train,aaaaamoe,aaaaamoe_s005_t000,1800.0,0,,,,,
train,aaaaamoe,aaaaamoe_s005_t001,508.0,0,,,,,
train,aaaaamoe,aaaaamoe_s005_t002,601.0,0,,,,,
train,aaaaamoe,aaaaamoe_s005_t003,601.0,0,,,,,
train,aaaaamoe,aaaaamoe_s007_t000,601.0,0,,,,,
train,aaaaamoe,aaaaamoe_s007_t001,601.0,0,,,,,
train,aaaaamoe,aaaaamoe_s007_t002,601.0,0,,,,,
train,aaaaamoe,aaaaamoe_s007_t003,601.0,0,,,,,
train,aaaaamoe,aaaaamoe_s007_t004,601.0,0,,,,,
train,aaaaamoe,aaaaamoe_s009_t000,601.0,0,,,,,
train,aaaaamoe,aaaaamoe_s009_t001,924.0,0,,,,,
train,aaaaamoe,aaaaamoe_s009_t002,601.0,0,,,,,
train,aaaaamof,aaaaamof_s001_t000,771.0,0,,,,,
train,aaaaamof,aaaaamof_s002_t000,84.0,0,,,,,
train,aaaaamof,aaaaamof_s002_t001,57.0,0,,,,,
train,aaaaamof,aaaaamof_s002_t002,1139.0,0,,,,,
train,aaaaamof,aaaaamof_s002_t003,217.0,0,,,,,
train,aaaaamof,aaaaamof_s003_t000,601.0,0,,,,,
train,aaaaamof,aaaaamof_s003_t001,601.0,0,,,,,
train,aaaaamof,aaaaamof_s003_t002,601.0,0,,,,,
train,aaaaamof,aaaaamof_s003_t003,601.0,0,,,,,
train,aaaaamof,aaaaamof_s003_t004,601.0,0,,,,,
train,aaaaamol,aaaaamol_s002_t000,1572.0,0,,,,,
train,aaaaamoq,aaaaamoq_s005_t000,300.0,0,,,,,
train,aaaaamoq,aaaaamoq_s005_t001,601.0,0,,,,,
train,aaaaamoq,aaaaamoq_s005_t002,300.0,0,,,,,
train,aaaaamoq,aaaaamoq_s005_t003,601.0,0,,,,,
train,aaaaamoq,aaaaamoq_s005_t004,300.0,0,,,,,
train,aaaaamoq,aaaaamoq_s005_t005,601.0,0,,,,,
train,aaaaamoq,aaaaamoq_s005_t006,300.0,0,,,,,
train,aaaaamoq,aaaaamoq_s005_t007,601.0,0,,,,,
train,aaaaamoq,aaaaamoq_s005_t008,300.0,0,,,,,
train,aaaaamoq,aaaaamoq_s005_t009,601.0,0,,,,,
train,aaaaamoq,aaaaamoq_s005_t010,601.0,0,,,,,
train,aaaaampz,aaaaampz_s002_t000,1396.0,0,,,,,
train,aaaaampz,aaaaampz_s003_t000,82.0,0,,,,,
train,aaaaampz,aaaaampz_s003_t001,89.0,0,,,,,
train,aaaaampz,aaaaampz_s003_t002,129.0,0,,,,,
train,aaaaampz,aaaaampz_s003_t003,726.0,3,1.0,1.0608,64.1436,63.082800000000006,spsz
train,aaaaampz,aaaaampz_s003_t003,726.0,3,2.0,116.1547,209.9006,93.74589999999999,spsz
train,aaaaampz,aaaaampz_s003_t003,726.0,3,3.0,310.326,402.9448,92.61879999999996,spsz
train,aaaaampz,aaaaampz_s004_t000,959.0,2,1.0,63.1878,115.4309,52.24309999999999,spsz
train,aaaaampz,aaaaampz_s004_t000,959.0,2,2.0,222.0552,267.8674,45.81219999999996,spsz
train,aaaaampz,aaaaampz_s004_t001,601.0,0,,,,,
train,aaaaampz,aaaaampz_s004_t002,901.0,2,1.0,377.3204,460.326,83.00560000000002,spsz
train,aaaaampz,aaaaampz_s004_t002,901.0,2,2.0,564.1326,648.3978,84.26519999999994,spsz
train,aaaaampz,aaaaampz_s004_t003,794.0,1,1.0,306.0331,403.0939,97.06080000000003,spsz
train,aaaaampz,aaaaampz_s004_t004,300.0,0,,,,,
train,aaaaampz,aaaaampz_s004_t005,601.0,0,,,,,
train,aaaaampz,aaaaampz_s005_t000,300.0,0,,,,,
train,aaaaampz,aaaaampz_s005_t001,601.0,0,,,,,
train,aaaaampz,aaaaampz_s005_t002,300.0,0,,,,,
train,aaaaampz,aaaaampz_s005_t003,601.0,0,,,,,
train,aaaaampz,aaaaampz_s005_t004,300.0,0,,,,,
train,aaaaampz,aaaaampz_s005_t005,601.0,0,,,,,
train,aaaaampz,aaaaampz_s005_t006,300.0,0,,,,,
train,aaaaampz,aaaaampz_s005_t007,601.0,0,,,,,
train,aaaaampz,aaaaampz_s005_t008,300.0,0,,,,,
train,aaaaampz,aaaaampz_s005_t009,601.0,0,,,,,
train,aaaaamqy,aaaaamqy_s001_t000,1237.0,0,,,,,
train,aaaaamqy,aaaaamqy_s002_t000,1386.0,1,1.0,219.0497,267.0497,47.99999999999997,fnsz
train,aaaaamqy,aaaaamqy_s003_t001,1279.0,0,,,,,
train,aaaaamqy,aaaaamqy_s004_t000,405.0,0,,,,,
train,aaaaamqy,aaaaamqy_s004_t001,43.0,0,,,,,
train,aaaaamqy,aaaaamqy_s004_t002,853.0,0,,,,,
train,aaaaamqy,aaaaamqy_s006_t000,300.0,0,,,,,
train,aaaaamqy,aaaaamqy_s006_t001,601.0,0,,,,,
train,aaaaamqy,aaaaamqy_s006_t002,601.0,0,,,,,
train,aaaaamqy,aaaaamqy_s006_t003,300.0,0,,,,,
train,aaaaamqy,aaaaamqy_s006_t004,601.0,0,,,,,
train,aaaaamqy,aaaaamqy_s006_t005,300.0,0,,,,,
train,aaaaamqy,aaaaamqy_s006_t006,601.0,0,,,,,
train,aaaaamqy,aaaaamqy_s006_t007,601.0,0,,,,,
train,aaaaamqy,aaaaamqy_s007_t000,884.0,0,,,,,
train,aaaaamqy,aaaaamqy_s007_t001,601.0,0,,,,,
train,aaaaamqy,aaaaamqy_s007_t002,300.0,0,,,,,
train,aaaaamqy,aaaaamqy_s007_t003,300.0,0,,,,,
train,aaaaamqy,aaaaamqy_s007_t004,1800.0,0,,,,,
train,aaaaamqy,aaaaamqy_s007_t005,792.0,0,,,,,
train,aaaaamqy,aaaaamqy_s007_t006,300.0,0,,,,,
train,aaaaamqy,aaaaamqy_s007_t007,324.0,0,,,,,
train,aaaaamqy,aaaaamqy_s007_t008,611.0,0,,,,,
train,aaaaamqy,aaaaamqy_s007_t009,601.0,0,,,,,
train,aaaaamqy,aaaaamqy_s008_t000,698.0,0,,,,,
train,aaaaamqy,aaaaamqy_s008_t001,300.0,0,,,,,
train,aaaaamqy,aaaaamqy_s008_t002,601.0,0,,,,,
train,aaaaamqy,aaaaamqy_s008_t003,300.0,0,,,,,
train,aaaaamqy,aaaaamqy_s008_t004,601.0,0,,,,,
train,aaaaamqy,aaaaamqy_s008_t005,300.0,0,,,,,
train,aaaaamqy,aaaaamqy_s008_t006,601.0,0,,,,,
train,aaaaamqy,aaaaamqy_s008_t007,300.0,0,,,,,
train,aaaaamqy,aaaaamqy_s008_t008,601.0,0,,,,,
train,aaaaamqy,aaaaamqy_s009_t000,300.0,0,,,,,
train,aaaaamqy,aaaaamqy_s009_t001,601.0,0,,,,,
train,aaaaamqy,aaaaamqy_s009_t002,601.0,0,,,,,
train,aaaaamqy,aaaaamqy_s009_t003,300.0,0,,,,,
train,aaaaamqy,aaaaamqy_s009_t004,881.0,0,,,,,
train,aaaaamqy,aaaaamqy_s009_t005,300.0,0,,,,,
train,aaaaamqy,aaaaamqy_s009_t006,300.0,0,,,,,
train,aaaaamqy,aaaaamqy_s009_t007,300.0,0,,,,,
train,aaaaamqy,aaaaamqy_s009_t008,601.0,0,,,,,
train,aaaaamqy,aaaaamqy_s009_t009,464.0,0,,,,,
train,aaaaamqy,aaaaamqy_s010_t000,300.0,0,,,,,
train,aaaaamqy,aaaaamqy_s010_t001,601.0,0,,,,,
train,aaaaamqy,aaaaamqy_s010_t002,701.0,0,,,,,
train,aaaaamqy,aaaaamqy_s010_t003,300.0,0,,,,,
train,aaaaamqy,aaaaamqy_s010_t004,300.0,0,,,,,
train,aaaaamqy,aaaaamqy_s010_t005,300.0,0,,,,,
train,aaaaamqy,aaaaamqy_s010_t006,601.0,0,,,,,
train,aaaaamqy,aaaaamqy_s010_t007,300.0,0,,,,,
train,aaaaamqy,aaaaamqy_s010_t008,601.0,0,,,,,
train,aaaaamrh,aaaaamrh_s002_t000,300.0,0,,,,,
train,aaaaamrh,aaaaamrh_s002_t001,601.0,0,,,,,
train,aaaaamrh,aaaaamrh_s002_t002,601.0,0,,,,,
train,aaaaamrh,aaaaamrh_s002_t003,300.0,0,,,,,
train,aaaaamrh,aaaaamrh_s002_t004,601.0,0,,,,,
train,aaaaamrh,aaaaamrh_s002_t005,601.0,0,,,,,
train,aaaaamrh,aaaaamrh_s002_t006,300.0,0,,,,,
train,aaaaamrh,aaaaamrh_s002_t007,300.0,0,,,,,
train,aaaaamrt,aaaaamrt_s001_t000,1800.0,0,,,,,
train,aaaaamrt,aaaaamrt_s001_t001,1448.0,0,,,,,
train,aaaaamru,aaaaamru_s001_t000,1202.0,0,,,,,
train,aaaaamrz,aaaaamrz_s001_t000,1203.0,0,,,,,
train,aaaaamtc,aaaaamtc_s001_t000,1531.0,2,1.0,292.9567,298.028,5.071300000000008,absz
train,aaaaamtc,aaaaamtc_s001_t000,1531.0,2,2.0,328.468,338.068,9.599999999999966,absz
train,aaaaamtj,aaaaamtj_s001_t000,1248.0,1,1.0,1192.9014,1206.2671,13.36570000000006,cpsz
train,aaaaamtj,aaaaamtj_s001_t001,344.0,0,,,,,
train,aaaaamtj,aaaaamtj_s001_t002,11.0,0,,,,,
train,aaaaamtj,aaaaamtj_s002_t000,1449.0,0,,,,,
train,aaaaamtk,aaaaamtk_s001_t000,1800.0,0,,,,,
train,aaaaamtk,aaaaamtk_s001_t001,1537.0,0,,,,,
train,aaaaamtw,aaaaamtw_s001_t000,1410.0,0,,,,,
train,aaaaamul,aaaaamul_s001_t000,1329.0,0,,,,,
train,aaaaamul,aaaaamul_s002_t000,300.0,0,,,,,
train,aaaaamul,aaaaamul_s002_t001,601.0,0,,,,,
train,aaaaamul,aaaaamul_s002_t002,601.0,0,,,,,
train,aaaaamul,aaaaamul_s002_t003,300.0,0,,,,,
train,aaaaamul,aaaaamul_s002_t004,601.0,0,,,,,
train,aaaaamul,aaaaamul_s002_t005,300.0,0,,,,,
train,aaaaamul,aaaaamul_s002_t006,601.0,0,,,,,
train,aaaaamul,aaaaamul_s002_t007,300.0,0,,,,,
train,aaaaamul,aaaaamul_s002_t008,601.0,0,,,,,
train,aaaaamul,aaaaamul_s002_t009,300.0,0,,,,,
train,aaaaamul,aaaaamul_s002_t010,601.0,0,,,,,
train,aaaaamvc,aaaaamvc_s005_t000,601.0,0,,,,,
train,aaaaamvc,aaaaamvc_s005_t001,601.0,0,,,,,
train,aaaaamvc,aaaaamvc_s005_t002,601.0,0,,,,,
train,aaaaamvc,aaaaamvc_s005_t003,601.0,0,,,,,
train,aaaaamvc,aaaaamvc_s005_t004,601.0,0,,,,,
train,aaaaamvc,aaaaamvc_s007_t000,601.0,0,,,,,
train,aaaaamvc,aaaaamvc_s007_t001,601.0,0,,,,,
train,aaaaamvc,aaaaamvc_s007_t002,601.0,0,,,,,
train,aaaaamvc,aaaaamvc_s007_t003,601.0,0,,,,,
train,aaaaamvc,aaaaamvc_s007_t004,601.0,0,,,,,
train,aaaaamww,aaaaamww_s005_t000,601.0,1,1.0,93.9767,109.0655,15.088800000000006,fnsz
train,aaaaamww,aaaaamww_s005_t001,601.0,1,1.0,149.9177,200.2153,50.29760000000002,fnsz
train,aaaaamww,aaaaamww_s005_t002,601.0,0,,,,,
train,aaaaamww,aaaaamww_s005_t003,601.0,0,,,,,
train,aaaaamww,aaaaamww_s005_t004,601.0,0,,,,,
train,aaaaamww,aaaaamww_s005_t005,601.0,0,,,,,
train,aaaaamxu,aaaaamxu_s001_t000,1204.0,0,,,,,
train,aaaaamyc,aaaaamyc_s001_t000,1250.0,0,,,,,
train,aaaaamyc,aaaaamyc_s002_t000,1326.0,0,,,,,
train,aaaaamyc,aaaaamyc_s003_t000,11.0,0,,,,,
train,aaaaamyc,aaaaamyc_s003_t002,286.0,0,,,,,
train,aaaaamyc,aaaaamyc_s003_t003,601.0,0,,,,,
train,aaaaamyc,aaaaamyc_s003_t004,601.0,0,,,,,
train,aaaaamyc,aaaaamyc_s003_t005,601.0,0,,,,,
train,aaaaamyc,aaaaamyc_s003_t006,601.0,0,,,,,
train,aaaaamyc,aaaaamyc_s003_t007,300.0,0,,,,,
train,aaaaamyc,aaaaamyc_s003_t008,878.0,0,,,,,
train,aaaaamyc,aaaaamyc_s003_t009,601.0,0,,,,,
train,aaaaamyc,aaaaamyc_s003_t010,300.0,0,,,,,
train,aaaaamyc,aaaaamyc_s004_t000,300.0,0,,,,,
train,aaaaamyc,aaaaamyc_s004_t001,1277.0,0,,,,,
train,aaaaamyc,aaaaamyc_s004_t002,300.0,0,,,,,
train,aaaaamyc,aaaaamyc_s004_t003,601.0,0,,,,,
train,aaaaamyc,aaaaamyc_s004_t004,601.0,0,,,,,
train,aaaaamyc,aaaaamyc_s004_t005,300.0,0,,,,,
train,aaaaamyc,aaaaamyc_s004_t006,1220.0,0,,,,,
train,aaaaamyc,aaaaamyc_s004_t007,300.0,0,,,,,
train,aaaaamyc,aaaaamyc_s004_t008,601.0,0,,,,,
train,aaaaamyc,aaaaamyc_s005_t000,300.0,0,,,,,
train,aaaaamyc,aaaaamyc_s005_t001,601.0,0,,,,,
train,aaaaamyc,aaaaamyc_s005_t002,300.0,0,,,,,
train,aaaaamyc,aaaaamyc_s005_t003,601.0,0,,,,,
train,aaaaamyc,aaaaamyc_s005_t004,300.0,0,,,,,
train,aaaaamyc,aaaaamyc_s005_t005,417.0,0,,,,,
train,aaaaamyc,aaaaamyc_s005_t006,300.0,0,,,,,
train,aaaaamyc,aaaaamyc_s005_t007,601.0,0,,,,,
train,aaaaamyc,aaaaamyc_s005_t008,300.0,0,,,,,
train,aaaaamyc,aaaaamyc_s005_t009,601.0,0,,,,,
train,aaaaamyc,aaaaamyc_s006_t000,608.0,0,,,,,
train,aaaaamyc,aaaaamyc_s006_t001,601.0,0,,,,,
train,aaaaamyc,aaaaamyc_s006_t002,601.0,0,,,,,
train,aaaaamyc,aaaaamyc_s006_t003,300.0,0,,,,,
train,aaaaamyc,aaaaamyc_s006_t004,601.0,0,,,,,
train,aaaaamyc,aaaaamyc_s006_t005,300.0,0,,,,,
train,aaaaamyc,aaaaamyc_s006_t006,601.0,0,,,,,
train,aaaaamyc,aaaaamyc_s006_t007,601.0,0,,,,,
train,aaaaamyy,aaaaamyy_s001_t000,68.0,0,,,,,
train,aaaaamyy,aaaaamyy_s001_t001,1258.0,1,1.0,870.7479,889.9748,19.2269,fnsz
train,aaaaanbj,aaaaanbj_s003_t000,1347.0,0,,,,,
train,aaaaanbp,aaaaanbp_s001_t000,31.0,0,,,,,
train,aaaaanbp,aaaaanbp_s001_t001,402.0,0,,,,,
train,aaaaanbp,aaaaanbp_s001_t002,1435.0,0,,,,,
train,aaaaanbp,aaaaanbp_s002_t000,1204.0,0,,,,,
train,aaaaanbv,aaaaanbv_s002_t000,143.0,0,,,,,
train,aaaaanbv,aaaaanbv_s002_t001,1306.0,0,,,,,
train,aaaaanct,aaaaanct_s002_t000,1265.0,0,,,,,
train,aaaaands,aaaaands_s001_t000,1203.0,0,,,,,
train,aaaaandu,aaaaandu_s001_t000,792.0,0,,,,,
train,aaaaandu,aaaaandu_s001_t001,624.0,0,,,,,
train,aaaaanfx,aaaaanfx_s001_t000,1211.0,0,,,,,
train,aaaaangj,aaaaangj_s001_t000,16.0,0,,,,,
train,aaaaangj,aaaaangj_s001_t001,1280.0,0,,,,,
train,aaaaanhb,aaaaanhb_s004_t000,256.0,0,,,,,
train,aaaaanhb,aaaaanhb_s005_t000,1240.0,0,,,,,
train,aaaaanhk,aaaaanhk_s001_t000,1202.0,0,,,,,
train,aaaaanji,aaaaanji_s001_t000,1221.0,0,,,,,
train,aaaaanjw,aaaaanjw_s001_t000,1115.0,1,1.0,714.9256,755.5472,40.621599999999944,tnsz
train,aaaaankc,aaaaankc_s004_t001,601.0,0,,,,,
train,aaaaankc,aaaaankc_s004_t002,1272.0,0,,,,,
train,aaaaankc,aaaaankc_s004_t003,601.0,0,,,,,
train,aaaaankc,aaaaankc_s004_t004,1591.0,0,,,,,
train,aaaaankc,aaaaankc_s004_t005,1483.0,1,1.0,698.4669,855.7376,157.27070000000003,fnsz
train,aaaaankc,aaaaankc_s004_t006,601.0,0,,,,,
train,aaaaanlx,aaaaanlx_s002_t000,201.0,0,,,,,
train,aaaaanlx,aaaaanlx_s002_t001,96.0,0,,,,,
train,aaaaanlx,aaaaanlx_s002_t002,949.0,0,,,,,
train,aaaaanme,aaaaanme_s001_t000,1440.0,0,,,,,
train,aaaaanme,aaaaanme_s002_t000,300.0,0,,,,,
train,aaaaanme,aaaaanme_s002_t001,601.0,0,,,,,
train,aaaaanme,aaaaanme_s002_t002,300.0,0,,,,,
train,aaaaanme,aaaaanme_s002_t003,601.0,0,,,,,
train,aaaaanme,aaaaanme_s002_t004,300.0,0,,,,,
train,aaaaanme,aaaaanme_s002_t005,601.0,0,,,,,
train,aaaaanme,aaaaanme_s002_t006,300.0,0,,,,,
train,aaaaanme,aaaaanme_s002_t007,601.0,0,,,,,
train,aaaaanme,aaaaanme_s002_t008,300.0,0,,,,,
train,aaaaanme,aaaaanme_s002_t009,601.0,0,,,,,
train,aaaaanme,aaaaanme_s002_t010,601.0,0,,,,,
train,aaaaanme,aaaaanme_s003_t000,300.0,0,,,,,
train,aaaaanme,aaaaanme_s003_t001,1174.0,0,,,,,
train,aaaaanme,aaaaanme_s003_t002,300.0,0,,,,,
train,aaaaanme,aaaaanme_s003_t003,601.0,0,,,,,
train,aaaaanme,aaaaanme_s003_t004,862.0,0,,,,,
train,aaaaanme,aaaaanme_s003_t005,300.0,0,,,,,
train,aaaaanme,aaaaanme_s003_t006,601.0,0,,,,,
train,aaaaanme,aaaaanme_s004_t000,1312.0,0,,,,,
train,aaaaanme,aaaaanme_s005_t000,1800.0,0,,,,,
train,aaaaanme,aaaaanme_s005_t001,1800.0,0,,,,,
train,aaaaanme,aaaaanme_s005_t002,1800.0,0,,,,,
train,aaaaanme,aaaaanme_s005_t003,1800.0,0,,,,,
train,aaaaanme,aaaaanme_s005_t004,1800.0,0,,,,,
train,aaaaanme,aaaaanme_s005_t005,1800.0,0,,,,,
train,aaaaanme,aaaaanme_s005_t006,1800.0,0,,,,,
train,aaaaanme,aaaaanme_s005_t007,1800.0,0,,,,,
train,aaaaanme,aaaaanme_s005_t008,1254.0,0,,,,,
train,aaaaanme,aaaaanme_s005_t009,829.0,0,,,,,
train,aaaaanme,aaaaanme_s006_t000,300.0,0,,,,,
train,aaaaanme,aaaaanme_s006_t001,1094.0,1,1.0,516.2153,634.1865,117.97120000000007,fnsz|gnsz
train,aaaaanme,aaaaanme_s006_t002,1136.0,1,1.0,544.9767,664.1165,119.13979999999992,gnsz
train,aaaaanme,aaaaanme_s006_t003,997.0,1,1.0,467.0266,603.8979,136.87130000000008,gnsz
train,aaaaanme,aaaaanme_s006_t004,1089.0,1,1.0,430.0666,523.2741,93.20749999999998,gnsz
train,aaaaanme,aaaaanme_s006_t005,825.0,0,,,,,
train,aaaaanme,aaaaanme_s006_t006,950.0,0,,,,,
train,aaaaanme,aaaaanme_s006_t007,964.0,1,1.0,496.7314,618.1299,121.39850000000001,gnsz
train,aaaaanme,aaaaanme_s006_t008,831.0,0,,,,,
train,aaaaanme,aaaaanme_s006_t009,1033.0,0,,,,,
train,aaaaanme,aaaaanme_s006_t010,864.0,0,,,,,
train,aaaaanme,aaaaanme_s006_t011,816.0,0,,,,,
train,aaaaanme,aaaaanme_s006_t012,1094.0,0,,,,,
train,aaaaanme,aaaaanme_s006_t013,1000.0,0,,,,,
train,aaaaanme,aaaaanme_s006_t014,932.0,0,,,,,
train,aaaaanme,aaaaanme_s006_t015,907.0,0,,,,,
train,aaaaanme,aaaaanme_s006_t016,845.0,0,,,,,
train,aaaaanme,aaaaanme_s006_t017,799.0,0,,,,,
train,aaaaanme,aaaaanme_s006_t018,809.0,0,,,,,
train,aaaaanme,aaaaanme_s006_t019,689.0,0,,,,,
train,aaaaanme,aaaaanme_s006_t020,300.0,0,,,,,
train,aaaaanme,aaaaanme_s006_t021,1768.0,1,1.0,444.0111,462.0078,17.996699999999976,gnsz
train,aaaaanme,aaaaanme_s006_t022,762.0,0,,,,,
train,aaaaanme,aaaaanme_s006_t023,774.0,0,,,,,
train,aaaaanme,aaaaanme_s006_t024,785.0,0,,,,,
train,aaaaanme,aaaaanme_s006_t025,754.0,0,,,,,
train,aaaaanme,aaaaanme_s006_t026,759.0,0,,,,,
train,aaaaanme,aaaaanme_s006_t027,893.0,0,,,,,
train,aaaaanme,aaaaanme_s006_t028,651.0,0,,,,,
train,aaaaanme,aaaaanme_s006_t029,591.0,0,,,,,
train,aaaaanme,aaaaanme_s007_t000,300.0,0,,,,,
train,aaaaanme,aaaaanme_s007_t001,1097.0,1,1.0,306.9634,320.4206,13.4572,fnsz
train,aaaaanme,aaaaanme_s007_t002,964.0,3,1.0,320.0522,342.111,22.058799999999962,fnsz
train,aaaaanme,aaaaanme_s007_t002,964.0,3,2.0,429.9878,445.7758,15.788000000000011,fnsz
train,aaaaanme,aaaaanme_s007_t002,964.0,3,3.0,565.9046,586.9922,21.087600000000066,fnsz
train,aaaaanme,aaaaanme_s007_t003,801.0,0,,,,,
train,aaaaanme,aaaaanme_s007_t004,1053.0,0,,,,,
train,aaaaanme,aaaaanme_s007_t005,300.0,0,,,,,
train,aaaaanme,aaaaanme_s007_t006,949.0,0,,,,,
train,aaaaanme,aaaaanme_s007_t007,991.0,0,,,,,
train,aaaaanme,aaaaanme_s007_t008,1049.0,0,,,,,
train,aaaaanme,aaaaanme_s007_t009,300.0,0,,,,,
train,aaaaanme,aaaaanme_s007_t010,1333.0,0,,,,,
train,aaaaanme,aaaaanme_s007_t011,952.0,0,,,,,
train,aaaaanme,aaaaanme_s007_t012,797.0,0,,,,,
train,aaaaanme,aaaaanme_s007_t013,300.0,0,,,,,
train,aaaaanme,aaaaanme_s007_t014,638.0,0,,,,,
train,aaaaanme,aaaaanme_s007_t015,723.0,1,1.0,225.0166,292.7558,67.73920000000001,fnsz
train,aaaaanme,aaaaanme_s007_t016,300.0,0,,,,,
train,aaaaanme,aaaaanme_s008_t000,309.0,0,,,,,
train,aaaaanme,aaaaanme_s008_t001,584.0,0,,,,,
train,aaaaanme,aaaaanme_s008_t002,430.0,0,,,,,
train,aaaaanme,aaaaanme_s008_t003,375.0,0,,,,,
train,aaaaanme,aaaaanme_s008_t004,419.0,0,,,,,
train,aaaaanme,aaaaanme_s008_t005,397.0,0,,,,,
train,aaaaanme,aaaaanme_s009_t000,486.0,0,,,,,
train,aaaaanme,aaaaanme_s009_t001,609.0,1,1.0,152.0111,181.0344,29.023300000000006,fnsz
train,aaaaanme,aaaaanme_s009_t002,501.0,1,1.0,90.0111,160.924,70.91290000000001,fnsz
train,aaaaanme,aaaaanme_s009_t003,354.0,1,1.0,91.0322,159.7836,68.7514,fnsz|gnsz
train,aaaaanme,aaaaanme_s010_t000,300.0,0,,,,,
train,aaaaanme,aaaaanme_s010_t001,601.0,0,,,,,
train,aaaaanme,aaaaanme_s010_t002,721.0,1,1.0,299.1243,375.879,76.75470000000001,fnsz
train,aaaaanme,aaaaanme_s010_t003,931.0,1,1.0,465.1132,587.1698,122.0566,fnsz
train,aaaaanme,aaaaanme_s010_t004,752.0,1,1.0,305.899,415.5549,109.65589999999997,fnsz
train,aaaaanme,aaaaanme_s010_t005,300.0,0,,,,,
train,aaaaanme,aaaaanme_s010_t006,687.0,1,1.0,301.3774,387.1432,85.76579999999996,fnsz
train,aaaaanme,aaaaanme_s010_t007,702.0,1,1.0,302.0488,401.4828,99.43399999999997,fnsz
train,aaaaanme,aaaaanme_s010_t008,300.0,0,,,,,
train,aaaaanme,aaaaanme_s010_t009,683.0,1,1.0,293.4018,382.1976,88.79580000000004,fnsz
train,aaaaanme,aaaaanme_s010_t010,697.0,1,1.0,298.0721,396.3296,98.25750000000005,fnsz
train,aaaaanme,aaaaanme_s010_t011,300.0,0,,,,,
train,aaaaanme,aaaaanme_s010_t012,693.0,1,1.0,295.1387,395.5039,100.36520000000002,fnsz
train,aaaaanme,aaaaanme_s010_t013,693.0,1,1.0,299.1032,392.9656,93.86239999999998,fnsz
train,aaaaanme,aaaaanme_s010_t014,703.0,1,1.0,303.9989,403.0166,99.01769999999999,fnsz
train,aaaaanme,aaaaanme_s010_t015,471.0,1,1.0,297.0122,399.4562,102.44400000000002,fnsz|gnsz
train,aaaaanme,aaaaanme_s011_t000,1380.0,0,,,,,
train,aaaaanme,aaaaanme_s012_t000,1283.0,1,1.0,411.0067,486.7669,75.7602,fnsz
train,aaaaanmh,aaaaanmh_s001_t000,81.0,0,,,,,
train,aaaaanmh,aaaaanmh_s001_t001,412.0,1,1.0,105.44,410.968,305.528,fnsz
train,aaaaanmh,aaaaanmh_s001_t002,715.0,1,1.0,1.072,326.8769,325.8049,fnsz
train,aaaaanmk,aaaaanmk_s001_t000,155.0,0,,,,,
train,aaaaanmk,aaaaanmk_s001_t001,25.0,0,,,,,
train,aaaaanmk,aaaaanmk_s001_t002,1326.0,0,,,,,
train,aaaaanoa,aaaaanoa_s002_t000,1202.0,0,,,,,
train,aaaaanoa,aaaaanoa_s004_t000,300.0,0,,,,,
train,aaaaanoa,aaaaanoa_s004_t001,601.0,0,,,,,
train,aaaaanoa,aaaaanoa_s004_t002,300.0,0,,,,,
train,aaaaanoa,aaaaanoa_s004_t003,149.0,0,,,,,
train,aaaaanoa,aaaaanoa_s004_t005,601.0,0,,,,,
train,aaaaanoa,aaaaanoa_s004_t006,137.0,0,,,,,
train,aaaaanoa,aaaaanoa_s004_t008,601.0,0,,,,,
train,aaaaanoa,aaaaanoa_s004_t009,300.0,0,,,,,
train,aaaaanoa,aaaaanoa_s004_t010,601.0,0,,,,,
train,aaaaanog,aaaaanog_s001_t000,1432.0,0,,,,,
train,aaaaanog,aaaaanog_s002_t000,1203.0,2,1.0,260.504,298.024,37.51999999999998,fnsz|gnsz
train,aaaaanog,aaaaanog_s002_t000,1203.0,2,2.0,742.276,776.9983,34.72230000000002,gnsz
train,aaaaanog,aaaaanog_s004_t000,300.0,0,,,,,
train,aaaaanog,aaaaanog_s004_t001,601.0,0,,,,,
train,aaaaanog,aaaaanog_s004_t002,659.0,1,1.0,451.2656,536.0903,84.82469999999995,fnsz
train,aaaaanog,aaaaanog_s004_t003,601.0,0,,,,,
train,aaaaanog,aaaaanog_s004_t004,835.0,0,,,,,
train,aaaaanog,aaaaanog_s004_t005,601.0,0,,,,,
train,aaaaanog,aaaaanog_s004_t006,300.0,0,,,,,
train,aaaaanog,aaaaanog_s004_t007,601.0,0,,,,,
train,aaaaanog,aaaaanog_s005_t000,1205.0,0,,,,,
train,aaaaanog,aaaaanog_s006_t000,1393.0,0,,,,,
train,aaaaanog,aaaaanog_s007_t000,1122.0,0,,,,,
train,aaaaanog,aaaaanog_s007_t001,344.0,0,,,,,
train,aaaaanog,aaaaanog_s008_t000,1329.0,0,,,,,
train,aaaaanog,aaaaanog_s009_t000,300.0,0,,,,,
train,aaaaanog,aaaaanog_s009_t001,601.0,0,,,,,
train,aaaaanog,aaaaanog_s009_t002,419.0,0,,,,,
train,aaaaanog,aaaaanog_s009_t003,601.0,0,,,,,
train,aaaaanog,aaaaanog_s009_t004,620.0,0,,,,,
train,aaaaanog,aaaaanog_s009_t005,300.0,0,,,,,
train,aaaaanog,aaaaanog_s009_t006,601.0,0,,,,,
train,aaaaanog,aaaaanog_s009_t007,300.0,0,,,,,
train,aaaaanog,aaaaanog_s009_t009,601.0,0,,,,,
train,aaaaanog,aaaaanog_s009_t010,300.0,0,,,,,
train,aaaaanog,aaaaanog_s009_t011,300.0,0,,,,,
train,aaaaanog,aaaaanog_s009_t012,601.0,0,,,,,
train,aaaaanog,aaaaanog_s010_t000,1326.0,0,,,,,
train,aaaaanok,aaaaanok_s002_t000,1075.0,1,1.0,43.2819,60.0093,16.727400000000003,gnsz
train,aaaaanok,aaaaanok_s002_t001,601.0,0,,,,,
train,aaaaanok,aaaaanok_s002_t002,601.0,0,,,,,
train,aaaaanok,aaaaanok_s002_t003,300.0,0,,,,,
train,aaaaanok,aaaaanok_s002_t004,601.0,0,,,,,
train,aaaaanok,aaaaanok_s002_t005,300.0,0,,,,,
train,aaaaanok,aaaaanok_s002_t006,601.0,0,,,,,
train,aaaaanok,aaaaanok_s002_t007,300.0,0,,,,,
train,aaaaanok,aaaaanok_s002_t008,601.0,0,,,,,
train,aaaaanok,aaaaanok_s003_t000,300.0,0,,,,,
train,aaaaanok,aaaaanok_s003_t001,601.0,0,,,,,
train,aaaaanok,aaaaanok_s003_t002,601.0,0,,,,,
train,aaaaanok,aaaaanok_s003_t003,300.0,0,,,,,
train,aaaaanok,aaaaanok_s003_t004,601.0,0,,,,,
train,aaaaanok,aaaaanok_s003_t005,300.0,0,,,,,
train,aaaaanok,aaaaanok_s003_t006,601.0,0,,,,,
train,aaaaanok,aaaaanok_s003_t007,300.0,0,,,,,
train,aaaaanok,aaaaanok_s003_t008,601.0,0,,,,,
train,aaaaanok,aaaaanok_s003_t009,300.0,0,,,,,
train,aaaaanok,aaaaanok_s003_t010,601.0,0,,,,,
train,aaaaanrb,aaaaanrb_s002_t000,1322.0,0,,,,,
train,aaaaanrb,aaaaanrb_s003_t000,300.0,0,,,,,
train,aaaaanrb,aaaaanrb_s003_t001,601.0,0,,,,,
train,aaaaanrb,aaaaanrb_s003_t002,601.0,0,,,,,
train,aaaaanrb,aaaaanrb_s003_t003,601.0,0,,,,,
train,aaaaanrb,aaaaanrb_s003_t004,601.0,0,,,,,
train,aaaaanrb,aaaaanrb_s003_t005,300.0,0,,,,,
train,aaaaanrb,aaaaanrb_s003_t006,601.0,0,,,,,
train,aaaaanrb,aaaaanrb_s004_t000,300.0,0,,,,,
train,aaaaanrb,aaaaanrb_s004_t001,601.0,0,,,,,
train,aaaaanrb,aaaaanrb_s004_t002,601.0,0,,,,,
train,aaaaanrb,aaaaanrb_s004_t003,300.0,0,,,,,
train,aaaaanrb,aaaaanrb_s004_t004,601.0,0,,,,,
train,aaaaanrb,aaaaanrb_s004_t005,300.0,0,,,,,
train,aaaaanrb,aaaaanrb_s004_t006,601.0,0,,,,,
train,aaaaanrb,aaaaanrb_s004_t007,8.0,0,,,,,
train,aaaaanrb,aaaaanrb_s004_t008,601.0,0,,,,,
train,aaaaanrb,aaaaanrb_s005_t000,300.0,0,,,,,
train,aaaaanrb,aaaaanrb_s005_t001,601.0,0,,,,,
train,aaaaanrb,aaaaanrb_s005_t002,601.0,0,,,,,
train,aaaaanrb,aaaaanrb_s005_t003,300.0,0,,,,,
train,aaaaanrb,aaaaanrb_s005_t004,300.0,0,,,,,
train,aaaaanrb,aaaaanrb_s005_t005,601.0,0,,,,,
train,aaaaanrb,aaaaanrb_s008_t000,300.0,0,,,,,
train,aaaaanrb,aaaaanrb_s008_t001,601.0,0,,,,,
train,aaaaanrb,aaaaanrb_s008_t002,300.0,0,,,,,
train,aaaaanrb,aaaaanrb_s008_t003,340.0,0,,,,,
train,aaaaanrb,aaaaanrb_s008_t004,601.0,0,,,,,
train,aaaaanrb,aaaaanrb_s008_t005,300.0,0,,,,,
train,aaaaanrb,aaaaanrb_s008_t006,300.0,0,,,,,
train,aaaaanrb,aaaaanrb_s008_t007,601.0,0,,,,,
train,aaaaanrb,aaaaanrb_s008_t008,300.0,0,,,,,
train,aaaaanrb,aaaaanrb_s008_t009,601.0,0,,,,,
train,aaaaanrc,aaaaanrc_s001_t000,27.0,0,,,,,
train,aaaaanrc,aaaaanrc_s001_t001,605.0,0,,,,,
train,aaaaanrc,aaaaanrc_s001_t002,701.0,0,,,,,
train,aaaaanrc,aaaaanrc_s002_t000,300.0,0,,,,,
train,aaaaanrc,aaaaanrc_s002_t001,601.0,0,,,,,
train,aaaaanrc,aaaaanrc_s002_t002,601.0,0,,,,,
train,aaaaanrc,aaaaanrc_s002_t003,300.0,0,,,,,
train,aaaaanrc,aaaaanrc_s002_t004,601.0,0,,,,,
train,aaaaanrc,aaaaanrc_s002_t005,601.0,0,,,,,
train,aaaaanrc,aaaaanrc_s002_t006,300.0,0,,,,,
train,aaaaanrc,aaaaanrc_s002_t007,601.0,0,,,,,
train,aaaaanrc,aaaaanrc_s002_t008,601.0,0,,,,,
train,aaaaanrc,aaaaanrc_s004_t000,6.0,0,,,,,
train,aaaaanrc,aaaaanrc_s004_t001,294.0,0,,,,,
train,aaaaanrc,aaaaanrc_s004_t002,601.0,0,,,,,
train,aaaaanrc,aaaaanrc_s004_t003,300.0,0,,,,,
train,aaaaanrc,aaaaanrc_s004_t004,601.0,0,,,,,
train,aaaaanrc,aaaaanrc_s004_t005,300.0,0,,,,,
train,aaaaanrc,aaaaanrc_s004_t006,601.0,0,,,,,
train,aaaaanrc,aaaaanrc_s004_t007,300.0,0,,,,,
train,aaaaanrc,aaaaanrc_s004_t008,601.0,0,,,,,
train,aaaaanrc,aaaaanrc_s004_t009,300.0,0,,,,,
train,aaaaanrc,aaaaanrc_s004_t010,578.0,1,1.0,190.2422,307.4727,117.23049999999998,gnsz
train,aaaaanrc,aaaaanrc_s005_t000,1264.0,0,,,,,
train,aaaaanrp,aaaaanrp_s002_t001,1307.0,0,,,,,
train,aaaaanrp,aaaaanrp_s003_t000,642.0,0,,,,,
train,aaaaanrp,aaaaanrp_s003_t001,601.0,0,,,,,
train,aaaaanrp,aaaaanrp_s003_t002,601.0,0,,,,,
train,aaaaanrp,aaaaanrp_s003_t003,601.0,0,,,,,
train,aaaaanrp,aaaaanrp_s003_t004,65.0,0,,,,,
train,aaaaanrp,aaaaanrp_s003_t005,12.0,0,,,,,
train,aaaaanrp,aaaaanrp_s004_t000,300.0,0,,,,,
train,aaaaanrp,aaaaanrp_s004_t001,601.0,0,,,,,
train,aaaaanrp,aaaaanrp_s004_t002,7.0,0,,,,,
train,aaaaanrp,aaaaanrp_s004_t003,601.0,0,,,,,
train,aaaaanrp,aaaaanrp_s004_t004,601.0,0,,,,,
train,aaaaanrp,aaaaanrp_s004_t005,300.0,0,,,,,
train,aaaaanrp,aaaaanrp_s004_t006,882.0,0,,,,,
train,aaaaanrp,aaaaanrp_s004_t007,601.0,0,,,,,
train,aaaaanrp,aaaaanrp_s004_t008,300.0,0,,,,,
train,aaaaanrp,aaaaanrp_s004_t009,601.0,0,,,,,
train,aaaaanrp,aaaaanrp_s005_t000,300.0,0,,,,,
train,aaaaanrp,aaaaanrp_s005_t001,601.0,0,,,,,
train,aaaaanrp,aaaaanrp_s005_t002,300.0,0,,,,,
train,aaaaanrp,aaaaanrp_s005_t003,601.0,0,,,,,
train,aaaaanrp,aaaaanrp_s005_t004,300.0,0,,,,,
train,aaaaanrp,aaaaanrp_s005_t005,1225.0,0,,,,,
train,aaaaanrp,aaaaanrp_s005_t006,300.0,0,,,,,
train,aaaaanrp,aaaaanrp_s005_t007,601.0,0,,,,,
train,aaaaanrp,aaaaanrp_s005_t008,300.0,0,,,,,
train,aaaaanrp,aaaaanrp_s005_t009,601.0,0,,,,,
train,aaaaanrp,aaaaanrp_s006_t000,300.0,0,,,,,
train,aaaaanrp,aaaaanrp_s006_t001,601.0,0,,,,,
train,aaaaanrp,aaaaanrp_s006_t002,601.0,0,,,,,
train,aaaaanrp,aaaaanrp_s006_t003,300.0,0,,,,,
train,aaaaanrp,aaaaanrp_s006_t004,601.0,0,,,,,
train,aaaaanrp,aaaaanrp_s006_t005,300.0,0,,,,,
train,aaaaanrp,aaaaanrp_s006_t006,601.0,0,,,,,
train,aaaaanrp,aaaaanrp_s006_t007,300.0,0,,,,,
train,aaaaanrp,aaaaanrp_s006_t008,601.0,0,,,,,
train,aaaaanrp,aaaaanrp_s006_t009,300.0,0,,,,,
train,aaaaanrp,aaaaanrp_s007_t000,300.0,0,,,,,
train,aaaaanrp,aaaaanrp_s007_t001,601.0,0,,,,,
train,aaaaanrp,aaaaanrp_s007_t002,300.0,0,,,,,
train,aaaaanrp,aaaaanrp_s007_t003,601.0,0,,,,,
train,aaaaanrp,aaaaanrp_s007_t004,300.0,0,,,,,
train,aaaaanrp,aaaaanrp_s007_t005,601.0,0,,,,,
train,aaaaanrp,aaaaanrp_s007_t006,300.0,0,,,,,
train,aaaaanrp,aaaaanrp_s007_t007,601.0,0,,,,,
train,aaaaanrp,aaaaanrp_s007_t008,300.0,0,,,,,
train,aaaaanrp,aaaaanrp_s007_t009,599.0,0,,,,,
train,aaaaanrp,aaaaanrp_s008_t000,873.0,0,,,,,
train,aaaaanrp,aaaaanrp_s008_t001,1800.0,0,,,,,
train,aaaaanrp,aaaaanrp_s008_t002,1800.0,0,,,,,
train,aaaaanrp,aaaaanrp_s008_t003,1800.0,0,,,,,
train,aaaaanrp,aaaaanrp_s008_t004,1577.0,0,,,,,
train,aaaaantp,aaaaantp_s001_t000,61.0,0,,,,,
train,aaaaantp,aaaaantp_s001_t001,319.0,0,,,,,
train,aaaaantp,aaaaantp_s001_t002,888.0,0,,,,,
train,aaaaantp,aaaaantp_s006_t000,1374.0,0,,,,,
train,aaaaantp,aaaaantp_s007_t000,11.0,0,,,,,
train,aaaaantp,aaaaantp_s007_t001,1496.0,0,,,,,
train,aaaaantz,aaaaantz_s001_t000,1202.0,0,,,,,
train,aaaaanvn,aaaaanvn_s002_t000,1698.0,0,,,,,
train,aaaaanvs,aaaaanvs_s002_t000,1471.0,0,,,,,
train,aaaaanvs,aaaaanvs_s007_t000,1629.0,0,,,,,
train,aaaaanwk,aaaaanwk_s004_t000,300.0,0,,,,,
train,aaaaanwk,aaaaanwk_s004_t001,601.0,1,1.0,176.96,598.2752,421.3152,gnsz
train,aaaaanwk,aaaaanwk_s004_t002,601.0,1,1.0,447.0033,522.7858,75.78249999999997,gnsz
train,aaaaanwk,aaaaanwk_s004_t003,300.0,0,,,,,
train,aaaaanwk,aaaaanwk_s004_t004,300.0,0,,,,,
train,aaaaanwk,aaaaanwk_s004_t005,601.0,0,,,,,
train,aaaaanwk,aaaaanwk_s004_t006,300.0,0,,,,,
train,aaaaanwk,aaaaanwk_s004_t007,601.0,0,,,,,
train,aaaaanzg,aaaaanzg_s001_t000,1296.0,0,,,,,
train,aaaaanzr,aaaaanzr_s003_t000,755.0,0,,,,,
train,aaaaanzr,aaaaanzr_s003_t001,601.0,0,,,,,
train,aaaaanzr,aaaaanzr_s003_t002,266.0,0,,,,,
train,aaaaanzr,aaaaanzr_s003_t003,601.0,0,,,,,
train,aaaaanzr,aaaaanzr_s003_t004,212.0,0,,,,,
train,aaaaanzr,aaaaanzr_s003_t005,314.0,0,,,,,
train,aaaaaobu,aaaaaobu_s002_t000,1280.0,0,,,,,
train,aaaaaocj,aaaaaocj_s001_t000,1335.0,0,,,,,
train,aaaaaocm,aaaaaocm_s001_t000,1327.0,0,,,,,
train,aaaaaocm,aaaaaocm_s002_t001,1306.0,0,,,,,
train,aaaaaocq,aaaaaocq_s001_t000,1247.0,0,,,,,
train,aaaaaocy,aaaaaocy_s001_t000,178.0,0,,,,,
train,aaaaaocy,aaaaaocy_s001_t001,77.0,0,,,,,
train,aaaaaocy,aaaaaocy_s001_t002,1167.0,1,1.0,1.0,1122.0,1121.0,gnsz
train,aaaaaocy,aaaaaocy_s002_t000,300.0,0,,,,,
train,aaaaaocy,aaaaaocy_s002_t001,601.0,0,,,,,
train,aaaaaocy,aaaaaocy_s002_t002,601.0,0,,,,,
train,aaaaaocy,aaaaaocy_s002_t003,601.0,0,,,,,
train,aaaaaocy,aaaaaocy_s002_t004,300.0,0,,,,,
train,aaaaaocy,aaaaaocy_s002_t005,601.0,0,,,,,
train,aaaaaocy,aaaaaocy_s002_t006,300.0,0,,,,,
train,aaaaaocy,aaaaaocy_s002_t007,601.0,0,,,,,
train,aaaaaoee,aaaaaoee_s001_t000,1340.0,0,,,,,
train,aaaaaogd,aaaaaogd_s001_t000,1256.0,0,,,,,
train,aaaaaogd,aaaaaogd_s002_t000,300.0,0,,,,,
train,aaaaaogd,aaaaaogd_s002_t001,601.0,0,,,,,
train,aaaaaogd,aaaaaogd_s002_t002,601.0,0,,,,,
train,aaaaaogd,aaaaaogd_s002_t003,601.0,0,,,,,
train,aaaaaogd,aaaaaogd_s002_t004,601.0,0,,,,,
train,aaaaaogd,aaaaaogd_s002_t005,300.0,0,,,,,
train,aaaaaogd,aaaaaogd_s002_t006,601.0,0,,,,,
train,aaaaaogd,aaaaaogd_s002_t007,601.0,0,,,,,
train,aaaaaogd,aaaaaogd_s003_t000,300.0,0,,,,,
train,aaaaaogd,aaaaaogd_s003_t001,601.0,0,,,,,
train,aaaaaogd,aaaaaogd_s003_t003,601.0,0,,,,,
train,aaaaaogd,aaaaaogd_s003_t004,300.0,0,,,,,
train,aaaaaogd,aaaaaogd_s003_t005,601.0,0,,,,,
train,aaaaaogd,aaaaaogd_s004_t000,300.0,0,,,,,
train,aaaaaogd,aaaaaogd_s004_t001,601.0,0,,,,,
train,aaaaaogd,aaaaaogd_s004_t002,300.0,0,,,,,
train,aaaaaogd,aaaaaogd_s004_t003,601.0,0,,,,,
train,aaaaaogd,aaaaaogd_s004_t004,300.0,0,,,,,
train,aaaaaogd,aaaaaogd_s004_t005,300.0,0,,,,,
train,aaaaaogd,aaaaaogd_s004_t006,601.0,0,,,,,
train,aaaaaogd,aaaaaogd_s004_t007,300.0,0,,,,,
train,aaaaaogd,aaaaaogd_s004_t008,601.0,0,,,,,
train,aaaaaogd,aaaaaogd_s005_t000,300.0,0,,,,,
train,aaaaaogd,aaaaaogd_s005_t001,601.0,0,,,,,
train,aaaaaogd,aaaaaogd_s005_t002,300.0,0,,,,,
train,aaaaaogd,aaaaaogd_s005_t003,991.0,1,1.0,500.6515,573.706,73.05450000000002,fnsz|gnsz
train,aaaaaogd,aaaaaogd_s005_t004,300.0,0,,,,,
train,aaaaaogd,aaaaaogd_s005_t005,846.0,1,1.0,361.8008,454.5703,92.7695,fnsz|gnsz
train,aaaaaogd,aaaaaogd_s005_t006,300.0,0,,,,,
train,aaaaaogd,aaaaaogd_s005_t007,44.0,0,,,,,
train,aaaaaogd,aaaaaogd_s005_t008,791.0,1,1.0,345.332,409.0842,63.752200000000016,fnsz|gnsz
train,aaaaaogd,aaaaaogd_s005_t009,601.0,0,,,,,
train,aaaaaogd,aaaaaogd_s005_t010,300.0,0,,,,,
train,aaaaaogd,aaaaaogd_s005_t011,601.0,0,,,,,
train,aaaaaogd,aaaaaogd_s006_t000,300.0,0,,,,,
train,aaaaaogd,aaaaaogd_s006_t001,601.0,0,,,,,
train,aaaaaogd,aaaaaogd_s006_t002,601.0,0,,,,,
train,aaaaaogd,aaaaaogd_s006_t003,300.0,0,,,,,
train,aaaaaogd,aaaaaogd_s006_t004,601.0,0,,,,,
train,aaaaaogd,aaaaaogd_s006_t005,613.0,0,,,,,
train,aaaaaogd,aaaaaogd_s006_t006,601.0,0,,,,,
train,aaaaaogd,aaaaaogd_s006_t007,300.0,0,,,,,
train,aaaaaogd,aaaaaogd_s006_t008,601.0,0,,,,,
train,aaaaaogd,aaaaaogd_s008_t000,300.0,0,,,,,
train,aaaaaogd,aaaaaogd_s008_t001,601.0,0,,,,,
train,aaaaaogd,aaaaaogd_s008_t002,300.0,0,,,,,
train,aaaaaogd,aaaaaogd_s008_t003,601.0,0,,,,,
train,aaaaaogd,aaaaaogd_s008_t004,601.0,0,,,,,
train,aaaaaogd,aaaaaogd_s008_t005,300.0,0,,,,,
train,aaaaaogd,aaaaaogd_s008_t006,670.0,0,,,,,
train,aaaaaogd,aaaaaogd_s008_t007,300.0,0,,,,,
train,aaaaaogd,aaaaaogd_s008_t008,601.0,0,,,,,
train,aaaaaogd,aaaaaogd_s010_t000,1265.0,0,,,,,
train,aaaaaogd,aaaaaogd_s011_t000,496.0,0,,,,,
train,aaaaaogd,aaaaaogd_s011_t001,920.0,1,1.0,272.9641,291.3164,18.352300000000014,fnsz
train,aaaaaogd,aaaaaogd_s011_t002,34.0,0,,,,,
train,aaaaaogd,aaaaaogd_s012_t000,843.0,0,,,,,
train,aaaaaogd,aaaaaogd_s012_t001,761.0,0,,,,,
train,aaaaaogd,aaaaaogd_s012_t002,52.0,0,,,,,
train,aaaaaogd,aaaaaogd_s013_t000,1263.0,0,,,,,
train,aaaaaogk,aaaaaogk_s001_t000,31.0,0,,,,,
train,aaaaaogk,aaaaaogk_s001_t001,687.0,2,1.0,386.3,555.992,169.69199999999995,fnsz
train,aaaaaogk,aaaaaogk_s001_t001,687.0,2,2.0,642.0909,685.1818,43.09089999999992,fnsz
train,aaaaaogk,aaaaaogk_s001_t002,1800.0,0,,,,,
train,aaaaaogk,aaaaaogk_s001_t003,198.0,0,,,,,
train,aaaaaogk,aaaaaogk_s002_t000,27.0,0,,,,,
train,aaaaaogk,aaaaaogk_s002_t001,1800.0,0,,,,,
train,aaaaaogk,aaaaaogk_s002_t002,1800.0,0,,,,,
train,aaaaaogk,aaaaaogk_s002_t003,1800.0,0,,,,,
train,aaaaaogk,aaaaaogk_s002_t004,1800.0,0,,,,,
train,aaaaaogk,aaaaaogk_s002_t005,1.0,0,,,,,
train,aaaaaogk,aaaaaogk_s002_t006,1118.0,3,1.0,487.0642,527.0531,39.988899999999944,fnsz
train,aaaaaogk,aaaaaogk_s002_t006,1118.0,3,2.0,860.0752,881.0376,20.962400000000002,fnsz
train,aaaaaogk,aaaaaogk_s002_t006,1118.0,3,3.0,905.0177,929.0221,24.004400000000032,fnsz
train,aaaaaogk,aaaaaogk_s003_t000,87.0,0,,,,,
train,aaaaaogm,aaaaaogm_s001_t000,652.0,0,,,,,
train,aaaaaogm,aaaaaogm_s001_t001,610.0,0,,,,,
train,aaaaaohx,aaaaaohx_s001_t000,1234.0,0,,,,,
train,aaaaaohx,aaaaaohx_s002_t000,601.0,0,,,,,
train,aaaaaohx,aaaaaohx_s002_t001,601.0,0,,,,,
train,aaaaaohx,aaaaaohx_s002_t002,498.0,0,,,,,
train,aaaaaoiw,aaaaaoiw_s001_t000,1215.0,0,,,,,
train,aaaaaokk,aaaaaokk_s001_t000,1213.0,0,,,,,
train,aaaaaolm,aaaaaolm_s001_t000,1800.0,0,,,,,
train,aaaaaolm,aaaaaolm_s001_t001,99.0,0,,,,,
train,aaaaaooo,aaaaaooo_s001_t000,1568.0,17,1.0,0.0,28.0752,28.0752,gnsz
train,aaaaaooo,aaaaaooo_s001_t000,1568.0,17,2.0,58.781,79.9535,21.172500000000007,gnsz
train,aaaaaooo,aaaaaooo_s001_t000,1568.0,17,3.0,88.0133,102.9801,14.966799999999992,gnsz
train,aaaaaooo,aaaaaooo_s001_t000,1568.0,17,4.0,108.0575,125.9779,17.9204,gnsz
train,aaaaaooo,aaaaaooo_s001_t000,1568.0,17,5.0,139.0221,192.0531,53.031000000000006,gnsz
train,aaaaaooo,aaaaaooo_s001_t000,1568.0,17,6.0,198.0752,214.0376,15.962400000000002,gnsz
train,aaaaaooo,aaaaaooo_s001_t000,1568.0,17,7.0,221.0288,229.0597,8.030900000000003,gnsz
train,aaaaaooo,aaaaaooo_s001_t000,1568.0,17,8.0,259.0398,280.0465,21.006699999999967,gnsz
train,aaaaaooo,aaaaaooo_s001_t000,1568.0,17,9.0,348.0022,383.677,35.674800000000005,gnsz
train,aaaaaooo,aaaaaooo_s001_t000,1568.0,17,10.0,398.0487,410.9912,12.942499999999995,gnsz
train,aaaaaooo,aaaaaooo_s001_t000,1568.0,17,11.0,463.0111,471.042,8.030899999999974,gnsz
train,aaaaaooo,aaaaaooo_s001_t000,1568.0,17,12.0,487.0111,496.0708,9.05970000000002,gnsz
train,aaaaaooo,aaaaaooo_s001_t000,1568.0,17,13.0,544.0288,553.0553,9.026499999999942,gnsz
train,aaaaaooo,aaaaaooo_s001_t000,1568.0,17,14.0,696.9934,708.9735,11.980099999999993,gnsz
train,aaaaaooo,aaaaaooo_s001_t000,1568.0,17,15.0,1379.0354,1392.0774,13.041999999999916,gnsz
train,aaaaaooo,aaaaaooo_s001_t000,1568.0,17,16.0,1396.0531,1415.0022,18.949099999999817,fnsz
train,aaaaaooo,aaaaaooo_s001_t000,1568.0,17,17.0,1551.0465,1567.4071,16.360599999999977,gnsz
train,aaaaaooo,aaaaaooo_s002_t000,300.0,1,1.0,166.4801,175.4735,8.993400000000008,gnsz
train,aaaaaooo,aaaaaooo_s002_t001,1800.0,0,,,,,
train,aaaaaooo,aaaaaooo_s002_t002,1605.0,0,,,,,
train,aaaaaooo,aaaaaooo_s002_t003,601.0,0,,,,,
train,aaaaaooo,aaaaaooo_s002_t004,601.0,0,,,,,
train,aaaaaooo,aaaaaooo_s002_t005,601.0,1,1.0,292.0268,302.0714,10.044600000000003,gnsz
train,aaaaaooo,aaaaaooo_s002_t006,1099.0,2,1.0,521.019,550.0145,28.995499999999993,gnsz
train,aaaaaooo,aaaaaooo_s002_t006,1099.0,2,2.0,563.0558,575.0759,12.02010000000007,gnsz
train,aaaaaooo,aaaaaooo_s004_t000,139.0,0,,,,,
train,aaaaaooo,aaaaaooo_s004_t001,12.0,0,,,,,
train,aaaaaooo,aaaaaooo_s004_t002,282.0,0,,,,,
train,aaaaaooo,aaaaaooo_s004_t003,844.0,0,,,,,
train,aaaaaooy,aaaaaooy_s002_t000,222.0,0,,,,,
train,aaaaaooy,aaaaaooy_s002_t001,846.0,0,,,,,
train,aaaaaooy,aaaaaooy_s002_t002,262.0,0,,,,,
train,aaaaaooy,aaaaaooy_s003_t000,300.0,0,,,,,
train,aaaaaooy,aaaaaooy_s003_t001,975.0,0,,,,,
train,aaaaaooy,aaaaaooy_s003_t002,601.0,0,,,,,
train,aaaaaooy,aaaaaooy_s003_t003,601.0,0,,,,,
train,aaaaaooy,aaaaaooy_s003_t004,468.0,0,,,,,
train,aaaaaooy,aaaaaooy_s003_t005,300.0,0,,,,,
train,aaaaaooy,aaaaaooy_s003_t006,300.0,1,1.0,1.0,294.5504,293.5504,gnsz
train,aaaaaopa,aaaaaopa_s002_t000,1391.0,0,,,,,
train,aaaaaoqa,aaaaaoqa_s001_t000,36.0,0,,,,,
train,aaaaaoqa,aaaaaoqa_s001_t001,1371.0,0,,,,,
train,aaaaaoqa,aaaaaoqa_s002_t000,601.0,0,,,,,
train,aaaaaoqa,aaaaaoqa_s002_t001,601.0,0,,,,,
train,aaaaaoqa,aaaaaoqa_s002_t002,601.0,0,,,,,
train,aaaaaoqa,aaaaaoqa_s002_t003,601.0,0,,,,,
train,aaaaaoqa,aaaaaoqa_s002_t004,601.0,0,,,,,
train,aaaaaoqa,aaaaaoqa_s002_t005,601.0,0,,,,,
train,aaaaaoqa,aaaaaoqa_s003_t000,601.0,0,,,,,
train,aaaaaoqa,aaaaaoqa_s003_t001,601.0,0,,,,,
train,aaaaaoqa,aaaaaoqa_s003_t002,661.0,0,,,,,
train,aaaaaoqa,aaaaaoqa_s003_t003,601.0,0,,,,,
train,aaaaaoqa,aaaaaoqa_s003_t004,601.0,0,,,,,
train,aaaaaoqb,aaaaaoqb_s001_t000,1359.0,0,,,,,
train,aaaaaoqf,aaaaaoqf_s001_t000,946.0,5,1.0,168.54,190.14,21.599999999999994,fnsz
train,aaaaaoqf,aaaaaoqf_s001_t000,946.0,5,2.0,248.044,272.344,24.299999999999983,fnsz
train,aaaaaoqf,aaaaaoqf_s001_t000,946.0,5,3.0,416.8121,437.1625,20.350400000000036,fnsz
train,aaaaaoqf,aaaaaoqf_s001_t000,946.0,5,4.0,477.4362,501.04,23.603800000000035,fnsz
train,aaaaaoqf,aaaaaoqf_s001_t000,946.0,5,5.0,581.2483,611.256,30.0077,fnsz
train,aaaaaoqf,aaaaaoqf_s001_t001,558.0,6,1.0,42.156,58.956,16.800000000000004,fnsz
train,aaaaaoqf,aaaaaoqf_s001_t001,558.0,6,2.0,105.052,132.152,27.09999999999998,fnsz
train,aaaaaoqf,aaaaaoqf_s001_t001,558.0,6,3.0,190.256,224.056,33.80000000000001,fnsz
train,aaaaaoqf,aaaaaoqf_s001_t001,558.0,6,4.0,272.56,294.06,21.5,fnsz
train,aaaaaoqf,aaaaaoqf_s001_t001,558.0,6,5.0,414.8523,443.26,28.407699999999977,fnsz
train,aaaaaoqf,aaaaaoqf_s001_t001,558.0,6,6.0,506.4362,525.244,18.807800000000043,fnsz
train,aaaaaoqw,aaaaaoqw_s001_t000,1555.0,0,,,,,
train,aaaaaora,aaaaaora_s001_t000,1328.0,0,,,,,
train,aaaaaora,aaaaaora_s002_t000,1500.0,0,,,,,
train,aaaaaosa,aaaaaosa_s003_t000,1800.0,0,,,,,
train,aaaaaosa,aaaaaosa_s003_t001,1800.0,0,,,,,
train,aaaaaosa,aaaaaosa_s003_t002,1800.0,0,,,,,
train,aaaaaosa,aaaaaosa_s003_t003,1800.0,0,,,,,
train,aaaaaosa,aaaaaosa_s003_t004,1800.0,0,,,,,
train,aaaaaosa,aaaaaosa_s003_t005,1800.0,0,,,,,
train,aaaaaosa,aaaaaosa_s003_t006,1800.0,0,,,,,
train,aaaaaosa,aaaaaosa_s003_t007,1800.0,0,,,,,
train,aaaaaosa,aaaaaosa_s003_t008,352.0,0,,,,,
train,aaaaaosa,aaaaaosa_s003_t009,80.0,0,,,,,
train,aaaaaosa,aaaaaosa_s006_t000,300.0,0,,,,,
train,aaaaaosa,aaaaaosa_s006_t001,601.0,0,,,,,
train,aaaaaosa,aaaaaosa_s006_t002,601.0,0,,,,,
train,aaaaaosa,aaaaaosa_s006_t003,300.0,0,,,,,
train,aaaaaosa,aaaaaosa_s006_t004,5.0,0,,,,,
train,aaaaaosa,aaaaaosa_s006_t005,300.0,0,,,,,
train,aaaaaosa,aaaaaosa_s006_t006,601.0,0,,,,,
train,aaaaaosa,aaaaaosa_s006_t007,300.0,0,,,,,
train,aaaaaosa,aaaaaosa_s006_t008,601.0,0,,,,,
train,aaaaaosa,aaaaaosa_s006_t009,300.0,0,,,,,
train,aaaaaosa,aaaaaosa_s006_t010,601.0,0,,,,,
train,aaaaaosa,aaaaaosa_s007_t000,300.0,0,,,,,
train,aaaaaosa,aaaaaosa_s007_t001,5.0,0,,,,,
train,aaaaaosa,aaaaaosa_s007_t003,601.0,0,,,,,
train,aaaaaosa,aaaaaosa_s007_t004,601.0,0,,,,,
train,aaaaaosa,aaaaaosa_s007_t005,5.0,0,,,,,
train,aaaaaosa,aaaaaosa_s007_t006,22.0,0,,,,,
train,aaaaaosa,aaaaaosa_s007_t007,7.0,0,,,,,
train,aaaaaosa,aaaaaosa_s007_t008,601.0,0,,,,,
train,aaaaaosa,aaaaaosa_s007_t009,6.0,0,,,,,
train,aaaaaosa,aaaaaosa_s007_t010,601.0,0,,,,,
train,aaaaaosa,aaaaaosa_s007_t011,30.0,0,,,,,
train,aaaaaosa,aaaaaosa_s007_t012,6.0,0,,,,,
train,aaaaaosa,aaaaaosa_s007_t013,601.0,0,,,,,
train,aaaaaosa,aaaaaosa_s008_t000,300.0,0,,,,,
train,aaaaaosa,aaaaaosa_s008_t001,601.0,0,,,,,
train,aaaaaosa,aaaaaosa_s008_t002,19.0,0,,,,,
train,aaaaaosa,aaaaaosa_s008_t003,281.0,0,,,,,
train,aaaaaosa,aaaaaosa_s008_t004,601.0,0,,,,,
train,aaaaaosa,aaaaaosa_s008_t005,300.0,0,,,,,
train,aaaaaosa,aaaaaosa_s008_t006,300.0,0,,,,,
train,aaaaaosa,aaaaaosa_s008_t007,1800.0,0,,,,,
train,aaaaaosa,aaaaaosa_s008_t008,558.0,0,,,,,
train,aaaaaosa,aaaaaosa_s008_t009,300.0,0,,,,,
train,aaaaaosa,aaaaaosa_s008_t010,601.0,0,,,,,
train,aaaaaosc,aaaaaosc_s002_t000,158.0,0,,,,,
train,aaaaaosc,aaaaaosc_s002_t001,601.0,0,,,,,
train,aaaaaosc,aaaaaosc_s002_t002,601.0,0,,,,,
train,aaaaaosc,aaaaaosc_s002_t004,601.0,0,,,,,
train,aaaaaosc,aaaaaosc_s002_t005,601.0,0,,,,,
train,aaaaaosc,aaaaaosc_s002_t006,520.0,0,,,,,
train,aaaaaosc,aaaaaosc_s003_t000,916.0,0,,,,,
train,aaaaaosc,aaaaaosc_s003_t001,601.0,0,,,,,
train,aaaaaosc,aaaaaosc_s003_t002,601.0,0,,,,,
train,aaaaaosc,aaaaaosc_s003_t003,1054.0,0,,,,,
train,aaaaaosc,aaaaaosc_s003_t005,601.0,0,,,,,
train,aaaaaota,aaaaaota_s002_t000,1800.0,0,,,,,
train,aaaaaota,aaaaaota_s002_t001,787.0,0,,,,,
train,aaaaaouk,aaaaaouk_s001_t000,1393.0,0,,,,,
train,aaaaaouk,aaaaaouk_s003_t001,1296.0,2,1.0,37.0128,58.1837,21.170900000000003,gnsz
train,aaaaaouk,aaaaaouk_s003_t001,1296.0,2,2.0,889.1376,910.0033,20.865699999999947,gnsz
train,aaaaaouk,aaaaaouk_s004_t000,521.0,0,,,,,
train,aaaaaouk,aaaaaouk_s004_t001,7.0,0,,,,,
train,aaaaaouk,aaaaaouk_s004_t002,86.0,0,,,,,
train,aaaaaouk,aaaaaouk_s004_t003,601.0,0,,,,,
train,aaaaaouk,aaaaaouk_s004_t004,554.0,0,,,,,
train,aaaaaouk,aaaaaouk_s004_t005,601.0,0,,,,,
train,aaaaaouk,aaaaaouk_s004_t006,572.0,0,,,,,
train,aaaaaouk,aaaaaouk_s005_t000,601.0,0,,,,,
train,aaaaaouk,aaaaaouk_s005_t001,601.0,0,,,,,
train,aaaaaouk,aaaaaouk_s005_t002,595.0,0,,,,,
train,aaaaaouk,aaaaaouk_s005_t003,601.0,0,,,,,
train,aaaaaouk,aaaaaouk_s005_t004,601.0,0,,,,,
train,aaaaaouk,aaaaaouk_s006_t000,601.0,0,,,,,
train,aaaaaouk,aaaaaouk_s006_t001,601.0,0,,,,,
train,aaaaaouk,aaaaaouk_s006_t002,601.0,0,,,,,
train,aaaaaouk,aaaaaouk_s006_t003,601.0,0,,,,,
train,aaaaaouk,aaaaaouk_s007_t001,1384.0,1,1.0,653.9711,677.015,23.043900000000008,gnsz
train,aaaaaouk,aaaaaouk_s008_t000,544.0,0,,,,,
train,aaaaaouk,aaaaaouk_s008_t001,20.0,0,,,,,
train,aaaaaouk,aaaaaouk_s008_t002,601.0,0,,,,,
train,aaaaaouk,aaaaaouk_s008_t003,534.0,0,,,,,
train,aaaaaouk,aaaaaouk_s008_t004,601.0,0,,,,,
train,aaaaaouk,aaaaaouk_s008_t005,740.0,0,,,,,
train,aaaaaovk,aaaaaovk_s001_t000,894.0,28,1.0,11.9034,32.131,20.227600000000002,gnsz
train,aaaaaovk,aaaaaovk_s001_t000,894.0,28,2.0,52.8502,69.1376,16.287400000000005,gnsz
train,aaaaaovk,aaaaaovk_s001_t000,894.0,28,3.0,76.0122,92.1054,16.093199999999996,gnsz
train,aaaaaovk,aaaaaovk_s001_t000,894.0,28,4.0,109.1221,125.9645,16.842399999999998,gnsz
train,aaaaaovk,aaaaaovk_s001_t000,894.0,28,5.0,145.8935,157.7691,11.87560000000002,gnsz
train,aaaaaovk,aaaaaovk_s001_t000,894.0,28,6.0,168.0155,180.1132,12.097700000000003,gnsz
train,aaaaaovk,aaaaaovk_s001_t000,894.0,28,7.0,192.9145,206.7325,13.817999999999984,gnsz
train,aaaaaovk,aaaaaovk_s001_t000,894.0,28,8.0,216.4162,229.8457,13.42949999999999,gnsz
train,aaaaaovk,aaaaaovk_s001_t000,894.0,28,9.0,245.242,262.2786,17.036599999999993,gnsz
train,aaaaaovk,aaaaaovk_s001_t000,894.0,28,10.0,270.8835,287.0877,16.204199999999958,gnsz
train,aaaaaovk,aaaaaovk_s001_t000,894.0,28,11.0,300.8657,315.0721,14.206399999999974,gnsz
train,aaaaaovk,aaaaaovk_s001_t000,894.0,28,12.0,339.8879,356.2586,16.3707,gnsz
train,aaaaaovk,aaaaaovk_s001_t000,894.0,28,13.0,370.1687,386.8169,16.648199999999974,gnsz
train,aaaaaovk,aaaaaovk_s001_t000,894.0,28,14.0,409.8424,422.3008,12.458399999999983,gnsz
train,aaaaaovk,aaaaaovk_s001_t000,894.0,28,15.0,432.879,448.9723,16.0933,gnsz
train,aaaaaovk,aaaaaovk_s001_t000,894.0,28,16.0,468.0755,482.0044,13.928899999999999,gnsz
train,aaaaaovk,aaaaaovk_s001_t000,894.0,28,17.0,492.909,508.2808,15.371800000000007,gnsz
train,aaaaaovk,aaaaaovk_s001_t000,894.0,28,18.0,534.9223,546.0488,11.126500000000078,gnsz
train,aaaaaovk,aaaaaovk_s001_t000,894.0,28,19.0,558.1931,572.0666,13.873500000000035,gnsz
train,aaaaaovk,aaaaaovk_s001_t000,894.0,28,20.0,596.9656,609.7569,12.791299999999978,gnsz
train,aaaaaovk,aaaaaovk_s001_t000,894.0,28,21.0,621.2198,636.7858,15.566000000000031,gnsz
train,aaaaaovk,aaaaaovk_s001_t000,894.0,28,22.0,662.9656,676.4229,13.457300000000032,gnsz
train,aaaaaovk,aaaaaovk_s001_t000,894.0,28,23.0,697.7159,716.0566,18.34069999999997,gnsz
train,aaaaaovk,aaaaaovk_s001_t000,894.0,28,24.0,732.1487,749.0189,16.870200000000068,gnsz
train,aaaaaovk,aaaaaovk_s001_t000,894.0,28,25.0,761.1687,778.566,17.397300000000087,gnsz
train,aaaaaovk,aaaaaovk_s001_t000,894.0,28,26.0,792.0844,807.9279,15.843500000000063,gnsz
train,aaaaaovk,aaaaaovk_s001_t000,894.0,28,27.0,822.6171,839.071,16.453899999999976,gnsz
train,aaaaaovk,aaaaaovk_s001_t000,894.0,28,28.0,853.081,869.6182,16.537199999999984,gnsz
train,aaaaaovk,aaaaaovk_s001_t001,1274.0,41,1.0,1.0,9.4988,8.4988,gnsz
train,aaaaaovk,aaaaaovk_s001_t001,1274.0,41,2.0,35.9623,52.0555,16.093200000000003,gnsz
train,aaaaaovk,aaaaaovk_s001_t001,1274.0,41,3.0,69.9556,90.0166,20.060999999999993,gnsz
train,aaaaaovk,aaaaaovk_s001_t001,1274.0,41,4.0,98.1089,119.717,21.608099999999993,gnsz
train,aaaaaovk,aaaaaovk_s001_t001,1274.0,41,5.0,132.8291,147.091,14.261899999999997,gnsz
train,aaaaaovk,aaaaaovk_s001_t001,1274.0,41,6.0,162.9645,178.1143,15.149799999999999,gnsz
train,aaaaaovk,aaaaaovk_s001_t001,1274.0,41,7.0,184.0719,206.7513,22.679399999999987,gnsz
train,aaaaaovk,aaaaaovk_s001_t001,1274.0,41,8.0,215.5273,232.1785,16.651200000000017,gnsz
train,aaaaaovk,aaaaaovk_s001_t001,1274.0,41,9.0,246.0296,261.4783,15.448700000000002,gnsz
train,aaaaaovk,aaaaaovk_s001_t001,1274.0,41,10.0,277.3293,294.4894,17.1601,gnsz
train,aaaaaovk,aaaaaovk_s001_t001,1274.0,41,11.0,299.7123,315.716,16.00369999999998,gnsz
train,aaaaaovk,aaaaaovk_s001_t001,1274.0,41,12.0,329.7216,347.2979,17.576300000000003,gnsz
train,aaaaaovk,aaaaaovk_s001_t001,1274.0,41,13.0,372.0981,386.4366,14.33850000000001,gnsz
train,aaaaaovk,aaaaaovk_s001_t001,1274.0,41,14.0,398.2729,412.334,14.06110000000001,gnsz
train,aaaaaovk,aaaaaovk_s001_t001,1274.0,41,15.0,428.9352,446.1415,17.2063,gnsz
train,aaaaaovk,aaaaaovk_s001_t001,1274.0,41,16.0,452.3996,472.0111,19.611499999999978,gnsz
train,aaaaaovk,aaaaaovk_s001_t001,1274.0,41,17.0,484.9574,499.2035,14.246100000000013,gnsz
train,aaaaaovk,aaaaaovk_s001_t001,1274.0,41,18.0,516.7882,533.8557,17.067499999999995,gnsz
train,aaaaaovk,aaaaaovk_s001_t001,1274.0,41,19.0,548.1027,562.1175,14.014799999999923,gnsz
train,aaaaaovk,aaaaaovk_s001_t001,1274.0,41,20.0,574.0962,589.6374,15.541200000000003,gnsz
train,aaaaaovk,aaaaaovk_s001_t001,1274.0,41,21.0,606.9611,620.1434,13.182300000000055,gnsz
train,aaaaaovk,aaaaaovk_s001_t001,1274.0,41,22.0,633.6753,652.4542,18.77890000000002,gnsz
train,aaaaaovk,aaaaaovk_s001_t001,1274.0,41,23.0,665.9769,679.2054,13.228500000000054,gnsz
train,aaaaaovk,aaaaaovk_s001_t001,1274.0,41,24.0,692.6688,709.1351,16.466299999999933,gnsz
train,aaaaaovk,aaaaaovk_s001_t001,1274.0,41,25.0,746.2841,759.6027,13.31860000000006,gnsz
train,aaaaaovk,aaaaaovk_s001_t001,1274.0,41,26.0,775.7791,796.9778,21.19870000000003,gnsz
train,aaaaaovk,aaaaaovk_s001_t001,1274.0,41,27.0,805.7869,826.9578,21.170900000000074,gnsz
train,aaaaaovk,aaaaaovk_s001_t001,1274.0,41,28.0,854.9256,866.1632,11.23759999999993,gnsz
train,aaaaaovk,aaaaaovk_s001_t001,1274.0,41,29.0,881.8635,897.374,15.510499999999979,gnsz
train,aaaaaovk,aaaaaovk_s001_t001,1274.0,41,30.0,909.8879,925.4262,15.53830000000005,gnsz
train,aaaaaovk,aaaaaovk_s001_t001,1274.0,41,31.0,937.0577,957.0633,20.005600000000072,gnsz
train,aaaaaovk,aaaaaovk_s001_t001,1274.0,41,32.0,969.9789,985.6282,15.64930000000004,gnsz
train,aaaaaovk,aaaaaovk_s001_t001,1274.0,41,33.0,1003.2164,1020.4195,17.20309999999995,gnsz
train,aaaaaovk,aaaaaovk_s001_t001,1274.0,41,34.0,1030.9867,1053.4062,22.41949999999997,gnsz
train,aaaaaovk,aaaaaovk_s001_t001,1274.0,41,35.0,1068.9545,1083.7159,14.761399999999867,gnsz
train,aaaaaovk,aaaaaovk_s001_t001,1274.0,41,36.0,1093.2508,1110.7869,17.536100000000033,gnsz
train,aaaaaovk,aaaaaovk_s001_t001,1274.0,41,37.0,1122.04,1138.4384,16.398400000000038,gnsz
train,aaaaaovk,aaaaaovk_s001_t001,1274.0,41,38.0,1149.0877,1164.9589,15.871200000000044,gnsz
train,aaaaaovk,aaaaaovk_s001_t001,1274.0,41,39.0,1182.1509,1195.4695,13.318599999999833,gnsz
train,aaaaaovk,aaaaaovk_s001_t001,1274.0,41,40.0,1202.7392,1223.3552,20.615999999999985,gnsz
train,aaaaaovk,aaaaaovk_s001_t001,1274.0,41,41.0,1232.2819,1250.6781,18.396200000000135,gnsz
train,aaaaaovk,aaaaaovk_s002_t000,1354.0,0,,,,,
train,aaaaaovn,aaaaaovn_s001_t000,24.0,0,,,,,
train,aaaaaovn,aaaaaovn_s001_t002,111.0,0,,,,,
train,aaaaaovn,aaaaaovn_s002_t000,601.0,0,,,,,
train,aaaaaovn,aaaaaovn_s002_t001,601.0,0,,,,,
train,aaaaaovn,aaaaaovn_s002_t002,601.0,0,,,,,
train,aaaaaovn,aaaaaovn_s002_t003,601.0,0,,,,,
train,aaaaaovn,aaaaaovn_s002_t004,601.0,0,,,,,
train,aaaaaovn,aaaaaovn_s002_t005,601.0,0,,,,,
train,aaaaaovz,aaaaaovz_s001_t000,1327.0,0,,,,,
train,aaaaaowz,aaaaaowz_s001_t000,1392.0,0,,,,,
train,aaaaaoxr,aaaaaoxr_s004_t000,300.0,0,,,,,
train,aaaaaoxr,aaaaaoxr_s004_t001,601.0,0,,,,,
train,aaaaaoxr,aaaaaoxr_s004_t002,601.0,0,,,,,
train,aaaaaoxr,aaaaaoxr_s004_t003,300.0,0,,,,,
train,aaaaaoxr,aaaaaoxr_s004_t004,601.0,0,,,,,
train,aaaaaoxr,aaaaaoxr_s004_t005,300.0,0,,,,,
train,aaaaaoxr,aaaaaoxr_s004_t006,601.0,0,,,,,
train,aaaaaoxr,aaaaaoxr_s004_t007,300.0,0,,,,,
train,aaaaaoxr,aaaaaoxr_s004_t008,601.0,0,,,,,
train,aaaaaoxr,aaaaaoxr_s004_t009,300.0,0,,,,,
train,aaaaaoxr,aaaaaoxr_s004_t010,601.0,0,,,,,
train,aaaaaoya,aaaaaoya_s005_t000,300.0,0,,,,,
train,aaaaaoya,aaaaaoya_s005_t001,601.0,0,,,,,
train,aaaaaoya,aaaaaoya_s005_t002,300.0,0,,,,,
train,aaaaaoya,aaaaaoya_s005_t003,601.0,0,,,,,
train,aaaaaoya,aaaaaoya_s005_t004,300.0,0,,,,,
train,aaaaaoya,aaaaaoya_s005_t005,601.0,0,,,,,
train,aaaaaoya,aaaaaoya_s005_t006,300.0,0,,,,,
train,aaaaaoya,aaaaaoya_s005_t007,601.0,0,,,,,
train,aaaaaoya,aaaaaoya_s005_t008,300.0,0,,,,,
train,aaaaaoya,aaaaaoya_s005_t009,601.0,0,,,,,
train,aaaaaoya,aaaaaoya_s006_t000,300.0,0,,,,,
train,aaaaaoya,aaaaaoya_s006_t002,300.0,0,,,,,
train,aaaaaoya,aaaaaoya_s006_t003,601.0,0,,,,,
train,aaaaaoya,aaaaaoya_s006_t004,300.0,0,,,,,
train,aaaaaoya,aaaaaoya_s006_t005,601.0,0,,,,,
train,aaaaaoya,aaaaaoya_s006_t006,300.0,0,,,,,
train,aaaaaoya,aaaaaoya_s006_t008,601.0,0,,,,,
train,aaaaaoya,aaaaaoya_s006_t011,368.0,0,,,,,
train,aaaaaoya,aaaaaoya_s006_t012,300.0,0,,,,,
train,aaaaaoya,aaaaaoya_s006_t013,601.0,0,,,,,
train,aaaaaoya,aaaaaoya_s007_t000,300.0,0,,,,,
train,aaaaaoya,aaaaaoya_s007_t001,300.0,0,,,,,
train,aaaaaoya,aaaaaoya_s007_t002,601.0,0,,,,,
train,aaaaaoya,aaaaaoya_s007_t003,659.0,0,,,,,
train,aaaaaoya,aaaaaoya_s007_t004,300.0,0,,,,,
train,aaaaaoya,aaaaaoya_s007_t005,601.0,0,,,,,
train,aaaaaoya,aaaaaoya_s007_t006,300.0,0,,,,,
train,aaaaaoya,aaaaaoya_s007_t007,673.0,0,,,,,
train,aaaaaoya,aaaaaoya_s007_t008,601.0,0,,,,,
train,aaaaaoya,aaaaaoya_s008_t000,300.0,0,,,,,
train,aaaaaoya,aaaaaoya_s008_t001,601.0,0,,,,,
train,aaaaaoya,aaaaaoya_s008_t002,300.0,0,,,,,
train,aaaaaoya,aaaaaoya_s008_t003,601.0,0,,,,,
train,aaaaaoya,aaaaaoya_s008_t004,300.0,0,,,,,
train,aaaaaoya,aaaaaoya_s008_t005,601.0,0,,,,,
train,aaaaaoya,aaaaaoya_s008_t006,300.0,0,,,,,
train,aaaaaoya,aaaaaoya_s008_t007,601.0,0,,,,,
train,aaaaaoya,aaaaaoya_s008_t008,300.0,0,,,,,
train,aaaaaoya,aaaaaoya_s008_t009,601.0,0,,,,,
train,aaaaaoya,aaaaaoya_s009_t000,300.0,0,,,,,
train,aaaaaoya,aaaaaoya_s009_t001,601.0,0,,,,,
train,aaaaaoya,aaaaaoya_s009_t002,300.0,0,,,,,
train,aaaaaoya,aaaaaoya_s009_t003,601.0,0,,,,,
train,aaaaaoya,aaaaaoya_s009_t004,300.0,0,,,,,
train,aaaaaoya,aaaaaoya_s009_t005,601.0,0,,,,,
train,aaaaaoya,aaaaaoya_s009_t006,300.0,0,,,,,
train,aaaaaoya,aaaaaoya_s009_t007,601.0,0,,,,,
train,aaaaaoya,aaaaaoya_s009_t008,300.0,0,,,,,
train,aaaaaoya,aaaaaoya_s009_t009,601.0,0,,,,,
train,aaaaaoya,aaaaaoya_s010_t000,300.0,0,,,,,
train,aaaaaoya,aaaaaoya_s010_t001,1390.0,1,1.0,334.0606,402.0,67.93939999999998,tcsz
train,aaaaaoya,aaaaaoya_s010_t002,300.0,0,,,,,
train,aaaaaoya,aaaaaoya_s010_t003,601.0,0,,,,,
train,aaaaaoya,aaaaaoya_s010_t004,300.0,0,,,,,
train,aaaaaoya,aaaaaoya_s010_t005,601.0,0,,,,,
train,aaaaaoya,aaaaaoya_s010_t006,300.0,0,,,,,
train,aaaaaoya,aaaaaoya_s010_t007,601.0,0,,,,,
train,aaaaaoya,aaaaaoya_s010_t008,300.0,0,,,,,
train,aaaaaoya,aaaaaoya_s010_t009,601.0,0,,,,,
train,aaaaaoya,aaaaaoya_s011_t000,300.0,0,,,,,
train,aaaaaoya,aaaaaoya_s011_t001,601.0,0,,,,,
train,aaaaaoya,aaaaaoya_s011_t002,300.0,0,,,,,
train,aaaaaoya,aaaaaoya_s011_t003,601.0,0,,,,,
train,aaaaaoya,aaaaaoya_s011_t004,300.0,0,,,,,
train,aaaaaoya,aaaaaoya_s011_t005,601.0,0,,,,,
train,aaaaaoya,aaaaaoya_s011_t006,300.0,0,,,,,
train,aaaaaoya,aaaaaoya_s011_t007,601.0,0,,,,,
train,aaaaaoya,aaaaaoya_s011_t008,300.0,0,,,,,
train,aaaaaoya,aaaaaoya_s011_t009,601.0,0,,,,,
train,aaaaaoya,aaaaaoya_s012_t000,300.0,0,,,,,
train,aaaaaoya,aaaaaoya_s012_t001,601.0,0,,,,,
train,aaaaaoya,aaaaaoya_s012_t002,300.0,0,,,,,
train,aaaaaoya,aaaaaoya_s012_t003,601.0,0,,,,,
train,aaaaaoya,aaaaaoya_s012_t004,300.0,0,,,,,
train,aaaaaoya,aaaaaoya_s012_t005,601.0,0,,,,,
train,aaaaaoya,aaaaaoya_s012_t006,300.0,0,,,,,
train,aaaaaoya,aaaaaoya_s012_t007,601.0,0,,,,,
train,aaaaaoya,aaaaaoya_s012_t009,300.0,0,,,,,
train,aaaaaoya,aaaaaoya_s012_t010,601.0,0,,,,,
train,aaaaaoya,aaaaaoya_s013_t000,300.0,0,,,,,
train,aaaaaoya,aaaaaoya_s013_t001,601.0,0,,,,,
train,aaaaaoya,aaaaaoya_s014_t000,300.0,0,,,,,
train,aaaaaoya,aaaaaoya_s014_t001,601.0,0,,,,,
train,aaaaaoya,aaaaaoya_s014_t002,300.0,0,,,,,
train,aaaaaoya,aaaaaoya_s014_t003,601.0,0,,,,,
train,aaaaaoya,aaaaaoya_s014_t004,300.0,0,,,,,
train,aaaaaoya,aaaaaoya_s014_t005,601.0,0,,,,,
train,aaaaaoya,aaaaaoya_s014_t006,300.0,0,,,,,
train,aaaaaoya,aaaaaoya_s014_t007,601.0,0,,,,,
train,aaaaaoya,aaaaaoya_s015_t000,300.0,0,,,,,
train,aaaaaoya,aaaaaoya_s015_t001,601.0,0,,,,,
train,aaaaaoya,aaaaaoya_s015_t002,601.0,0,,,,,
train,aaaaaoya,aaaaaoya_s015_t003,601.0,0,,,,,
train,aaaaaoya,aaaaaoya_s015_t004,300.0,0,,,,,
train,aaaaaoya,aaaaaoya_s015_t005,601.0,0,,,,,
train,aaaaaoya,aaaaaoya_s015_t006,601.0,0,,,,,
train,aaaaaoyq,aaaaaoyq_s001_t000,1322.0,0,,,,,
train,aaaaaozv,aaaaaozv_s001_t000,268.0,0,,,,,
train,aaaaaozv,aaaaaozv_s001_t001,1159.0,0,,,,,
train,aaaaaozv,aaaaaozv_s002_t000,300.0,0,,,,,
train,aaaaaozv,aaaaaozv_s002_t001,601.0,0,,,,,
train,aaaaaozv,aaaaaozv_s002_t002,601.0,0,,,,,
train,aaaaaozv,aaaaaozv_s002_t003,300.0,0,,,,,
train,aaaaaozv,aaaaaozv_s002_t004,601.0,0,,,,,
train,aaaaaozv,aaaaaozv_s002_t005,300.0,0,,,,,
train,aaaaaozv,aaaaaozv_s002_t006,601.0,0,,,,,
train,aaaaaozv,aaaaaozv_s002_t007,883.0,0,,,,,
train,aaaaaozv,aaaaaozv_s002_t008,601.0,0,,,,,
train,aaaaapai,aaaaapai_s001_t000,1572.0,0,,,,,
train,aaaaapas,aaaaapas_s001_t000,36.0,0,,,,,
train,aaaaapas,aaaaapas_s001_t001,1521.0,9,1.0,27.7953,77.1234,49.328100000000006,tcsz
train,aaaaapas,aaaaapas_s001_t001,1521.0,9,2.0,129.5239,176.7492,47.225300000000004,tcsz
train,aaaaapas,aaaaapas_s001_t001,1521.0,9,3.0,432.0845,485.021,52.936500000000024,tcsz
train,aaaaapas,aaaaapas_s001_t001,1521.0,9,4.0,546.9978,588.5849,41.587099999999964,tcsz
train,aaaaapas,aaaaapas_s001_t001,1521.0,9,5.0,670.9861,717.9831,46.99700000000007,tcsz
train,aaaaapas,aaaaapas_s001_t001,1521.0,9,6.0,930.0107,975.0216,45.01089999999999,tcsz
train,aaaaapas,aaaaapas_s001_t001,1521.0,9,7.0,1048.0222,1092.1398,44.11759999999981,tcsz
train,aaaaapas,aaaaapas_s001_t001,1521.0,9,8.0,1333.2863,1379.9882,46.70190000000002,tcsz
train,aaaaapas,aaaaapas_s001_t001,1521.0,9,9.0,1437.0422,1487.6249,50.58269999999993,tcsz
train,aaaaapas,aaaaapas_s003_t000,1033.0,2,1.0,346.5508,389.9864,43.43560000000002,gnsz
train,aaaaapas,aaaaapas_s003_t000,1033.0,2,2.0,492.9872,527.8906,34.903399999999976,gnsz
train,aaaaapas,aaaaapas_s003_t001,601.0,1,1.0,510.9648,570.9434,59.97859999999997,gnsz
train,aaaaapas,aaaaapas_s003_t002,929.0,2,1.0,196.684,243.0453,46.3613,fnsz|gnsz
train,aaaaapas,aaaaapas_s003_t002,929.0,2,2.0,612.0225,669.0841,57.0616,fnsz|gnsz
train,aaaaapas,aaaaapas_s003_t003,601.0,0,,,,,
train,aaaaapas,aaaaapas_s003_t004,601.0,0,,,,,
train,aaaaapas,aaaaapas_s004_t000,601.0,0,,,,,
train,aaaaapas,aaaaapas_s004_t001,601.0,0,,,,,
train,aaaaapas,aaaaapas_s004_t002,601.0,0,,,,,
train,aaaaapas,aaaaapas_s004_t003,601.0,0,,,,,
train,aaaaapas,aaaaapas_s004_t004,601.0,0,,,,,
train,aaaaapas,aaaaapas_s005_t000,601.0,0,,,,,
train,aaaaapas,aaaaapas_s005_t001,601.0,0,,,,,
train,aaaaapas,aaaaapas_s005_t002,601.0,0,,,,,
train,aaaaapas,aaaaapas_s005_t003,601.0,0,,,,,
train,aaaaapas,aaaaapas_s005_t004,601.0,0,,,,,
train,aaaaapay,aaaaapay_s002_t000,1800.0,0,,,,,
train,aaaaapay,aaaaapay_s002_t001,199.0,0,,,,,
train,aaaaapay,aaaaapay_s003_t000,300.0,0,,,,,
train,aaaaapay,aaaaapay_s003_t001,601.0,0,,,,,
train,aaaaapay,aaaaapay_s003_t002,601.0,0,,,,,
train,aaaaapay,aaaaapay_s003_t003,300.0,0,,,,,
train,aaaaapay,aaaaapay_s003_t004,867.0,0,,,,,
train,aaaaapay,aaaaapay_s003_t005,863.0,0,,,,,
train,aaaaapay,aaaaapay_s003_t006,300.0,0,,,,,
train,aaaaapay,aaaaapay_s003_t007,601.0,0,,,,,
train,aaaaapcj,aaaaapcj_s001_t000,1271.0,0,,,,,
train,aaaaapcr,aaaaapcr_s005_t000,300.0,0,,,,,
train,aaaaapcr,aaaaapcr_s005_t001,601.0,0,,,,,
train,aaaaapcr,aaaaapcr_s005_t002,601.0,0,,,,,
train,aaaaapcr,aaaaapcr_s005_t003,300.0,0,,,,,
train,aaaaapcr,aaaaapcr_s005_t004,601.0,0,,,,,
train,aaaaapcr,aaaaapcr_s005_t005,601.0,0,,,,,
train,aaaaapcr,aaaaapcr_s005_t006,300.0,0,,,,,
train,aaaaapcr,aaaaapcr_s005_t007,601.0,0,,,,,
train,aaaaapcr,aaaaapcr_s006_t000,300.0,0,,,,,
train,aaaaapcr,aaaaapcr_s006_t001,601.0,0,,,,,
train,aaaaapcr,aaaaapcr_s006_t002,601.0,0,,,,,
train,aaaaapcr,aaaaapcr_s006_t003,300.0,0,,,,,
train,aaaaapcr,aaaaapcr_s006_t004,601.0,0,,,,,
train,aaaaapcr,aaaaapcr_s006_t005,300.0,0,,,,,
train,aaaaapcr,aaaaapcr_s006_t006,601.0,0,,,,,
train,aaaaapcr,aaaaapcr_s006_t007,300.0,0,,,,,
train,aaaaapcr,aaaaapcr_s006_t008,601.0,0,,,,,
train,aaaaapcr,aaaaapcr_s006_t009,300.0,0,,,,,
train,aaaaapcr,aaaaapcr_s006_t010,601.0,0,,,,,
train,aaaaapcr,aaaaapcr_s007_t000,300.0,0,,,,,
train,aaaaapcr,aaaaapcr_s007_t001,601.0,0,,,,,
train,aaaaapcr,aaaaapcr_s007_t002,601.0,0,,,,,
train,aaaaapcr,aaaaapcr_s007_t003,150.0,0,,,,,
train,aaaaapcr,aaaaapcr_s007_t004,6.0,0,,,,,
train,aaaaapcr,aaaaapcr_s007_t005,301.0,0,,,,,
train,aaaaapcr,aaaaapcr_s007_t006,601.0,0,,,,,
train,aaaaapcr,aaaaapcr_s007_t007,601.0,0,,,,,
train,aaaaapcr,aaaaapcr_s008_t000,1800.0,0,,,,,
train,aaaaapcr,aaaaapcr_s008_t001,1231.0,0,,,,,
train,aaaaapcr,aaaaapcr_s009_t000,154.0,0,,,,,
train,aaaaapcr,aaaaapcr_s009_t001,146.0,0,,,,,
train,aaaaapcr,aaaaapcr_s009_t002,601.0,0,,,,,
train,aaaaapcr,aaaaapcr_s009_t003,300.0,0,,,,,
train,aaaaapcr,aaaaapcr_s009_t004,748.0,0,,,,,
train,aaaaapcr,aaaaapcr_s009_t005,300.0,0,,,,,
train,aaaaapcr,aaaaapcr_s009_t006,601.0,0,,,,,
train,aaaaapdq,aaaaapdq_s001_t000,103.0,0,,,,,
train,aaaaapdq,aaaaapdq_s001_t001,1387.0,0,,,,,
train,aaaaaped,aaaaaped_s001_t000,1344.0,0,,,,,
train,aaaaapey,aaaaapey_s001_t000,1506.0,0,,,,,
train,aaaaapff,aaaaapff_s001_t000,1334.0,0,,,,,
train,aaaaapfv,aaaaapfv_s001_t000,1234.0,0,,,,,
train,aaaaapgf,aaaaapgf_s001_t000,1800.0,0,,,,,
train,aaaaapgf,aaaaapgf_s001_t001,40.0,0,,,,,
train,aaaaapgz,aaaaapgz_s001_t000,1363.0,0,,,,,
train,aaaaapiq,aaaaapiq_s001_t000,1342.0,0,,,,,
train,aaaaapkm,aaaaapkm_s007_t000,300.0,0,,,,,
train,aaaaapkm,aaaaapkm_s007_t001,386.0,0,,,,,
train,aaaaapkm,aaaaapkm_s007_t002,601.0,0,,,,,
train,aaaaapkm,aaaaapkm_s007_t003,601.0,0,,,,,
train,aaaaapkm,aaaaapkm_s007_t004,601.0,0,,,,,
train,aaaaapks,aaaaapks_s001_t000,1448.0,0,,,,,
train,aaaaapks,aaaaapks_s002_t000,34.0,0,,,,,
train,aaaaapks,aaaaapks_s002_t001,266.0,0,,,,,
train,aaaaapks,aaaaapks_s002_t002,601.0,0,,,,,
train,aaaaapks,aaaaapks_s002_t003,601.0,0,,,,,
train,aaaaapks,aaaaapks_s002_t004,300.0,0,,,,,
train,aaaaapks,aaaaapks_s002_t005,601.0,0,,,,,
train,aaaaapks,aaaaapks_s002_t006,300.0,0,,,,,
train,aaaaapks,aaaaapks_s002_t007,601.0,1,1.0,272.0821,347.1765,75.09439999999995,fnsz
train,aaaaapks,aaaaapks_s002_t008,300.0,1,1.0,179.9856,236.4784,56.49279999999999,fnsz
train,aaaaapks,aaaaapks_s002_t009,601.0,1,1.0,380.717,432.798,52.08100000000002,fnsz
train,aaaaapks,aaaaapks_s002_t010,300.0,2,1.0,1.0,74.778,73.778,fnsz
train,aaaaapks,aaaaapks_s002_t010,300.0,2,2.0,260.7314,272.0078,11.276399999999967,fnsz
train,aaaaapks,aaaaapks_s002_t011,601.0,1,1.0,563.2675,590.0377,26.77019999999993,fnsz
train,aaaaapks,aaaaapks_s003_t000,300.0,2,1.0,21.0781,41.6104,20.5323,fnsz
train,aaaaapks,aaaaapks_s003_t000,300.0,2,2.0,208.7203,261.5949,52.87459999999999,fnsz
train,aaaaapks,aaaaapks_s003_t001,601.0,0,,,,,
train,aaaaapks,aaaaapks_s003_t002,300.0,0,,,,,
train,aaaaapks,aaaaapks_s003_t003,601.0,3,1.0,4.0496,34.2773,30.2277,fnsz
train,aaaaapks,aaaaapks_s003_t003,601.0,3,2.0,180.8633,198.6094,17.746099999999984,fnsz
train,aaaaapks,aaaaapks_s003_t003,601.0,3,3.0,363.8362,376.0117,12.1755,fnsz
train,aaaaapks,aaaaapks_s003_t004,601.0,3,1.0,261.9101,288.0712,26.161099999999976,fnsz
train,aaaaapks,aaaaapks_s003_t004,601.0,3,2.0,318.957,334.8984,15.941399999999987,fnsz
train,aaaaapks,aaaaapks_s003_t004,601.0,3,3.0,410.2539,446.8923,36.63839999999999,fnsz
train,aaaaapks,aaaaapks_s003_t005,300.0,0,,,,,
train,aaaaapks,aaaaapks_s003_t006,300.0,0,,,,,
train,aaaaapks,aaaaapks_s003_t007,601.0,1,1.0,152.6149,182.0508,29.435900000000004,fnsz
train,aaaaapks,aaaaapks_s003_t008,300.0,0,,,,,
train,aaaaapks,aaaaapks_s003_t009,601.0,0,,,,,
train,aaaaapks,aaaaapks_s004_t000,300.0,0,,,,,
train,aaaaapks,aaaaapks_s004_t001,601.0,0,,,,,
train,aaaaapks,aaaaapks_s004_t002,601.0,0,,,,,
train,aaaaapks,aaaaapks_s004_t003,300.0,0,,,,,
train,aaaaapks,aaaaapks_s004_t004,601.0,0,,,,,
train,aaaaapks,aaaaapks_s004_t005,300.0,0,,,,,
train,aaaaapks,aaaaapks_s004_t006,601.0,0,,,,,
train,aaaaapks,aaaaapks_s004_t007,300.0,0,,,,,
train,aaaaapks,aaaaapks_s004_t008,601.0,0,,,,,
train,aaaaapks,aaaaapks_s005_t000,1800.0,0,,,,,
train,aaaaapks,aaaaapks_s005_t001,1511.0,0,,,,,
train,aaaaapks,aaaaapks_s006_t000,300.0,0,,,,,
train,aaaaapks,aaaaapks_s006_t001,601.0,0,,,,,
train,aaaaapks,aaaaapks_s006_t002,300.0,0,,,,,
train,aaaaapks,aaaaapks_s006_t003,601.0,0,,,,,
train,aaaaapks,aaaaapks_s006_t004,300.0,0,,,,,
train,aaaaapks,aaaaapks_s006_t005,601.0,0,,,,,
train,aaaaapks,aaaaapks_s006_t006,300.0,0,,,,,
train,aaaaapks,aaaaapks_s006_t007,601.0,0,,,,,
train,aaaaapks,aaaaapks_s006_t008,300.0,0,,,,,
train,aaaaapks,aaaaapks_s006_t009,601.0,0,,,,,
train,aaaaapks,aaaaapks_s007_t000,300.0,0,,,,,
train,aaaaapks,aaaaapks_s007_t001,601.0,0,,,,,
train,aaaaapks,aaaaapks_s007_t002,601.0,0,,,,,
train,aaaaapks,aaaaapks_s007_t003,300.0,0,,,,,
train,aaaaapks,aaaaapks_s007_t004,601.0,0,,,,,
train,aaaaapks,aaaaapks_s007_t005,300.0,0,,,,,
train,aaaaapks,aaaaapks_s007_t006,601.0,0,,,,,
train,aaaaapks,aaaaapks_s007_t007,300.0,0,,,,,
train,aaaaapks,aaaaapks_s007_t008,601.0,0,,,,,
train,aaaaapks,aaaaapks_s007_t009,300.0,0,,,,,
train,aaaaapks,aaaaapks_s008_t000,1238.0,0,,,,,
train,aaaaapks,aaaaapks_s009_t000,1572.0,0,,,,,
train,aaaaapks,aaaaapks_s012_t000,1602.0,1,1.0,31.0497,1599.9227,1568.873,fnsz
train,aaaaapks,aaaaapks_s012_t001,1800.0,0,,,,,
train,aaaaapks,aaaaapks_s012_t002,548.0,0,,,,,
train,aaaaapks,aaaaapks_s012_t003,349.0,6,1.0,26.0303,43.0,16.9697,fnsz
train,aaaaapks,aaaaapks_s012_t003,349.0,6,2.0,68.0,82.9697,14.969700000000003,fnsz
train,aaaaapks,aaaaapks_s012_t003,349.0,6,3.0,125.0,145.0,20.0,fnsz
train,aaaaapks,aaaaapks_s012_t003,349.0,6,4.0,195.9394,220.0909,24.1515,fnsz
train,aaaaapks,aaaaapks_s012_t003,349.0,6,5.0,261.0,282.0,21.0,fnsz
train,aaaaapks,aaaaapks_s012_t003,349.0,6,6.0,316.0,338.9394,22.939399999999978,fnsz
train,aaaaapks,aaaaapks_s013_t000,105.0,1,1.0,69.0303,87.3939,18.363600000000005,fnsz
train,aaaaapks,aaaaapks_s013_t001,47.0,1,1.0,1.0,6.0,5.0,fnsz
train,aaaaapks,aaaaapks_s013_t002,1800.0,0,,,,,
train,aaaaapks,aaaaapks_s013_t003,1800.0,0,,,,,
train,aaaaapks,aaaaapks_s014_t000,85.0,3,1.0,2.0387,18.0,15.9613,fnsz
train,aaaaapks,aaaaapks_s014_t000,85.0,3,2.0,30.9834,43.0331,12.049699999999998,fnsz
train,aaaaapks,aaaaapks_s014_t000,85.0,3,3.0,60.011,75.0608,15.049799999999998,fnsz
train,aaaaapks,aaaaapks_s014_t001,164.0,5,1.0,1.4088,67.9559,66.5471,fnsz
train,aaaaapks,aaaaapks_s014_t001,164.0,5,2.0,73.5525,90.011,16.4585,fnsz
train,aaaaapks,aaaaapks_s014_t001,164.0,5,3.0,97.6243,116.3038,18.67949999999999,fnsz
train,aaaaapks,aaaaapks_s014_t001,164.0,5,4.0,125.6741,142.5635,16.88940000000001,fnsz
train,aaaaapks,aaaaapks_s014_t001,164.0,5,5.0,146.6464,161.9448,15.298399999999987,fnsz
train,aaaaapks,aaaaapks_s016_t000,300.0,8,1.0,0.0,0.0,0.0,fnsz
train,aaaaapks,aaaaapks_s016_t000,300.0,8,2.0,16.7348,66.0663,49.3315,fnsz
train,aaaaapks,aaaaapks_s016_t000,300.0,8,3.0,74.9779,96.0442,21.0663,fnsz
train,aaaaapks,aaaaapks_s016_t000,300.0,8,4.0,101.2652,131.1658,29.900599999999997,fnsz
train,aaaaapks,aaaaapks_s016_t000,300.0,8,5.0,136.0277,149.0387,13.010999999999996,fnsz
train,aaaaapks,aaaaapks_s016_t000,300.0,8,6.0,172.1049,204.0442,31.939300000000003,fnsz
train,aaaaapks,aaaaapks_s016_t000,300.0,8,7.0,221.0497,248.6132,27.563500000000005,fnsz
train,aaaaapks,aaaaapks_s016_t000,300.0,8,8.0,252.326,284.0829,31.7569,fnsz
train,aaaaapks,aaaaapks_s016_t001,829.0,33,1.0,1.0,7.0,6.0,fnsz
train,aaaaapks,aaaaapks_s016_t001,829.0,33,2.0,21.1212,37.0,15.878799999999998,fnsz
train,aaaaapks,aaaaapks_s016_t001,829.0,33,3.0,42.9394,54.9394,12.0,fnsz
train,aaaaapks,aaaaapks_s016_t001,829.0,33,4.0,71.0303,82.303,11.2727,fnsz
train,aaaaapks,aaaaapks_s016_t001,829.0,33,5.0,85.4242,110.3939,24.969700000000003,fnsz
train,aaaaapks,aaaaapks_s016_t001,829.0,33,6.0,123.8788,143.4545,19.575699999999998,fnsz
train,aaaaapks,aaaaapks_s016_t001,829.0,33,7.0,146.9091,163.0303,16.121200000000016,fnsz
train,aaaaapks,aaaaapks_s016_t001,829.0,33,8.0,174.0606,189.0303,14.969700000000017,fnsz
train,aaaaapks,aaaaapks_s016_t001,829.0,33,9.0,204.4848,221.0303,16.545500000000004,fnsz
train,aaaaapks,aaaaapks_s016_t001,829.0,33,10.0,230.0303,241.1818,11.151499999999999,fnsz
train,aaaaapks,aaaaapks_s016_t001,829.0,33,11.0,248.0303,265.1212,17.090899999999976,fnsz
train,aaaaapks,aaaaapks_s016_t001,829.0,33,12.0,281.3333,294.8485,13.515199999999993,fnsz
train,aaaaapks,aaaaapks_s016_t001,829.0,33,13.0,312.9697,328.5455,15.575800000000015,fnsz
train,aaaaapks,aaaaapks_s016_t001,829.0,33,14.0,337.0,355.0,18.0,fnsz
train,aaaaapks,aaaaapks_s016_t001,829.0,33,15.0,368.0303,383.6061,15.575800000000015,fnsz
train,aaaaapks,aaaaapks_s016_t001,829.0,33,16.0,387.9697,406.0303,18.060600000000022,fnsz
train,aaaaapks,aaaaapks_s016_t001,829.0,33,17.0,413.0331,427.884,14.850900000000024,fnsz
train,aaaaapks,aaaaapks_s016_t001,829.0,33,18.0,433.9503,446.779,12.82869999999997,fnsz
train,aaaaapks,aaaaapks_s016_t001,829.0,33,19.0,450.0276,467.9282,17.900599999999997,fnsz
train,aaaaapks,aaaaapks_s016_t001,829.0,33,20.0,483.0663,501.0,17.933699999999988,fnsz
train,aaaaapks,aaaaapks_s016_t001,829.0,33,21.0,511.0221,532.0055,20.98339999999996,fnsz
train,aaaaapks,aaaaapks_s016_t001,829.0,33,22.0,542.0,558.011,16.010999999999967,fnsz
train,aaaaapks,aaaaapks_s016_t001,829.0,33,23.0,570.0497,588.0166,17.96690000000001,fnsz
train,aaaaapks,aaaaapks_s016_t001,829.0,33,24.0,596.0387,611.0221,14.983400000000074,fnsz
train,aaaaapks,aaaaapks_s016_t001,829.0,33,25.0,625.0,642.0718,17.071800000000053,fnsz
train,aaaaapks,aaaaapks_s016_t001,829.0,33,26.0,650.0442,665.7569,15.712699999999927,fnsz
train,aaaaapks,aaaaapks_s016_t001,829.0,33,27.0,670.9613,682.0,11.038699999999949,fnsz
train,aaaaapks,aaaaapks_s016_t001,829.0,33,28.0,693.0331,704.0387,11.005599999999959,fnsz
train,aaaaapks,aaaaapks_s016_t001,829.0,33,29.0,714.9724,725.0829,10.110500000000002,fnsz
train,aaaaapks,aaaaapks_s016_t001,829.0,33,30.0,743.5967,759.9724,16.375699999999938,fnsz
train,aaaaapks,aaaaapks_s016_t001,829.0,33,31.0,768.9724,778.0552,9.08280000000002,fnsz
train,aaaaapks,aaaaapks_s016_t001,829.0,33,32.0,791.0497,809.9779,18.928199999999947,fnsz
train,aaaaapks,aaaaapks_s016_t001,829.0,33,33.0,822.0387,826.9448,4.906100000000038,fnsz
train,aaaaapks,aaaaapks_s016_t002,601.0,20,1.0,1.0,5.0101,4.0101,fnsz
train,aaaaapks,aaaaapks_s016_t002,601.0,20,2.0,20.0,38.9697,18.969700000000003,fnsz
train,aaaaapks,aaaaapks_s016_t002,601.0,20,3.0,54.0303,66.9394,12.90910000000001,fnsz
train,aaaaapks,aaaaapks_s016_t002,601.0,20,4.0,74.5758,95.0,20.4242,fnsz
train,aaaaapks,aaaaapks_s016_t002,601.0,20,5.0,110.0,128.0,18.0,fnsz
train,aaaaapks,aaaaapks_s016_t002,601.0,20,6.0,143.0606,152.0909,9.030300000000011,fnsz
train,aaaaapks,aaaaapks_s016_t002,601.0,20,7.0,160.0606,179.0909,19.03030000000001,fnsz
train,aaaaapks,aaaaapks_s016_t002,601.0,20,8.0,189.0,207.0,18.0,fnsz
train,aaaaapks,aaaaapks_s016_t002,601.0,20,9.0,220.0909,237.0,16.909099999999995,fnsz
train,aaaaapks,aaaaapks_s016_t002,601.0,20,10.0,252.9697,271.0909,18.121199999999988,fnsz
train,aaaaapks,aaaaapks_s016_t002,601.0,20,11.0,287.0909,303.1515,16.060600000000022,fnsz
train,aaaaapks,aaaaapks_s016_t002,601.0,20,12.0,308.9697,327.1515,18.18180000000001,fnsz
train,aaaaapks,aaaaapks_s016_t002,601.0,20,13.0,340.9697,366.0,25.03030000000001,fnsz
train,aaaaapks,aaaaapks_s016_t002,601.0,20,14.0,378.0303,392.0303,14.0,fnsz
train,aaaaapks,aaaaapks_s016_t002,601.0,20,15.0,401.0303,416.0,14.969699999999989,fnsz
train,aaaaapks,aaaaapks_s016_t002,601.0,20,16.0,426.8485,453.1515,26.302999999999997,fnsz
train,aaaaapks,aaaaapks_s016_t002,601.0,20,17.0,471.0606,488.0303,16.96969999999999,fnsz
train,aaaaapks,aaaaapks_s016_t002,601.0,20,18.0,502.9697,521.0909,18.121200000000044,fnsz
train,aaaaapks,aaaaapks_s016_t002,601.0,20,19.0,534.0606,551.0303,16.96969999999999,fnsz
train,aaaaapks,aaaaapks_s016_t002,601.0,20,20.0,566.0303,584.0303,18.0,fnsz
train,aaaaapks,aaaaapks_s016_t003,300.0,9,1.0,16.5746,34.0442,17.469599999999996,fnsz
train,aaaaapks,aaaaapks_s016_t003,300.0,9,2.0,51.0331,65.1547,14.121600000000008,fnsz
train,aaaaapks,aaaaapks_s016_t003,300.0,9,3.0,80.0221,98.6851,18.66300000000001,fnsz
train,aaaaapks,aaaaapks_s016_t003,300.0,9,4.0,118.0,135.0718,17.071799999999996,fnsz
train,aaaaapks,aaaaapks_s016_t003,300.0,9,5.0,149.6851,165.0663,15.381200000000007,fnsz
train,aaaaapks,aaaaapks_s016_t003,300.0,9,6.0,177.9116,195.9116,18.0,fnsz
train,aaaaapks,aaaaapks_s016_t003,300.0,9,7.0,210.0276,227.0331,17.005499999999984,fnsz
train,aaaaapks,aaaaapks_s016_t003,300.0,9,8.0,247.9613,259.9945,12.033200000000022,fnsz
train,aaaaapks,aaaaapks_s016_t003,300.0,9,9.0,282.9613,296.0552,13.09390000000002,fnsz
train,aaaaapks,aaaaapks_s016_t004,601.0,0,,,,,
train,aaaaapks,aaaaapks_s016_t005,953.0,4,1.0,168.0,234.7845,66.78450000000001,fnsz
train,aaaaapks,aaaaapks_s016_t005,953.0,4,2.0,400.0909,414.0909,14.0,fnsz
train,aaaaapks,aaaaapks_s016_t005,953.0,4,3.0,544.0909,568.0909,24.0,fnsz
train,aaaaapks,aaaaapks_s016_t005,953.0,4,4.0,639.1515,653.1515,14.0,fnsz
train,aaaaapks,aaaaapks_s016_t006,773.0,11,1.0,5.0303,24.0,18.9697,fnsz
train,aaaaapks,aaaaapks_s016_t006,773.0,11,2.0,152.1515,157.0,4.848500000000001,fnsz
train,aaaaapks,aaaaapks_s016_t006,773.0,11,3.0,337.0,361.9697,24.96969999999999,fnsz
train,aaaaapks,aaaaapks_s016_t006,773.0,11,4.0,395.0909,411.0909,16.0,fnsz
train,aaaaapks,aaaaapks_s016_t006,773.0,11,5.0,429.7879,441.9697,12.18180000000001,fnsz
train,aaaaapks,aaaaapks_s016_t006,773.0,11,6.0,496.0909,509.0606,12.969700000000046,fnsz
train,aaaaapks,aaaaapks_s016_t006,773.0,11,7.0,546.8788,559.7879,12.90910000000008,fnsz
train,aaaaapks,aaaaapks_s016_t006,773.0,11,8.0,596.0303,611.4848,15.454499999999939,fnsz
train,aaaaapks,aaaaapks_s016_t006,773.0,11,9.0,641.5455,655.303,13.75750000000005,fnsz
train,aaaaapks,aaaaapks_s016_t006,773.0,11,10.0,682.1515,703.0,20.848499999999945,fnsz
train,aaaaapks,aaaaapks_s016_t006,773.0,11,11.0,756.0303,770.8788,14.848499999999945,fnsz
train,aaaaapks,aaaaapks_s017_t000,300.0,7,1.0,20.0606,28.5455,8.4849,fnsz
train,aaaaapks,aaaaapks_s017_t000,300.0,7,2.0,53.3939,69.3333,15.939399999999992,fnsz
train,aaaaapks,aaaaapks_s017_t000,300.0,7,3.0,89.0303,101.9394,12.90910000000001,fnsz
train,aaaaapks,aaaaapks_s017_t000,300.0,7,4.0,133.0,144.0909,11.090900000000005,fnsz
train,aaaaapks,aaaaapks_s017_t000,300.0,7,5.0,169.0303,179.2121,10.181799999999981,fnsz
train,aaaaapks,aaaaapks_s017_t000,300.0,7,6.0,226.9697,243.0909,16.121200000000016,fnsz
train,aaaaapks,aaaaapks_s017_t000,300.0,7,7.0,275.6667,282.1515,6.484800000000007,fnsz
train,aaaaapks,aaaaapks_s017_t001,601.0,6,1.0,35.0606,46.0909,11.030299999999997,fnsz
train,aaaaapks,aaaaapks_s017_t001,601.0,6,2.0,155.0909,165.0909,10.0,fnsz
train,aaaaapks,aaaaapks_s017_t001,601.0,6,3.0,229.1212,243.0,13.878800000000012,fnsz
train,aaaaapks,aaaaapks_s017_t001,601.0,6,4.0,285.0,301.2424,16.242399999999975,fnsz
train,aaaaapks,aaaaapks_s017_t001,601.0,6,5.0,333.9394,345.5758,11.636400000000037,fnsz
train,aaaaapks,aaaaapks_s017_t001,601.0,6,6.0,500.0,520.303,20.302999999999997,fnsz
train,aaaaapks,aaaaapks_s017_t002,771.0,7,1.0,1.0,13.1515,12.1515,fnsz
train,aaaaapks,aaaaapks_s017_t002,771.0,7,2.0,57.0909,80.0,22.909100000000002,fnsz
train,aaaaapks,aaaaapks_s017_t002,771.0,7,3.0,171.0,193.0,22.0,fnsz
train,aaaaapks,aaaaapks_s017_t002,771.0,7,4.0,335.0606,350.8788,15.81819999999999,fnsz
train,aaaaapks,aaaaapks_s017_t002,771.0,7,5.0,407.0303,429.8788,22.8485,fnsz
train,aaaaapks,aaaaapks_s017_t002,771.0,7,6.0,506.9091,530.0606,23.1515,fnsz
train,aaaaapks,aaaaapks_s017_t002,771.0,7,7.0,639.0303,659.0909,20.060600000000022,fnsz
train,aaaaapks,aaaaapks_s017_t003,601.0,5,1.0,45.9697,70.5152,24.54549999999999,fnsz
train,aaaaapks,aaaaapks_s017_t003,601.0,5,2.0,194.0606,218.9697,24.909099999999995,fnsz
train,aaaaapks,aaaaapks_s017_t003,601.0,5,3.0,302.0909,324.0909,22.0,fnsz
train,aaaaapks,aaaaapks_s017_t003,601.0,5,4.0,422.0909,446.5758,24.48490000000004,fnsz
train,aaaaapks,aaaaapks_s017_t003,601.0,5,5.0,525.0,551.2424,26.242399999999975,fnsz
train,aaaaapks,aaaaapks_s017_t004,635.0,5,1.0,38.4696,64.0608,25.5912,fnsz|gnsz
train,aaaaapks,aaaaapks_s017_t004,635.0,5,2.0,161.6133,182.0331,20.41979999999998,fnsz|gnsz
train,aaaaapks,aaaaapks_s017_t004,635.0,5,3.0,292.989,319.2431,26.25410000000005,fnsz|gnsz
train,aaaaapks,aaaaapks_s017_t004,635.0,5,4.0,435.3591,463.2044,27.84530000000001,fnsz|gnsz
train,aaaaapks,aaaaapks_s017_t004,635.0,5,5.0,575.1713,605.9669,30.795600000000036,fnsz|gnsz
train,aaaaapks,aaaaapks_s017_t005,940.0,2,1.0,78.5027,115.1326,36.62989999999999,fnsz|gnsz
train,aaaaapks,aaaaapks_s017_t005,940.0,2,2.0,334.0387,359.5247,25.48599999999999,fnsz|gnsz
train,aaaaapks,aaaaapks_s017_t006,601.0,0,,,,,
train,aaaaapks,aaaaapks_s017_t007,7.0,0,,,,,
train,aaaaapks,aaaaapks_s017_t008,300.0,0,,,,,
train,aaaaapks,aaaaapks_s017_t009,601.0,0,,,,,
train,aaaaapks,aaaaapks_s017_t010,300.0,0,,,,,
train,aaaaapks,aaaaapks_s017_t011,300.0,0,,,,,
train,aaaaapks,aaaaapks_s017_t012,601.0,0,,,,,
train,aaaaapks,aaaaapks_s018_t000,300.0,0,,,,,
train,aaaaapks,aaaaapks_s018_t001,601.0,0,,,,,
train,aaaaapks,aaaaapks_s018_t002,601.0,0,,,,,
train,aaaaapks,aaaaapks_s018_t003,300.0,0,,,,,
train,aaaaapks,aaaaapks_s018_t004,601.0,0,,,,,
train,aaaaapks,aaaaapks_s018_t005,300.0,0,,,,,
train,aaaaapks,aaaaapks_s018_t006,601.0,0,,,,,
train,aaaaapks,aaaaapks_s018_t007,300.0,0,,,,,
train,aaaaapks,aaaaapks_s018_t008,601.0,0,,,,,
train,aaaaapks,aaaaapks_s018_t009,300.0,0,,,,,
train,aaaaapks,aaaaapks_s018_t010,601.0,0,,,,,
train,aaaaapkv,aaaaapkv_s001_t000,1800.0,0,,,,,
train,aaaaapkv,aaaaapkv_s001_t001,79.0,0,,,,,
train,aaaaaplb,aaaaaplb_s001_t000,1800.0,0,,,,,
train,aaaaaplb,aaaaaplb_s001_t001,818.0,0,,,,,
train,aaaaaplb,aaaaaplb_s002_t000,604.0,0,,,,,
train,aaaaaplb,aaaaaplb_s002_t007,65.0,0,,,,,
train,aaaaaplb,aaaaaplb_s002_t010,601.0,0,,,,,
train,aaaaaplb,aaaaaplb_s002_t011,789.0,0,,,,,
train,aaaaaplb,aaaaaplb_s002_t013,765.0,0,,,,,
train,aaaaaplb,aaaaaplb_s002_t014,633.0,0,,,,,
train,aaaaaplb,aaaaaplb_s002_t015,907.0,0,,,,,
train,aaaaaplb,aaaaaplb_s002_t016,300.0,0,,,,,
train,aaaaaplb,aaaaaplb_s002_t017,628.0,0,,,,,
train,aaaaaplb,aaaaaplb_s002_t018,1102.0,0,,,,,
train,aaaaaplb,aaaaaplb_s002_t019,300.0,0,,,,,
train,aaaaaplb,aaaaaplb_s002_t020,644.0,0,,,,,
train,aaaaaplb,aaaaaplb_s002_t021,671.0,0,,,,,
train,aaaaaplb,aaaaaplb_s002_t022,635.0,0,,,,,
train,aaaaaplb,aaaaaplb_s002_t023,633.0,0,,,,,
train,aaaaaplb,aaaaaplb_s002_t024,1054.0,0,,,,,
train,aaaaaplb,aaaaaplb_s002_t025,831.0,0,,,,,
train,aaaaaplb,aaaaaplb_s002_t026,508.0,0,,,,,
train,aaaaaplb,aaaaaplb_s003_t000,1580.0,0,,,,,
train,aaaaaplb,aaaaaplb_s003_t001,646.0,0,,,,,
train,aaaaaplb,aaaaaplb_s003_t002,1059.0,0,,,,,
train,aaaaaplb,aaaaaplb_s003_t003,666.0,0,,,,,
train,aaaaaplb,aaaaaplb_s003_t004,607.0,0,,,,,
train,aaaaaplb,aaaaaplb_s003_t005,601.0,0,,,,,
train,aaaaaplb,aaaaaplb_s003_t006,610.0,0,,,,,
train,aaaaaplb,aaaaaplb_s003_t007,300.0,0,,,,,
train,aaaaaplb,aaaaaplb_s003_t008,625.0,0,,,,,
train,aaaaaplb,aaaaaplb_s003_t009,601.0,0,,,,,
train,aaaaaplj,aaaaaplj_s001_t000,1324.0,0,,,,,
train,aaaaaply,aaaaaply_s001_t000,233.0,0,,,,,
train,aaaaaply,aaaaaply_s001_t001,1005.0,0,,,,,
train,aaaaapmd,aaaaapmd_s001_t000,1800.0,0,,,,,
train,aaaaapmd,aaaaapmd_s001_t001,1713.0,0,,,,,
train,aaaaapmd,aaaaapmd_s003_t000,73.0,1,1.0,1.0,72.0,71.0,fnsz
train,aaaaapmd,aaaaapmd_s003_t001,1496.0,1,1.0,1.0,934.1081,933.1081,fnsz
train,aaaaapmd,aaaaapmd_s003_t003,300.0,0,,,,,
train,aaaaapmd,aaaaapmd_s003_t004,300.0,0,,,,,
train,aaaaapmd,aaaaapmd_s003_t005,300.0,0,,,,,
train,aaaaapmd,aaaaapmd_s004_t002,601.0,0,,,,,
train,aaaaapmd,aaaaapmd_s004_t004,601.0,0,,,,,
train,aaaaapmd,aaaaapmd_s004_t006,601.0,0,,,,,
train,aaaaapmd,aaaaapmd_s004_t008,601.0,0,,,,,
train,aaaaapmd,aaaaapmd_s006_t000,300.0,0,,,,,
train,aaaaapmd,aaaaapmd_s006_t001,601.0,0,,,,,
train,aaaaapmd,aaaaapmd_s006_t002,300.0,0,,,,,
train,aaaaapmd,aaaaapmd_s006_t003,601.0,0,,,,,
train,aaaaapmd,aaaaapmd_s006_t004,300.0,0,,,,,
train,aaaaapmd,aaaaapmd_s006_t005,601.0,0,,,,,
train,aaaaapmd,aaaaapmd_s006_t006,300.0,0,,,,,
train,aaaaapmd,aaaaapmd_s006_t007,601.0,0,,,,,
train,aaaaapmd,aaaaapmd_s006_t008,300.0,0,,,,,
train,aaaaapmd,aaaaapmd_s006_t009,601.0,0,,,,,
train,aaaaapmj,aaaaapmj_s001_t000,1270.0,0,,,,,
train,aaaaapnc,aaaaapnc_s003_t000,886.0,0,,,,,
train,aaaaapnc,aaaaapnc_s003_t001,601.0,0,,,,,
train,aaaaapnc,aaaaapnc_s003_t002,601.0,0,,,,,
train,aaaaapnc,aaaaapnc_s003_t003,412.0,0,,,,,
train,aaaaapnc,aaaaapnc_s004_t000,300.0,0,,,,,
train,aaaaapnc,aaaaapnc_s004_t001,601.0,0,,,,,
train,aaaaapnc,aaaaapnc_s004_t002,300.0,0,,,,,
train,aaaaapnc,aaaaapnc_s004_t003,601.0,0,,,,,
train,aaaaapnc,aaaaapnc_s004_t004,300.0,0,,,,,
train,aaaaapnc,aaaaapnc_s004_t005,300.0,0,,,,,
train,aaaaapnc,aaaaapnc_s004_t006,601.0,0,,,,,
train,aaaaapnc,aaaaapnc_s013_t000,300.0,0,,,,,
train,aaaaapnc,aaaaapnc_s013_t001,601.0,0,,,,,
train,aaaaapnc,aaaaapnc_s013_t002,601.0,0,,,,,
train,aaaaapnc,aaaaapnc_s013_t003,300.0,0,,,,,
train,aaaaapnc,aaaaapnc_s013_t004,601.0,0,,,,,
train,aaaaapnc,aaaaapnc_s013_t005,300.0,0,,,,,
train,aaaaapnc,aaaaapnc_s013_t006,96.0,0,,,,,
train,aaaaapnc,aaaaapnc_s013_t009,41.0,0,,,,,
train,aaaaapnc,aaaaapnc_s013_t011,601.0,0,,,,,
train,aaaaapnc,aaaaapnc_s013_t012,300.0,0,,,,,
train,aaaaapnc,aaaaapnc_s013_t013,601.0,0,,,,,
train,aaaaapnc,aaaaapnc_s023_t001,294.0,0,,,,,
train,aaaaapnc,aaaaapnc_s023_t002,601.0,0,,,,,
train,aaaaapnc,aaaaapnc_s023_t003,300.0,0,,,,,
train,aaaaapnc,aaaaapnc_s023_t004,601.0,0,,,,,
train,aaaaapnc,aaaaapnc_s023_t005,300.0,0,,,,,
train,aaaaapnc,aaaaapnc_s023_t006,601.0,0,,,,,
train,aaaaapnc,aaaaapnc_s023_t007,300.0,0,,,,,
train,aaaaapnc,aaaaapnc_s023_t008,601.0,0,,,,,
train,aaaaapnc,aaaaapnc_s023_t009,300.0,0,,,,,
train,aaaaapnc,aaaaapnc_s023_t010,601.0,0,,,,,
train,aaaaapnc,aaaaapnc_s023_t011,601.0,0,,,,,
train,aaaaapnc,aaaaapnc_s024_t000,300.0,0,,,,,
train,aaaaapnc,aaaaapnc_s024_t001,601.0,0,,,,,
train,aaaaapnc,aaaaapnc_s024_t002,300.0,0,,,,,
train,aaaaapnc,aaaaapnc_s024_t003,601.0,0,,,,,
train,aaaaapnc,aaaaapnc_s024_t004,601.0,0,,,,,
train,aaaaapnc,aaaaapnc_s024_t005,300.0,0,,,,,
train,aaaaapnc,aaaaapnc_s024_t006,300.0,0,,,,,
train,aaaaapnc,aaaaapnc_s024_t007,601.0,0,,,,,
train,aaaaapnc,aaaaapnc_s024_t008,300.0,0,,,,,
train,aaaaapnc,aaaaapnc_s024_t009,601.0,0,,,,,
train,aaaaapnl,aaaaapnl_s001_t001,1248.0,0,,,,,
train,aaaaapnl,aaaaapnl_s002_t000,83.0,1,1.0,52.332,82.0,29.668,fnsz
train,aaaaapnl,aaaaapnl_s002_t001,1800.0,0,,,,,
train,aaaaapnl,aaaaapnl_s002_t002,515.0,0,,,,,
train,aaaaapnl,aaaaapnl_s003_t000,1418.0,0,,,,,
train,aaaaapnl,aaaaapnl_s004_t000,300.0,0,,,,,
train,aaaaapnl,aaaaapnl_s004_t001,601.0,0,,,,,
train,aaaaapnl,aaaaapnl_s004_t002,300.0,0,,,,,
train,aaaaapnl,aaaaapnl_s004_t003,601.0,0,,,,,
train,aaaaapnl,aaaaapnl_s004_t004,767.0,0,,,,,
train,aaaaapnl,aaaaapnl_s004_t005,300.0,0,,,,,
train,aaaaapnl,aaaaapnl_s004_t006,601.0,0,,,,,
train,aaaaapnl,aaaaapnl_s004_t007,300.0,0,,,,,
train,aaaaapnl,aaaaapnl_s004_t008,601.0,0,,,,,
train,aaaaapnl,aaaaapnl_s005_t000,275.0,0,,,,,
train,aaaaapnl,aaaaapnl_s005_t001,25.0,0,,,,,
train,aaaaapnl,aaaaapnl_s005_t002,601.0,0,,,,,
train,aaaaapnl,aaaaapnl_s005_t003,601.0,0,,,,,
train,aaaaapnl,aaaaapnl_s005_t004,300.0,0,,,,,
train,aaaaapnl,aaaaapnl_s005_t005,601.0,0,,,,,
train,aaaaapnl,aaaaapnl_s005_t006,300.0,0,,,,,
train,aaaaapnl,aaaaapnl_s005_t007,877.0,0,,,,,
train,aaaaapnl,aaaaapnl_s005_t008,601.0,0,,,,,
train,aaaaapnl,aaaaapnl_s005_t009,300.0,0,,,,,
train,aaaaapnl,aaaaapnl_s005_t010,601.0,0,,,,,
train,aaaaapnl,aaaaapnl_s006_t000,185.0,0,,,,,
train,aaaaapnl,aaaaapnl_s006_t001,50.0,0,,,,,
train,aaaaapnl,aaaaapnl_s006_t002,65.0,0,,,,,
train,aaaaapnl,aaaaapnl_s006_t003,601.0,0,,,,,
train,aaaaapnl,aaaaapnl_s006_t004,300.0,0,,,,,
train,aaaaapnl,aaaaapnl_s006_t005,601.0,0,,,,,
train,aaaaapnl,aaaaapnl_s006_t006,300.0,0,,,,,
train,aaaaapnl,aaaaapnl_s006_t007,601.0,0,,,,,
train,aaaaapnl,aaaaapnl_s006_t008,300.0,0,,,,,
train,aaaaapnl,aaaaapnl_s006_t009,601.0,0,,,,,
train,aaaaapnl,aaaaapnl_s006_t010,300.0,0,,,,,
train,aaaaapnl,aaaaapnl_s006_t011,601.0,0,,,,,
train,aaaaapnl,aaaaapnl_s007_t000,300.0,0,,,,,
train,aaaaapnl,aaaaapnl_s007_t001,601.0,0,,,,,
train,aaaaapnl,aaaaapnl_s007_t002,671.0,0,,,,,
train,aaaaapnl,aaaaapnl_s007_t003,300.0,0,,,,,
train,aaaaapnl,aaaaapnl_s007_t004,601.0,0,,,,,
train,aaaaapnl,aaaaapnl_s007_t005,601.0,0,,,,,
train,aaaaapnl,aaaaapnl_s007_t006,300.0,0,,,,,
train,aaaaapnl,aaaaapnl_s007_t007,601.0,0,,,,,
train,aaaaapnl,aaaaapnl_s007_t008,300.0,0,,,,,
train,aaaaapnl,aaaaapnl_s007_t009,601.0,0,,,,,
train,aaaaapnl,aaaaapnl_s008_t000,300.0,0,,,,,
train,aaaaapnl,aaaaapnl_s008_t001,601.0,0,,,,,
train,aaaaapnl,aaaaapnl_s008_t002,601.0,0,,,,,
train,aaaaapnl,aaaaapnl_s008_t003,300.0,0,,,,,
train,aaaaapnl,aaaaapnl_s008_t004,601.0,0,,,,,
train,aaaaapnl,aaaaapnl_s008_t005,300.0,0,,,,,
train,aaaaapnl,aaaaapnl_s008_t006,601.0,0,,,,,
train,aaaaapnl,aaaaapnl_s008_t007,300.0,0,,,,,
train,aaaaapnl,aaaaapnl_s008_t008,601.0,0,,,,,
train,aaaaapnl,aaaaapnl_s008_t009,300.0,0,,,,,
train,aaaaapnl,aaaaapnl_s008_t010,601.0,0,,,,,
train,aaaaapon,aaaaapon_s001_t000,93.0,0,,,,,
train,aaaaapon,aaaaapon_s001_t001,1139.0,0,,,,,
train,aaaaappt,aaaaappt_s004_t000,1800.0,0,,,,,
train,aaaaappt,aaaaappt_s004_t001,641.0,0,,,,,
train,aaaaappt,aaaaappt_s004_t002,5.0,1,1.0,0.0,4.1024,4.1024,fnsz
train,aaaaappt,aaaaappt_s005_t000,300.0,0,,,,,
train,aaaaappt,aaaaappt_s005_t001,601.0,0,,,,,
train,aaaaappt,aaaaappt_s005_t002,300.0,0,,,,,
train,aaaaappt,aaaaappt_s005_t003,601.0,0,,,,,
train,aaaaappt,aaaaappt_s005_t004,300.0,0,,,,,
train,aaaaappt,aaaaappt_s005_t005,601.0,0,,,,,
train,aaaaappt,aaaaappt_s005_t006,300.0,0,,,,,
train,aaaaappt,aaaaappt_s005_t007,601.0,0,,,,,
train,aaaaappt,aaaaappt_s005_t008,300.0,0,,,,,
train,aaaaappt,aaaaappt_s005_t009,601.0,0,,,,,
train,aaaaappt,aaaaappt_s005_t010,457.0,0,,,,,
train,aaaaappt,aaaaappt_s006_t000,93.0,0,,,,,
train,aaaaappt,aaaaappt_s006_t001,207.0,0,,,,,
train,aaaaappt,aaaaappt_s006_t002,601.0,0,,,,,
train,aaaaappt,aaaaappt_s006_t003,601.0,0,,,,,
train,aaaaappt,aaaaappt_s006_t004,300.0,0,,,,,
train,aaaaappt,aaaaappt_s006_t005,692.0,0,,,,,
train,aaaaappt,aaaaappt_s006_t006,300.0,0,,,,,
train,aaaaappt,aaaaappt_s006_t007,601.0,0,,,,,
train,aaaaappt,aaaaappt_s006_t008,300.0,0,,,,,
train,aaaaappt,aaaaappt_s006_t009,601.0,0,,,,,
train,aaaaappt,aaaaappt_s006_t010,300.0,0,,,,,
train,aaaaappt,aaaaappt_s006_t011,601.0,0,,,,,
train,aaaaappv,aaaaappv_s001_t000,625.0,0,,,,,
train,aaaaappv,aaaaappv_s001_t001,683.0,0,,,,,
train,aaaaappv,aaaaappv_s002_t000,300.0,0,,,,,
train,aaaaappv,aaaaappv_s002_t001,601.0,0,,,,,
train,aaaaappv,aaaaappv_s002_t002,1248.0,0,,,,,
train,aaaaappv,aaaaappv_s002_t003,300.0,0,,,,,
train,aaaaappv,aaaaappv_s002_t004,601.0,0,,,,,
train,aaaaappv,aaaaappv_s002_t005,601.0,0,,,,,
train,aaaaappv,aaaaappv_s002_t006,300.0,0,,,,,
train,aaaaappv,aaaaappv_s002_t007,601.0,0,,,,,
train,aaaaappv,aaaaappv_s002_t008,9.0,1,1.0,0.0,8.8464,8.8464,gnsz
train,aaaaappv,aaaaappv_s002_t009,300.0,0,,,,,
train,aaaaappz,aaaaappz_s001_t000,1269.0,0,,,,,
train,aaaaappz,aaaaappz_s002_t000,93.0,0,,,,,
train,aaaaappz,aaaaappz_s002_t001,781.0,0,,,,,
train,aaaaappz,aaaaappz_s002_t002,601.0,0,,,,,
train,aaaaappz,aaaaappz_s002_t003,601.0,0,,,,,
train,aaaaappz,aaaaappz_s002_t004,601.0,0,,,,,
train,aaaaappz,aaaaappz_s002_t005,300.0,0,,,,,
train,aaaaappz,aaaaappz_s002_t006,300.0,0,,,,,
train,aaaaapqh,aaaaapqh_s001_t001,1303.0,0,,,,,
train,aaaaapqh,aaaaapqh_s002_t000,300.0,0,,,,,
train,aaaaapqh,aaaaapqh_s002_t002,300.0,0,,,,,
train,aaaaapqh,aaaaapqh_s002_t003,601.0,0,,,,,
train,aaaaapqh,aaaaapqh_s002_t004,300.0,0,,,,,
train,aaaaapqh,aaaaapqh_s002_t005,601.0,0,,,,,
train,aaaaapqh,aaaaapqh_s003_t000,300.0,0,,,,,
train,aaaaapqh,aaaaapqh_s003_t001,30.0,0,,,,,
train,aaaaapqh,aaaaapqh_s003_t002,562.0,0,,,,,
train,aaaaapqh,aaaaapqh_s003_t003,601.0,0,,,,,
train,aaaaapqh,aaaaapqh_s003_t005,775.0,0,,,,,
train,aaaaapqh,aaaaapqh_s003_t006,601.0,0,,,,,
train,aaaaapqh,aaaaapqh_s003_t007,300.0,0,,,,,
train,aaaaapqh,aaaaapqh_s003_t008,601.0,0,,,,,
train,aaaaapqh,aaaaapqh_s004_t000,300.0,0,,,,,
train,aaaaapqh,aaaaapqh_s004_t001,601.0,0,,,,,
train,aaaaapqh,aaaaapqh_s004_t002,458.0,0,,,,,
train,aaaaaprc,aaaaaprc_s003_t000,1800.0,0,,,,,
train,aaaaaprc,aaaaaprc_s003_t001,1726.0,0,,,,,
train,aaaaaprc,aaaaaprc_s004_t000,300.0,0,,,,,
train,aaaaaprc,aaaaaprc_s004_t001,830.0,0,,,,,
train,aaaaaprc,aaaaaprc_s004_t002,300.0,0,,,,,
train,aaaaaprc,aaaaaprc_s004_t003,532.0,0,,,,,
train,aaaaaprc,aaaaaprc_s004_t004,300.0,0,,,,,
train,aaaaaprc,aaaaaprc_s004_t005,300.0,0,,,,,
train,aaaaaprc,aaaaaprc_s004_t006,300.0,0,,,,,
train,aaaaaprf,aaaaaprf_s001_t000,1272.0,9,1.0,96.0,117.116,21.116,fnsz
train,aaaaaprf,aaaaaprf_s001_t000,1272.0,9,2.0,226.004,290.0549,64.05089999999998,fnsz
train,aaaaaprf,aaaaaprf_s001_t000,1272.0,9,3.0,431.612,502.008,70.39599999999996,fnsz
train,aaaaaprf,aaaaaprf_s001_t000,1272.0,9,4.0,549.996,604.0,54.00400000000002,fnsz
train,aaaaaprf,aaaaaprf_s001_t000,1272.0,9,5.0,692.996,751.0042,58.00819999999999,fnsz
train,aaaaaprf,aaaaaprf_s001_t000,1272.0,9,6.0,814.996,842.492,27.49599999999998,fnsz
train,aaaaaprf,aaaaaprf_s001_t000,1272.0,9,7.0,857.008,912.0071,54.9991,fnsz
train,aaaaaprf,aaaaaprf_s001_t000,1272.0,9,8.0,985.004,1006.228,21.223999999999933,fnsz
train,aaaaaprf,aaaaaprf_s001_t000,1272.0,9,9.0,1047.668,1080.724,33.05600000000004,fnsz
train,aaaaaprf,aaaaaprf_s002_t000,300.0,0,,,,,
train,aaaaaprf,aaaaaprf_s002_t001,1056.0,0,,,,,
train,aaaaaprf,aaaaaprf_s002_t002,601.0,0,,,,,
train,aaaaaprf,aaaaaprf_s002_t003,300.0,0,,,,,
train,aaaaaprf,aaaaaprf_s002_t004,601.0,0,,,,,
train,aaaaaprf,aaaaaprf_s002_t005,601.0,0,,,,,
train,aaaaaprf,aaaaaprf_s002_t006,300.0,0,,,,,
train,aaaaaprf,aaaaaprf_s002_t007,601.0,0,,,,,
train,aaaaaprj,aaaaaprj_s001_t000,1211.0,20,1.0,22.5547,40.1563,17.6016,fnsz
train,aaaaaprj,aaaaaprj_s001_t000,1211.0,20,2.0,71.2773,98.0866,26.809300000000007,fnsz
train,aaaaaprj,aaaaaprj_s001_t000,1211.0,20,3.0,122.5566,148.3574,25.80080000000001,fnsz
train,aaaaaprj,aaaaaprj_s001_t000,1211.0,20,4.0,179.7109,198.9057,19.194799999999987,fnsz
train,aaaaaprj,aaaaaprj_s001_t000,1211.0,20,5.0,224.668,252.8672,28.19919999999999,fnsz
train,aaaaaprj,aaaaaprj_s001_t000,1211.0,20,6.0,282.0044,297.1094,15.105000000000018,fnsz
train,aaaaaprj,aaaaaprj_s001_t000,1211.0,20,7.0,306.8048,320.7182,13.913400000000024,fnsz
train,aaaaaprj,aaaaaprj_s001_t000,1211.0,20,8.0,364.7422,407.8438,43.10159999999996,fnsz
train,aaaaaprj,aaaaaprj_s001_t000,1211.0,20,9.0,431.3101,461.677,30.366900000000044,fnsz
train,aaaaaprj,aaaaaprj_s001_t000,1211.0,20,10.0,483.8672,537.3678,53.50059999999996,fnsz
train,aaaaaprj,aaaaaprj_s001_t000,1211.0,20,11.0,560.1328,582.2943,22.161500000000046,fnsz
train,aaaaaprj,aaaaaprj_s001_t000,1211.0,20,12.0,599.9648,643.5065,43.54169999999999,fnsz
train,aaaaaprj,aaaaaprj_s001_t000,1211.0,20,13.0,682.5594,715.9883,33.4289,fnsz
train,aaaaaprj,aaaaaprj_s001_t000,1211.0,20,14.0,765.4648,791.5342,26.069400000000087,fnsz
train,aaaaaprj,aaaaaprj_s001_t000,1211.0,20,15.0,815.0898,846.5438,31.454000000000065,fnsz
train,aaaaaprj,aaaaaprj_s001_t000,1211.0,20,16.0,860.7891,895.4611,34.672000000000025,fnsz
train,aaaaaprj,aaaaaprj_s001_t000,1211.0,20,17.0,936.2422,975.7167,39.47449999999992,fnsz
train,aaaaaprj,aaaaaprj_s001_t000,1211.0,20,18.0,1020.3385,1045.5438,25.205299999999966,fnsz
train,aaaaaprj,aaaaaprj_s001_t000,1211.0,20,19.0,1067.6758,1111.688,44.01220000000012,fnsz
train,aaaaaprj,aaaaaprj_s001_t000,1211.0,20,20.0,1196.9453,1209.6848,12.739499999999907,fnsz
train,aaaaaprj,aaaaaprj_s002_t000,300.0,5,1.0,1.1133,19.6638,18.5505,fnsz
train,aaaaaprj,aaaaaprj_s002_t000,300.0,5,2.0,45.1521,99.6028,54.450700000000005,fnsz
train,aaaaaprj,aaaaaprj_s002_t000,300.0,5,3.0,126.7891,160.0898,33.30069999999999,fnsz
train,aaaaaprj,aaaaaprj_s002_t000,300.0,5,4.0,182.3555,222.4631,40.10759999999999,fnsz
train,aaaaaprj,aaaaaprj_s002_t000,300.0,5,5.0,243.3284,263.1031,19.774699999999996,fnsz
train,aaaaaprj,aaaaaprj_s002_t001,601.0,12,1.0,1.0273,31.3281,30.3008,fnsz
train,aaaaaprj,aaaaaprj_s002_t001,601.0,12,2.0,48.6484,77.3119,28.663499999999992,fnsz
train,aaaaaprj,aaaaaprj_s002_t001,601.0,12,3.0,90.3205,116.3438,26.023300000000006,fnsz
train,aaaaaprj,aaaaaprj_s002_t001,601.0,12,4.0,138.4336,166.9336,28.5,fnsz
train,aaaaaprj,aaaaaprj_s002_t001,601.0,12,5.0,203.2266,234.7266,31.5,fnsz
train,aaaaaprj,aaaaaprj_s002_t001,601.0,12,6.0,254.6406,281.4508,26.81020000000001,fnsz
train,aaaaaprj,aaaaaprj_s002_t001,601.0,12,7.0,300.7539,347.5997,46.8458,fnsz
train,aaaaaprj,aaaaaprj_s002_t001,601.0,12,8.0,378.0391,403.0391,25.0,fnsz
train,aaaaaprj,aaaaaprj_s002_t001,601.0,12,9.0,444.5508,459.3516,14.800800000000038,fnsz
train,aaaaaprj,aaaaaprj_s002_t001,601.0,12,10.0,493.8438,524.043,30.19920000000002,fnsz
train,aaaaaprj,aaaaaprj_s002_t001,601.0,12,11.0,541.957,563.4476,21.490599999999972,fnsz
train,aaaaaprj,aaaaaprj_s002_t001,601.0,12,12.0,579.957,599.6696,19.712599999999952,fnsz
train,aaaaaprj,aaaaaprj_s002_t002,601.0,7,1.0,24.082,38.8512,14.769199999999998,fnsz
train,aaaaaprj,aaaaaprj_s002_t002,601.0,7,2.0,148.957,163.3472,14.390199999999993,fnsz
train,aaaaaprj,aaaaaprj_s002_t002,601.0,7,3.0,210.8498,248.2927,37.44290000000001,fnsz
train,aaaaaprj,aaaaaprj_s002_t002,601.0,7,4.0,340.0547,350.0547,10.0,fnsz
train,aaaaaprj,aaaaaprj_s002_t002,601.0,7,5.0,408.9453,425.2461,16.300800000000038,fnsz
train,aaaaaprj,aaaaaprj_s002_t002,601.0,7,6.0,434.7461,447.7899,13.043799999999976,fnsz
train,aaaaaprj,aaaaaprj_s002_t002,601.0,7,7.0,538.8555,575.5531,36.697599999999966,fnsz
train,aaaaaprj,aaaaaprj_s002_t003,300.0,4,1.0,66.7891,88.9883,22.19919999999999,fnsz
train,aaaaaprj,aaaaaprj_s002_t003,300.0,4,2.0,102.8179,129.677,26.859099999999998,fnsz
train,aaaaaprj,aaaaaprj_s002_t003,300.0,4,3.0,175.1165,186.9102,11.793700000000001,fnsz
train,aaaaaprj,aaaaaprj_s002_t003,300.0,4,4.0,276.7658,295.9001,19.134299999999996,fnsz
train,aaaaaprj,aaaaaprj_s002_t004,601.0,1,1.0,158.1744,172.6559,14.481500000000011,fnsz
train,aaaaaprj,aaaaaprj_s002_t005,422.0,3,1.0,2.1406,18.6406,16.5,fnsz
train,aaaaaprj,aaaaaprj_s002_t005,422.0,3,2.0,189.6406,206.8065,17.165899999999993,fnsz
train,aaaaaprj,aaaaaprj_s002_t005,422.0,3,3.0,234.1406,255.2804,21.13979999999998,fnsz
train,aaaaaprj,aaaaaprj_s002_t006,300.0,0,,,,,
train,aaaaaprj,aaaaaprj_s002_t007,601.0,0,,,,,
train,aaaaaprj,aaaaaprj_s002_t008,525.0,0,,,,,
train,aaaaaprj,aaaaaprj_s002_t009,19.0,0,,,,,
train,aaaaaprj,aaaaaprj_s003_t000,18.0,0,,,,,
train,aaaaaprj,aaaaaprj_s003_t001,282.0,0,,,,,
train,aaaaaprj,aaaaaprj_s003_t002,601.0,0,,,,,
train,aaaaaprj,aaaaaprj_s003_t003,300.0,0,,,,,
train,aaaaaprj,aaaaaprj_s003_t004,601.0,0,,,,,
train,aaaaaprj,aaaaaprj_s003_t005,300.0,0,,,,,
train,aaaaaprj,aaaaaprj_s003_t006,601.0,0,,,,,
train,aaaaaprj,aaaaaprj_s003_t007,300.0,0,,,,,
train,aaaaaprj,aaaaaprj_s003_t008,601.0,0,,,,,
train,aaaaaprj,aaaaaprj_s003_t009,300.0,0,,,,,
train,aaaaaprj,aaaaaprj_s003_t010,601.0,0,,,,,
train,aaaaaprj,aaaaaprj_s004_t000,300.0,0,,,,,
train,aaaaaprj,aaaaaprj_s004_t001,601.0,0,,,,,
train,aaaaaprj,aaaaaprj_s004_t002,300.0,0,,,,,
train,aaaaaprj,aaaaaprj_s004_t003,601.0,0,,,,,
train,aaaaaprj,aaaaaprj_s004_t004,300.0,0,,,,,
train,aaaaaprj,aaaaaprj_s004_t005,601.0,0,,,,,
train,aaaaaprj,aaaaaprj_s004_t006,300.0,0,,,,,
train,aaaaaprj,aaaaaprj_s004_t007,601.0,0,,,,,
train,aaaaaprj,aaaaaprj_s004_t008,300.0,0,,,,,
train,aaaaaprj,aaaaaprj_s004_t009,601.0,0,,,,,
train,aaaaaprj,aaaaaprj_s005_t000,300.0,0,,,,,
train,aaaaaprj,aaaaaprj_s005_t001,601.0,0,,,,,
train,aaaaaprj,aaaaaprj_s005_t002,601.0,0,,,,,
train,aaaaaprj,aaaaaprj_s005_t003,300.0,0,,,,,
train,aaaaaprj,aaaaaprj_s005_t004,601.0,0,,,,,
train,aaaaaprj,aaaaaprj_s005_t005,601.0,0,,,,,
train,aaaaaprj,aaaaaprj_s005_t006,300.0,0,,,,,
train,aaaaaprj,aaaaaprj_s005_t007,440.0,0,,,,,
train,aaaaaptz,aaaaaptz_s002_t000,1263.0,0,,,,,
train,aaaaaptz,aaaaaptz_s005_t000,300.0,0,,,,,
train,aaaaaptz,aaaaaptz_s005_t001,1448.0,0,,,,,
train,aaaaaptz,aaaaaptz_s005_t002,300.0,0,,,,,
train,aaaaaptz,aaaaaptz_s005_t003,601.0,0,,,,,
train,aaaaaptz,aaaaaptz_s005_t004,300.0,0,,,,,
train,aaaaaptz,aaaaaptz_s005_t005,300.0,0,,,,,
train,aaaaaptz,aaaaaptz_s005_t006,601.0,0,,,,,
train,aaaaaptz,aaaaaptz_s005_t007,300.0,0,,,,,
train,aaaaaptz,aaaaaptz_s005_t008,601.0,0,,,,,
train,aaaaapus,aaaaapus_s001_t000,1323.0,0,,,,,
train,aaaaapwy,aaaaapwy_s004_t000,1433.0,0,,,,,
train,aaaaapwy,aaaaapwy_s007_t000,300.0,0,,,,,
train,aaaaapwy,aaaaapwy_s007_t001,917.0,0,,,,,
train,aaaaapwy,aaaaapwy_s007_t002,369.0,0,,,,,
train,aaaaapwy,aaaaapwy_s007_t003,331.0,0,,,,,
train,aaaaapwy,aaaaapwy_s007_t004,386.0,0,,,,,
train,aaaaapwy,aaaaapwy_s007_t005,371.0,0,,,,,
train,aaaaapwy,aaaaapwy_s007_t006,514.0,0,,,,,
train,aaaaapwy,aaaaapwy_s007_t007,334.0,0,,,,,
train,aaaaapwy,aaaaapwy_s007_t008,374.0,0,,,,,
train,aaaaapwy,aaaaapwy_s007_t009,371.0,0,,,,,
train,aaaaapwy,aaaaapwy_s007_t010,380.0,0,,,,,
train,aaaaapwy,aaaaapwy_s007_t011,300.0,0,,,,,
train,aaaaapwy,aaaaapwy_s007_t012,601.0,0,,,,,
train,aaaaapwy,aaaaapwy_s007_t013,382.0,0,,,,,
train,aaaaapwy,aaaaapwy_s007_t014,370.0,0,,,,,
train,aaaaapwy,aaaaapwy_s007_t015,300.0,0,,,,,
train,aaaaapwy,aaaaapwy_s007_t016,300.0,0,,,,,
train,aaaaapwy,aaaaapwy_s007_t017,601.0,0,,,,,
train,aaaaapxw,aaaaapxw_s002_t000,614.0,0,,,,,
train,aaaaapxw,aaaaapxw_s002_t001,601.0,0,,,,,
train,aaaaapxw,aaaaapxw_s002_t002,1037.0,4,1.0,79.8768,124.6104,44.733599999999996,gnsz
train,aaaaapxw,aaaaapxw_s002_t002,1037.0,4,2.0,232.5438,266.1065,33.56269999999998,gnsz
train,aaaaapxw,aaaaapxw_s002_t002,1037.0,4,3.0,502.1165,536.9806,34.86410000000001,gnsz
train,aaaaapxw,aaaaapxw_s002_t002,1037.0,4,4.0,551.9617,613.1826,61.22090000000003,gnsz
train,aaaaapxw,aaaaapxw_s002_t003,601.0,0,,,,,
train,aaaaapxw,aaaaapxw_s002_t004,300.0,0,,,,,
train,aaaaapxw,aaaaapxw_s002_t005,601.0,0,,,,,
train,aaaaapxw,aaaaapxw_s002_t006,184.0,0,,,,,
train,aaaaapxw,aaaaapxw_s003_t000,300.0,0,,,,,
train,aaaaapxw,aaaaapxw_s003_t001,601.0,0,,,,,
train,aaaaapxw,aaaaapxw_s003_t002,1521.0,0,,,,,
train,aaaaapxw,aaaaapxw_s003_t003,300.0,0,,,,,
train,aaaaapxw,aaaaapxw_s003_t004,601.0,0,,,,,
train,aaaaapxw,aaaaapxw_s003_t005,300.0,0,,,,,
train,aaaaapxw,aaaaapxw_s003_t006,601.0,0,,,,,
train,aaaaapxw,aaaaapxw_s003_t007,300.0,0,,,,,
train,aaaaapxw,aaaaapxw_s003_t008,601.0,0,,,,,
train,aaaaapxw,aaaaapxw_s004_t000,787.0,0,,,,,
train,aaaaapxw,aaaaapxw_s004_t001,601.0,0,,,,,
train,aaaaapxw,aaaaapxw_s004_t002,601.0,0,,,,,
train,aaaaapxw,aaaaapxw_s004_t003,601.0,0,,,,,
train,aaaaapxw,aaaaapxw_s004_t004,300.0,0,,,,,
train,aaaaapxw,aaaaapxw_s004_t005,291.0,0,,,,,
train,aaaaapzi,aaaaapzi_s001_t000,453.0,0,,,,,
train,aaaaapzi,aaaaapzi_s001_t001,810.0,0,,,,,
train,aaaaaqbb,aaaaaqbb_s001_t001,1297.0,3,1.0,42.1326,106.9724,64.8398,fnsz
train,aaaaaqbb,aaaaaqbb_s001_t001,1297.0,3,2.0,627.0663,695.0552,67.98890000000006,fnsz
train,aaaaaqbb,aaaaaqbb_s001_t001,1297.0,3,3.0,1047.337,1114.4972,67.16020000000003,fnsz
train,aaaaaqbb,aaaaaqbb_s008_t001,904.0,2,1.0,32.0492,85.0303,52.9811,fnsz
train,aaaaaqbb,aaaaaqbb_s008_t001,904.0,2,2.0,325.303,507.1212,181.8182,gnsz
train,aaaaaqbb,aaaaaqbb_s008_t002,807.0,0,,,,,
train,aaaaaqbb,aaaaaqbb_s009_t000,401.0,3,1.0,98.8483,150.0303,51.182000000000016,fnsz
train,aaaaaqbb,aaaaaqbb_s009_t000,401.0,3,2.0,160.9724,280.3536,119.38119999999998,fnsz
train,aaaaaqbb,aaaaaqbb_s009_t000,401.0,3,3.0,284.1271,298.116,13.988900000000001,fnsz
train,aaaaaqbb,aaaaaqbb_s009_t001,184.0,1,1.0,79.1823,182.011,102.8287,fnsz|gnsz
train,aaaaaqbb,aaaaaqbb_s009_t002,287.0,1,1.0,144.9779,196.5083,51.530399999999986,fnsz|gnsz
train,aaaaaqbb,aaaaaqbb_s009_t003,263.0,1,1.0,130.9613,176.7403,45.778999999999996,fnsz|gnsz
train,aaaaaqbb,aaaaaqbb_s010_t000,183.0,1,1.0,87.9558,143.1934,55.2376,fnsz
train,aaaaaqbb,aaaaaqbb_s010_t001,183.0,1,1.0,53.4199,120.0497,66.6298,fnsz
train,aaaaaqbb,aaaaaqbb_s010_t002,184.0,1,1.0,47.3315,114.0939,66.76240000000001,fnsz
train,aaaaaqbb,aaaaaqbb_s010_t003,183.0,1,1.0,95.0,137.0994,42.0994,fnsz
train,aaaaaqds,aaaaaqds_s002_t000,994.0,0,,,,,
train,aaaaaqds,aaaaaqds_s002_t001,1466.0,0,,,,,
train,aaaaaqfx,aaaaaqfx_s007_t000,1372.0,0,,,,,
train,aaaaaqfx,aaaaaqfx_s007_t001,128.0,0,,,,,
train,aaaaaqfx,aaaaaqfx_s008_t000,1800.0,0,,,,,
train,aaaaaqfx,aaaaaqfx_s008_t001,588.0,0,,,,,
train,aaaaaqfx,aaaaaqfx_s009_t001,617.0,0,,,,,
train,aaaaaqfx,aaaaaqfx_s010_t001,65.0,0,,,,,
train,aaaaaqjn,aaaaaqjn_s002_t000,99.0,0,,,,,
train,aaaaaqjn,aaaaaqjn_s002_t001,1800.0,0,,,,,
train,aaaaaqjn,aaaaaqjn_s002_t002,569.0,0,,,,,
train,aaaaaqkb,aaaaaqkb_s001_t000,1472.0,7,1.0,1.0,26.7938,25.7938,fnsz
train,aaaaaqkb,aaaaaqkb_s001_t000,1472.0,7,2.0,168.7212,287.0681,118.3469,fnsz
train,aaaaaqkb,aaaaaqkb_s001_t000,1472.0,7,3.0,478.0309,569.8565,91.82560000000001,fnsz
train,aaaaaqkb,aaaaaqkb_s001_t000,1472.0,7,4.0,817.1362,917.9537,100.8175,fnsz
train,aaaaaqkb,aaaaaqkb_s001_t000,1472.0,7,5.0,1061.0445,1106.3215,45.277000000000044,fnsz
train,aaaaaqkb,aaaaaqkb_s001_t000,1472.0,7,6.0,1298.9046,1389.1862,90.28160000000003,fnsz
train,aaaaaqkb,aaaaaqkb_s001_t000,1472.0,7,7.0,1393.1272,1423.8265,30.699299999999994,fnsz
train,aaaaaqkb,aaaaaqkb_s001_t001,742.0,1,1.0,601.861,639.1907,37.3297,fnsz
train,aaaaaqkb,aaaaaqkb_s001_t002,652.0,2,1.0,321.0908,412.1898,91.09899999999999,fnsz
train,aaaaaqkb,aaaaaqkb_s001_t002,652.0,2,2.0,611.0836,651.0,39.91639999999995,fnsz
train,aaaaaqkb,aaaaaqkb_s001_t003,214.0,1,1.0,42.0563,142.8283,100.77200000000002,fnsz
train,aaaaaqkb,aaaaaqkb_s001_t004,478.0,2,1.0,16.9846,120.2089,103.2243,fnsz
train,aaaaaqkb,aaaaaqkb_s001_t004,478.0,2,2.0,378.1335,477.0,98.86649999999997,fnsz
train,aaaaaqkb,aaaaaqkb_s001_t005,1219.0,3,1.0,130.1281,303.8792,173.75110000000004,fnsz
train,aaaaaqkb,aaaaaqkb_s001_t005,1219.0,3,2.0,454.0336,580.9637,126.93010000000004,fnsz
train,aaaaaqkb,aaaaaqkb_s001_t005,1219.0,3,3.0,707.0336,837.0518,130.01819999999998,fnsz
train,aaaaaqkb,aaaaaqkb_s001_t006,601.0,1,1.0,500.9083,600.0,99.0917,fnsz
train,aaaaaqkb,aaaaaqkb_s001_t007,300.0,1,1.0,141.1744,249.1217,107.94730000000001,fnsz
train,aaaaaqkb,aaaaaqkb_s001_t008,603.0,2,1.0,28.8974,80.1235,51.2261,fnsz
train,aaaaaqkb,aaaaaqkb_s001_t008,603.0,2,2.0,250.1798,378.1998,128.01999999999998,fnsz
train,aaaaaqkb,aaaaaqkb_s001_t009,725.0,1,1.0,306.0718,425.7811,119.70929999999998,fnsz
train,aaaaaqkb,aaaaaqkb_s001_t010,601.0,0,,,,,
train,aaaaaqkb,aaaaaqkb_s001_t011,300.0,1,1.0,136.9891,280.9946,144.00549999999998,fnsz
train,aaaaaqkb,aaaaaqkb_s002_t000,300.0,0,,,,,
train,aaaaaqkb,aaaaaqkb_s002_t001,601.0,0,,,,,
train,aaaaaqkb,aaaaaqkb_s002_t002,955.0,1,1.0,353.9437,475.7875,121.84380000000004,fnsz
train,aaaaaqkb,aaaaaqkb_s002_t003,1098.0,2,1.0,354.0372,466.8892,112.85200000000003,fnsz
train,aaaaaqkb,aaaaaqkb_s002_t003,1098.0,2,2.0,744.9936,830.0527,85.05909999999994,fnsz
train,aaaaaqkb,aaaaaqkb_s002_t004,601.0,0,,,,,
train,aaaaaqkb,aaaaaqkb_s002_t005,930.0,1,1.0,391.9519,481.7339,89.78199999999998,fnsz
train,aaaaaqkb,aaaaaqkb_s002_t006,601.0,1,1.0,275.9973,375.2252,99.22789999999998,fnsz
train,aaaaaqkb,aaaaaqkb_s002_t007,547.0,2,1.0,55.9891,162.0291,106.03999999999999,fnsz
train,aaaaaqkb,aaaaaqkb_s002_t007,547.0,2,2.0,337.8592,448.1226,110.26339999999999,fnsz
train,aaaaaqkb,aaaaaqkb_s003_t000,309.0,0,,,,,
train,aaaaaqkb,aaaaaqkb_s003_t001,910.0,1,1.0,334.1272,464.1907,130.06349999999998,fnsz
train,aaaaaqkb,aaaaaqkb_s003_t002,827.0,3,1.0,87.8556,189.1272,101.27159999999999,fnsz
train,aaaaaqkb,aaaaaqkb_s003_t002,827.0,3,2.0,332.0899,435.4505,103.36059999999998,fnsz
train,aaaaaqkb,aaaaaqkb_s003_t002,827.0,3,3.0,647.2688,783.4632,136.19439999999997,fnsz
train,aaaaaqkb,aaaaaqkb_s003_t003,764.0,3,1.0,1.0,36.0127,35.0127,fnsz
train,aaaaaqkb,aaaaaqkb_s003_t003,764.0,3,2.0,71.9037,115.2734,43.369699999999995,fnsz
train,aaaaaqkb,aaaaaqkb_s003_t003,764.0,3,3.0,320.1335,436.8002,116.66669999999999,fnsz
train,aaaaaqkb,aaaaaqkb_s003_t004,1170.0,2,1.0,251.04,337.2343,86.19430000000003,fnsz
train,aaaaaqkb,aaaaaqkb_s003_t004,1170.0,2,2.0,718.1753,841.9718,123.79650000000004,fnsz
train,aaaaaqkb,aaaaaqkb_s003_t005,300.0,1,1.0,1.0,75.7947,74.7947,fnsz
train,aaaaaqkb,aaaaaqkb_s003_t006,697.0,1,1.0,321.2243,403.1953,81.97099999999995,fnsz
train,aaaaaqkb,aaaaaqkb_s003_t007,601.0,0,,,,,
train,aaaaaqkb,aaaaaqkb_s003_t009,891.0,1,1.0,508.1817,554.9119,46.73019999999997,fnsz
train,aaaaaqkb,aaaaaqkb_s003_t011,601.0,0,,,,,
train,aaaaaqkb,aaaaaqkb_s003_t012,239.0,0,,,,,
train,aaaaaqkb,aaaaaqkb_s005_t000,84.0,0,,,,,
train,aaaaaqkb,aaaaaqkb_s005_t001,216.0,0,,,,,
train,aaaaaqkb,aaaaaqkb_s005_t002,601.0,0,,,,,
train,aaaaaqkb,aaaaaqkb_s005_t003,601.0,0,,,,,
train,aaaaaqkb,aaaaaqkb_s005_t004,300.0,0,,,,,
train,aaaaaqkb,aaaaaqkb_s005_t005,601.0,0,,,,,
train,aaaaaqkb,aaaaaqkb_s005_t006,300.0,0,,,,,
train,aaaaaqkb,aaaaaqkb_s005_t007,601.0,0,,,,,
train,aaaaaqkb,aaaaaqkb_s005_t008,300.0,0,,,,,
train,aaaaaqkb,aaaaaqkb_s005_t009,601.0,0,,,,,
train,aaaaaqkf,aaaaaqkf_s001_t000,1649.0,0,,,,,
train,aaaaaqkf,aaaaaqkf_s002_t001,930.0,0,,,,,
train,aaaaaqkf,aaaaaqkf_s002_t002,601.0,0,,,,,
train,aaaaaqkf,aaaaaqkf_s002_t003,601.0,0,,,,,
train,aaaaaqkf,aaaaaqkf_s002_t004,601.0,0,,,,,
train,aaaaaqkf,aaaaaqkf_s002_t005,601.0,0,,,,,
train,aaaaaqkf,aaaaaqkf_s002_t006,601.0,0,,,,,
train,aaaaaqkf,aaaaaqkf_s003_t000,300.0,0,,,,,
train,aaaaaqkf,aaaaaqkf_s003_t001,601.0,0,,,,,
train,aaaaaqkf,aaaaaqkf_s003_t002,300.0,0,,,,,
train,aaaaaqkf,aaaaaqkf_s003_t003,601.0,0,,,,,
train,aaaaaqkf,aaaaaqkf_s003_t004,300.0,0,,,,,
train,aaaaaqkf,aaaaaqkf_s003_t005,601.0,0,,,,,
train,aaaaaqkf,aaaaaqkf_s003_t006,300.0,0,,,,,
train,aaaaaqkf,aaaaaqkf_s003_t007,601.0,0,,,,,
train,aaaaaqkf,aaaaaqkf_s003_t008,300.0,0,,,,,
train,aaaaaqkf,aaaaaqkf_s003_t009,601.0,0,,,,,
train,aaaaaqkf,aaaaaqkf_s004_t000,300.0,0,,,,,
train,aaaaaqkf,aaaaaqkf_s004_t001,601.0,0,,,,,
train,aaaaaqkf,aaaaaqkf_s004_t002,601.0,0,,,,,
train,aaaaaqkf,aaaaaqkf_s004_t003,601.0,0,,,,,
train,aaaaaqkf,aaaaaqkf_s004_t004,300.0,0,,,,,
train,aaaaaqkf,aaaaaqkf_s004_t005,601.0,0,,,,,
train,aaaaaqkf,aaaaaqkf_s004_t006,601.0,0,,,,,
train,aaaaaqkh,aaaaaqkh_s001_t001,279.0,0,,,,,
train,aaaaaqkh,aaaaaqkh_s001_t002,1199.0,0,,,,,
train,aaaaaqkh,aaaaaqkh_s001_t003,601.0,0,,,,,
train,aaaaaqkh,aaaaaqkh_s001_t004,300.0,0,,,,,
train,aaaaaqkh,aaaaaqkh_s001_t005,300.0,0,,,,,
train,aaaaaqkh,aaaaaqkh_s001_t006,601.0,0,,,,,
train,aaaaaqkh,aaaaaqkh_s001_t007,601.0,0,,,,,
train,aaaaaqkh,aaaaaqkh_s001_t008,300.0,0,,,,,
train,aaaaaqkh,aaaaaqkh_s001_t009,601.0,0,,,,,
train,aaaaaqkh,aaaaaqkh_s002_t000,300.0,0,,,,,
train,aaaaaqkh,aaaaaqkh_s002_t001,601.0,0,,,,,
train,aaaaaqkh,aaaaaqkh_s002_t002,787.0,1,1.0,433.8668,486.697,52.83019999999999,fnsz
train,aaaaaqkh,aaaaaqkh_s002_t003,768.0,1,1.0,339.1543,468.2886,129.1343,fnsz
train,aaaaaqkh,aaaaaqkh_s002_t004,300.0,0,,,,,
train,aaaaaqkh,aaaaaqkh_s003_t000,719.0,1,1.0,183.1831,419.121,235.93789999999998,fnsz
train,aaaaaqkh,aaaaaqkh_s003_t001,601.0,0,,,,,
train,aaaaaqkh,aaaaaqkh_s003_t002,300.0,0,,,,,
train,aaaaaqkh,aaaaaqkh_s003_t003,789.0,1,1.0,312.929,493.0622,180.13320000000004,fnsz
train,aaaaaqkh,aaaaaqkh_s003_t004,731.0,1,1.0,230.9312,413.0899,182.1587,fnsz
train,aaaaaqkh,aaaaaqkh_s003_t005,300.0,0,,,,,
train,aaaaaqkh,aaaaaqkh_s003_t006,729.0,1,1.0,252.5549,452.333,199.77810000000002,fnsz
train,aaaaaqkh,aaaaaqkh_s003_t007,885.0,1,1.0,311.9878,564.5405,252.55269999999996,fnsz
train,aaaaaqmv,aaaaaqmv_s001_t000,1739.0,0,,,,,
train,aaaaaqnr,aaaaaqnr_s001_t000,1305.0,0,,,,,
train,aaaaaqqq,aaaaaqqq_s001_t000,1385.0,0,,,,,
train,aaaaaqro,aaaaaqro_s002_t000,1800.0,0,,,,,
train,aaaaaqro,aaaaaqro_s002_t001,1800.0,0,,,,,
train,aaaaaqro,aaaaaqro_s002_t002,1800.0,0,,,,,
train,aaaaaqro,aaaaaqro_s002_t003,1800.0,0,,,,,
train,aaaaaqro,aaaaaqro_s002_t004,1800.0,0,,,,,
train,aaaaaqro,aaaaaqro_s002_t005,1800.0,0,,,,,
train,aaaaaqro,aaaaaqro_s002_t006,1239.0,0,,,,,
train,aaaaaqro,aaaaaqro_s002_t007,130.0,0,,,,,
train,aaaaaqro,aaaaaqro_s002_t008,172.0,0,,,,,
train,aaaaaqro,aaaaaqro_s002_t009,1800.0,0,,,,,
train,aaaaaqro,aaaaaqro_s002_t010,1800.0,0,,,,,
train,aaaaaqro,aaaaaqro_s002_t011,1800.0,0,,,,,
train,aaaaaqro,aaaaaqro_s002_t012,596.0,0,,,,,
train,aaaaaqro,aaaaaqro_s003_t000,300.0,0,,,,,
train,aaaaaqro,aaaaaqro_s003_t001,601.0,0,,,,,
train,aaaaaqro,aaaaaqro_s003_t002,300.0,0,,,,,
train,aaaaaqro,aaaaaqro_s003_t003,601.0,0,,,,,
train,aaaaaqro,aaaaaqro_s003_t004,10.0,0,,,,,
train,aaaaaqro,aaaaaqro_s003_t005,300.0,0,,,,,
train,aaaaaqro,aaaaaqro_s003_t006,601.0,1,1.0,145.0055,196.1043,51.09879999999998,gnsz
train,aaaaaqro,aaaaaqro_s003_t007,10.0,0,,,,,
train,aaaaaqro,aaaaaqro_s003_t008,601.0,0,,,,,
train,aaaaaqro,aaaaaqro_s003_t009,300.0,0,,,,,
train,aaaaaqro,aaaaaqro_s003_t010,547.0,0,,,,,
train,aaaaaqtl,aaaaaqtl_s006_t000,300.0,0,,,,,
train,aaaaaqtl,aaaaaqtl_s006_t001,601.0,0,,,,,
train,aaaaaqtl,aaaaaqtl_s006_t002,300.0,0,,,,,
train,aaaaaqtl,aaaaaqtl_s006_t003,601.0,0,,,,,
train,aaaaaqtl,aaaaaqtl_s006_t004,300.0,0,,,,,
train,aaaaaqtl,aaaaaqtl_s006_t005,601.0,0,,,,,
train,aaaaaqtl,aaaaaqtl_s006_t006,601.0,0,,,,,
train,aaaaaqtl,aaaaaqtl_s006_t008,601.0,0,,,,,
train,aaaaaqtl,aaaaaqtl_s006_t009,300.0,0,,,,,
train,aaaaaqtl,aaaaaqtl_s006_t010,601.0,0,,,,,
train,aaaaaqtl,aaaaaqtl_s007_t000,300.0,0,,,,,
train,aaaaaqtl,aaaaaqtl_s007_t001,601.0,0,,,,,
train,aaaaaqtl,aaaaaqtl_s007_t002,300.0,0,,,,,
train,aaaaaqtl,aaaaaqtl_s007_t003,601.0,0,,,,,
train,aaaaaqtl,aaaaaqtl_s007_t004,99.0,0,,,,,
train,aaaaaqtl,aaaaaqtl_s007_t005,201.0,0,,,,,
train,aaaaaqtl,aaaaaqtl_s007_t006,300.0,0,,,,,
train,aaaaaqtl,aaaaaqtl_s007_t007,601.0,1,1.0,21.0078,108.8506,87.8428,fnsz
train,aaaaaqtl,aaaaaqtl_s007_t008,957.0,0,,,,,
train,aaaaaqtl,aaaaaqtl_s007_t009,992.0,0,,,,,
train,aaaaaqtl,aaaaaqtl_s007_t010,1011.0,0,,,,,
train,aaaaaqtl,aaaaaqtl_s007_t011,1077.0,0,,,,,
train,aaaaaqtl,aaaaaqtl_s007_t012,892.0,0,,,,,
train,aaaaaqtl,aaaaaqtl_s011_t000,1800.0,0,,,,,
train,aaaaaqtl,aaaaaqtl_s011_t001,1800.0,0,,,,,
train,aaaaaqtl,aaaaaqtl_s011_t002,1800.0,0,,,,,
train,aaaaaqtl,aaaaaqtl_s011_t003,1800.0,0,,,,,
train,aaaaaqtl,aaaaaqtl_s011_t004,1800.0,0,,,,,
train,aaaaaqtl,aaaaaqtl_s011_t005,934.0,0,,,,,
train,aaaaaqtl,aaaaaqtl_s011_t006,1800.0,0,,,,,
train,aaaaaqtl,aaaaaqtl_s011_t007,1800.0,0,,,,,
train,aaaaaqtl,aaaaaqtl_s011_t008,1800.0,0,,,,,
train,aaaaaqtl,aaaaaqtl_s011_t009,1800.0,0,,,,,
train,aaaaaqtl,aaaaaqtl_s011_t010,1800.0,0,,,,,
train,aaaaaqtl,aaaaaqtl_s011_t011,1800.0,0,,,,,
train,aaaaaqtl,aaaaaqtl_s011_t012,1800.0,0,,,,,
train,aaaaaqtl,aaaaaqtl_s011_t013,1800.0,0,,,,,
train,aaaaaqtl,aaaaaqtl_s011_t014,1800.0,0,,,,,
train,aaaaaqtl,aaaaaqtl_s011_t015,1800.0,0,,,,,
train,aaaaaqtl,aaaaaqtl_s011_t016,1800.0,0,,,,,
train,aaaaaqtl,aaaaaqtl_s011_t017,1800.0,0,,,,,
train,aaaaaqtl,aaaaaqtl_s011_t018,1800.0,0,,,,,
train,aaaaaqtl,aaaaaqtl_s011_t019,684.0,0,,,,,
train,aaaaaqtl,aaaaaqtl_s011_t020,1800.0,0,,,,,
train,aaaaaqtl,aaaaaqtl_s011_t021,1800.0,0,,,,,
train,aaaaaqtl,aaaaaqtl_s011_t022,1800.0,0,,,,,
train,aaaaaqtl,aaaaaqtl_s011_t023,1800.0,0,,,,,
train,aaaaaqtl,aaaaaqtl_s011_t024,1800.0,0,,,,,
train,aaaaaqtl,aaaaaqtl_s011_t025,1800.0,0,,,,,
train,aaaaaqtl,aaaaaqtl_s011_t026,203.0,0,,,,,
train,aaaaaqtl,aaaaaqtl_s011_t027,15.0,0,,,,,
train,aaaaaqtl,aaaaaqtl_s011_t028,1800.0,0,,,,,
train,aaaaaqtl,aaaaaqtl_s011_t029,1800.0,0,,,,,
train,aaaaaqtl,aaaaaqtl_s011_t030,1800.0,0,,,,,
train,aaaaaqtl,aaaaaqtl_s011_t031,1800.0,0,,,,,
train,aaaaaqtl,aaaaaqtl_s011_t032,1800.0,0,,,,,
train,aaaaaqtl,aaaaaqtl_s011_t033,1800.0,0,,,,,
train,aaaaaqtl,aaaaaqtl_s011_t034,1800.0,0,,,,,
train,aaaaaqtl,aaaaaqtl_s011_t035,1800.0,0,,,,,
train,aaaaaqtl,aaaaaqtl_s011_t036,1800.0,0,,,,,
train,aaaaaqtl,aaaaaqtl_s011_t037,1800.0,0,,,,,
train,aaaaaqtl,aaaaaqtl_s011_t038,1800.0,0,,,,,
train,aaaaaqtl,aaaaaqtl_s011_t039,1800.0,0,,,,,
train,aaaaaqtl,aaaaaqtl_s011_t040,1800.0,0,,,,,
train,aaaaaqtl,aaaaaqtl_s011_t041,1800.0,0,,,,,
train,aaaaaqtl,aaaaaqtl_s011_t042,1800.0,0,,,,,
train,aaaaaqtl,aaaaaqtl_s011_t043,1800.0,0,,,,,
train,aaaaaqtl,aaaaaqtl_s011_t044,1800.0,0,,,,,
train,aaaaaqtl,aaaaaqtl_s011_t045,1800.0,0,,,,,
train,aaaaaqtl,aaaaaqtl_s011_t046,1800.0,0,,,,,
train,aaaaaqtl,aaaaaqtl_s011_t047,1800.0,0,,,,,
train,aaaaaqtl,aaaaaqtl_s011_t048,1800.0,0,,,,,
train,aaaaaqtl,aaaaaqtl_s011_t049,1800.0,0,,,,,
train,aaaaaqtl,aaaaaqtl_s011_t050,1740.0,0,,,,,
train,aaaaaqtl,aaaaaqtl_s012_t001,1292.0,0,,,,,
train,aaaaaqtu,aaaaaqtu_s003_t000,300.0,0,,,,,
train,aaaaaqtu,aaaaaqtu_s003_t001,601.0,0,,,,,
train,aaaaaqtu,aaaaaqtu_s003_t002,8.0,0,,,,,
train,aaaaaqtu,aaaaaqtu_s003_t003,7.0,0,,,,,
train,aaaaaqtu,aaaaaqtu_s003_t004,300.0,0,,,,,
train,aaaaaqtu,aaaaaqtu_s003_t005,601.0,0,,,,,
train,aaaaaqtu,aaaaaqtu_s003_t006,300.0,0,,,,,
train,aaaaaqtu,aaaaaqtu_s003_t007,737.0,0,,,,,
train,aaaaaqtu,aaaaaqtu_s003_t008,300.0,0,,,,,
train,aaaaaqtu,aaaaaqtu_s003_t009,7.0,0,,,,,
train,aaaaaqtu,aaaaaqtu_s003_t010,300.0,0,,,,,
train,aaaaaqtu,aaaaaqtu_s003_t011,241.0,0,,,,,
train,aaaaaqtu,aaaaaqtu_s011_t000,300.0,0,,,,,
train,aaaaaqtu,aaaaaqtu_s011_t001,601.0,0,,,,,
train,aaaaaqtu,aaaaaqtu_s011_t002,601.0,0,,,,,
train,aaaaaqtu,aaaaaqtu_s011_t003,300.0,0,,,,,
train,aaaaaqtu,aaaaaqtu_s011_t004,601.0,0,,,,,
train,aaaaaqtu,aaaaaqtu_s011_t005,300.0,0,,,,,
train,aaaaaqtu,aaaaaqtu_s011_t006,601.0,0,,,,,
train,aaaaaqtu,aaaaaqtu_s011_t007,300.0,0,,,,,
train,aaaaaqtu,aaaaaqtu_s011_t008,601.0,0,,,,,
train,aaaaaqtx,aaaaaqtx_s009_t000,300.0,1,1.0,1.0,299.0,298.0,fnsz
train,aaaaaqtx,aaaaaqtx_s009_t001,601.0,1,1.0,1.0,600.0,599.0,fnsz
train,aaaaaqtx,aaaaaqtx_s009_t002,601.0,1,1.0,1.0,600.0,599.0,fnsz
train,aaaaaqtx,aaaaaqtx_s009_t003,601.0,1,1.0,1.0,600.0,599.0,fnsz
train,aaaaaqtx,aaaaaqtx_s009_t004,300.0,1,1.0,1.0,299.0,298.0,fnsz
train,aaaaaqtx,aaaaaqtx_s009_t005,601.0,1,1.0,1.0,600.0,599.0,fnsz
train,aaaaaqtx,aaaaaqtx_s009_t006,601.0,1,1.0,1.0,600.0,599.0,fnsz
train,aaaaaqtx,aaaaaqtx_s012_t000,300.0,1,1.0,1.0,299.0,298.0,fnsz
train,aaaaaqtx,aaaaaqtx_s012_t001,601.0,1,1.0,1.0,600.0,599.0,fnsz
train,aaaaaqtx,aaaaaqtx_s012_t002,300.0,1,1.0,1.0,299.0,298.0,fnsz
train,aaaaaqtx,aaaaaqtx_s012_t003,601.0,1,1.0,1.0,600.0,599.0,fnsz
train,aaaaaqtx,aaaaaqtx_s012_t004,300.0,3,1.0,1.0,204.3322,203.3322,fnsz
train,aaaaaqtx,aaaaaqtx_s012_t004,300.0,3,2.0,207.3423,224.9844,17.6421,fnsz
train,aaaaaqtx,aaaaaqtx_s012_t004,300.0,3,3.0,229.2809,299.0,69.7191,fnsz
train,aaaaaqtx,aaaaaqtx_s012_t005,601.0,26,1.0,1.0,14.7993,13.7993,fnsz
train,aaaaaqtx,aaaaaqtx_s012_t005,601.0,26,2.0,18.2832,30.4348,12.151599999999998,fnsz
train,aaaaaqtx,aaaaaqtx_s012_t005,601.0,26,3.0,33.8952,86.1527,52.25749999999999,fnsz
train,aaaaaqtx,aaaaaqtx_s012_t005,601.0,26,4.0,89.6187,117.1271,27.508399999999995,fnsz
train,aaaaaqtx,aaaaaqtx_s012_t005,601.0,26,5.0,120.4593,171.0167,50.55739999999999,fnsz
train,aaaaaqtx,aaaaaqtx_s012_t005,601.0,26,6.0,174.4314,188.6455,14.214100000000002,fnsz
train,aaaaaqtx,aaaaaqtx_s012_t005,601.0,26,7.0,192.0736,222.0658,29.992199999999997,fnsz
train,aaaaaqtx,aaaaaqtx_s012_t005,601.0,26,8.0,228.0301,236.7258,8.695699999999988,fnsz
train,aaaaaqtx,aaaaaqtx_s012_t005,601.0,26,9.0,244.0011,254.4805,10.479399999999998,fnsz
train,aaaaaqtx,aaaaaqtx_s012_t005,601.0,26,10.0,258.8395,294.1795,35.34000000000003,fnsz
train,aaaaaqtx,aaaaaqtx_s012_t005,601.0,26,11.0,301.1906,322.233,21.042399999999986,fnsz
train,aaaaaqtx,aaaaaqtx_s012_t005,601.0,26,12.0,327.5652,347.4649,19.899699999999996,fnsz
train,aaaaaqtx,aaaaaqtx_s012_t005,601.0,26,13.0,350.5797,361.1984,10.61869999999999,fnsz
train,aaaaaqtx,aaaaaqtx_s012_t005,601.0,26,14.0,370.835,401.9666,31.13160000000005,fnsz
train,aaaaaqtx,aaaaaqtx_s012_t005,601.0,26,15.0,406.0892,411.3567,5.267499999999984,fnsz
train,aaaaaqtx,aaaaaqtx_s012_t005,601.0,26,16.0,414.5061,422.087,7.5808999999999855,fnsz
train,aaaaaqtx,aaaaaqtx_s012_t005,601.0,26,17.0,429.2219,438.3356,9.113699999999994,fnsz
train,aaaaaqtx,aaaaaqtx_s012_t005,601.0,26,18.0,442.2787,445.9298,3.6510999999999854,fnsz
train,aaaaaqtx,aaaaaqtx_s012_t005,601.0,26,19.0,454.029,476.7157,22.68670000000003,fnsz
train,aaaaaqtx,aaaaaqtx_s012_t005,601.0,26,20.0,488.3099,512.1918,23.881899999999916,fnsz
train,aaaaaqtx,aaaaaqtx_s012_t005,601.0,26,21.0,516.7659,527.9699,11.204000000000065,fnsz
train,aaaaaqtx,aaaaaqtx_s012_t005,601.0,26,22.0,536.0033,545.8974,9.89409999999998,fnsz
train,aaaaaqtx,aaaaaqtx_s012_t005,601.0,26,23.0,552.6845,556.1405,3.4560000000000173,fnsz
train,aaaaaqtx,aaaaaqtx_s012_t005,601.0,26,24.0,565.8952,569.1282,3.2329999999999472,fnsz
train,aaaaaqtx,aaaaaqtx_s012_t005,601.0,26,25.0,573.1014,585.0301,11.928699999999935,fnsz
train,aaaaaqtx,aaaaaqtx_s012_t005,601.0,26,26.0,592.0535,599.5786,7.525100000000066,fnsz
train,aaaaaqtx,aaaaaqtx_s012_t006,300.0,18,1.0,5.039,9.9443,4.9053,fnsz
train,aaaaaqtx,aaaaaqtx_s012_t006,300.0,18,2.0,16.2542,21.4939,5.239699999999999,fnsz
train,aaaaaqtx,aaaaaqtx_s012_t006,300.0,18,3.0,27.243,30.8328,3.5898000000000003,fnsz
train,aaaaaqtx,aaaaaqtx_s012_t006,300.0,18,4.0,37.9476,41.136,3.1884000000000015,fnsz
train,aaaaaqtx,aaaaaqtx_s012_t006,300.0,18,5.0,63.7402,69.0914,5.3511999999999915,fnsz
train,aaaaaqtx,aaaaaqtx_s012_t006,300.0,18,6.0,86.495,90.5307,4.035699999999991,fnsz
train,aaaaaqtx,aaaaaqtx_s012_t006,300.0,18,7.0,103.0792,108.0212,4.941999999999993,fnsz
train,aaaaaqtx,aaaaaqtx_s012_t006,300.0,18,8.0,112.1996,122.9911,10.7915,fnsz
train,aaaaaqtx,aaaaaqtx_s012_t006,300.0,18,9.0,136.5463,151.8194,15.2731,fnsz
train,aaaaaqtx,aaaaaqtx_s012_t006,300.0,18,10.0,156.5708,173.9175,17.3467,fnsz
train,aaaaaqtx,aaaaaqtx_s012_t006,300.0,18,11.0,182.5686,185.4225,2.85390000000001,fnsz
train,aaaaaqtx,aaaaaqtx_s012_t006,300.0,18,12.0,200.9487,203.9365,2.987799999999993,fnsz
train,aaaaaqtx,aaaaaqtx_s012_t006,300.0,18,13.0,212.4091,217.8718,5.462700000000012,fnsz
train,aaaaaqtx,aaaaaqtx_s012_t006,300.0,18,14.0,224.3579,232.7637,8.4058,fnsz
train,aaaaaqtx,aaaaaqtx_s012_t006,300.0,18,15.0,241.9944,252.2731,10.278699999999986,fnsz
train,aaaaaqtx,aaaaaqtx_s012_t006,300.0,18,16.0,256.3166,261.6009,5.28430000000003,fnsz
train,aaaaaqtx,aaaaaqtx_s012_t006,300.0,18,17.0,266.4169,269.3824,2.96550000000002,fnsz
train,aaaaaqtx,aaaaaqtx_s012_t006,300.0,18,18.0,274.2475,286.7336,12.486100000000022,fnsz
train,aaaaaqtx,aaaaaqtx_s012_t007,601.0,43,1.0,3.5897,5.864,2.2742999999999998,fnsz
train,aaaaaqtx,aaaaaqtx_s012_t007,601.0,43,2.0,8.9186,13.2441,4.3255,fnsz
train,aaaaaqtx,aaaaaqtx_s012_t007,601.0,43,3.0,21.0256,25.7079,4.682299999999998,fnsz
train,aaaaaqtx,aaaaaqtx_s012_t007,601.0,43,4.0,30.0334,34.359,4.325600000000001,fnsz
train,aaaaaqtx,aaaaaqtx_s012_t007,601.0,43,5.0,37.9799,44.2453,6.2654,fnsz
train,aaaaaqtx,aaaaaqtx_s012_t007,601.0,43,6.0,48.5518,50.5362,1.9844000000000008,fnsz
train,aaaaaqtx,aaaaaqtx_s012_t007,601.0,43,7.0,56.4225,59.7001,3.2775999999999996,fnsz
train,aaaaaqtx,aaaaaqtx_s012_t007,601.0,43,8.0,63.5741,65.8261,2.2519999999999953,fnsz
train,aaaaaqtx,aaaaaqtx_s012_t007,601.0,43,9.0,72.1806,78.6466,6.466000000000008,fnsz
train,aaaaaqtx,aaaaaqtx_s012_t007,601.0,43,10.0,82.7938,91.1795,8.3857,fnsz
train,aaaaaqtx,aaaaaqtx_s012_t007,601.0,43,11.0,96.8428,109.5518,12.709000000000003,fnsz
train,aaaaaqtx,aaaaaqtx_s012_t007,601.0,43,12.0,121.9799,124.9509,2.9710000000000036,fnsz
train,aaaaaqtx,aaaaaqtx_s012_t007,601.0,43,13.0,135.6934,152.7503,17.056900000000013,fnsz
train,aaaaaqtx,aaaaaqtx_s012_t007,601.0,43,14.0,158.1884,166.9677,8.779300000000006,fnsz
train,aaaaaqtx,aaaaaqtx_s012_t007,601.0,43,15.0,170.0056,174.9387,4.9331000000000245,fnsz
train,aaaaaqtx,aaaaaqtx_s012_t007,601.0,43,16.0,179.4794,186.2241,6.744699999999995,fnsz
train,aaaaaqtx,aaaaaqtx_s012_t007,601.0,43,17.0,190.767,209.7681,19.001100000000008,fnsz
train,aaaaaqtx,aaaaaqtx_s012_t007,601.0,43,18.0,222.087,234.8517,12.764700000000005,fnsz
train,aaaaaqtx,aaaaaqtx_s012_t007,601.0,43,19.0,239.1717,243.854,4.682300000000026,fnsz
train,aaaaaqtx,aaaaaqtx_s012_t007,601.0,43,20.0,247.4214,250.738,3.316599999999994,fnsz
train,aaaaaqtx,aaaaaqtx_s012_t007,601.0,43,21.0,256.3356,260.99,4.65440000000001,fnsz
train,aaaaaqtx,aaaaaqtx_s012_t007,601.0,43,22.0,266.7035,272.835,6.13149999999996,fnsz
train,aaaaaqtx,aaaaaqtx_s012_t007,601.0,43,23.0,281.8651,285.3489,3.4838000000000306,fnsz
train,aaaaaqtx,aaaaaqtx_s012_t007,601.0,43,24.0,290.1962,309.9565,19.76030000000003,fnsz
train,aaaaaqtx,aaaaaqtx_s012_t007,601.0,43,25.0,322.806,328.1572,5.351200000000006,fnsz
train,aaaaaqtx,aaaaaqtx_s012_t007,601.0,43,26.0,332.7336,338.6143,5.88069999999999,fnsz
train,aaaaaqtx,aaaaaqtx_s012_t007,601.0,43,27.0,342.767,359.2943,16.527300000000025,fnsz
train,aaaaaqtx,aaaaaqtx_s012_t007,601.0,43,28.0,364.4169,372.3601,7.94319999999999,fnsz
train,aaaaaqtx,aaaaaqtx_s012_t007,601.0,43,29.0,376.4013,379.8294,3.428100000000029,fnsz
train,aaaaaqtx,aaaaaqtx_s012_t007,601.0,43,30.0,385.5708,397.6667,12.095899999999972,fnsz
train,aaaaaqtx,aaaaaqtx_s012_t007,601.0,43,31.0,402.9208,415.9086,12.987799999999993,fnsz
train,aaaaaqtx,aaaaaqtx_s012_t007,601.0,43,32.0,425.0914,429.3278,4.236400000000003,fnsz
train,aaaaaqtx,aaaaaqtx_s012_t007,601.0,43,33.0,432.3657,436.0446,3.6788999999999987,fnsz
train,aaaaaqtx,aaaaaqtx_s012_t007,601.0,43,34.0,440.1695,445.7715,5.601999999999975,fnsz
train,aaaaaqtx,aaaaaqtx_s012_t007,601.0,43,35.0,450.8874,458.6076,7.720199999999977,fnsz
train,aaaaaqtx,aaaaaqtx_s012_t007,601.0,43,36.0,462.0357,468.1394,6.1037000000000035,fnsz
train,aaaaaqtx,aaaaaqtx_s012_t007,601.0,43,37.0,472.8038,486.4326,13.628799999999956,fnsz
train,aaaaaqtx,aaaaaqtx_s012_t007,601.0,43,38.0,489.7748,502.4838,12.708999999999946,fnsz
train,aaaaaqtx,aaaaaqtx_s012_t007,601.0,43,39.0,513.9666,520.2653,6.2987000000000535,fnsz
train,aaaaaqtx,aaaaaqtx_s012_t007,601.0,43,40.0,532.6109,541.1115,8.500599999999963,fnsz
train,aaaaaqtx,aaaaaqtx_s012_t007,601.0,43,41.0,547.8004,559.3389,11.538499999999999,fnsz
train,aaaaaqtx,aaaaaqtx_s012_t007,601.0,43,42.0,569.8963,583.4693,13.572999999999979,fnsz
train,aaaaaqtx,aaaaaqtx_s012_t007,601.0,43,43.0,588.0123,600.0,11.987700000000018,fnsz
train,aaaaaqtx,aaaaaqtx_s012_t008,300.0,15,1.0,1.0,15.942,14.942,fnsz
train,aaaaaqtx,aaaaaqtx_s012_t008,300.0,15,2.0,22.0736,31.9955,9.9219,fnsz
train,aaaaaqtx,aaaaaqtx_s012_t008,300.0,15,3.0,44.8573,54.0825,9.225200000000001,fnsz
train,aaaaaqtx,aaaaaqtx_s012_t008,300.0,15,4.0,70.7815,98.7637,27.982200000000006,fnsz
train,aaaaaqtx,aaaaaqtx_s012_t008,300.0,15,5.0,107.3456,114.3969,7.051299999999998,fnsz
train,aaaaaqtx,aaaaaqtx_s012_t008,300.0,15,6.0,128.2207,136.6098,8.389100000000013,fnsz
train,aaaaaqtx,aaaaaqtx_s012_t008,300.0,15,7.0,143.3356,157.9955,14.659899999999993,fnsz
train,aaaaaqtx,aaaaaqtx_s012_t008,300.0,15,8.0,161.8138,165.6042,3.7904000000000053,fnsz
train,aaaaaqtx,aaaaaqtx_s012_t008,300.0,15,9.0,179.3244,199.0011,19.67670000000001,fnsz
train,aaaaaqtx,aaaaaqtx_s012_t008,300.0,15,10.0,216.5273,222.9376,6.4103000000000065,fnsz
train,aaaaaqtx,aaaaaqtx_s012_t008,300.0,15,11.0,236.6734,244.2821,7.608700000000027,fnsz
train,aaaaaqtx,aaaaaqtx_s012_t008,300.0,15,12.0,249.058,259.3701,10.312099999999987,fnsz
train,aaaaaqtx,aaaaaqtx_s012_t008,300.0,15,13.0,266.6667,271.767,5.100300000000004,fnsz
train,aaaaaqtx,aaaaaqtx_s012_t008,300.0,15,14.0,278.9855,287.5418,8.556300000000022,fnsz
train,aaaaaqtx,aaaaaqtx_s012_t008,300.0,15,15.0,290.9142,297.0457,6.131500000000017,fnsz
train,aaaaaqtx,aaaaaqtx_s012_t009,601.0,13,1.0,1.0,51.1472,50.1472,fnsz
train,aaaaaqtx,aaaaaqtx_s012_t009,601.0,13,2.0,56.9855,100.1014,43.115899999999996,fnsz
train,aaaaaqtx,aaaaaqtx_s012_t009,601.0,13,3.0,103.3924,135.3322,31.939800000000005,fnsz
train,aaaaaqtx,aaaaaqtx_s012_t009,601.0,13,4.0,140.1148,186.0736,45.9588,fnsz
train,aaaaaqtx,aaaaaqtx_s012_t009,601.0,13,5.0,191.5596,224.3913,32.83170000000001,fnsz
train,aaaaaqtx,aaaaaqtx_s012_t009,601.0,13,6.0,230.0033,278.4147,48.411399999999986,fnsz
train,aaaaaqtx,aaaaaqtx_s012_t009,601.0,13,7.0,284.5452,313.3356,28.790399999999977,fnsz
train,aaaaaqtx,aaaaaqtx_s012_t009,601.0,13,8.0,317.7269,356.0212,38.29430000000002,fnsz
train,aaaaaqtx,aaaaaqtx_s012_t009,601.0,13,9.0,360.553,407.8963,47.3433,fnsz
train,aaaaaqtx,aaaaaqtx_s012_t009,601.0,13,10.0,415.699,474.6455,58.946500000000015,fnsz
train,aaaaaqtx,aaaaaqtx_s012_t009,601.0,13,11.0,479.66,497.3021,17.64209999999997,fnsz
train,aaaaaqtx,aaaaaqtx_s012_t009,601.0,13,12.0,501.5217,506.3991,4.877399999999966,fnsz
train,aaaaaqtx,aaaaaqtx_s012_t009,601.0,13,13.0,510.9242,599.9431,89.01889999999997,fnsz
train,aaaaaqtx,aaaaaqtx_s021_t001,23.0,0,,,,,
train,aaaaaqtx,aaaaaqtx_s021_t002,1278.0,0,,,,,
train,aaaaaqtx,aaaaaqtx_s026_t000,300.0,0,,,,,
train,aaaaaqtx,aaaaaqtx_s026_t001,601.0,0,,,,,
train,aaaaaqtx,aaaaaqtx_s026_t002,601.0,0,,,,,
train,aaaaaqtx,aaaaaqtx_s026_t003,300.0,0,,,,,
train,aaaaaqtx,aaaaaqtx_s026_t004,300.0,0,,,,,
train,aaaaaqtx,aaaaaqtx_s026_t005,601.0,0,,,,,
train,aaaaaqtx,aaaaaqtx_s026_t006,300.0,0,,,,,
train,aaaaaqtx,aaaaaqtx_s026_t007,601.0,0,,,,,
train,aaaaaqtx,aaaaaqtx_s026_t008,623.0,0,,,,,
train,aaaaaqtx,aaaaaqtx_s031_t000,300.0,0,,,,,
train,aaaaaqtx,aaaaaqtx_s031_t001,601.0,0,,,,,
train,aaaaaqtx,aaaaaqtx_s031_t002,734.0,0,,,,,
train,aaaaaqtx,aaaaaqtx_s031_t003,980.0,0,,,,,
train,aaaaaqtx,aaaaaqtx_s031_t004,300.0,0,,,,,
train,aaaaaqtx,aaaaaqtx_s031_t005,601.0,0,,,,,
train,aaaaaqtx,aaaaaqtx_s033_t000,69.0,0,,,,,
train,aaaaaqtx,aaaaaqtx_s033_t001,70.0,0,,,,,
train,aaaaaqtx,aaaaaqtx_s033_t002,1800.0,0,,,,,
train,aaaaaqtx,aaaaaqtx_s033_t003,1800.0,0,,,,,
train,aaaaaqtx,aaaaaqtx_s033_t004,1800.0,0,,,,,
train,aaaaaqtx,aaaaaqtx_s033_t005,1800.0,0,,,,,
train,aaaaaqtx,aaaaaqtx_s033_t006,1800.0,0,,,,,
train,aaaaaqtx,aaaaaqtx_s033_t007,1800.0,0,,,,,
train,aaaaaqtx,aaaaaqtx_s033_t008,1800.0,0,,,,,
train,aaaaaqtx,aaaaaqtx_s033_t009,1800.0,0,,,,,
train,aaaaaqtx,aaaaaqtx_s033_t010,1800.0,0,,,,,
train,aaaaaqtx,aaaaaqtx_s033_t011,1800.0,0,,,,,
train,aaaaaqtx,aaaaaqtx_s033_t012,1800.0,0,,,,,
train,aaaaaqtx,aaaaaqtx_s033_t013,1800.0,0,,,,,
train,aaaaaqtx,aaaaaqtx_s033_t014,1800.0,0,,,,,
train,aaaaaqtx,aaaaaqtx_s033_t015,1800.0,0,,,,,
train,aaaaaqtx,aaaaaqtx_s033_t016,1800.0,0,,,,,
train,aaaaaqtx,aaaaaqtx_s033_t017,854.0,0,,,,,
train,aaaaaqtx,aaaaaqtx_s035_t000,1304.0,0,,,,,
train,aaaaaqvr,aaaaaqvr_s001_t001,1263.0,0,,,,,
train,aaaaaqvr,aaaaaqvr_s002_t000,300.0,0,,,,,
train,aaaaaqvr,aaaaaqvr_s002_t001,601.0,0,,,,,
train,aaaaaqvr,aaaaaqvr_s002_t002,601.0,0,,,,,
train,aaaaaqvr,aaaaaqvr_s002_t003,300.0,0,,,,,
train,aaaaaqvr,aaaaaqvr_s002_t004,601.0,0,,,,,
train,aaaaaqvr,aaaaaqvr_s002_t005,601.0,0,,,,,
train,aaaaaqvr,aaaaaqvr_s002_t006,300.0,0,,,,,
train,aaaaaqvr,aaaaaqvr_s002_t007,601.0,0,,,,,
train,aaaaaqvr,aaaaaqvr_s003_t000,300.0,0,,,,,
train,aaaaaqvr,aaaaaqvr_s003_t001,601.0,0,,,,,
train,aaaaaqvr,aaaaaqvr_s003_t002,300.0,0,,,,,
train,aaaaaqvr,aaaaaqvr_s003_t003,601.0,0,,,,,
train,aaaaaqvr,aaaaaqvr_s003_t004,300.0,0,,,,,
train,aaaaaqvr,aaaaaqvr_s003_t005,601.0,0,,,,,
train,aaaaaqvr,aaaaaqvr_s003_t006,300.0,0,,,,,
train,aaaaaqvr,aaaaaqvr_s003_t007,601.0,0,,,,,
train,aaaaaqvr,aaaaaqvr_s003_t008,300.0,0,,,,,
train,aaaaaqvr,aaaaaqvr_s003_t009,601.0,0,,,,,
train,aaaaaqvr,aaaaaqvr_s004_t000,300.0,0,,,,,
train,aaaaaqvr,aaaaaqvr_s004_t001,601.0,0,,,,,
train,aaaaaqvr,aaaaaqvr_s004_t002,601.0,0,,,,,
train,aaaaaqvr,aaaaaqvr_s004_t003,601.0,0,,,,,
train,aaaaaqvr,aaaaaqvr_s004_t004,601.0,0,,,,,
train,aaaaaqyo,aaaaaqyo_s003_t000,62.0,0,,,,,
train,aaaaaqyo,aaaaaqyo_s003_t001,238.0,0,,,,,
train,aaaaaqyo,aaaaaqyo_s003_t002,601.0,0,,,,,
train,aaaaaqyo,aaaaaqyo_s003_t003,9.0,0,,,,,
train,aaaaaqyo,aaaaaqyo_s003_t004,835.0,0,,,,,
train,aaaaaqyo,aaaaaqyo_s003_t005,300.0,0,,,,,
train,aaaaaqyo,aaaaaqyo_s003_t006,601.0,0,,,,,
train,aaaaaqyo,aaaaaqyo_s003_t007,601.0,0,,,,,
train,aaaaaqyo,aaaaaqyo_s003_t008,300.0,0,,,,,
train,aaaaaqyo,aaaaaqyo_s003_t009,300.0,0,,,,,
train,aaaaaqyo,aaaaaqyo_s003_t010,601.0,0,,,,,
train,aaaaaqyo,aaaaaqyo_s003_t011,9.0,0,,,,,
train,aaaaaqyo,aaaaaqyo_s003_t012,9.0,0,,,,,
train,aaaaaqyo,aaaaaqyo_s004_t000,300.0,0,,,,,
train,aaaaaqyo,aaaaaqyo_s004_t001,601.0,0,,,,,
train,aaaaaqyo,aaaaaqyo_s004_t002,772.0,0,,,,,
train,aaaaaqyo,aaaaaqyo_s004_t003,1800.0,0,,,,,
train,aaaaaqyo,aaaaaqyo_s004_t004,735.0,0,,,,,
train,aaaaaqyo,aaaaaqyo_s004_t005,1800.0,0,,,,,
train,aaaaaqyo,aaaaaqyo_s004_t006,1800.0,0,,,,,
train,aaaaaqyo,aaaaaqyo_s004_t007,1800.0,0,,,,,
train,aaaaaqyo,aaaaaqyo_s004_t008,1800.0,0,,,,,
train,aaaaaqyo,aaaaaqyo_s004_t009,1800.0,0,,,,,
train,aaaaaqyo,aaaaaqyo_s004_t010,1800.0,0,,,,,
train,aaaaaqyo,aaaaaqyo_s004_t011,1800.0,0,,,,,
train,aaaaaqyo,aaaaaqyo_s004_t012,1800.0,0,,,,,
train,aaaaaqyo,aaaaaqyo_s004_t013,1800.0,0,,,,,
train,aaaaaqyo,aaaaaqyo_s004_t014,1800.0,0,,,,,
train,aaaaaqyo,aaaaaqyo_s004_t015,855.0,0,,,,,
train,aaaaaqyo,aaaaaqyo_s004_t016,513.0,0,,,,,
train,aaaaaqyo,aaaaaqyo_s004_t017,15.0,0,,,,,
train,aaaaaqyo,aaaaaqyo_s004_t018,936.0,0,,,,,
train,aaaaaqyo,aaaaaqyo_s004_t019,1800.0,0,,,,,
train,aaaaaqyo,aaaaaqyo_s004_t020,1800.0,0,,,,,
train,aaaaaqyo,aaaaaqyo_s004_t021,1800.0,0,,,,,
train,aaaaaqyo,aaaaaqyo_s004_t022,1800.0,0,,,,,
train,aaaaaqyo,aaaaaqyo_s004_t023,1800.0,0,,,,,
train,aaaaaqyo,aaaaaqyo_s004_t024,726.0,0,,,,,
train,aaaaaqyo,aaaaaqyo_s004_t025,15.0,0,,,,,
train,aaaaaqyo,aaaaaqyo_s004_t026,1800.0,0,,,,,
train,aaaaaqyo,aaaaaqyo_s004_t027,546.0,0,,,,,
train,aaaaaqyo,aaaaaqyo_s004_t028,300.0,0,,,,,
train,aaaaaqyo,aaaaaqyo_s004_t029,601.0,0,,,,,
train,aaaaaqyo,aaaaaqyo_s004_t030,300.0,0,,,,,
train,aaaaaqyo,aaaaaqyo_s004_t031,601.0,0,,,,,
train,aaaaaqyp,aaaaaqyp_s001_t000,195.0,0,,,,,
train,aaaaaqyp,aaaaaqyp_s001_t001,1096.0,0,,,,,
train,aaaaaqzc,aaaaaqzc_s001_t000,1334.0,0,,,,,
train,aaaaarcf,aaaaarcf_s001_t001,32.0,0,,,,,
train,aaaaarcf,aaaaarcf_s001_t002,1168.0,0,,,,,
train,aaaaarcf,aaaaarcf_s002_t000,19.0,0,,,,,
train,aaaaarcf,aaaaarcf_s002_t001,1800.0,0,,,,,
train,aaaaarcf,aaaaarcf_s002_t002,1800.0,0,,,,,
train,aaaaarcf,aaaaarcf_s002_t003,1800.0,0,,,,,
train,aaaaarcf,aaaaarcf_s002_t004,1800.0,0,,,,,
train,aaaaarcf,aaaaarcf_s002_t005,1800.0,0,,,,,
train,aaaaarcf,aaaaarcf_s002_t006,1800.0,0,,,,,
train,aaaaarcf,aaaaarcf_s002_t007,378.0,0,,,,,
train,aaaaarcf,aaaaarcf_s003_t000,300.0,0,,,,,
train,aaaaarcf,aaaaarcf_s003_t001,601.0,0,,,,,
train,aaaaarcf,aaaaarcf_s003_t002,601.0,0,,,,,
train,aaaaarcf,aaaaarcf_s003_t003,300.0,0,,,,,
train,aaaaarcf,aaaaarcf_s003_t004,601.0,0,,,,,
train,aaaaarcf,aaaaarcf_s003_t005,601.0,0,,,,,
train,aaaaarcf,aaaaarcf_s003_t006,300.0,0,,,,,
train,aaaaarcf,aaaaarcf_s003_t007,601.0,0,,,,,
train,aaaaarcs,aaaaarcs_s001_t000,1348.0,0,,,,,
train,aaaaarcs,aaaaarcs_s003_t000,6.0,0,,,,,
train,aaaaarcs,aaaaarcs_s003_t001,1083.0,2,1.0,725.9859,753.7614,27.775499999999965,fnsz
train,aaaaarcs,aaaaarcs_s003_t001,1083.0,2,2.0,974.0,1016.3529,42.35289999999998,fnsz
train,aaaaarcs,aaaaarcs_s003_t002,601.0,2,1.0,299.0075,353.9753,54.96780000000001,fnsz
train,aaaaarcs,aaaaarcs_s003_t002,601.0,2,2.0,586.0067,599.7525,13.745800000000031,fnsz
train,aaaaarcs,aaaaarcs_s003_t003,705.0,1,1.0,9.9922,50.0063,40.0141,fnsz
train,aaaaarcs,aaaaarcs_s003_t004,727.0,1,1.0,341.4262,394.0289,52.60270000000003,fnsz
train,aaaaarcs,aaaaarcs_s003_t005,689.0,1,1.0,319.985,371.0184,51.03339999999997,fnsz
train,aaaaarcs,aaaaarcs_s003_t006,781.0,1,1.0,393.0921,440.556,47.46389999999997,fnsz
train,aaaaarcs,aaaaarcs_s003_t007,10.0,0,,,,,
train,aaaaarcs,aaaaarcs_s003_t008,711.0,0,,,,,
train,aaaaarcs,aaaaarcs_s003_t009,711.0,0,,,,,
train,aaaaarcs,aaaaarcs_s003_t010,601.0,0,,,,,
train,aaaaarcs,aaaaarcs_s004_t000,300.0,0,,,,,
train,aaaaarcs,aaaaarcs_s004_t001,601.0,0,,,,,
train,aaaaarcs,aaaaarcs_s004_t002,601.0,0,,,,,
train,aaaaarcs,aaaaarcs_s004_t003,300.0,0,,,,,
train,aaaaarcs,aaaaarcs_s004_t004,300.0,0,,,,,
train,aaaaarcs,aaaaarcs_s004_t005,601.0,0,,,,,
train,aaaaarcs,aaaaarcs_s004_t006,300.0,0,,,,,
train,aaaaarcs,aaaaarcs_s004_t007,601.0,0,,,,,
train,aaaaarcs,aaaaarcs_s004_t008,300.0,0,,,,,
train,aaaaarcs,aaaaarcs_s004_t009,601.0,0,,,,,
train,aaaaarcs,aaaaarcs_s005_t000,1287.0,0,,,,,
train,aaaaardk,aaaaardk_s001_t001,894.0,1,1.0,501.9138,545.9903,44.07650000000007,gnsz
train,aaaaardk,aaaaardk_s001_t002,701.0,1,1.0,350.071,393.9667,43.89569999999998,fnsz
train,aaaaardk,aaaaardk_s001_t003,710.0,1,1.0,298.0366,369.9567,71.92009999999999,fnsz
train,aaaaardk,aaaaardk_s001_t004,661.0,1,1.0,299.9767,361.02,61.04329999999999,gnsz
train,aaaaardk,aaaaardk_s001_t005,1251.0,1,1.0,306.9356,359.2109,52.27529999999996,fnsz
train,aaaaardk,aaaaardk_s001_t006,731.0,1,1.0,302.9037,364.03,61.12629999999996,fnsz
train,aaaaardk,aaaaardk_s001_t007,657.0,1,1.0,300.9791,356.2925,55.3134,fnsz
train,aaaaardk,aaaaardk_s001_t008,602.0,1,1.0,244.1517,303.0073,58.85559999999998,fnsz
train,aaaaardk,aaaaardk_s001_t009,603.0,1,1.0,255.9037,319.9364,64.0327,fnsz
train,aaaaardk,aaaaardk_s001_t010,603.0,1,1.0,242.0663,309.0963,67.02999999999997,fnsz
train,aaaaardk,aaaaardk_s001_t011,603.0,1,1.0,289.7593,317.0073,27.24799999999999,fnsz
train,aaaaardk,aaaaardk_s001_t012,602.0,1,1.0,276.1544,340.8229,64.6685,fnsz
train,aaaaardk,aaaaardk_s001_t013,603.0,1,1.0,244.8129,311.2071,66.39420000000001,fnsz
train,aaaaardk,aaaaardk_s001_t014,603.0,1,1.0,286.8084,360.1962,73.38779999999997,fnsz
train,aaaaardk,aaaaardk_s001_t015,604.0,1,1.0,260.0899,337.02,76.93009999999998,fnsz
train,aaaaardk,aaaaardk_s001_t016,602.0,1,1.0,274.8946,327.0291,52.1345,fnsz
train,aaaaardk,aaaaardk_s001_t017,603.0,1,1.0,276.9827,333.7493,56.76659999999998,fnsz
train,aaaaardk,aaaaardk_s001_t018,1083.0,2,1.0,258.6294,316.9401,58.3107,fnsz
train,aaaaardk,aaaaardk_s001_t018,1083.0,2,2.0,741.9927,788.7684,46.77570000000003,fnsz
train,aaaaardk,aaaaardk_s001_t019,1057.0,2,1.0,263.1762,324.03,60.85379999999998,fnsz
train,aaaaardk,aaaaardk_s001_t019,1057.0,2,2.0,735.9782,799.1026,63.12440000000004,fnsz
train,aaaaardk,aaaaardk_s001_t020,1527.0,3,1.0,234.9918,314.0109,79.01909999999998,fnsz
train,aaaaardk,aaaaardk_s001_t020,1527.0,3,2.0,776.1617,807.406,31.244299999999953,fnsz
train,aaaaardk,aaaaardk_s001_t020,1527.0,3,3.0,1170.1789,1265.0926,94.91369999999984,fnsz
train,aaaaardk,aaaaardk_s001_t021,603.0,1,1.0,238.0854,322.0091,83.9237,fnsz
train,aaaaardk,aaaaardk_s001_t022,1193.0,2,1.0,273.8974,361.8174,87.92000000000002,fnsz
train,aaaaardk,aaaaardk_s001_t022,1193.0,2,2.0,865.9037,946.921,81.01730000000009,fnsz
train,aaaaardk,aaaaardk_s001_t023,1191.0,2,1.0,263.9064,355.1871,91.28069999999997,fnsz
train,aaaaardk,aaaaardk_s001_t023,1191.0,2,2.0,855.4496,934.1962,78.74659999999994,fnsz
train,aaaaardk,aaaaardk_s001_t024,300.0,1,1.0,1.1807,17.8928,16.7121,fnsz
train,aaaaardk,aaaaardk_s002_t000,282.0,2,1.0,0.0,197.2345,197.2345,gnsz
train,aaaaardk,aaaaardk_s002_t000,282.0,2,2.0,202.7861,282.0,79.2139,gnsz
train,aaaaardk,aaaaardk_s002_t001,300.0,0,,,,,
train,aaaaardk,aaaaardk_s002_t002,1800.0,2,1.0,274.6172,304.1228,29.50559999999996,fnsz
train,aaaaardk,aaaaardk_s002_t002,1800.0,2,2.0,1520.1643,1547.1579,26.993600000000015,fnsz
train,aaaaardk,aaaaardk_s002_t003,1800.0,0,,,,,
train,aaaaardk,aaaaardk_s002_t004,1570.0,0,,,,,
train,aaaaardk,aaaaardk_s002_t005,1800.0,0,,,,,
train,aaaaardk,aaaaardk_s002_t006,1798.0,0,,,,,
train,aaaaardk,aaaaardk_s002_t007,628.0,1,1.0,258.061,324.6537,66.59270000000004,gnsz
train,aaaaardk,aaaaardk_s002_t008,603.0,1,1.0,273.7825,333.5882,59.805699999999945,gnsz
train,aaaaardk,aaaaardk_s002_t009,1299.0,2,1.0,258.5605,312.4451,53.884600000000034,gnsz
train,aaaaardk,aaaaardk_s002_t009,1299.0,2,2.0,912.9101,972.5327,59.62259999999992,gnsz
train,aaaaardk,aaaaardk_s002_t010,639.0,1,1.0,262.3984,295.9834,33.585000000000036,gnsz
train,aaaaardk,aaaaardk_s002_t011,852.0,1,1.0,516.2031,554.3773,38.17420000000004,gnsz
train,aaaaardk,aaaaardk_s002_t012,627.0,1,1.0,258.586,280.9889,22.40289999999999,gnsz
train,aaaaardk,aaaaardk_s002_t013,1095.0,2,1.0,259.667,285.0721,25.405100000000004,gnsz
train,aaaaardk,aaaaardk_s002_t013,1095.0,2,2.0,759.3707,780.636,21.26529999999991,gnsz
train,aaaaardk,aaaaardk_s002_t014,1113.0,2,1.0,258.4095,299.7026,41.29310000000004,gnsz
train,aaaaardk,aaaaardk_s002_t014,1113.0,2,2.0,737.9922,779.0244,41.03219999999999,gnsz
train,aaaaardk,aaaaardk_s002_t015,603.0,1,1.0,259.9723,316.8979,56.925599999999974,gnsz
train,aaaaardk,aaaaardk_s002_t016,603.0,1,1.0,258.9079,294.2519,35.343999999999994,gnsz
train,aaaaardk,aaaaardk_s002_t017,1158.0,2,1.0,250.9689,291.2686,40.2997,gnsz
train,aaaaardk,aaaaardk_s002_t017,1158.0,2,2.0,818.2908,840.4384,22.14760000000001,gnsz
train,aaaaardk,aaaaardk_s002_t018,603.0,1,1.0,277.5094,324.2408,46.73139999999995,gnsz
train,aaaaardk,aaaaardk_s002_t019,603.0,1,1.0,265.5205,303.3951,37.87459999999999,gnsz
train,aaaaardk,aaaaardk_s002_t020,603.0,1,1.0,270.2897,320.2397,49.950000000000045,gnsz
train,aaaaardk,aaaaardk_s002_t021,614.0,1,1.0,242.3041,268.9023,26.59820000000002,gnsz
train,aaaaardk,aaaaardk_s002_t022,639.0,1,1.0,260.1232,313.7303,53.6071,gnsz
train,aaaaardk,aaaaardk_s005_t000,111.0,0,,,,,
train,aaaaardk,aaaaardk_s005_t002,182.0,0,,,,,
train,aaaaardk,aaaaardk_s005_t004,451.0,1,1.0,8.0666,17.0122,8.9456,fnsz
train,aaaaardk,aaaaardk_s005_t005,696.0,1,1.0,302.8788,387.0,84.12119999999999,fnsz
train,aaaaardk,aaaaardk_s005_t006,601.0,0,,,,,
train,aaaaardk,aaaaardk_s005_t007,300.0,0,,,,,
train,aaaaardk,aaaaardk_s005_t008,702.0,1,1.0,310.0499,370.0663,60.01640000000003,fnsz
train,aaaaardk,aaaaardk_s005_t009,601.0,0,,,,,
train,aaaaardk,aaaaardk_s006_t000,300.0,0,,,,,
train,aaaaardk,aaaaardk_s006_t001,601.0,0,,,,,
train,aaaaardk,aaaaardk_s006_t002,843.0,1,1.0,340.0111,414.0963,74.08519999999999,fnsz
train,aaaaardk,aaaaardk_s006_t003,300.0,0,,,,,
train,aaaaardk,aaaaardk_s006_t004,760.0,1,1.0,332.1054,394.1971,62.0917,gnsz
train,aaaaardk,aaaaardk_s006_t005,702.0,1,1.0,281.0055,341.2507,60.24520000000001,fnsz
train,aaaaardk,aaaaardk_s006_t006,300.0,0,,,,,
train,aaaaardk,aaaaardk_s006_t007,601.0,0,,,,,
train,aaaaardk,aaaaardk_s006_t008,300.0,0,,,,,
train,aaaaardk,aaaaardk_s006_t009,601.0,0,,,,,
train,aaaaardk,aaaaardk_s006_t010,300.0,0,,,,,
train,aaaaarea,aaaaarea_s002_t000,1800.0,0,,,,,
train,aaaaarea,aaaaarea_s002_t001,1800.0,0,,,,,
train,aaaaarea,aaaaarea_s002_t002,1800.0,0,,,,,
train,aaaaarea,aaaaarea_s002_t003,1800.0,0,,,,,
train,aaaaarea,aaaaarea_s002_t004,1800.0,0,,,,,
train,aaaaarea,aaaaarea_s002_t005,1800.0,0,,,,,
train,aaaaarea,aaaaarea_s002_t006,1800.0,0,,,,,
train,aaaaarea,aaaaarea_s002_t007,1053.0,0,,,,,
train,aaaaarea,aaaaarea_s002_t008,1800.0,0,,,,,
train,aaaaarea,aaaaarea_s002_t009,1769.0,0,,,,,
train,aaaaarew,aaaaarew_s001_t000,1581.0,0,,,,,
train,aaaaarfa,aaaaarfa_s001_t000,1528.0,0,,,,,
train,aaaaarhk,aaaaarhk_s001_t000,1383.0,0,,,,,
train,aaaaarne,aaaaarne_s001_t000,1800.0,0,,,,,
train,aaaaarne,aaaaarne_s001_t001,52.0,0,,,,,
train,aaaaarne,aaaaarne_s001_t002,610.0,0,,,,,
train,aaaaaron,aaaaaron_s001_t000,100.0,1,1.0,46.4133,98.911,52.4977,fnsz
train,aaaaaron,aaaaaron_s001_t001,148.0,1,1.0,1.0,113.8965,112.8965,fnsz
train,aaaaaron,aaaaaron_s001_t002,24.0,0,,,,,
train,aaaaaron,aaaaaron_s001_t003,113.0,0,,,,,
train,aaaaaron,aaaaaron_s001_t004,1800.0,0,,,,,
train,aaaaaron,aaaaaron_s001_t005,306.0,0,,,,,
train,aaaaaron,aaaaaron_s004_t000,5.0,0,,,,,
train,aaaaaron,aaaaaron_s004_t002,97.0,0,,,,,
train,aaaaaron,aaaaaron_s004_t003,195.0,0,,,,,
train,aaaaaron,aaaaaron_s004_t004,601.0,0,,,,,
train,aaaaaron,aaaaaron_s004_t005,601.0,0,,,,,
train,aaaaaron,aaaaaron_s004_t006,300.0,0,,,,,
train,aaaaaron,aaaaaron_s004_t007,601.0,0,,,,,
train,aaaaaron,aaaaaron_s005_t000,300.0,0,,,,,
train,aaaaaron,aaaaaron_s005_t001,611.0,1,1.0,264.0781,317.9927,53.91460000000001,fnsz
train,aaaaaron,aaaaaron_s005_t002,617.0,1,1.0,265.2561,315.6649,50.408799999999985,fnsz
train,aaaaaron,aaaaaron_s005_t003,751.0,1,1.0,294.9964,425.3324,130.336,fnsz
train,aaaaaron,aaaaaron_s005_t004,933.0,1,1.0,305.3306,632.4878,327.1572,fnsz
train,aaaaaron,aaaaaron_s005_t005,995.0,1,1.0,317.4796,474.6094,157.1298,fnsz
train,aaaaaron,aaaaaron_s005_t006,1069.0,1,1.0,311.8102,569.5304,257.7202,fnsz
train,aaaaaron,aaaaaron_s005_t007,989.0,1,1.0,310.1726,445.277,135.1044,fnsz
train,aaaaaron,aaaaaron_s005_t008,979.0,1,1.0,301.0899,479.1553,178.0654,fnsz
train,aaaaaron,aaaaaron_s005_t009,300.0,0,,,,,
train,aaaaaron,aaaaaron_s005_t010,300.0,0,,,,,
train,aaaaaron,aaaaaron_s005_t011,300.0,0,,,,,
train,aaaaaron,aaaaaron_s007_t000,300.0,0,,,,,
train,aaaaaron,aaaaaron_s007_t001,601.0,0,,,,,
train,aaaaaron,aaaaaron_s007_t002,300.0,0,,,,,
train,aaaaaron,aaaaaron_s007_t003,601.0,0,,,,,
train,aaaaaron,aaaaaron_s007_t004,300.0,0,,,,,
train,aaaaaron,aaaaaron_s007_t005,601.0,0,,,,,
train,aaaaaron,aaaaaron_s007_t006,300.0,0,,,,,
train,aaaaaron,aaaaaron_s007_t007,601.0,0,,,,,
train,aaaaaron,aaaaaron_s007_t008,300.0,0,,,,,
train,aaaaaron,aaaaaron_s007_t009,601.0,0,,,,,
train,aaaaaroo,aaaaaroo_s001_t000,759.0,0,,,,,
train,aaaaaroo,aaaaaroo_s001_t001,1018.0,0,,,,,
train,aaaaaroo,aaaaaroo_s001_t002,82.0,0,,,,,
train,aaaaaroo,aaaaaroo_s001_t003,1557.0,4,1.0,22.4972,663.8224,641.3252,gnsz
train,aaaaaroo,aaaaaroo_s001_t003,1557.0,4,2.0,670.192,796.6071,126.41509999999994,gnsz
train,aaaaaroo,aaaaaroo_s001_t003,1557.0,4,3.0,828.0211,874.0422,46.02109999999993,gnsz
train,aaaaaroo,aaaaaroo_s001_t003,1557.0,4,4.0,909.1099,1036.8457,127.73580000000004,gnsz
train,aaaaaroo,aaaaaroo_s001_t004,414.0,0,,,,,
train,aaaaaroo,aaaaaroo_s002_t000,1800.0,0,,,,,
train,aaaaaroo,aaaaaroo_s002_t001,1800.0,0,,,,,
train,aaaaaroo,aaaaaroo_s002_t002,1800.0,0,,,,,
train,aaaaaroo,aaaaaroo_s002_t003,1800.0,0,,,,,
train,aaaaaroo,aaaaaroo_s002_t004,1800.0,0,,,,,
train,aaaaaroo,aaaaaroo_s002_t005,1800.0,0,,,,,
train,aaaaaroo,aaaaaroo_s002_t006,1800.0,0,,,,,
train,aaaaaroo,aaaaaroo_s002_t007,1800.0,0,,,,,
train,aaaaaroo,aaaaaroo_s002_t008,1800.0,0,,,,,
train,aaaaaroo,aaaaaroo_s002_t009,960.0,0,,,,,
train,aaaaaroo,aaaaaroo_s002_t010,349.0,0,,,,,
train,aaaaaroo,aaaaaroo_s002_t011,1800.0,0,,,,,
train,aaaaaroo,aaaaaroo_s002_t012,1800.0,0,,,,,
train,aaaaaroo,aaaaaroo_s002_t013,1800.0,0,,,,,
train,aaaaaroo,aaaaaroo_s002_t014,1800.0,0,,,,,
train,aaaaaroo,aaaaaroo_s002_t015,1800.0,0,,,,,
train,aaaaaroo,aaaaaroo_s002_t016,1800.0,0,,,,,
train,aaaaaroo,aaaaaroo_s002_t017,397.0,0,,,,,
train,aaaaaroo,aaaaaroo_s003_t000,1800.0,0,,,,,
train,aaaaaroo,aaaaaroo_s003_t001,57.0,0,,,,,
train,aaaaaroo,aaaaaroo_s003_t002,919.0,1,1.0,406.9756,913.9789,507.00329999999997,gnsz
train,aaaaaroo,aaaaaroo_s003_t003,1174.0,1,1.0,1.0,465.3274,464.3274,gnsz
train,aaaaaroo,aaaaaroo_s003_t004,315.0,1,1.0,303.0572,313.8974,10.840199999999982,fnsz
train,aaaaaroo,aaaaaroo_s004_t000,300.0,0,,,,,
train,aaaaaroo,aaaaaroo_s004_t001,1800.0,0,,,,,
train,aaaaaroo,aaaaaroo_s004_t002,465.0,0,,,,,
train,aaaaaroo,aaaaaroo_s004_t003,601.0,2,1.0,191.0427,220.9246,29.8819,fnsz
train,aaaaaroo,aaaaaroo_s004_t003,601.0,2,2.0,512.9964,545.9664,32.97000000000003,fnsz
train,aaaaaroo,aaaaaroo_s004_t004,601.0,0,,,,,
train,aaaaaroo,aaaaaroo_s004_t005,601.0,2,1.0,129.0345,171.1462,42.111699999999985,fnsz
train,aaaaaroo,aaaaaroo_s004_t005,601.0,2,2.0,254.0817,405.9846,151.9029,fnsz
train,aaaaaroo,aaaaaroo_s005_t000,300.0,3,1.0,82.7639,94.0263,11.2624,fnsz
train,aaaaaroo,aaaaaroo_s005_t000,300.0,3,2.0,213.6467,228.1063,14.459599999999995,fnsz
train,aaaaaroo,aaaaaroo_s005_t000,300.0,3,3.0,233.0863,256.9646,23.878300000000024,fnsz
train,aaaaaroo,aaaaaroo_s005_t001,1800.0,1,1.0,304.0223,330.6411,26.61880000000002,fnsz
train,aaaaaroo,aaaaaroo_s005_t002,1800.0,0,,,,,
train,aaaaaroo,aaaaaroo_s005_t003,1800.0,0,,,,,
train,aaaaaroo,aaaaaroo_s005_t004,1397.0,0,,,,,
train,aaaaaroo,aaaaaroo_s005_t005,1800.0,0,,,,,
train,aaaaaroo,aaaaaroo_s005_t006,540.0,0,,,,,
train,aaaaaroo,aaaaaroo_s005_t007,1643.0,6,1.0,300.0477,314.9201,14.87239999999997,fnsz
train,aaaaaroo,aaaaaroo_s005_t007,1643.0,6,2.0,854.939,864.1232,9.184200000000033,fnsz
train,aaaaaroo,aaaaaroo_s005_t007,1643.0,6,3.0,897.9012,922.0411,24.13990000000001,fnsz
train,aaaaaroo,aaaaaroo_s005_t007,1643.0,6,4.0,1015.0222,1031.8368,16.81460000000004,fnsz
train,aaaaaroo,aaaaaroo_s005_t007,1643.0,6,5.0,1332.0466,1349.0277,16.981100000000197,fnsz
train,aaaaaroo,aaaaaroo_s005_t007,1643.0,6,6.0,1565.9745,1571.0522,5.07770000000005,fnsz
train,aaaaaroo,aaaaaroo_s006_t000,300.0,0,,,,,
train,aaaaaroo,aaaaaroo_s006_t001,601.0,0,,,,,
train,aaaaaroo,aaaaaroo_s006_t002,1800.0,0,,,,,
train,aaaaaroo,aaaaaroo_s006_t003,1723.0,0,,,,,
train,aaaaaroo,aaaaaroo_s006_t004,1800.0,0,,,,,
train,aaaaaroo,aaaaaroo_s006_t005,1800.0,0,,,,,
train,aaaaaroo,aaaaaroo_s006_t006,780.0,0,,,,,
train,aaaaaroo,aaaaaroo_s007_t000,300.0,0,,,,,
train,aaaaaroo,aaaaaroo_s007_t001,601.0,0,,,,,
train,aaaaaroo,aaaaaroo_s007_t002,300.0,0,,,,,
train,aaaaaroo,aaaaaroo_s007_t003,601.0,0,,,,,
train,aaaaaroo,aaaaaroo_s007_t004,300.0,0,,,,,
train,aaaaaroo,aaaaaroo_s007_t005,300.0,0,,,,,
train,aaaaaroo,aaaaaroo_s007_t006,601.0,0,,,,,
train,aaaaaroo,aaaaaroo_s007_t007,300.0,0,,,,,
train,aaaaaroo,aaaaaroo_s007_t008,1800.0,0,,,,,
train,aaaaaroo,aaaaaroo_s007_t009,1800.0,0,,,,,
train,aaaaaroo,aaaaaroo_s007_t010,97.0,0,,,,,
train,aaaaaror,aaaaaror_s003_t001,1307.0,0,,,,,
train,aaaaarqg,aaaaarqg_s001_t000,1800.0,0,,,,,
train,aaaaarqg,aaaaarqg_s001_t001,897.0,0,,,,,
train,aaaaarqh,aaaaarqh_s001_t000,361.0,0,,,,,
train,aaaaarqh,aaaaarqh_s001_t001,347.0,1,1.0,38.8129,76.0154,37.2025,fnsz
train,aaaaarqh,aaaaarqh_s001_t002,434.0,1,1.0,134.0845,263.0581,128.97360000000003,fnsz
train,aaaaarqh,aaaaarqh_s002_t000,300.0,0,,,,,
train,aaaaarqh,aaaaarqh_s002_t001,601.0,0,,,,,
train,aaaaarqh,aaaaarqh_s002_t002,300.0,0,,,,,
train,aaaaarqh,aaaaarqh_s002_t003,601.0,0,,,,,
train,aaaaarqh,aaaaarqh_s002_t005,300.0,0,,,,,
train,aaaaarqh,aaaaarqh_s002_t006,601.0,0,,,,,
train,aaaaarqh,aaaaarqh_s002_t007,300.0,0,,,,,
train,aaaaarqh,aaaaarqh_s002_t008,300.0,0,,,,,
train,aaaaarqh,aaaaarqh_s002_t009,601.0,0,,,,,
train,aaaaarqh,aaaaarqh_s003_t000,300.0,0,,,,,
train,aaaaarqh,aaaaarqh_s003_t001,601.0,0,,,,,
train,aaaaarqh,aaaaarqh_s003_t002,601.0,0,,,,,
train,aaaaarqh,aaaaarqh_s003_t004,779.0,0,,,,,
train,aaaaarqh,aaaaarqh_s003_t005,518.0,0,,,,,
train,aaaaarqt,aaaaarqt_s003_t000,300.0,1,1.0,78.5422,281.4487,202.9065,fnsz
train,aaaaarqt,aaaaarqt_s003_t001,601.0,4,1.0,1.0899,110.6421,109.5522,fnsz
train,aaaaarqt,aaaaarqt_s003_t001,601.0,4,2.0,136.2234,423.6258,287.40240000000006,fnsz
train,aaaaarqt,aaaaarqt_s003_t001,601.0,4,3.0,485.7548,502.1035,16.348700000000008,fnsz
train,aaaaarqt,aaaaarqt_s003_t001,601.0,4,4.0,550.5014,599.6385,49.13710000000003,fnsz
train,aaaaarqt,aaaaarqt_s003_t002,601.0,0,,,,,
train,aaaaarqt,aaaaarqt_s003_t003,300.0,0,,,,,
train,aaaaarqt,aaaaarqt_s003_t004,601.0,0,,,,,
train,aaaaarqt,aaaaarqt_s003_t005,601.0,0,,,,,
train,aaaaarqt,aaaaarqt_s003_t006,300.0,0,,,,,
train,aaaaarqt,aaaaarqt_s003_t007,601.0,0,,,,,
train,aaaaarsm,aaaaarsm_s001_t000,1264.0,2,1.0,40.3533,173.3233,132.97,fnsz
train,aaaaarsm,aaaaarsm_s001_t000,1264.0,2,2.0,807.9909,953.6767,145.68579999999997,fnsz
train,aaaaarsm,aaaaarsm_s002_t000,304.0,1,1.0,85.7965,206.7775,120.98100000000001,fnsz
train,aaaaarsm,aaaaarsm_s002_t001,280.0,1,1.0,85.6812,173.7829,88.10170000000001,fnsz
train,aaaaarsm,aaaaarsm_s002_t002,280.0,1,1.0,91.0082,176.2035,85.19529999999999,fnsz
train,aaaaarsm,aaaaarsm_s002_t003,291.0,1,1.0,92.1935,195.0091,102.81559999999999,fnsz
train,aaaaarsm,aaaaarsm_s002_t004,268.0,1,1.0,90.3842,171.6694,81.28519999999999,fnsz
train,aaaaarsm,aaaaarsm_s002_t005,291.0,1,1.0,95.0045,194.0054,99.00090000000002,fnsz
train,aaaaarsm,aaaaarsm_s002_t006,293.0,1,1.0,102.8138,193.1862,90.37240000000001,fnsz
train,aaaaarsm,aaaaarsm_s002_t007,276.0,1,1.0,91.2652,180.0936,88.82840000000002,fnsz
train,aaaaarsm,aaaaarsm_s002_t008,267.0,1,1.0,94.6231,170.554,75.93090000000001,fnsz
train,aaaaarsm,aaaaarsm_s002_t009,181.0,1,1.0,42.0745,120.0036,77.9291,fnsz
train,aaaaarsm,aaaaarsm_s002_t010,316.0,1,1.0,153.069,215.2852,62.216200000000015,fnsz
train,aaaaarsm,aaaaarsm_s002_t011,291.0,1,1.0,106.9019,198.455,91.55310000000001,fnsz
train,aaaaarsm,aaaaarsm_s002_t012,280.0,1,1.0,100.99,186.0036,85.01360000000001,fnsz
train,aaaaarsm,aaaaarsm_s002_t013,316.0,1,1.0,96.079,218.0136,121.9346,fnsz
train,aaaaarsm,aaaaarsm_s002_t014,207.0,1,1.0,20.1735,110.0917,89.9182,fnsz
train,aaaaarsm,aaaaarsm_s003_t000,287.0,1,1.0,240.0436,285.8202,45.7766,fnsz
train,aaaaarsm,aaaaarsm_s003_t001,430.0,0,,,,,
train,aaaaarsm,aaaaarsm_s003_t002,451.0,0,,,,,
train,aaaaarsm,aaaaarsm_s004_t000,809.0,4,1.0,106.079,250.6748,144.5958,fnsz
train,aaaaarsm,aaaaarsm_s004_t000,809.0,4,2.0,308.9428,426.654,117.71120000000002,fnsz
train,aaaaarsm,aaaaarsm_s004_t000,809.0,4,3.0,472.0666,584.7747,112.70810000000006,gnsz
train,aaaaarsm,aaaaarsm_s004_t000,809.0,4,4.0,659.0566,776.343,117.28639999999996,gnsz
train,aaaaarsm,aaaaarsm_s004_t001,643.0,3,1.0,60.9945,177.3651,116.37060000000001,fnsz|gnsz
train,aaaaarsm,aaaaarsm_s004_t001,643.0,3,2.0,231.2397,336.5394,105.2997,gnsz
train,aaaaarsm,aaaaarsm_s004_t001,643.0,3,3.0,390.9889,506.5272,115.53829999999999,gnsz
train,aaaaarsm,aaaaarsm_s004_t002,181.0,0,,,,,
train,aaaaarsm,aaaaarsm_s004_t003,1127.0,2,1.0,291.9889,400.535,108.54610000000002,gnsz
train,aaaaarsm,aaaaarsm_s004_t003,1127.0,2,2.0,785.0577,891.4395,106.3818,gnsz
train,aaaaarsm,aaaaarsm_s005_t001,346.0,0,,,,,
train,aaaaarsm,aaaaarsm_s006_t000,284.0,0,,,,,
train,aaaaarsm,aaaaarsm_s006_t001,914.0,2,1.0,102.8224,189.0599,86.2375,gnsz
train,aaaaarsm,aaaaarsm_s006_t001,914.0,2,2.0,886.9478,913.0,26.05219999999997,gnsz
train,aaaaarsm,aaaaarsm_s006_t002,870.0,1,1.0,1.8392,57.9019,56.0627,fnsz
train,aaaaarsm,aaaaarsm_s006_t003,1069.0,0,,,,,
train,aaaaarsm,aaaaarsm_s006_t004,870.0,0,,,,,
train,aaaaarsm,aaaaarsm_s006_t005,672.0,0,,,,,
train,aaaaarsm,aaaaarsm_s006_t006,628.0,0,,,,,
train,aaaaarsm,aaaaarsm_s006_t007,584.0,0,,,,,
train,aaaaarsm,aaaaarsm_s007_t000,255.0,1,1.0,78.8974,162.4578,83.56039999999999,fnsz
train,aaaaarsm,aaaaarsm_s007_t001,261.0,1,1.0,90.8011,167.4587,76.65759999999999,fnsz
train,aaaaarsm,aaaaarsm_s007_t002,261.0,1,1.0,94.8946,167.465,72.5704,fnsz
train,aaaaarsm,aaaaarsm_s007_t003,258.0,1,1.0,91.7175,166.0136,74.2961,fnsz
train,aaaaarsm,aaaaarsm_s007_t004,260.0,1,1.0,94.9818,167.0073,72.02549999999998,fnsz
train,aaaaarsm,aaaaarsm_s007_t005,279.0,1,1.0,95.9918,175.0109,79.0191,fnsz
train,aaaaarsm,aaaaarsm_s007_t006,307.0,1,1.0,90.9927,183.3633,92.37060000000001,fnsz
train,aaaaarsm,aaaaarsm_s007_t007,181.0,1,1.0,12.9028,104.0018,91.099,fnsz
train,aaaaarsm,aaaaarsm_s008_t000,300.0,0,,,,,
train,aaaaarsm,aaaaarsm_s008_t001,835.0,0,,,,,
train,aaaaarsm,aaaaarsm_s008_t002,300.0,0,,,,,
train,aaaaarsm,aaaaarsm_s008_t003,601.0,0,,,,,
train,aaaaarsm,aaaaarsm_s008_t004,300.0,0,,,,,
train,aaaaarsm,aaaaarsm_s008_t005,300.0,0,,,,,
train,aaaaarsm,aaaaarsm_s008_t006,601.0,0,,,,,
train,aaaaarso,aaaaarso_s005_t000,441.0,0,,,,,
train,aaaaarso,aaaaarso_s005_t001,298.0,0,,,,,
train,aaaaarso,aaaaarso_s005_t002,210.0,0,,,,,
train,aaaaarso,aaaaarso_s005_t003,397.0,0,,,,,
train,aaaaarso,aaaaarso_s005_t004,416.0,0,,,,,
train,aaaaarso,aaaaarso_s005_t005,375.0,0,,,,,
train,aaaaarso,aaaaarso_s005_t006,15.0,0,,,,,
train,aaaaarso,aaaaarso_s005_t007,232.0,0,,,,,
train,aaaaarso,aaaaarso_s006_t000,463.0,0,,,,,
train,aaaaarso,aaaaarso_s006_t001,353.0,0,,,,,
train,aaaaarso,aaaaarso_s006_t002,463.0,0,,,,,
train,aaaaarso,aaaaarso_s006_t003,463.0,0,,,,,
train,aaaaarso,aaaaarso_s006_t004,78.0,0,,,,,
train,aaaaarso,aaaaarso_s006_t005,331.0,0,,,,,
train,aaaaarsv,aaaaarsv_s001_t000,1397.0,0,,,,,
train,aaaaartn,aaaaartn_s007_t000,67.0,0,,,,,
train,aaaaartn,aaaaartn_s007_t001,233.0,0,,,,,
train,aaaaartn,aaaaartn_s007_t002,1676.0,1,1.0,466.2707,541.2025,74.93180000000001,gnsz
train,aaaaartn,aaaaartn_s007_t003,1014.0,1,1.0,424.713,604.3915,179.67849999999993,fnsz
train,aaaaartn,aaaaartn_s007_t004,1212.0,1,1.0,496.1662,567.9192,71.75300000000004,gnsz
train,aaaaartn,aaaaartn_s007_t005,765.0,0,,,,,
train,aaaaartn,aaaaartn_s007_t006,828.0,0,,,,,
train,aaaaartn,aaaaartn_s007_t007,300.0,0,,,,,
train,aaaaartn,aaaaartn_s007_t008,773.0,0,,,,,
train,aaaaartn,aaaaartn_s007_t009,733.0,0,,,,,
train,aaaaartn,aaaaartn_s007_t010,757.0,0,,,,,
train,aaaaartn,aaaaartn_s007_t011,603.0,0,,,,,
train,aaaaartn,aaaaartn_s007_t012,900.0,0,,,,,
train,aaaaartn,aaaaartn_s007_t013,300.0,0,,,,,
train,aaaaartn,aaaaartn_s007_t014,709.0,0,,,,,
train,aaaaartn,aaaaartn_s007_t015,766.0,0,,,,,
train,aaaaartn,aaaaartn_s007_t016,808.0,0,,,,,
train,aaaaartn,aaaaartn_s007_t017,658.0,0,,,,,
train,aaaaartn,aaaaartn_s007_t018,7.0,0,,,,,
train,aaaaartn,aaaaartn_s007_t019,758.0,0,,,,,
train,aaaaarvi,aaaaarvi_s001_t000,1800.0,0,,,,,
train,aaaaarvi,aaaaarvi_s001_t001,664.0,0,,,,,
train,aaaaarwg,aaaaarwg_s001_t000,1800.0,0,,,,,
train,aaaaarwg,aaaaarwg_s001_t001,723.0,0,,,,,
train,aaaaasar,aaaaasar_s002_t000,1290.0,0,,,,,
train,aaaaasby,aaaaasby_s001_t000,1392.0,0,,,,,
train,aaaaascj,aaaaascj_s002_t000,1800.0,0,,,,,
train,aaaaascj,aaaaascj_s002_t001,1014.0,0,,,,,
train,aaaaascj,aaaaascj_s004_t000,300.0,0,,,,,
train,aaaaascj,aaaaascj_s004_t001,300.0,0,,,,,
train,aaaaascj,aaaaascj_s004_t002,467.0,0,,,,,
train,aaaaascj,aaaaascj_s004_t003,300.0,0,,,,,
train,aaaaascj,aaaaascj_s004_t004,572.0,0,,,,,
train,aaaaascj,aaaaascj_s004_t005,300.0,0,,,,,
train,aaaaascj,aaaaascj_s004_t006,300.0,0,,,,,
train,aaaaascj,aaaaascj_s006_t000,300.0,0,,,,,
train,aaaaascj,aaaaascj_s006_t001,601.0,0,,,,,
train,aaaaascj,aaaaascj_s006_t002,300.0,0,,,,,
train,aaaaascj,aaaaascj_s006_t003,601.0,0,,,,,
train,aaaaascj,aaaaascj_s006_t004,163.0,0,,,,,
train,aaaaascj,aaaaascj_s006_t005,137.0,0,,,,,
train,aaaaascj,aaaaascj_s006_t006,601.0,0,,,,,
train,aaaaascj,aaaaascj_s006_t007,300.0,0,,,,,
train,aaaaascj,aaaaascj_s006_t008,601.0,0,,,,,
train,aaaaascj,aaaaascj_s006_t009,300.0,0,,,,,
train,aaaaascj,aaaaascj_s006_t010,601.0,0,,,,,
train,aaaaascj,aaaaascj_s007_t000,300.0,0,,,,,
train,aaaaascj,aaaaascj_s007_t001,601.0,0,,,,,
train,aaaaascj,aaaaascj_s007_t002,300.0,0,,,,,
train,aaaaascj,aaaaascj_s007_t003,601.0,0,,,,,
train,aaaaascj,aaaaascj_s007_t004,300.0,0,,,,,
train,aaaaascj,aaaaascj_s007_t005,601.0,0,,,,,
train,aaaaascj,aaaaascj_s007_t006,300.0,0,,,,,
train,aaaaascj,aaaaascj_s007_t007,601.0,0,,,,,
train,aaaaascj,aaaaascj_s007_t008,300.0,0,,,,,
train,aaaaascj,aaaaascj_s007_t009,601.0,0,,,,,
train,aaaaascj,aaaaascj_s008_t000,300.0,0,,,,,
train,aaaaascj,aaaaascj_s008_t001,601.0,0,,,,,
train,aaaaascj,aaaaascj_s008_t002,601.0,0,,,,,
train,aaaaascj,aaaaascj_s008_t003,601.0,0,,,,,
train,aaaaascj,aaaaascj_s008_t004,372.0,0,,,,,
train,aaaaasdq,aaaaasdq_s002_t000,48.0,0,,,,,
train,aaaaasdq,aaaaasdq_s002_t001,49.0,0,,,,,
train,aaaaasdq,aaaaasdq_s002_t002,26.0,0,,,,,
train,aaaaasdq,aaaaasdq_s002_t003,113.0,0,,,,,
train,aaaaasdq,aaaaasdq_s002_t004,1800.0,0,,,,,
train,aaaaasdq,aaaaasdq_s002_t005,1800.0,0,,,,,
train,aaaaasdq,aaaaasdq_s002_t006,1800.0,0,,,,,
train,aaaaasdq,aaaaasdq_s002_t007,1039.0,0,,,,,
train,aaaaasdq,aaaaasdq_s004_t000,300.0,0,,,,,
train,aaaaasdq,aaaaasdq_s004_t001,682.0,1,1.0,302.252,348.9186,46.66660000000002,fnsz
train,aaaaasdq,aaaaasdq_s004_t003,711.0,0,,,,,
train,aaaaasdq,aaaaasdq_s004_t006,300.0,0,,,,,
train,aaaaasdq,aaaaasdq_s004_t007,7.0,0,,,,,
train,aaaaasdq,aaaaasdq_s004_t008,300.0,0,,,,,
train,aaaaasdq,aaaaasdq_s004_t009,601.0,0,,,,,
train,aaaaasdq,aaaaasdq_s004_t010,300.0,0,,,,,
train,aaaaasdq,aaaaasdq_s005_t000,300.0,0,,,,,
train,aaaaasdq,aaaaasdq_s005_t001,601.0,0,,,,,
train,aaaaasdq,aaaaasdq_s005_t002,601.0,0,,,,,
train,aaaaasdq,aaaaasdq_s005_t003,601.0,0,,,,,
train,aaaaasdq,aaaaasdq_s005_t004,601.0,0,,,,,
train,aaaaasdq,aaaaasdq_s005_t005,601.0,0,,,,,
train,aaaaasdq,aaaaasdq_s006_t000,300.0,0,,,,,
train,aaaaasdq,aaaaasdq_s006_t001,601.0,0,,,,,
train,aaaaasdq,aaaaasdq_s006_t002,300.0,0,,,,,
train,aaaaasdq,aaaaasdq_s006_t003,601.0,0,,,,,
train,aaaaasdq,aaaaasdq_s006_t004,300.0,0,,,,,
train,aaaaasdq,aaaaasdq_s006_t005,601.0,0,,,,,
train,aaaaasdq,aaaaasdq_s006_t006,300.0,0,,,,,
train,aaaaasdq,aaaaasdq_s006_t007,601.0,0,,,,,
train,aaaaasdq,aaaaasdq_s006_t008,300.0,0,,,,,
train,aaaaasdq,aaaaasdq_s006_t009,601.0,0,,,,,
train,aaaaasdq,aaaaasdq_s007_t000,77.0,0,,,,,
train,aaaaasdq,aaaaasdq_s007_t001,1451.0,0,,,,,
train,aaaaasjh,aaaaasjh_s001_t001,1119.0,1,1.0,717.9315,744.8503,26.91879999999992,fnsz
train,aaaaasjh,aaaaasjh_s001_t002,202.0,0,,,,,
train,aaaaasjq,aaaaasjq_s004_t000,300.0,0,,,,,
train,aaaaasjq,aaaaasjq_s004_t001,628.0,0,,,,,
train,aaaaasjq,aaaaasjq_s004_t002,629.0,0,,,,,
train,aaaaasjq,aaaaasjq_s004_t003,23.0,0,,,,,
train,aaaaasjq,aaaaasjq_s004_t004,300.0,0,,,,,
train,aaaaasjq,aaaaasjq_s004_t005,625.0,0,,,,,
train,aaaaasjq,aaaaasjq_s004_t006,643.0,0,,,,,
train,aaaaasjq,aaaaasjq_s004_t007,300.0,0,,,,,
train,aaaaasjq,aaaaasjq_s004_t008,621.0,0,,,,,
train,aaaaasjq,aaaaasjq_s004_t009,601.0,0,,,,,
train,aaaaasjq,aaaaasjq_s004_t010,300.0,0,,,,,
train,aaaaasjq,aaaaasjq_s004_t011,644.0,0,,,,,
train,aaaaasjq,aaaaasjq_s004_t012,628.0,0,,,,,
train,aaaaasjq,aaaaasjq_s004_t013,300.0,0,,,,,
train,aaaaasjq,aaaaasjq_s004_t014,8.0,0,,,,,
train,aaaaasjq,aaaaasjq_s004_t015,630.0,0,,,,,
train,aaaaasme,aaaaasme_s001_t000,918.0,2,1.0,347.9952,365.1927,17.19749999999999,fnsz
train,aaaaasme,aaaaasme_s001_t000,918.0,2,2.0,904.1465,916.9252,12.778700000000072,fnsz
train,aaaaasme,aaaaasme_s001_t001,606.0,0,,,,,
train,aaaaasme,aaaaasme_s003_t000,300.0,0,,,,,
train,aaaaasme,aaaaasme_s003_t001,300.0,0,,,,,
train,aaaaasme,aaaaasme_s003_t002,1236.0,1,1.0,313.0403,331.2282,18.187900000000013,fnsz
train,aaaaasme,aaaaasme_s003_t003,300.0,0,,,,,
train,aaaaasme,aaaaasme_s003_t004,651.0,0,,,,,
train,aaaaasme,aaaaasme_s003_t005,300.0,0,,,,,
train,aaaaasme,aaaaasme_s003_t006,645.0,1,1.0,314.9732,335.1879,20.214699999999993,fnsz
train,aaaaasme,aaaaasme_s003_t007,627.0,0,,,,,
train,aaaaasme,aaaaasme_s003_t008,632.0,0,,,,,
train,aaaaasme,aaaaasme_s004_t000,300.0,0,,,,,
train,aaaaasme,aaaaasme_s004_t001,601.0,0,,,,,
train,aaaaasme,aaaaasme_s004_t002,601.0,0,,,,,
train,aaaaasme,aaaaasme_s004_t003,660.0,1,1.0,304.0,335.1477,31.147699999999986,fnsz
train,aaaaasme,aaaaasme_s004_t004,601.0,0,,,,,
train,aaaaasme,aaaaasme_s004_t005,300.0,1,1.0,1.0,15.0201,14.0201,fnsz
train,aaaaasme,aaaaasme_s004_t006,601.0,0,,,,,
train,aaaaasme,aaaaasme_s005_t000,1393.0,0,,,,,
train,aaaaasrf,aaaaasrf_s001_t000,47.0,0,,,,,
train,aaaaasrf,aaaaasrf_s001_t001,1241.0,0,,,,,
train,aaaaassg,aaaaassg_s001_t000,1313.0,0,,,,,
train,aaaaastr,aaaaastr_s001_t000,1697.0,2,1.0,690.4295,724.6644,34.23490000000004,fnsz
train,aaaaastr,aaaaastr_s001_t000,1697.0,2,2.0,1164.7584,1216.3289,51.57050000000004,fnsz
train,aaaaastr,aaaaastr_s002_t000,1800.0,0,,,,,
train,aaaaastr,aaaaastr_s002_t001,1800.0,0,,,,,
train,aaaaastr,aaaaastr_s002_t002,1800.0,0,,,,,
train,aaaaastr,aaaaastr_s002_t003,270.0,0,,,,,
train,aaaaastr,aaaaastr_s002_t004,1800.0,0,,,,,
train,aaaaastr,aaaaastr_s002_t005,1800.0,0,,,,,
train,aaaaastr,aaaaastr_s002_t006,1800.0,0,,,,,
train,aaaaastr,aaaaastr_s002_t007,1800.0,0,,,,,
train,aaaaastr,aaaaastr_s002_t008,839.0,0,,,,,
train,aaaaastr,aaaaastr_s002_t009,1800.0,0,,,,,
train,aaaaastr,aaaaastr_s002_t010,811.0,0,,,,,
train,aaaaastr,aaaaastr_s003_t000,79.0,0,,,,,
train,aaaaastr,aaaaastr_s003_t001,221.0,0,,,,,
train,aaaaastr,aaaaastr_s003_t002,632.0,0,,,,,
train,aaaaastr,aaaaastr_s003_t003,901.0,0,,,,,
train,aaaaastr,aaaaastr_s003_t004,300.0,0,,,,,
train,aaaaastr,aaaaastr_s003_t005,936.0,0,,,,,
train,aaaaastr,aaaaastr_s003_t006,695.0,0,,,,,
train,aaaaastr,aaaaastr_s003_t007,8.0,0,,,,,
train,aaaaastr,aaaaastr_s003_t008,649.0,0,,,,,
train,aaaaastr,aaaaastr_s003_t009,901.0,0,,,,,
train,aaaaastr,aaaaastr_s003_t010,1760.0,0,,,,,
train,aaaaastr,aaaaastr_s003_t011,52.0,0,,,,,
train,aaaaastr,aaaaastr_s003_t012,12.0,0,,,,,
train,aaaaastr,aaaaastr_s003_t013,1450.0,0,,,,,
train,aaaaasuh,aaaaasuh_s001_t001,1310.0,0,,,,,
train,aaaaasum,aaaaasum_s001_t000,1686.0,0,,,,,
train,aaaaasut,aaaaasut_s001_t000,814.0,0,,,,,
train,aaaaasut,aaaaasut_s001_t001,843.0,1,1.0,438.9856,527.3707,88.38510000000008,gnsz
train,aaaaasut,aaaaasut_s002_t000,1800.0,0,,,,,
train,aaaaasut,aaaaasut_s002_t001,1800.0,0,,,,,
train,aaaaasut,aaaaasut_s002_t002,901.0,0,,,,,
train,aaaaasut,aaaaasut_s003_t000,300.0,0,,,,,
train,aaaaasut,aaaaasut_s003_t001,601.0,0,,,,,
train,aaaaasut,aaaaasut_s003_t002,630.0,1,1.0,134.9955,165.1851,30.189600000000013,fnsz
train,aaaaasut,aaaaasut_s003_t003,329.0,0,,,,,
train,aaaaasut,aaaaasut_s003_t004,409.0,0,,,,,
train,aaaaasut,aaaaasut_s003_t005,300.0,0,,,,,
train,aaaaasut,aaaaasut_s003_t006,341.0,1,1.0,131.0535,147.0691,16.015599999999978,fnsz
train,aaaaasut,aaaaasut_s003_t007,477.0,1,1.0,129.0814,142.0468,12.965399999999988,gnsz
train,aaaaasut,aaaaasut_s003_t008,300.0,0,,,,,
train,aaaaasut,aaaaasut_s003_t009,601.0,1,1.0,222.9588,239.9989,17.040099999999995,gnsz
train,aaaaasut,aaaaasut_s003_t010,300.0,0,,,,,
train,aaaaasut,aaaaasut_s003_t011,601.0,0,,,,,
train,aaaaasut,aaaaasut_s003_t012,785.0,0,,,,,
train,aaaaaswl,aaaaaswl_s001_t000,1700.0,0,,,,,
train,aaaaaswt,aaaaaswt_s001_t000,917.0,3,1.0,188.5971,219.5287,30.931599999999975,fnsz
train,aaaaaswt,aaaaaswt_s001_t000,917.0,3,2.0,245.2006,290.5032,45.302599999999984,fnsz
train,aaaaaswt,aaaaaswt_s001_t000,917.0,3,3.0,839.3885,891.0605,51.672000000000025,fnsz
train,aaaaaswt,aaaaaswt_s001_t001,884.0,4,1.0,315.0955,365.5255,50.43000000000001,fnsz
train,aaaaaswt,aaaaaswt_s001_t001,884.0,4,2.0,390.0669,420.3535,30.28660000000002,fnsz
train,aaaaaswt,aaaaaswt_s001_t001,884.0,4,3.0,437.0892,455.6242,18.534999999999968,fnsz
train,aaaaaswt,aaaaaswt_s001_t001,884.0,4,4.0,465.7516,473.7293,7.977700000000027,fnsz
train,aaaaaswt,aaaaaswt_s001_t002,1028.0,0,,,,,
train,aaaaasxu,aaaaasxu_s001_t000,1309.0,0,,,,,
train,aaaaatbr,aaaaatbr_s001_t001,1314.0,0,,,,,
train,aaaaatds,aaaaatds_s001_t000,638.0,0,,,,,
train,aaaaatds,aaaaatds_s001_t001,69.0,0,,,,,
train,aaaaatds,aaaaatds_s001_t002,825.0,0,,,,,
train,aaaaatds,aaaaatds_s001_t003,1800.0,0,,,,,
train,aaaaatds,aaaaatds_s001_t004,337.0,0,,,,,
train,aaaaatds,aaaaatds_s002_t000,300.0,0,,,,,
train,aaaaatds,aaaaatds_s002_t001,601.0,0,,,,,
train,aaaaatds,aaaaatds_s002_t002,601.0,1,1.0,1.0,600.0,599.0,gnsz
train,aaaaatds,aaaaatds_s002_t003,300.0,0,,,,,
train,aaaaatds,aaaaatds_s002_t004,601.0,0,,,,,
train,aaaaatds,aaaaatds_s002_t005,300.0,1,1.0,1.0,299.0,298.0,gnsz
train,aaaaatds,aaaaatds_s002_t006,601.0,1,1.0,1.0,600.0,599.0,gnsz
train,aaaaatds,aaaaatds_s002_t007,601.0,1,1.0,1.0,600.0,599.0,gnsz
train,aaaaatds,aaaaatds_s002_t008,300.0,1,1.0,1.0,299.0,298.0,gnsz
train,aaaaatds,aaaaatds_s002_t009,601.0,1,1.0,1.0,600.0,599.0,gnsz
train,aaaaatds,aaaaatds_s003_t000,300.0,1,1.0,1.0,299.0,298.0,gnsz
train,aaaaatds,aaaaatds_s003_t001,601.0,1,1.0,1.0,600.0,599.0,gnsz
train,aaaaatds,aaaaatds_s003_t002,300.0,1,1.0,1.0,299.0,298.0,gnsz
train,aaaaatds,aaaaatds_s003_t003,601.0,0,,,,,
train,aaaaatds,aaaaatds_s003_t004,300.0,1,1.0,1.0,299.0,298.0,gnsz
train,aaaaatds,aaaaatds_s003_t005,638.0,1,1.0,1.0,637.0,636.0,gnsz
train,aaaaatds,aaaaatds_s003_t006,8.0,1,1.0,0.0091,7.9891,7.9799999999999995,gnsz
train,aaaaatds,aaaaatds_s003_t007,601.0,0,,,,,
train,aaaaatds,aaaaatds_s003_t008,300.0,0,,,,,
train,aaaaatds,aaaaatds_s003_t009,601.0,0,,,,,
train,aaaaatds,aaaaatds_s003_t010,300.0,0,,,,,
train,aaaaatds,aaaaatds_s003_t011,601.0,0,,,,,
train,aaaaatds,aaaaatds_s004_t000,300.0,0,,,,,
train,aaaaatds,aaaaatds_s004_t001,601.0,0,,,,,
train,aaaaatds,aaaaatds_s004_t002,601.0,0,,,,,
train,aaaaatds,aaaaatds_s004_t003,300.0,0,,,,,
train,aaaaatds,aaaaatds_s004_t004,601.0,0,,,,,
train,aaaaatds,aaaaatds_s004_t005,300.0,0,,,,,
train,aaaaatds,aaaaatds_s004_t006,837.0,0,,,,,
train,aaaaatds,aaaaatds_s004_t007,601.0,0,,,,,
train,aaaaatds,aaaaatds_s004_t008,300.0,0,,,,,
train,aaaaatds,aaaaatds_s004_t009,601.0,0,,,,,
train,aaaaatej,aaaaatej_s004_t000,80.0,0,,,,,
train,aaaaatej,aaaaatej_s004_t001,220.0,0,,,,,
train,aaaaatej,aaaaatej_s004_t002,601.0,0,,,,,
train,aaaaatej,aaaaatej_s004_t003,7.0,0,,,,,
train,aaaaatej,aaaaatej_s004_t004,7.0,0,,,,,
train,aaaaatej,aaaaatej_s004_t006,41.0,0,,,,,
train,aaaaatej,aaaaatej_s004_t007,8.0,0,,,,,
train,aaaaatej,aaaaatej_s004_t008,601.0,0,,,,,
train,aaaaatej,aaaaatej_s004_t009,300.0,0,,,,,
train,aaaaatej,aaaaatej_s004_t010,601.0,0,,,,,
train,aaaaatej,aaaaatej_s004_t011,8.0,0,,,,,
train,aaaaatej,aaaaatej_s004_t012,300.0,0,,,,,
train,aaaaatej,aaaaatej_s004_t013,601.0,0,,,,,
train,aaaaatej,aaaaatej_s004_t014,300.0,0,,,,,
train,aaaaatej,aaaaatej_s004_t015,601.0,0,,,,,
train,aaaaatej,aaaaatej_s004_t016,300.0,0,,,,,
train,aaaaatej,aaaaatej_s004_t017,601.0,0,,,,,
train,aaaaatem,aaaaatem_s001_t000,1800.0,0,,,,,
train,aaaaatem,aaaaatem_s001_t001,1800.0,0,,,,,
train,aaaaatem,aaaaatem_s001_t002,1385.0,0,,,,,
train,aaaaatem,aaaaatem_s001_t003,1800.0,0,,,,,
train,aaaaatem,aaaaatem_s001_t004,1800.0,0,,,,,
train,aaaaatem,aaaaatem_s001_t005,1800.0,0,,,,,
train,aaaaatem,aaaaatem_s001_t006,1800.0,0,,,,,
train,aaaaatem,aaaaatem_s001_t007,1800.0,0,,,,,
train,aaaaatem,aaaaatem_s001_t008,1800.0,0,,,,,
train,aaaaatem,aaaaatem_s001_t009,1800.0,0,,,,,
train,aaaaatem,aaaaatem_s001_t010,1800.0,0,,,,,
train,aaaaatem,aaaaatem_s001_t011,1800.0,0,,,,,
train,aaaaatem,aaaaatem_s001_t012,534.0,0,,,,,
train,aaaaatem,aaaaatem_s002_t000,300.0,0,,,,,
train,aaaaatem,aaaaatem_s002_t001,601.0,0,,,,,
train,aaaaatem,aaaaatem_s002_t002,695.0,0,,,,,
train,aaaaatem,aaaaatem_s002_t003,601.0,0,,,,,
train,aaaaatem,aaaaatem_s002_t004,601.0,0,,,,,
train,aaaaatem,aaaaatem_s002_t005,601.0,0,,,,,
train,aaaaatem,aaaaatem_s002_t006,370.0,0,,,,,
train,aaaaatem,aaaaatem_s003_t000,300.0,0,,,,,
train,aaaaatem,aaaaatem_s003_t001,601.0,0,,,,,
train,aaaaatem,aaaaatem_s003_t002,300.0,0,,,,,
train,aaaaatem,aaaaatem_s003_t003,450.0,0,,,,,
train,aaaaatem,aaaaatem_s003_t004,601.0,0,,,,,
train,aaaaatem,aaaaatem_s003_t005,300.0,0,,,,,
train,aaaaatem,aaaaatem_s003_t006,1800.0,0,,,,,
train,aaaaatem,aaaaatem_s003_t007,978.0,0,,,,,
train,aaaaatem,aaaaatem_s003_t008,300.0,0,,,,,
train,aaaaatem,aaaaatem_s003_t009,601.0,0,,,,,
train,aaaaatem,aaaaatem_s003_t010,300.0,0,,,,,
train,aaaaatem,aaaaatem_s003_t011,601.0,0,,,,,
train,aaaaateq,aaaaateq_s001_t000,1415.0,0,,,,,
train,aaaaateq,aaaaateq_s002_t000,300.0,0,,,,,
train,aaaaateq,aaaaateq_s002_t001,601.0,0,,,,,
train,aaaaateq,aaaaateq_s002_t003,601.0,0,,,,,
train,aaaaateq,aaaaateq_s002_t004,601.0,0,,,,,
train,aaaaateq,aaaaateq_s002_t005,900.0,0,,,,,
train,aaaaateq,aaaaateq_s002_t006,6.0,0,,,,,
train,aaaaateq,aaaaateq_s002_t008,601.0,0,,,,,
train,aaaaateq,aaaaateq_s002_t009,601.0,0,,,,,
train,aaaaates,aaaaates_s001_t000,1263.0,4,1.0,282.5719,299.3612,16.78929999999997,fnsz
train,aaaaates,aaaaates_s001_t000,1263.0,4,2.0,354.4214,520.6466,166.22520000000003,fnsz
train,aaaaates,aaaaates_s001_t000,1263.0,4,3.0,876.5953,892.2475,15.652199999999993,fnsz
train,aaaaates,aaaaates_s001_t000,1263.0,4,4.0,944.7715,1189.5351,244.7636000000001,fnsz
train,aaaaates,aaaaates_s002_t000,300.0,0,,,,,
train,aaaaates,aaaaates_s002_t001,601.0,0,,,,,
train,aaaaates,aaaaates_s002_t002,815.0,0,,,,,
train,aaaaates,aaaaates_s002_t003,622.0,0,,,,,
train,aaaaates,aaaaates_s002_t004,300.0,0,,,,,
train,aaaaates,aaaaates_s002_t005,689.0,10,1.0,1.0,57.3826,56.3826,fnsz
train,aaaaates,aaaaates_s002_t005,689.0,10,2.0,64.1141,391.7785,327.6644,fnsz
train,aaaaates,aaaaates_s002_t005,689.0,10,3.0,399.4228,432.9463,33.52350000000001,fnsz
train,aaaaates,aaaaates_s002_t005,689.0,10,4.0,436.5436,475.9564,39.41279999999995,fnsz
train,aaaaates,aaaaates_s002_t005,689.0,10,5.0,479.3154,506.1644,26.84899999999999,fnsz
train,aaaaates,aaaaates_s002_t005,689.0,10,6.0,511.8121,531.7752,19.963100000000054,fnsz
train,aaaaates,aaaaates_s002_t005,689.0,10,7.0,541.7383,566.9866,25.248299999999972,fnsz
train,aaaaates,aaaaates_s002_t005,689.0,10,8.0,580.4866,601.3859,20.89930000000004,fnsz
train,aaaaates,aaaaates_s002_t005,689.0,10,9.0,604.7047,625.5134,20.808700000000044,fnsz
train,aaaaates,aaaaates_s002_t005,689.0,10,10.0,628.7315,688.0,59.26850000000002,fnsz
train,aaaaates,aaaaates_s002_t006,601.0,2,1.0,198.0268,363.6309,165.6041,fnsz
train,aaaaates,aaaaates_s002_t006,601.0,2,2.0,562.5839,599.6309,37.047000000000025,fnsz
train,aaaaates,aaaaates_s002_t008,300.0,0,,,,,
train,aaaaates,aaaaates_s002_t009,601.0,0,,,,,
train,aaaaates,aaaaates_s002_t010,601.0,0,,,,,
train,aaaaates,aaaaates_s003_t000,300.0,0,,,,,
train,aaaaates,aaaaates_s003_t001,601.0,0,,,,,
train,aaaaates,aaaaates_s003_t002,682.0,2,1.0,300.2819,327.0604,26.778500000000008,fnsz
train,aaaaates,aaaaates_s003_t002,682.0,2,2.0,346.094,404.0403,57.94630000000001,fnsz
train,aaaaates,aaaaates_s003_t003,601.0,0,,,,,
train,aaaaates,aaaaates_s003_t004,685.0,1,1.0,299.7248,384.2886,84.56379999999996,fnsz
train,aaaaates,aaaaates_s003_t005,300.0,0,,,,,
train,aaaaates,aaaaates_s003_t006,601.0,0,,,,,
train,aaaaates,aaaaates_s004_t000,300.0,0,,,,,
train,aaaaates,aaaaates_s004_t001,601.0,0,,,,,
train,aaaaates,aaaaates_s004_t002,300.0,0,,,,,
train,aaaaates,aaaaates_s004_t003,601.0,0,,,,,
train,aaaaates,aaaaates_s004_t004,300.0,0,,,,,
train,aaaaates,aaaaates_s004_t005,601.0,0,,,,,
train,aaaaates,aaaaates_s004_t006,300.0,0,,,,,
train,aaaaates,aaaaates_s005_t000,300.0,0,,,,,
train,aaaaates,aaaaates_s005_t001,601.0,0,,,,,
train,aaaaates,aaaaates_s005_t002,601.0,0,,,,,
train,aaaaates,aaaaates_s005_t003,300.0,0,,,,,
train,aaaaates,aaaaates_s005_t004,742.0,0,,,,,
train,aaaaates,aaaaates_s005_t005,601.0,0,,,,,
train,aaaaates,aaaaates_s005_t006,300.0,0,,,,,
train,aaaaates,aaaaates_s005_t007,601.0,0,,,,,
train,aaaaates,aaaaates_s005_t008,300.0,0,,,,,
train,aaaaates,aaaaates_s005_t009,601.0,0,,,,,
train,aaaaates,aaaaates_s007_t000,1800.0,0,,,,,
train,aaaaates,aaaaates_s007_t001,1800.0,0,,,,,
train,aaaaates,aaaaates_s007_t002,1800.0,0,,,,,
train,aaaaates,aaaaates_s007_t003,1800.0,0,,,,,
train,aaaaates,aaaaates_s007_t004,1.0,0,,,,,
train,aaaaates,aaaaates_s007_t005,1800.0,0,,,,,
train,aaaaates,aaaaates_s007_t006,1800.0,0,,,,,
train,aaaaates,aaaaates_s007_t007,1.0,0,,,,,
train,aaaaates,aaaaates_s007_t008,1800.0,0,,,,,
train,aaaaates,aaaaates_s007_t009,1800.0,0,,,,,
train,aaaaates,aaaaates_s007_t010,43.0,0,,,,,
train,aaaaates,aaaaates_s007_t011,44.0,0,,,,,
train,aaaaates,aaaaates_s009_t000,300.0,0,,,,,
train,aaaaates,aaaaates_s009_t001,601.0,0,,,,,
train,aaaaates,aaaaates_s009_t002,300.0,0,,,,,
train,aaaaates,aaaaates_s009_t003,779.0,1,1.0,311.8926,475.1812,163.28859999999997,fnsz
train,aaaaates,aaaaates_s009_t004,601.0,0,,,,,
train,aaaaates,aaaaates_s009_t005,300.0,0,,,,,
train,aaaaates,aaaaates_s009_t006,829.0,1,1.0,306.0134,520.0,213.9866,fnsz
train,aaaaates,aaaaates_s009_t007,300.0,0,,,,,
train,aaaaates,aaaaates_s009_t008,849.0,1,1.0,302.0268,489.9396,187.9128,fnsz
train,aaaaates,aaaaates_s009_t009,300.0,0,,,,,
train,aaaaates,aaaaates_s009_t010,863.0,1,1.0,300.0537,476.5772,176.5235,fnsz
train,aaaaatez,aaaaatez_s001_t000,1534.0,4,1.0,85.8629,195.6957,109.83279999999999,fnsz
train,aaaaatez,aaaaatez_s001_t000,1534.0,4,2.0,479.0769,598.0736,118.99670000000003,fnsz
train,aaaaatez,aaaaatez_s001_t000,1534.0,4,3.0,904.8027,1001.7258,96.92310000000009,fnsz
train,aaaaatez,aaaaatez_s001_t000,1534.0,4,4.0,1318.1472,1435.5385,117.3913,fnsz
train,aaaaatez,aaaaatez_s002_t000,810.0,1,1.0,376.3333,491.0,114.66669999999999,fnsz
train,aaaaatez,aaaaatez_s002_t001,431.0,1,1.0,335.1515,428.3636,93.21210000000002,fnsz
train,aaaaatez,aaaaatez_s006_t000,300.0,0,,,,,
train,aaaaatez,aaaaatez_s006_t001,7.0,0,,,,,
train,aaaaatez,aaaaatez_s006_t002,601.0,2,1.0,34.1515,122.2121,88.06060000000001,fnsz
train,aaaaatez,aaaaatez_s006_t002,601.0,2,2.0,467.1515,524.303,57.1515,fnsz
train,aaaaatez,aaaaatez_s006_t003,408.0,1,1.0,319.1212,375.9697,56.8485,fnsz
train,aaaaatez,aaaaatez_s006_t004,740.0,3,1.0,1.0,92.2424,91.2424,fnsz
train,aaaaatez,aaaaatez_s006_t004,740.0,3,2.0,270.2121,366.8182,96.60609999999997,fnsz
train,aaaaatez,aaaaatez_s006_t004,740.0,3,3.0,668.1515,738.2121,70.06059999999991,fnsz
train,aaaaatez,aaaaatez_s006_t005,300.0,0,,,,,
train,aaaaatez,aaaaatez_s006_t006,601.0,1,1.0,210.1818,285.3333,75.1515,fnsz
train,aaaaatez,aaaaatez_s006_t007,848.0,2,1.0,355.0,456.0303,101.03030000000001,fnsz
train,aaaaatez,aaaaatez_s006_t007,848.0,2,2.0,829.5758,845.8788,16.302999999999997,fnsz
train,aaaaatez,aaaaatez_s006_t008,300.0,0,,,,,
train,aaaaatez,aaaaatez_s006_t009,1288.0,3,1.0,275.2727,422.1818,146.90910000000002,fnsz
train,aaaaatez,aaaaatez_s006_t009,1288.0,3,2.0,586.1212,692.1212,106.0,fnsz
train,aaaaatez,aaaaatez_s006_t009,1288.0,3,3.0,977.1818,1116.3333,139.15150000000006,fnsz
train,aaaaatez,aaaaatez_s006_t010,300.0,0,,,,,
train,aaaaatez,aaaaatez_s006_t011,601.0,0,,,,,
train,aaaaatez,aaaaatez_s006_t012,300.0,0,,,,,
train,aaaaatez,aaaaatez_s006_t013,601.0,1,1.0,333.2727,476.2424,142.9697,fnsz
train,aaaaatez,aaaaatez_s007_t000,300.0,1,1.0,1.0,136.2424,135.2424,fnsz
train,aaaaatez,aaaaatez_s007_t001,936.0,2,1.0,1.0,22.3636,21.3636,fnsz
train,aaaaatez,aaaaatez_s007_t001,936.0,2,2.0,379.0909,500.1818,121.09090000000003,fnsz
train,aaaaatez,aaaaatez_s007_t002,601.0,0,,,,,
train,aaaaatez,aaaaatez_s007_t003,300.0,0,,,,,
train,aaaaatez,aaaaatez_s007_t004,167.0,0,,,,,
train,aaaaatez,aaaaatez_s007_t005,674.0,2,1.0,1.0,225.3939,224.3939,fnsz
train,aaaaatez,aaaaatez_s007_t005,674.0,2,2.0,544.0,657.4545,113.45450000000005,fnsz
train,aaaaatez,aaaaatez_s007_t006,300.0,1,1.0,1.0,48.9091,47.9091,fnsz
train,aaaaatez,aaaaatez_s007_t007,601.0,0,,,,,
train,aaaaatez,aaaaatez_s007_t008,300.0,0,,,,,
train,aaaaatez,aaaaatez_s007_t009,601.0,0,,,,,
train,aaaaatez,aaaaatez_s007_t010,300.0,0,,,,,
train,aaaaatez,aaaaatez_s007_t011,601.0,1,1.0,97.0909,177.8182,80.72729999999999,fnsz
train,aaaaatfe,aaaaatfe_s001_t001,140.0,0,,,,,
train,aaaaatfe,aaaaatfe_s001_t002,1312.0,0,,,,,
train,aaaaatgk,aaaaatgk_s001_t001,1463.0,0,,,,,
train,aaaaatgl,aaaaatgl_s001_t000,1281.0,0,,,,,
train,aaaaatjh,aaaaatjh_s002_t000,300.0,0,,,,,
train,aaaaatjh,aaaaatjh_s002_t001,760.0,1,1.0,345.047,435.8926,90.84559999999999,fnsz
train,aaaaatjh,aaaaatjh_s002_t002,728.0,1,1.0,300.047,451.1879,151.1409,fnsz
train,aaaaatjh,aaaaatjh_s002_t003,8.0,0,,,,,
train,aaaaatjh,aaaaatjh_s002_t004,69.0,2,1.0,1.0,21.0201,20.0201,fnsz
train,aaaaatjh,aaaaatjh_s002_t004,69.0,2,2.0,58.7517,67.9933,9.241600000000005,fnsz
train,aaaaatjh,aaaaatjh_s002_t005,601.0,3,1.0,1.0,65.9664,64.9664,fnsz
train,aaaaatjh,aaaaatjh_s002_t005,601.0,3,2.0,69.1745,340.7846,271.6101,fnsz
train,aaaaatjh,aaaaatjh_s002_t005,601.0,3,3.0,344.5235,599.8389,255.31539999999995,fnsz
train,aaaaatjh,aaaaatjh_s002_t007,668.0,5,1.0,1.0,134.8322,133.8322,fnsz
train,aaaaatjh,aaaaatjh_s002_t007,668.0,5,2.0,137.9866,408.2148,270.2282,fnsz
train,aaaaatjh,aaaaatjh_s002_t007,668.0,5,3.0,414.1678,554.8658,140.69800000000004,fnsz
train,aaaaatjh,aaaaatjh_s002_t007,668.0,5,4.0,559.3087,626.9463,67.6375999999999,fnsz
train,aaaaatjh,aaaaatjh_s002_t007,668.0,5,5.0,630.4295,666.8054,36.3759,fnsz
train,aaaaatjh,aaaaatjh_s002_t008,300.0,1,1.0,1.0,299.0,298.0,fnsz
train,aaaaatjh,aaaaatjh_s002_t009,601.0,2,1.0,1.0,180.8188,179.8188,fnsz
train,aaaaatjh,aaaaatjh_s002_t009,601.0,2,2.0,184.2013,574.5638,390.3625,fnsz
train,aaaaatjh,aaaaatjh_s002_t010,714.0,6,1.0,1.0,23.1409,22.1409,fnsz
train,aaaaatjh,aaaaatjh_s002_t010,714.0,6,2.0,101.1745,132.3691,31.19460000000001,fnsz
train,aaaaatjh,aaaaatjh_s002_t010,714.0,6,3.0,241.5705,250.1342,8.563699999999983,fnsz
train,aaaaatjh,aaaaatjh_s002_t010,714.0,6,4.0,283.1409,414.0671,130.9262,fnsz
train,aaaaatjh,aaaaatjh_s002_t010,714.0,6,5.0,485.8591,501.5369,15.67779999999999,fnsz
train,aaaaatjh,aaaaatjh_s002_t010,714.0,6,6.0,542.8054,571.9329,29.127500000000055,fnsz
train,aaaaatjh,aaaaatjh_s002_t011,601.0,0,,,,,
train,aaaaatjh,aaaaatjh_s002_t012,6.0,0,,,,,
train,aaaaatjh,aaaaatjh_s002_t013,25.0,0,,,,,
train,aaaaatjh,aaaaatjh_s002_t014,601.0,0,,,,,
train,aaaaatjh,aaaaatjh_s002_t015,706.0,0,,,,,
train,aaaaatjh,aaaaatjh_s002_t016,300.0,2,1.0,30.5034,41.9664,11.463000000000001,fnsz
train,aaaaatjh,aaaaatjh_s002_t016,300.0,2,2.0,106.3087,114.1208,7.812100000000001,fnsz
train,aaaaatjr,aaaaatjr_s001_t001,1332.0,1,1.0,502.0201,550.0134,47.99330000000003,fnsz
train,aaaaatjz,aaaaatjz_s001_t000,1800.0,0,,,,,
train,aaaaatjz,aaaaatjz_s001_t001,98.0,0,,,,,
train,aaaaatki,aaaaatki_s002_t000,79.0,0,,,,,
train,aaaaatki,aaaaatki_s002_t001,1800.0,0,,,,,
train,aaaaatki,aaaaatki_s002_t002,916.0,0,,,,,
train,aaaaatki,aaaaatki_s003_t000,1800.0,0,,,,,
train,aaaaatki,aaaaatki_s003_t001,1800.0,0,,,,,
train,aaaaatki,aaaaatki_s003_t002,1800.0,0,,,,,
train,aaaaatki,aaaaatki_s003_t003,1800.0,0,,,,,
train,aaaaatki,aaaaatki_s003_t004,1800.0,0,,,,,
train,aaaaatki,aaaaatki_s003_t005,1441.0,0,,,,,
train,aaaaatki,aaaaatki_s003_t006,1800.0,0,,,,,
train,aaaaatki,aaaaatki_s003_t007,1800.0,0,,,,,
train,aaaaatki,aaaaatki_s003_t008,1800.0,0,,,,,
train,aaaaatki,aaaaatki_s003_t009,1800.0,0,,,,,
train,aaaaatki,aaaaatki_s003_t010,1800.0,0,,,,,
train,aaaaatki,aaaaatki_s003_t011,1800.0,0,,,,,
train,aaaaatki,aaaaatki_s003_t012,1800.0,0,,,,,
train,aaaaatki,aaaaatki_s003_t013,1800.0,0,,,,,
train,aaaaatki,aaaaatki_s003_t014,1800.0,0,,,,,
train,aaaaatki,aaaaatki_s003_t015,1800.0,0,,,,,
train,aaaaatki,aaaaatki_s003_t016,298.0,0,,,,,
train,aaaaatki,aaaaatki_s003_t017,188.0,0,,,,,
train,aaaaatki,aaaaatki_s003_t018,1800.0,0,,,,,
train,aaaaatki,aaaaatki_s003_t019,1800.0,0,,,,,
train,aaaaatki,aaaaatki_s003_t020,1800.0,0,,,,,
train,aaaaatki,aaaaatki_s003_t021,1800.0,0,,,,,
train,aaaaatki,aaaaatki_s003_t022,1800.0,0,,,,,
train,aaaaatki,aaaaatki_s003_t023,1800.0,0,,,,,
train,aaaaatki,aaaaatki_s003_t024,1800.0,0,,,,,
train,aaaaatki,aaaaatki_s003_t025,1800.0,0,,,,,
train,aaaaatki,aaaaatki_s003_t026,1800.0,0,,,,,
train,aaaaatki,aaaaatki_s003_t027,1800.0,0,,,,,
train,aaaaatki,aaaaatki_s003_t028,965.0,0,,,,,
train,aaaaatki,aaaaatki_s005_t000,401.0,0,,,,,
train,aaaaatki,aaaaatki_s005_t001,1800.0,0,,,,,
train,aaaaatki,aaaaatki_s005_t002,1800.0,0,,,,,
train,aaaaatki,aaaaatki_s005_t003,1800.0,0,,,,,
train,aaaaatki,aaaaatki_s005_t004,791.0,0,,,,,
train,aaaaatki,aaaaatki_s005_t005,1800.0,0,,,,,
train,aaaaatki,aaaaatki_s005_t006,1800.0,0,,,,,
train,aaaaatki,aaaaatki_s005_t007,1800.0,0,,,,,
train,aaaaatki,aaaaatki_s005_t008,1800.0,0,,,,,
train,aaaaatki,aaaaatki_s005_t009,1800.0,0,,,,,
train,aaaaatki,aaaaatki_s005_t010,1800.0,0,,,,,
train,aaaaatki,aaaaatki_s005_t011,1800.0,0,,,,,
train,aaaaatki,aaaaatki_s005_t012,1800.0,0,,,,,
train,aaaaatki,aaaaatki_s005_t013,1800.0,0,,,,,
train,aaaaatki,aaaaatki_s005_t014,1800.0,0,,,,,
train,aaaaatki,aaaaatki_s005_t015,1800.0,0,,,,,
train,aaaaatki,aaaaatki_s005_t016,1800.0,0,,,,,
train,aaaaatki,aaaaatki_s005_t017,1800.0,0,,,,,
train,aaaaatki,aaaaatki_s005_t018,1800.0,0,,,,,
train,aaaaatki,aaaaatki_s005_t019,1800.0,0,,,,,
train,aaaaatki,aaaaatki_s005_t020,1618.0,0,,,,,
train,aaaaatki,aaaaatki_s005_t021,1800.0,0,,,,,
train,aaaaatki,aaaaatki_s005_t022,1800.0,0,,,,,
train,aaaaatki,aaaaatki_s005_t023,1800.0,0,,,,,
train,aaaaatki,aaaaatki_s005_t024,1800.0,0,,,,,
train,aaaaatki,aaaaatki_s005_t025,1800.0,0,,,,,
train,aaaaatki,aaaaatki_s005_t026,1800.0,0,,,,,
train,aaaaatki,aaaaatki_s005_t027,1800.0,0,,,,,
train,aaaaatki,aaaaatki_s005_t028,1800.0,0,,,,,
train,aaaaatki,aaaaatki_s005_t029,1800.0,0,,,,,
train,aaaaatki,aaaaatki_s005_t030,1800.0,0,,,,,
train,aaaaatki,aaaaatki_s005_t031,1800.0,0,,,,,
train,aaaaatki,aaaaatki_s005_t032,1800.0,0,,,,,
train,aaaaatki,aaaaatki_s005_t033,1800.0,0,,,,,
train,aaaaatki,aaaaatki_s005_t034,1800.0,0,,,,,
train,aaaaatki,aaaaatki_s005_t035,1800.0,0,,,,,
train,aaaaatki,aaaaatki_s005_t036,1800.0,0,,,,,
train,aaaaatki,aaaaatki_s005_t037,1800.0,0,,,,,
train,aaaaatki,aaaaatki_s005_t038,1800.0,0,,,,,
train,aaaaatki,aaaaatki_s005_t039,1800.0,0,,,,,
train,aaaaatki,aaaaatki_s005_t040,1800.0,0,,,,,
train,aaaaatki,aaaaatki_s005_t041,1800.0,0,,,,,
train,aaaaatki,aaaaatki_s005_t042,1800.0,0,,,,,
train,aaaaatki,aaaaatki_s005_t043,1800.0,0,,,,,
train,aaaaatki,aaaaatki_s005_t044,1800.0,0,,,,,
train,aaaaatki,aaaaatki_s005_t045,1800.0,0,,,,,
train,aaaaatki,aaaaatki_s005_t046,1800.0,0,,,,,
train,aaaaatki,aaaaatki_s005_t047,1800.0,0,,,,,
train,aaaaatki,aaaaatki_s005_t048,885.0,0,,,,,
train,aaaaatlp,aaaaatlp_s001_t000,997.0,0,,,,,
train,aaaaatlp,aaaaatlp_s001_t001,232.0,0,,,,,
train,aaaaatlp,aaaaatlp_s001_t002,50.0,0,,,,,
train,aaaaatlp,aaaaatlp_s002_t000,300.0,0,,,,,
train,aaaaatlp,aaaaatlp_s002_t001,601.0,0,,,,,
train,aaaaatlp,aaaaatlp_s002_t002,8.0,0,,,,,
train,aaaaatlp,aaaaatlp_s002_t003,601.0,0,,,,,
train,aaaaatlp,aaaaatlp_s002_t004,300.0,0,,,,,
train,aaaaatlp,aaaaatlp_s002_t005,702.0,0,,,,,
train,aaaaatlp,aaaaatlp_s002_t006,8.0,0,,,,,
train,aaaaatlp,aaaaatlp_s002_t007,601.0,0,,,,,
train,aaaaatlp,aaaaatlp_s003_t000,300.0,0,,,,,
train,aaaaatlp,aaaaatlp_s003_t001,765.0,1,1.0,316.2617,399.7181,83.45639999999997,fnsz
train,aaaaatlp,aaaaatlp_s003_t002,601.0,0,,,,,
train,aaaaatlp,aaaaatlp_s003_t003,300.0,0,,,,,
train,aaaaatlp,aaaaatlp_s003_t004,691.0,1,1.0,300.557,385.0604,84.5034,fnsz
train,aaaaatlp,aaaaatlp_s003_t005,693.0,1,1.0,302.4094,393.4899,91.08049999999997,fnsz
train,aaaaatlp,aaaaatlp_s003_t006,601.0,0,,,,,
train,aaaaatlp,aaaaatlp_s004_t000,25.0,0,,,,,
train,aaaaatlp,aaaaatlp_s004_t001,186.0,0,,,,,
train,aaaaatlp,aaaaatlp_s004_t002,89.0,0,,,,,
train,aaaaatlp,aaaaatlp_s004_t003,849.0,1,1.0,366.2349,446.8926,80.65770000000003,fnsz
train,aaaaatlp,aaaaatlp_s004_t004,744.0,1,1.0,315.7114,396.3758,80.6644,fnsz
train,aaaaatlp,aaaaatlp_s004_t005,300.0,0,,,,,
train,aaaaatlp,aaaaatlp_s004_t006,601.0,1,1.0,62.6846,100.4497,37.765100000000004,fnsz
train,aaaaatlp,aaaaatlp_s004_t007,601.0,0,,,,,
train,aaaaatlp,aaaaatlp_s004_t008,300.0,0,,,,,
train,aaaaatlp,aaaaatlp_s004_t009,601.0,0,,,,,
train,aaaaatlp,aaaaatlp_s005_t000,300.0,0,,,,,
train,aaaaatlp,aaaaatlp_s005_t001,601.0,0,,,,,
train,aaaaatlp,aaaaatlp_s005_t002,300.0,0,,,,,
train,aaaaatlp,aaaaatlp_s005_t003,601.0,0,,,,,
train,aaaaatlp,aaaaatlp_s005_t004,601.0,0,,,,,
train,aaaaatlp,aaaaatlp_s005_t005,300.0,0,,,,,
train,aaaaatlp,aaaaatlp_s005_t006,300.0,0,,,,,
train,aaaaatlp,aaaaatlp_s005_t007,601.0,0,,,,,
train,aaaaatlp,aaaaatlp_s005_t008,300.0,0,,,,,
train,aaaaatlp,aaaaatlp_s005_t009,601.0,0,,,,,
train,aaaaatlp,aaaaatlp_s006_t000,300.0,0,,,,,
train,aaaaatlp,aaaaatlp_s006_t001,601.0,0,,,,,
train,aaaaatlp,aaaaatlp_s006_t002,637.0,0,,,,,
train,aaaaatlp,aaaaatlp_s006_t003,300.0,0,,,,,
train,aaaaatlp,aaaaatlp_s006_t004,601.0,0,,,,,
train,aaaaatlp,aaaaatlp_s006_t005,300.0,0,,,,,
train,aaaaatlp,aaaaatlp_s006_t006,601.0,0,,,,,
train,aaaaatlp,aaaaatlp_s006_t007,659.0,1,1.0,285.6722,359.8528,74.18060000000003,fnsz
train,aaaaatlp,aaaaatlp_s006_t008,300.0,0,,,,,
train,aaaaatlp,aaaaatlp_s006_t009,601.0,0,,,,,
train,aaaaatlp,aaaaatlp_s006_t010,300.0,0,,,,,
train,aaaaatlp,aaaaatlp_s006_t011,601.0,0,,,,,
train,aaaaatlp,aaaaatlp_s007_t000,300.0,0,,,,,
train,aaaaatlp,aaaaatlp_s007_t001,601.0,0,,,,,
train,aaaaatlp,aaaaatlp_s007_t002,300.0,0,,,,,
train,aaaaatlp,aaaaatlp_s007_t003,601.0,0,,,,,
train,aaaaatlp,aaaaatlp_s007_t004,601.0,0,,,,,
train,aaaaatlp,aaaaatlp_s007_t005,300.0,0,,,,,
train,aaaaatlp,aaaaatlp_s007_t006,601.0,0,,,,,
train,aaaaatlp,aaaaatlp_s007_t007,300.0,0,,,,,
train,aaaaatlp,aaaaatlp_s007_t008,601.0,0,,,,,
train,aaaaatlp,aaaaatlp_s007_t009,300.0,0,,,,,
train,aaaaatlp,aaaaatlp_s007_t010,601.0,0,,,,,
train,aaaaatna,aaaaatna_s001_t000,1305.0,0,,,,,
train,aaaaatsy,aaaaatsy_s001_t000,1682.0,0,,,,,
train,aaaaatth,aaaaatth_s001_t000,1289.0,0,,,,,
train,aaaaatvk,aaaaatvk_s001_t000,1290.0,0,,,,,
train,aaaaatvk,aaaaatvk_s002_t001,301.0,0,,,,,
train,aaaaatvk,aaaaatvk_s002_t002,301.0,0,,,,,
train,aaaaatvk,aaaaatvk_s002_t004,301.0,0,,,,,
train,aaaaatvk,aaaaatvk_s002_t005,39.0,0,,,,,
train,aaaaatvk,aaaaatvk_s002_t007,155.0,0,,,,,
train,aaaaatvk,aaaaatvk_s002_t017,301.0,0,,,,,
train,aaaaatvk,aaaaatvk_s002_t019,301.0,0,,,,,
train,aaaaatvk,aaaaatvk_s002_t020,197.0,0,,,,,
train,aaaaatvk,aaaaatvk_s002_t021,301.0,0,,,,,
train,aaaaatvk,aaaaatvk_s002_t023,301.0,0,,,,,
train,aaaaatvk,aaaaatvk_s002_t024,301.0,0,,,,,
train,aaaaatvk,aaaaatvk_s002_t025,301.0,0,,,,,
train,aaaaatvr,aaaaatvr_s001_t000,519.0,1,1.0,1.9565,65.3946,63.4381,cpsz
train,aaaaatvr,aaaaatvr_s001_t001,301.0,0,,,,,
train,aaaaatvr,aaaaatvr_s001_t002,301.0,0,,,,,
train,aaaaatvr,aaaaatvr_s001_t003,301.0,0,,,,,
train,aaaaatvr,aaaaatvr_s001_t004,89.0,1,1.0,3.9688,82.1282,78.1594,cpsz
train,aaaaatvr,aaaaatvr_s001_t005,301.0,0,,,,,
train,aaaaatvr,aaaaatvr_s001_t007,301.0,0,,,,,
train,aaaaatvr,aaaaatvr_s001_t008,301.0,0,,,,,
train,aaaaatvr,aaaaatvr_s001_t011,301.0,0,,,,,
train,aaaaatvr,aaaaatvr_s001_t013,165.0,1,1.0,19.9532,133.9164,113.96320000000001,cpsz
train,aaaaatvr,aaaaatvr_s002_t002,24.0,0,,,,,
train,aaaaatvr,aaaaatvr_s002_t003,102.0,0,,,,,
train,aaaaatvr,aaaaatvr_s002_t004,301.0,0,,,,,
train,aaaaatvr,aaaaatvr_s002_t005,301.0,0,,,,,
train,aaaaatvr,aaaaatvr_s002_t006,248.0,0,,,,,
train,aaaaatvr,aaaaatvr_s002_t010,301.0,0,,,,,
train,aaaaatvr,aaaaatvr_s002_t011,223.0,0,,,,,
train,aaaaatvr,aaaaatvr_s002_t012,301.0,0,,,,,
train,aaaaatvr,aaaaatvr_s002_t013,301.0,0,,,,,
train,aaaaatvr,aaaaatvr_s002_t015,301.0,0,,,,,
train,aaaaatvr,aaaaatvr_s002_t016,301.0,0,,,,,
train,aaaaatvr,aaaaatvr_s002_t017,301.0,0,,,,,
train,aaaaatvr,aaaaatvr_s002_t018,301.0,0,,,,,
train,aaaaatvr,aaaaatvr_s003_t000,13.0,0,,,,,
train,aaaaatvr,aaaaatvr_s003_t001,301.0,0,,,,,
train,aaaaatvr,aaaaatvr_s003_t002,301.0,0,,,,,
train,aaaaatvr,aaaaatvr_s003_t003,13.0,0,,,,,
train,aaaaatvr,aaaaatvr_s003_t004,20.0,0,,,,,
train,aaaaatvr,aaaaatvr_s003_t005,15.0,0,,,,,
train,aaaaatvr,aaaaatvr_s003_t006,200.0,0,,,,,
train,aaaaatvr,aaaaatvr_s003_t007,94.0,0,,,,,
train,aaaaatvr,aaaaatvr_s003_t008,87.0,0,,,,,
train,aaaaatvr,aaaaatvr_s003_t009,301.0,0,,,,,
train,aaaaatvr,aaaaatvr_s003_t010,301.0,0,,,,,
train,aaaaatvr,aaaaatvr_s003_t011,301.0,0,,,,,
train,aaaaatvr,aaaaatvr_s004_t000,31.0,0,,,,,
train,aaaaatvr,aaaaatvr_s004_t001,301.0,0,,,,,
train,aaaaatvr,aaaaatvr_s004_t002,98.0,0,,,,,
train,aaaaatvr,aaaaatvr_s004_t003,301.0,0,,,,,
train,aaaaatvr,aaaaatvr_s004_t004,301.0,0,,,,,
train,aaaaatvr,aaaaatvr_s004_t005,7.0,0,,,,,
train,aaaaatvr,aaaaatvr_s004_t006,301.0,0,,,,,
train,aaaaatvr,aaaaatvr_s004_t007,301.0,0,,,,,
train,aaaaatvr,aaaaatvr_s004_t008,301.0,0,,,,,
train,aaaaatvr,aaaaatvr_s005_t000,301.0,0,,,,,
train,aaaaatvr,aaaaatvr_s005_t001,301.0,0,,,,,
train,aaaaatvr,aaaaatvr_s005_t002,301.0,0,,,,,
train,aaaaatvr,aaaaatvr_s005_t004,29.0,0,,,,,
train,aaaaatvr,aaaaatvr_s005_t006,301.0,0,,,,,
train,aaaaatvr,aaaaatvr_s005_t007,301.0,0,,,,,
train,aaaaatvr,aaaaatvr_s005_t008,301.0,0,,,,,
